{
"type": "FeatureCollection",
"crs": { "type": "name", "properties": { "name": "urn:ogc:def:crs:OGC:1.3:CRS84" } },
"features": [
{ "type": "Feature", "properties": { "business_status": "OPERATIONAL", "icon": "https://maps.gstatic.com/mapfiles/place_api/icons/v1/png_71/generic_business-71.png", "icon_background_color": "#7B9EB0", "icon_mask_base_uri": "https://maps.gstatic.com/mapfiles/place_api/icons/v2/generic_pinlet", "international_phone_number": "+1 708-274-3278", "name": "Heart Care Centers of Illinois", "opening_hours": { "open_now": false }, "photos": [ { "height": 1000, "html_attributions": [ "<a href=\"https://maps.google.com/maps/contrib/107169192037656407525\">Heart Care Centers of Illinois</a>" ], "photo_reference": "AcnlKN0Imtb6n8wfT6UW1JELmPhAnZRAf7MqyRxDG-rQXEWTZEpwD3jbGoIrrIEi6z205JTE3eiF4tGNqTGE5ZlCrAY47Rq94WGiFCXHEZMWzS7u5OE0yoa14XhtvyWRmpcMjj_KBx1iwvVFX8qe4p67lH6y_3mB6J53z_v73E29Fek7bIsWmn-8Y7A3daGu6QVP77Lxro3yDPq84BKjPnFp_-DJCkBpcTD2rVuaJIsumP4s2AReloewsxz2CxZz-2PC6pwBGIHhTWnr8GzCOzf7eP3vDmnEWpTsW1wMXUxuFN2retgiFtk", "width": 1000 } ], "place_id": "ChIJNZMLybdADogRSWxrjcFZXKk", "rating": 4.0, "reference": "ChIJNZMLybdADogRSWxrjcFZXKk", "scope": "GOOGLE", "types": [ "doctor", "point_of_interest", "health", "establishment" ], "user_ratings_total": 25.0, "vicinity": "13011 S 104th Ave Suite 100, Palos Park", "category": "Primary Care Center – Private / Non-profit", "source": "Google Places", "raw_types_str": "doctor, point_of_interest, health, establishment" }, "geometry": { "type": "Point", "coordinates": [ -87.8729841, 41.6526124 ] } },
{ "type": "Feature", "properties": { "business_status": "OPERATIONAL", "icon": "https://maps.gstatic.com/mapfiles/place_api/icons/v1/png_71/generic_business-71.png", "icon_background_color": "#7B9EB0", "icon_mask_base_uri": "https://maps.gstatic.com/mapfiles/place_api/icons/v2/generic_pinlet", "international_phone_number": "+1 708-361-0220", "name": "Imaging of Advocate Christ Medical Center Palos", "opening_hours": { "open_now": true }, "photos": [ { "height": 3000, "html_attributions": [ "<a href=\"https://maps.google.com/maps/contrib/112623615041093506535\">Rick Drew</a>" ], "photo_reference": "AcnlKN0EBQjvSFco6vVtD2KQah-QQ-jubSxXViCtogQL_L3O2h63JzKzwUWOSzrxUYs5uCOOOfeFbtR71UC4XS235G5Q9y0x5qOYGsXoIM6ZecOUXchLjG3KPGp3dCY-7cPDKzctqv7pVjmBh1YgT-sPTYXLSdsXLZgXEiuZNW-dsAQQ7-7ZvwZuohscYJvktvLooXjEJ3_tjhDf55PATBpT1_S26sGPaeRCoLgnCc29FkY2wq2Hb30HbUZhXyXBXLA9_CUt8IxIBhgXu8ciJf9mnbtqt4YKplQB6EkRmX5EQZ7rKZrI2oqHh_cuzr5y7k0_7Tsv3QmmwLVISRb4wdBFspmcHSyH6VCu_ipWYA85eWcoz55bTywNOilcC-e75NeEcCdkCOY5DmBXRfSBNPxKZ2lvdiebbpvrVBra2a4G5Fcn-dIEYr_BtFRQmdQ74NnBcAjiHE-us6hldMg82OD2za-x8q2a0r_TIC23JwGvr6hooFFBNUZx8J1ehMBpe4mwnygK-IWPr02xD5pGqKlQsuV03EH59Horsp2I8gMucP8-pYKNnr3YDACY6Pwls0gPnyTrhDPLVNm_fw", "width": 4000 } ], "place_id": "ChIJB23AiiA5DogRKxEq8OSeQGw", "rating": 3.0, "reference": "ChIJB23AiiA5DogRKxEq8OSeQGw", "scope": "GOOGLE", "types": [ "health", "point_of_interest", "establishment" ], "user_ratings_total": 173.0, "vicinity": "11800 SW Hwy, Palos Heights", "category": "Primary Care Center – Private / Non-profit", "source": "Google Places", "raw_types_str": "health, point_of_interest, establishment" }, "geometry": { "type": "Point", "coordinates": [ -87.8144479, 41.6776252 ] } },
{ "type": "Feature", "properties": { "business_status": "OPERATIONAL", "icon": "https://maps.gstatic.com/mapfiles/place_api/icons/v1/png_71/generic_business-71.png", "icon_background_color": "#7B9EB0", "icon_mask_base_uri": "https://maps.gstatic.com/mapfiles/place_api/icons/v2/generic_pinlet", "international_phone_number": "+1 708-448-2626", "name": "One Palos Medical Center - Pediatrics", "opening_hours": { "open_now": true }, "photos": [ { "height": 1000, "html_attributions": [ "<a href=\"https://maps.google.com/maps/contrib/109770515429150010046\">One Palos Medical Center</a>" ], "photo_reference": "AcnlKN2Oozn1dcdN0SvtVMkTYmQDX07SAW22T7ao5Hf13zN2X7ZgND33gMn9jvo0B5kYnF0RUYXIdiURfi26jnsk8CrA1uXS5j2xrQ8vA-vbw0JBFHG_CSAHA1N8JURHZRTWjhRp9QXOEmdcMZLTQOAziesqvNjGi5jybV0CYA9cTYAurNbY6nsgTEWkMlD642IF0G7Sr7Qitay-T21vqWdPYp510N9UjfMdKOHl4oZpDwmN9fHgBxYpxS2MNtipzoBLRwp5AEGq3Bj-QbKsJ224F2vMbD49UkKPbRa83XgjzN4SOXcCBLs", "width": 750 } ], "place_id": "ChIJrQoxr8o-DogRR6HBuVkJrjs", "rating": 5.0, "reference": "ChIJrQoxr8o-DogRR6HBuVkJrjs", "scope": "GOOGLE", "types": [ "doctor", "health", "point_of_interest", "establishment" ], "user_ratings_total": 9.0, "vicinity": "12766 S Harlem Ave, Palos Heights", "category": "Primary Care Center – Private / Non-profit", "source": "Google Places", "raw_types_str": "doctor, health, point_of_interest, establishment" }, "geometry": { "type": "Point", "coordinates": [ -87.7966885, 41.6593561 ] } },
{ "type": "Feature", "properties": { "business_status": "OPERATIONAL", "icon": "https://maps.gstatic.com/mapfiles/place_api/icons/v1/png_71/hospital-71.png", "icon_background_color": "#F88181", "icon_mask_base_uri": "https://maps.gstatic.com/mapfiles/place_api/icons/v2/hospital-H_pinlet", "international_phone_number": null, "name": "Physician Center", "opening_hours": { "open_now": true }, "photos": [ { "height": 2268, "html_attributions": [ "<a href=\"https://maps.google.com/maps/contrib/118250714234542194518\">Ann Drew KPro</a>" ], "photo_reference": "AcnlKN2RVrt1_-jwv0JKqNbDF_gNjt0X_22QO-QiUdRDwgB76nVC1UpDqXA_NRvziAwi1_pGAaPIoaVLxmCZVz26feJIzWJsbkP4G7mZKoU4VXXM3wO7UqTLGSLeRO3UR0xAZ30bwWui4lLLJt2pYxf_zh8zGhtDJS_yENGXWS1xzh8R-_V1MATWdf-FBwitH0iHQdz2xyb4t_pwnU1sKb9_AXvH9L1gyI8KVNztxGQO446TOoTDDQieeOcqrRjqQQYokyQ_uSXAbOdniYfTOREvZ_5vbUNamvZE6zkr8gA9D-ToC8wsJhshBfh5dr4BgyX4WVmKW2dBiQ3Demreg135yj_wQLoI4j4Xl2ogO1NQn7HfUn3kNwx9jAEO-JzRkckrSv6O4K8Va6ksAxux_fdLZx6IU7ydUUnBfBgUto709rx9oLcDutc7hhKJWQi5CaSfx3ooMJds3TYZ8zCWRdYTF4cQBkhiV29_aEOn35r_6Wg6qCD_zNiUg-RjNyoyElts3EwHj367QQCD8kWsJ1W3INNvA_ufK52vWC9L7yHwPwxFwPAjjpkk3jtQDtjeWjESCGJWhN2uBIpGwi9BfXpviw2VZ7g", "width": 4032 } ], "place_id": "ChIJreDefN84DogRGcfphxiA_SQ", "rating": 1.0, "reference": "ChIJreDefN84DogRGcfphxiA_SQ", "scope": "GOOGLE", "types": [ "hospital", "health", "point_of_interest", "establishment" ], "user_ratings_total": 1.0, "vicinity": "11824 SW Hwy, Palos Heights", "category": "Primary Care Center – Private / Non-profit", "source": "Google Places", "raw_types_str": "hospital, health, point_of_interest, establishment" }, "geometry": { "type": "Point", "coordinates": [ -87.8157424, 41.6770172 ] } },
{ "type": "Feature", "properties": { "business_status": "OPERATIONAL", "icon": "https://maps.gstatic.com/mapfiles/place_api/icons/v1/png_71/generic_business-71.png", "icon_background_color": "#7B9EB0", "icon_mask_base_uri": "https://maps.gstatic.com/mapfiles/place_api/icons/v2/generic_pinlet", "international_phone_number": null, "name": "Palos Heights Medical Center", "opening_hours": null, "photos": null, "place_id": "ChIJRy_inDw5DogRXWLxGN4KQl4", "rating": null, "reference": "ChIJRy_inDw5DogRXWLxGN4KQl4", "scope": "GOOGLE", "types": [ "doctor", "health", "point_of_interest", "establishment" ], "user_ratings_total": null, "vicinity": "7530 W College Dr # C, Palos Heights", "category": "Primary Care Center – Private / Non-profit", "source": "Google Places", "raw_types_str": "doctor, health, point_of_interest, establishment" }, "geometry": { "type": "Point", "coordinates": [ -87.8055279, 41.6756585 ] } },
{ "type": "Feature", "properties": { "business_status": "OPERATIONAL", "icon": "https://maps.gstatic.com/mapfiles/place_api/icons/v1/png_71/generic_business-71.png", "icon_background_color": "#7B9EB0", "icon_mask_base_uri": "https://maps.gstatic.com/mapfiles/place_api/icons/v2/generic_pinlet", "international_phone_number": "+1 708-923-5800", "name": "Northwestern Medicine Palos Hospital Emergency Department", "opening_hours": { "open_now": true }, "photos": [ { "height": 540, "html_attributions": [ "<a href=\"https://maps.google.com/maps/contrib/117672718595513571148\">Northwestern Medicine Palos Hospital Emergency Department</a>" ], "photo_reference": "AcnlKN0oSnQnvZ2z7hfJ7XoZmIJ189R4bAMxsZqkYoYgOxgPhbBTA8zMvRfWhCFU3bx6QCVrN0blTgQGbdh_LKoESmq4esB5B1A6MDP03VBmkicVq41Y1WQkgysQFzacjte5IW5ewVpcU0g_pM8Odcji0kMBcHui2ok8IhYcQXL7rOB6HnFBDFxvIKHrgKRYTIP7wuVncGEY8K1HoGKHqZQC96hmwyuNqo0CAgZd_GQlM16dCqnB0rkHmqiuTd6XGWd3-Z1LGXEetmAZRQcUnESspS72bmv86GWfwebLL-mzZRYNH-6lskM", "width": 960 } ], "place_id": "ChIJhT-KhS45DogRqJLxc3H53i4", "rating": 2.0, "reference": "ChIJhT-KhS45DogRqJLxc3H53i4", "scope": "GOOGLE", "types": [ "health", "point_of_interest", "establishment" ], "user_ratings_total": 142.0, "vicinity": "12251 S 80th Ave, Palos Heights", "category": "Primary Care Center – Private / Non-profit", "source": "Google Places", "raw_types_str": "health, point_of_interest, establishment" }, "geometry": { "type": "Point", "coordinates": [ -87.8122456, 41.6684013 ] } },
{ "type": "Feature", "properties": { "business_status": "OPERATIONAL", "icon": "https://maps.gstatic.com/mapfiles/place_api/icons/v1/png_71/hospital-71.png", "icon_background_color": "#F88181", "icon_mask_base_uri": "https://maps.gstatic.com/mapfiles/place_api/icons/v2/hospital-H_pinlet", "international_phone_number": "+1 708-429-3700", "name": "Zmedi Healthcare of Palos Heights", "opening_hours": { "open_now": false }, "photos": [ { "height": 1116, "html_attributions": [ "<a href=\"https://maps.google.com/maps/contrib/113117563697688543428\">Zmedi Healthcare of Palos Heights</a>" ], "photo_reference": "AcnlKN30nu2Gjn9qgKjxW1PpHdrWbvgCKB0USJY77TN_XijrCl4YFIs5ZmYHwcl_ZchFjtNIMb3eGx5KToMFpW8V7dLT2S5ZhhqmGwQ50R6YjjCCuPTeLQzsPsJ4DnODuqUeUV1nbo7_bDgsW56xg_hEN43-cL_D1LUoUW6NL5TZc1qWDeYcmyRs-8OZJhDghx-n10HEvnQVMbV8Rsz6rznc5zJlJ8FLsL1TL8gfs-wCxd_fnb8ZPy375vo7ZEknRq90Yo_m1ES7RqMzFEXLTcd7eoHxTcH89eHyWqyN67nrbPU6zSIGgMo", "width": 1284 } ], "place_id": "ChIJiUCY-KA_DogRD4RnZIO6O9A", "rating": 2.5, "reference": "ChIJiUCY-KA_DogRD4RnZIO6O9A", "scope": "GOOGLE", "types": [ "hospital", "doctor", "health", "point_of_interest", "establishment" ], "user_ratings_total": 30.0, "vicinity": "12800 S Ridgeland Ave suite e, Palos Heights", "category": "Primary Care Center – Private / Non-profit", "source": "Google Places", "raw_types_str": "hospital, doctor, health, point_of_interest, establishment" }, "geometry": { "type": "Point", "coordinates": [ -87.7784831, 41.6589994 ] } },
{ "type": "Feature", "properties": { "business_status": "OPERATIONAL", "icon": "https://maps.gstatic.com/mapfiles/place_api/icons/v1/png_71/hospital-71.png", "icon_background_color": "#F88181", "icon_mask_base_uri": "https://maps.gstatic.com/mapfiles/place_api/icons/v2/hospital-H_pinlet", "international_phone_number": "+1 708-923-5050", "name": "Palos Health", "opening_hours": null, "photos": [ { "height": 3000, "html_attributions": [ "<a href=\"https://maps.google.com/maps/contrib/112623615041093506535\">Rick Drew</a>" ], "photo_reference": "AcnlKN0n-rdthUG6w6GqhQgK9BrYcH1FbHy6ZGXa-UalVkFT0HtmFkTeP5o7IHzjylGt125zbQ-SZTsxDq7eK27HTxTwJWlzdBjknA0fvDqX4_9e2SL46wtLRxuHxWcP_9GMEmNAchdzp0znjcxBM3TVJZtWdr8Lt1a-9LcXiXU6Pnlz-ZFYm-W45sTq0z2u99gh7GoIzmCwcUOIyTWl6NzpeLy0dvjKHdT4ETJEoepxl1nt_kaQKTO1YaTG6rddlIdfee9Vr_DSNXU0iToJlOdH1G9EM0T0YkpzI7YhlwvROJTH0gz_cb-yA_zNUZwihZLKxhWDeIzmYpN5YkTt3q-ovYZglx_s-VxChnhQoz0JZu158-izgHuhGAXy_D1Yd1N1rTpTB2B11Dh9hgzmvS4WsA0oL0TqdD73-igNswORkg06gg-s1N9KiIPCOnvkfph_L7mf8seTSPKVCugL7CrgKO0xNHcStHbUvYi6XQSgCsFfR4tnawNhwo3iM9c7NutvCRHOAFFdiD79AkwqFftB4eLyeeQZtUUIfwWFHKgJgWR3NTh9IsnvKYYlDl2N8FvBz9yh4-lL", "width": 4000 } ], "place_id": "ChIJ0xAbFpw_DogRPOOeNRmsJA4", "rating": 3.8, "reference": "ChIJ0xAbFpw_DogRPOOeNRmsJA4", "scope": "GOOGLE", "types": [ "hospital", "health", "point_of_interest", "establishment" ], "user_ratings_total": 6.0, "vicinity": "12250 S 80th Ct, Palos Park", "category": "Primary Care Center – Private / Non-profit", "source": "Google Places", "raw_types_str": "hospital, health, point_of_interest, establishment" }, "geometry": { "type": "Point", "coordinates": [ -87.8128357, 41.6693199 ] } },
{ "type": "Feature", "properties": { "business_status": "OPERATIONAL", "icon": "https://maps.gstatic.com/mapfiles/place_api/icons/v1/png_71/generic_business-71.png", "icon_background_color": "#7B9EB0", "icon_mask_base_uri": "https://maps.gstatic.com/mapfiles/place_api/icons/v2/generic_pinlet", "international_phone_number": "+1 708-671-1500", "name": "Healthonomic Primary Care - Palos Heights", "opening_hours": { "open_now": false }, "photos": [ { "height": 3840, "html_attributions": [ "<a href=\"https://maps.google.com/maps/contrib/109704781931545650644\">Healthonomic Primary Care - Palos Heights</a>" ], "photo_reference": "AcnlKN33BqIz7MaBfBG3o5GuavR4PvVSilZPogalQ2tR4yy23EbRkuqZSacaBrIT9k_vOtFON5gN_ZYBnSdi6_d2YeAHL8u8z78vBWvWtHJzGJNkxWdFKUHP45wO1RA2kzleJ6trKG7px7Pn76m2YFPt-6OVJDzDDdpUUaSqSNwNObm_z7DtoGZFsrE-4mEI6zzgyaHGLON-4UwvVmRp1u5qGiVX8n7OCa5rvH6xTfgl_Ng2DZb4Y6rneVOLv2tzqK7YNRq1MtmvJ3EUnNKn7abZ8M11Ao7pdVMqkH_SP8h6NrBmI2rBuek", "width": 5760 } ], "place_id": "ChIJ7SRJ9zQ5DogRDVRlR0bYD3g", "rating": 4.1, "reference": "ChIJ7SRJ9zQ5DogRDVRlR0bYD3g", "scope": "GOOGLE", "types": [ "health", "point_of_interest", "establishment" ], "user_ratings_total": 10.0, "vicinity": "12050 S Harlem Ave Suite A, Palos Heights", "category": "Primary Care Center – Private / Non-profit", "source": "Google Places", "raw_types_str": "health, point_of_interest, establishment" }, "geometry": { "type": "Point", "coordinates": [ -87.7971947, 41.6719664 ] } },
{ "type": "Feature", "properties": { "business_status": "OPERATIONAL", "icon": "https://maps.gstatic.com/mapfiles/place_api/icons/v1/png_71/generic_business-71.png", "icon_background_color": "#7B9EB0", "icon_mask_base_uri": "https://maps.gstatic.com/mapfiles/place_api/icons/v2/generic_pinlet", "international_phone_number": "+1 708-448-1207", "name": "OSF Medical Group - Primary Care", "opening_hours": { "open_now": false }, "photos": null, "place_id": "ChIJC1zW6Gc5DogRywSsKD52uhk", "rating": 2.3, "reference": "ChIJC1zW6Gc5DogRywSsKD52uhk", "scope": "GOOGLE", "types": [ "health", "point_of_interest", "establishment" ], "user_ratings_total": 3.0, "vicinity": "12450 S Harlem Ave Suite 310, Palos Heights", "category": "Primary Care Center – Private / Non-profit", "source": "Google Places", "raw_types_str": "health, point_of_interest, establishment" }, "geometry": { "type": "Point", "coordinates": [ -87.7968693, 41.6647937 ] } },
{ "type": "Feature", "properties": { "business_status": "OPERATIONAL", "icon": "https://maps.gstatic.com/mapfiles/place_api/icons/v1/png_71/generic_business-71.png", "icon_background_color": "#7B9EB0", "icon_mask_base_uri": "https://maps.gstatic.com/mapfiles/place_api/icons/v2/generic_pinlet", "international_phone_number": "+1 708-424-9900", "name": "Lakeview Family Medical Care: Dr. Alshobaki Mansour", "opening_hours": null, "photos": [ { "height": 1080, "html_attributions": [ "<a href=\"https://maps.google.com/maps/contrib/108580486557266041262\">RAED NASER</a>" ], "photo_reference": "AcnlKN1OayICSDaon0bUaNTD1xB2IcC4xnDfv5-mfi75tVczhuaJy9xlGOq5g54Z_9WDB4yYfztC4KShwbt9EuWURNnEfkjGoemQJtHPIKw3hQOD7-WDxPAbtPdqy4HBf1Z_zK7GHZyvuolghnsOPgw60VYUBeab6c_shKdFKltPdvvENR4H-SPnQtQNEaMPrT2PrTkwJv9tnirRV-jTcFvSxVmsFSOUUkeNUV5P0xfjjdtQ8isB0VkrmZ3Aw6mEBrC0JF5Fh8J0B7ojG48A3R_iuc8U9cIqOMOLhcSE9GG882WV-fYuY7IxDLLbMqwoqNFNqbG-K9W_8tSPDtr-yEj_pM_7-Wi6ZldVHmqLms4f8bZ831mqqQU0rdnIG2ksJ4UDBB6-HA_z9i2MoZvf4gLyEmXnpuHoGFZFO3xIXsuKzQgEIrYjqQJ99vQygpqov90hXtGnUTeMn78Aw7JZoCtfR7DPTLghN6f2OBSt_Ndri4C04b_4bg8teOnN1hFU92LfHNYrsY6xW_fy315wXmXGOGfOOerjey6VszstulVC-gcDlkjKNKWM5umB-wr4GxQn4mLGhyvd", "width": 1920 } ], "place_id": "ChIJy1iDEDw5DogRtTj6s6P0_qs", "rating": 3.1, "reference": "ChIJy1iDEDw5DogRtTj6s6P0_qs", "scope": "GOOGLE", "types": [ "doctor", "health", "point_of_interest", "establishment" ], "user_ratings_total": 39.0, "vicinity": "7350 W College Dr # 201, Chicago Ridge", "category": "Primary Care Center – Private / Non-profit", "source": "Google Places", "raw_types_str": "doctor, health, point_of_interest, establishment" }, "geometry": { "type": "Point", "coordinates": [ -87.8015571, 41.6757812 ] } },
{ "type": "Feature", "properties": { "business_status": "OPERATIONAL", "icon": "https://maps.gstatic.com/mapfiles/place_api/icons/v1/png_71/generic_business-71.png", "icon_background_color": "#7B9EB0", "icon_mask_base_uri": "https://maps.gstatic.com/mapfiles/place_api/icons/v2/generic_pinlet", "international_phone_number": null, "name": "Palos Medical Center", "opening_hours": null, "photos": null, "place_id": "ChIJscUBHzg5DogR5ibhJmIvQpk", "rating": null, "reference": "ChIJscUBHzg5DogR5ibhJmIvQpk", "scope": "GOOGLE", "types": [ "point_of_interest", "establishment" ], "user_ratings_total": null, "vicinity": "12150 S Harlem Ave, Palos Heights", "category": "Primary Care Center – Private / Non-profit", "source": "Google Places", "raw_types_str": "point_of_interest, establishment" }, "geometry": { "type": "Point", "coordinates": [ -87.7970855, 41.6700688 ] } },
{ "type": "Feature", "properties": { "business_status": "OPERATIONAL", "icon": "https://maps.gstatic.com/mapfiles/place_api/icons/v1/png_71/hospital-71.png", "icon_background_color": "#F88181", "icon_mask_base_uri": "https://maps.gstatic.com/mapfiles/place_api/icons/v2/hospital-H_pinlet", "international_phone_number": "+1 708-923-5280", "name": "Northwestern Medicine Palos Hospital Wound Care", "opening_hours": null, "photos": [ { "height": 540, "html_attributions": [ "<a href=\"https://maps.google.com/maps/contrib/106213781196966556862\">Northwestern Medicine Palos Hospital Wound Care</a>" ], "photo_reference": "AcnlKN1tJ3sYSjCOKxkov5rc9CoZPb8yg31APSIoErOjyIlpHFHYeT3LX_4GaFuDIVwXeqC037Z2XhjLcpjOaUDG1mR5XBP4IW261-Dl1DCmG5Bgp9qN43GhRc4o-OXbFIBhcH0gCFfE2dbFG1W8uOl__G6KTGoNQ9G-xVIrlanryGUaA1WpKg8NnXN6epEr0aJnb_a8sr5WQONIuWyjn7To7J-3jsLOUbcYsdXLrqnrBQeFl1a9R6is_xI16v_5jh32uCL8MEGyMagmNUKcIemJdaZKi7iUKa9z-mJskKcoWMKqXd2Svig", "width": 960 } ], "place_id": "ChIJj6DjrqQ5DogRQdOXv6RpdNo", "rating": 5.0, "reference": "ChIJj6DjrqQ5DogRQdOXv6RpdNo", "scope": "GOOGLE", "types": [ "hospital", "health", "point_of_interest", "establishment" ], "user_ratings_total": 2.0, "vicinity": "12251 S 80th Ave, Palos Heights", "category": "Hospital – Private / Non-profit", "source": "Google Places", "raw_types_str": "hospital, health, point_of_interest, establishment" }, "geometry": { "type": "Point", "coordinates": [ -87.8115271, 41.6690651 ] } },
{ "type": "Feature", "properties": { "business_status": "OPERATIONAL", "icon": "https://maps.gstatic.com/mapfiles/place_api/icons/v1/png_71/generic_business-71.png", "icon_background_color": "#7B9EB0", "icon_mask_base_uri": "https://maps.gstatic.com/mapfiles/place_api/icons/v2/generic_pinlet", "international_phone_number": "+1 708-377-2169", "name": "Physicians Immediate Care", "opening_hours": { "open_now": true }, "photos": [ { "height": 575, "html_attributions": [ "<a href=\"https://maps.google.com/maps/contrib/108877002282300517086\">Physicians Immediate Care</a>" ], "photo_reference": "AcnlKN2nhBSOFSn3cNwOl6aPXX8UtrHmQMltUYx_L2geksai3uFYOwDg4NhclZFLBswAJN-xTOFFED5bh9XQqO2u5G_xhD1i6g4LjLh3dfsF7pe-j77nsa0Wn12zZ4fa5ly6-IJE4EZ82VmKpVS6SGdWShOYq2mVtCmQtN7icoJJ4KsEyvJCknNYqa5s5sTDNrpk-JPOFejUijUWs6H-ORVrn0Q0D_qjCFeYW7zP7unopV6bruM0BPMjVo9Hny5CgwKp55H1799Eyt0wcaxjeXtfLcqw9NLhqrUn9JQmrupxqWXGXpBIszg", "width": 1022 } ], "place_id": "ChIJU-BNcX88DogRoemWjAdtgl4", "rating": 4.2, "reference": "ChIJU-BNcX88DogRoemWjAdtgl4", "scope": "GOOGLE", "types": [ "doctor", "point_of_interest", "health", "establishment" ], "user_ratings_total": 1131.0, "vicinity": "4800 W 129th St, Alsip", "category": "Urgent Care / Walk-in Clinic", "source": "Google Places", "raw_types_str": "doctor, point_of_interest, health, establishment" }, "geometry": { "type": "Point", "coordinates": [ -87.739682, 41.6577466 ] } },
{ "type": "Feature", "properties": { "business_status": "OPERATIONAL", "icon": "https://maps.gstatic.com/mapfiles/place_api/icons/v1/png_71/generic_business-71.png", "icon_background_color": "#7B9EB0", "icon_mask_base_uri": "https://maps.gstatic.com/mapfiles/place_api/icons/v2/generic_pinlet", "international_phone_number": "+1 708-682-3384", "name": "WellNow Urgent Care", "opening_hours": { "open_now": true }, "photos": [ { "height": 4032, "html_attributions": [ "<a href=\"https://maps.google.com/maps/contrib/111584716634406449552\">Shakira Kimball</a>" ], "photo_reference": "AcnlKN1C3Typ5CHOAoppa4pj5v7CtyGTQvk5D7Dfd0iBQWwizfzstrD71sM7dYAo2warxxM1pPqCT6K8UwiTr-h-D4T2CMZOho9N45UK0rDrAtLONe2DEo9_S_W_PSYgfJ_zaOy49YWg3k4LrUc_6PjmlQgE1UqiOE1RqC2RFRtnot51mKFVWJqjAMAUh8fxkdQXCaSOw3BOKTCHgF5lyjeUZNWBVE4D6MjkRDKJMcE50QSN-W12VPi9RZItuOyCdV5FdrK_S-IwI2FJeIyrohmalfELZC875Jvsc2SDWsYfTDivqTh1AlCfAvYeXldCc6N9c1TZ2fYUiJ4lIFYmCsT3GrMDlRVtPhBQMu240jl9HeQlzRh7IqIxslbrYzSFS5lEo2sVXrUbnGEBn8E5hLardRqynYLwb_HK-gVufSeQH57r0M172c61gbQcS9DNEv6H7Ywn30pvOt_YeyKo9nY1yOeqpeodVg_43DIGSPFMIWtagdudNC4aXW-tNCy-ESMClMO8J1le4C4IckRrE762OC46srNAeQ7bwAnFORMNypGRtMvW9QEhW-V3IBbTPhiZjsoCNQ", "width": 3024 } ], "place_id": "ChIJF5yEFjw9DogREXMuFAdhJNQ", "rating": 4.5, "reference": "ChIJF5yEFjw9DogREXMuFAdhJNQ", "scope": "GOOGLE", "types": [ "doctor", "health", "point_of_interest", "establishment" ], "user_ratings_total": 858.0, "vicinity": "13448 S Cicero Ave, Crestwood", "category": "Urgent Care / Walk-in Clinic", "source": "Google Places", "raw_types_str": "doctor, health, point_of_interest, establishment" }, "geometry": { "type": "Point", "coordinates": [ -87.738618100000011, 41.647932 ] } },
{ "type": "Feature", "properties": { "business_status": "OPERATIONAL", "icon": "https://maps.gstatic.com/mapfiles/place_api/icons/v1/png_71/hospital-71.png", "icon_background_color": "#F88181", "icon_mask_base_uri": "https://maps.gstatic.com/mapfiles/place_api/icons/v2/hospital-H_pinlet", "international_phone_number": "+1 312-864-0200", "name": "Cook County Health Blue Island Health Center", "opening_hours": { "open_now": false }, "photos": [ { "height": 3264, "html_attributions": [ "<a href=\"https://maps.google.com/maps/contrib/107235450090601940412\">Wayne Allen Sallee</a>" ], "photo_reference": "AcnlKN0J2C7wqtHRmG4QVxpCBUyVyEjVy4UUK8ZM_QqcrnStJJSXYSLQGhduWy0Y6tte-Y-guSnb40sRL53u5UxQ2CL3eIJJ8ay9rjkR5BAXW1Zdia4mHqIKKIUjeVOvK9chV_FbaVi5N5uVN1CUu6UyzmO_nEGZ6EaxgXo5WtEXji4GA5Ibq9bPJdHDcDqmkA_-4xxLhkHXbpjcgtD8R3VIPzXWyrm4aAB6L4otpSabV1fs_Ijn_fQFcvHx0SoY60iBM83fAxcoscvtWTohGKaXV1ezrlkPAAz6AuLthZ1wQarYFXjX52vBxYzrTYCnHvRcZ4LWlz-9t2jN_bsF56ds6VKJVQUwfddMpK5R7O2a_bgEnJPPI9wzcMvDpb72fiaoQLakVb52jSjYLvfw9lqY6vlZ6lGe-zv3khalqoN7gLoATmVaL6IYTV95dDWgeqVSlLcrr5M4VxABEhBItX9xnlODV_7SqUTxcZrkb6CFPLk96w2auVThWGo_HCtgRCvNzYougI63Yn72IU5blxwdTaZ-8fG4ukS-XvbGisM7wxeIffy0O-EfuK9yo8UyTHUYctwMpTfr", "width": 2448 } ], "place_id": "ChIJGYERGUclDogRKArvdHENMb0", "rating": 2.6, "reference": "ChIJGYERGUclDogRKArvdHENMb0", "scope": "GOOGLE", "types": [ "hospital", "health", "point_of_interest", "establishment" ], "user_ratings_total": 102.0, "vicinity": "12757 S Western Ave, Blue Island", "category": "Primary Care Center – Private / Non-profit", "source": "Google Places", "raw_types_str": "hospital, health, point_of_interest, establishment" }, "geometry": { "type": "Point", "coordinates": [ -87.679974, 41.6609163 ] } },
{ "type": "Feature", "properties": { "business_status": "OPERATIONAL", "icon": "https://maps.gstatic.com/mapfiles/place_api/icons/v1/png_71/hospital-71.png", "icon_background_color": "#F88181", "icon_mask_base_uri": "https://maps.gstatic.com/mapfiles/place_api/icons/v2/hospital-H_pinlet", "international_phone_number": "+1 708-293-8100", "name": "Cook County Health Robbins Health Center", "opening_hours": { "open_now": false }, "photos": [ { "height": 3024, "html_attributions": [ "<a href=\"https://maps.google.com/maps/contrib/115796759231416795575\">Adam Franco</a>" ], "photo_reference": "AcnlKN1MOGkqmQSatxXNX-KxH-tPfi5vOlZx3PFa4H6tQHo0Ehnt57X2JytVV8LQhJ0aK4xnDUHacgjLyW5V3BEiH0Yq-MqTdnVkN9wapaJAPCTty4RVZBIYYjVD4KCZp653-dddqNXdkXlwnSiDHGMdMNSHxzAO9c2dxFwqfeZPsQwPln8mPVHnerWa70OMwSWYuPBIYF7YmyttRub2_ZWcx7f8X3b-NjWoBRHm61uCO8x-pHUsByiJvOA-Zjc-RDrB9HiXlRgnK7DkvvnfNLmhc5RJm0CzbBOqzDGi8E2dFdsFTSVZXpTvHGcr-qTEMTLxjsGGknb8WuFFPgHSd6Ir6p7GtKzCND_ZNt-b7k17Q7015p8QkzlBVvBXRKwb9TDUoc-3WgbVn_HHDvQLYYb-7LnJLcjQ-4AkVSIxiSCwwDOAVEcengrmCtLWq3DxOJPUOjVrhmXSrXBkkZD-JF27dS4rxWCzylNRyCN-JNHk10ZPZxmcCKybzqUi1aeSH0NvNKH3PlzSs3IpGVIWrL43zlMTUmsy7M3mCmKnBGAHaJPsuAu5FzXuszHOPdm_Rc3oBTIpvDWq9qV6mg", "width": 4032 } ], "place_id": "ChIJLZgHZa08DogRhrc36TlCUMc", "rating": 2.6, "reference": "ChIJLZgHZa08DogRhrc36TlCUMc", "scope": "GOOGLE", "types": [ "hospital", "health", "point_of_interest", "establishment" ], "user_ratings_total": 86.0, "vicinity": "13450 Kedzie Ave, Robbins", "category": "Primary Care Center – Private / Non-profit", "source": "Google Places", "raw_types_str": "hospital, health, point_of_interest, establishment" }, "geometry": { "type": "Point", "coordinates": [ -87.6997967, 41.6486907 ] } },
{ "type": "Feature", "properties": { "business_status": "OPERATIONAL", "icon": "https://maps.gstatic.com/mapfiles/place_api/icons/v1/png_71/generic_business-71.png", "icon_background_color": "#7B9EB0", "icon_mask_base_uri": "https://maps.gstatic.com/mapfiles/place_api/icons/v2/generic_pinlet", "international_phone_number": "+1 708-385-6100", "name": "ACCESS Blue Island Family Health Center", "opening_hours": { "open_now": true }, "photos": [ { "height": 530, "html_attributions": [ "<a href=\"https://maps.google.com/maps/contrib/101540065069340399312\">Access Blue Island Family Health Center</a>" ], "photo_reference": "AcnlKN3T0dhMdyrQoNG8NA6a2Z-d0mBq2Fznn7w-Onj-HdLe9JHt7dDYN2GxkitoDaRbSQDmvS4jsRvI_Ci4k0QP22xgPK3GwmFDvf7IgNiBRHEXkCaNog1TfYowabdIXzAx4S1jK4M3krUGJgqUgNb-Se27b6mhhYHn8wjHdR1jS9c1NqxKbFr0r7EKRfkdNbxD8BVS3VwS0XhZonP3jCKOyfBOEIyu1qvNUS9wmqI91n-e6BMZSJfIS8dyb-SvBz1fnB4I6gv_PUZ052d3Xig4L4lJOHfAAEizK9oGKknmSiLgbbXa8Po", "width": 664 } ], "place_id": "ChIJoczkiVgjDogRwS3CsaBTzXs", "rating": 4.0, "reference": "ChIJoczkiVgjDogRwS3CsaBTzXs", "scope": "GOOGLE", "types": [ "doctor", "health", "point_of_interest", "establishment" ], "user_ratings_total": 228.0, "vicinity": "13000 Maple Ave, Blue Island", "category": "Primary Care Center – Private / Non-profit", "source": "Google Places", "raw_types_str": "doctor, health, point_of_interest, establishment" }, "geometry": { "type": "Point", "coordinates": [ -87.6850486, 41.6569298 ] } },
{ "type": "Feature", "properties": { "business_status": "OPERATIONAL", "icon": "https://maps.gstatic.com/mapfiles/place_api/icons/v1/png_71/generic_business-71.png", "icon_background_color": "#7B9EB0", "icon_mask_base_uri": "https://maps.gstatic.com/mapfiles/place_api/icons/v2/generic_pinlet", "international_phone_number": "+1 708-272-4150", "name": "Advocate Medical Group Primary Care", "opening_hours": { "open_now": true }, "photos": [ { "height": 3024, "html_attributions": [ "<a href=\"https://maps.google.com/maps/contrib/117500515459133985056\">christopher dabek</a>" ], "photo_reference": "AcnlKN3b4ET-HUgc1MJDm8U5rLP3_-cINDbqh4l1t3HVg4c1SPjrX00DFASosBoExEkv9Gw-irBOj4xF8CKle8BDXSjdvY_G_etCRzjf-wmG2sBaccpiubh4HMAPT9NLGNtBXhcF-92x823aRSA_Wms35Pm04iCL5jpA6LNsxPTo1Vtb0C3F4UHXFR55FfdhG5aKf7qsW2EHYe55qgmTxjV2LsmBrP6NPdrg0stYldK9wJ9FtOzNPOxUc9GwUjfsWpwb5ufatOVcXBB_E6SFnq8NU_rVaoqNxb4ImXjLeLZgXlrFyBvKOIZr_f91TYShdY980hWU-kgV7IhqnZY2MClkpkhKUROu0C5S9-Lup4KHxvPQq8jw5SfBbBNn3v5Jxq5v8lVVA6RMjg2JF2EeT6mn2Kyn4i7rgCZ7mf1-ol4j3UElLd8-0yiwU7ZGgqdXvBtrHPTOAr25NGmtjCGIqmbsy0VYfKQnMAHhnjezo-f_FpNd7Gb-IPIBF2BOYiWmRMsUfpszyekch-rF9DnQSJyta-SX3foFrZJD7n_cZzsfA7EFBkJkRIHIhjI248fJQGBe-G4tXJ4H", "width": 4032 } ], "place_id": "ChIJ2x0FZjQ7DogR4q8ZmZMABmI", "rating": 4.3, "reference": "ChIJ2x0FZjQ7DogR4q8ZmZMABmI", "scope": "GOOGLE", "types": [ "doctor", "health", "point_of_interest", "establishment" ], "user_ratings_total": 113.0, "vicinity": "11600 S Kedzie Ave Suite A & B, Merrionette Park", "category": "Primary Care Center – Private / Non-profit", "source": "Google Places", "raw_types_str": "doctor, health, point_of_interest, establishment" }, "geometry": { "type": "Point", "coordinates": [ -87.701942699999989, 41.6816644 ] } },
{ "type": "Feature", "properties": { "business_status": "OPERATIONAL", "icon": "https://maps.gstatic.com/mapfiles/place_api/icons/v1/png_71/generic_business-71.png", "icon_background_color": "#7B9EB0", "icon_mask_base_uri": "https://maps.gstatic.com/mapfiles/place_api/icons/v2/generic_pinlet", "international_phone_number": "+1 773-453-6868", "name": "Oak Street Health Blue Island Primary Care Clinic", "opening_hours": { "open_now": false }, "photos": [ { "height": 720, "html_attributions": [ "<a href=\"https://maps.google.com/maps/contrib/100279262543934856546\">Oak Street Health Blue Island Primary Care Clinic</a>" ], "photo_reference": "AcnlKN1cUjAEJFvhVmoBN773oUswsrKiMNvQYzwwreExYyi4yHyGe4XEVxPoCUFiB6O94S7wyrDXd2acmoA7SaP0WhpN46IuEfch2S2M0wnt80oDjitD8XDquunBQ9XffocospSsSQHDgh45n-aBrLrGxgfF38lDSs1vkO0ouVBIO360-o9yfoFMMJFdYuyW4t0JAu4OVqe4FUC8JbO2-0UOJyojrvreFwPonXpvJNhqqTdnIHR8fPhshjjJ8Gsv_DbGT4Bb4chjGBIHPfdWlUJGhkJ4tWdzQdV97fCcrxcAKMVe089Kyk8", "width": 1280 } ], "place_id": "ChIJAdWwX6skDogR0d6VwPczsHE", "rating": 4.3, "reference": "ChIJAdWwX6skDogR0d6VwPczsHE", "scope": "GOOGLE", "types": [ "health", "point_of_interest", "establishment" ], "user_ratings_total": 134.0, "vicinity": "3046 W 127th St, Blue Island", "category": "Primary Care Center – Private / Non-profit", "source": "Google Places", "raw_types_str": "health, point_of_interest, establishment" }, "geometry": { "type": "Point", "coordinates": [ -87.6955878, 41.6627734 ] } },
{ "type": "Feature", "properties": { "business_status": "OPERATIONAL", "icon": "https://maps.gstatic.com/mapfiles/place_api/icons/v1/png_71/generic_business-71.png", "icon_background_color": "#7B9EB0", "icon_mask_base_uri": "https://maps.gstatic.com/mapfiles/place_api/icons/v2/generic_pinlet", "international_phone_number": "+1 708-631-2781", "name": "Midwest Express Clinic Urgent Care", "opening_hours": { "open_now": true }, "photos": [ { "height": 4000, "html_attributions": [ "<a href=\"https://maps.google.com/maps/contrib/114347593533820587533\">Midwest Express Clinic Urgent Care</a>" ], "photo_reference": "AcnlKN3kZIvmie8UL4snzfi-wN0HvPojLZi3SuH0z2xTtHLw30TGreF94shLlUPA7_C7TsztPuBLsnaXeHCa8M-6BTk-IV5bco1tQarRVtNZtAme0L8Vz8JFHgqjTQ3KUC_F3hI7n8BFVA7uX4IYloFLTaDve8eze3t_-2OatyZFC2RAfIqT8KCz75YpK2rVagVR0noKisYw63FNpOC9ttf0MjJG_r3F96morX_01-NLV46hb78ag9neHOSwzZQGqxAwfkbT4neUB1g0sXbXhr-a3k2G5gAdKLPkT08_xLzLwO9Qmqn4Vvo", "width": 6000 } ], "place_id": "ChIJN_A5RrwkDogRW4KdPu22KoU", "rating": 4.8, "reference": "ChIJN_A5RrwkDogRW4KdPu22KoU", "scope": "GOOGLE", "types": [ "doctor", "health", "point_of_interest", "establishment" ], "user_ratings_total": 2184.0, "vicinity": "12200 Western Ave #100, Blue Island", "category": "Urgent Care / Walk-in Clinic", "source": "Google Places", "raw_types_str": "doctor, health, point_of_interest, establishment" }, "geometry": { "type": "Point", "coordinates": [ -87.6810345, 41.6716338 ] } },
{ "type": "Feature", "properties": { "business_status": "OPERATIONAL", "icon": "https://maps.gstatic.com/mapfiles/place_api/icons/v1/png_71/generic_business-71.png", "icon_background_color": "#7B9EB0", "icon_mask_base_uri": "https://maps.gstatic.com/mapfiles/place_api/icons/v2/generic_pinlet", "international_phone_number": "+1 708-972-7958", "name": "Midwest Express Clinic Urgent Care", "opening_hours": { "open_now": true }, "photos": [ { "height": 4000, "html_attributions": [ "<a href=\"https://maps.google.com/maps/contrib/111403224992175217697\">Midwest Express Clinic Urgent Care</a>" ], "photo_reference": "AcnlKN2YmD3APsRXPeaB6rvqv_otm06bwfsuSASq37J9Wr1YozoDkGXXky_yT_AHR5sELWGI4mPwJHgVvOe5j8YvaxmJWPkyfZgwrMjWadLP-YYXB57sRkvVtahfETtR5ac7xafpIraVgV4NcXgTYHt0cH1U9MBDXS3qP6LYGZ0oYP-CJZZkYqpG1286X1zmBP7qpObAmOyU08224In3zE7stQZ4Q1iyndeEy28_7EGAJyNoqHwV8zllxhnInaxns9lZnjHV9XOCDQuM4mDvjevC-obmvnUDglcXizpxxc3m0Nz-zZFjqgs", "width": 6000 } ], "place_id": "ChIJMxcZQ6olDogRW8vS7zu7iXg", "rating": 4.9, "reference": "ChIJMxcZQ6olDogRW8vS7zu7iXg", "scope": "GOOGLE", "types": [ "doctor", "health", "point_of_interest", "establishment" ], "user_ratings_total": 1219.0, "vicinity": "12850 S Ashland Ave, Calumet Park", "category": "Urgent Care / Walk-in Clinic", "source": "Google Places", "raw_types_str": "doctor, health, point_of_interest, establishment" }, "geometry": { "type": "Point", "coordinates": [ -87.661369, 41.6593846 ] } },
{ "type": "Feature", "properties": { "business_status": "OPERATIONAL", "icon": "https://maps.gstatic.com/mapfiles/place_api/icons/v1/png_71/generic_business-71.png", "icon_background_color": "#7B9EB0", "icon_mask_base_uri": "https://maps.gstatic.com/mapfiles/place_api/icons/v2/generic_pinlet", "international_phone_number": "+1 877-692-8686", "name": "Aunt Martha's Southeast Chicago Community Health Center", "opening_hours": { "open_now": false }, "photos": [ { "height": 1836, "html_attributions": [ "<a href=\"https://maps.google.com/maps/contrib/113077683735685737800\">Miles V</a>" ], "photo_reference": "AcnlKN3I2o3I3lhmQGwEpyJlpdlnFyZuNCtswHVHFVOPctbznKJZkHMxE_C7mmEtv5ajvarMZ1GuhEmrTqYmBJ5SEBmW-iwAXHdGHC4nwlB-QggjZaTgdTWqwMNzm8dJioOVdLmW8AV-nvolShOvUsBRyCQm3TCyHwGBnQXkDkb4nh2EMZbv6OTUscDj4nUp-fqBpZAZ1rWJFtpFEzGIB3CEdxSwy-zdcybG4LsijLzpoLQvTXRJ17devJlWW_3GEJjE5OhW1NYTOtRxibLYP-n2P3Wsu-Gt8TO8wktGj-o4mlJ3OC9pQD-jdHal2GFtzbItB6uDpfZVmslTByRlZJP9szztX75NReWhItJOL9hj4YZzcY6OCyYy0wmDQQnxG6J_Q0Uv_gT0oZIr3DmJwQIbhvytYfFygu4ZXgA1kBf4NtBq3XorY35qNPXLJg5AjRs48jdwrCRrchnFMyv5E9ecNbU1Ki7xcHhJktddxlRwdLt9ay0LEL_kWGNnF-lqQ7cBCUSsXkDuEnDwAGHAmUYQtlnh1XfdjDRFi1a_Uor_C0AJQCdofJ7a6jhvI-UVkwCjss7J-rfN", "width": 3264 } ], "place_id": "ChIJG3bOq53YEYgRO3tegm5gAYI", "rating": 2.3, "reference": "ChIJG3bOq53YEYgRO3tegm5gAYI", "scope": "GOOGLE", "types": [ "health", "point_of_interest", "establishment" ], "user_ratings_total": 68.0, "vicinity": "3528 E 118th St, Chicago", "category": "Primary Care Center – Private / Non-profit", "source": "Google Places", "raw_types_str": "health, point_of_interest, establishment" }, "geometry": { "type": "Point", "coordinates": [ -87.5376527, 41.6819948 ] } },
{ "type": "Feature", "properties": { "business_status": "OPERATIONAL", "icon": "https://maps.gstatic.com/mapfiles/place_api/icons/v1/png_71/generic_business-71.png", "icon_background_color": "#7B9EB0", "icon_mask_base_uri": "https://maps.gstatic.com/mapfiles/place_api/icons/v2/generic_pinlet", "international_phone_number": "+1 773-995-6300", "name": "TCA Health | Chicago Medical Clinic", "opening_hours": { "open_now": false }, "photos": [ { "height": 854, "html_attributions": [ "<a href=\"https://maps.google.com/maps/contrib/108977772742236904268\">TCA Health | Chicago Medical Clinic</a>" ], "photo_reference": "AcnlKN0F3Reg3HKv1EYMChgK3vvn28mfQYwrwiAQPbZfYe4BURZfXgxFcCUMZU4u6eBDlMJ0tveVwGm3OfpnbJirfsuabTpKbfkJ0c1uFA9v-gUw8P9pQeQJFGQRnnFTJJthiQZ85-7-vxoPY-zgwJT-oo4c-oxicqHmzqjN7GU3YfRcCHCSMxKs13-eU-ryfkpDXdKlOeSOXnydDA4Yw2qDg1qLBkCascyzABLk002KnizdeQuVQhxuUCJX4AGWaN32aDxTaf8sZtf4WPICJyztpcEZJMvfbNFKwdpSpQXDtI-9Hz5w4BM", "width": 1280 } ], "place_id": "ChIJi5oJLswmDogRE-7OT-JOb7E", "rating": 3.1, "reference": "ChIJi5oJLswmDogRE-7OT-JOb7E", "scope": "GOOGLE", "types": [ "dentist", "doctor", "health", "point_of_interest", "establishment" ], "user_ratings_total": 113.0, "vicinity": "1029 E 130th St, Chicago", "category": "Primary Care Center – Private / Non-profit", "source": "Google Places", "raw_types_str": "dentist, doctor, health, point_of_interest, establishment" }, "geometry": { "type": "Point", "coordinates": [ -87.5967372, 41.658762499999987 ] } },
{ "type": "Feature", "properties": { "business_status": "OPERATIONAL", "icon": "https://maps.gstatic.com/mapfiles/place_api/icons/v1/png_71/hospital-71.png", "icon_background_color": "#F88181", "icon_mask_base_uri": "https://maps.gstatic.com/mapfiles/place_api/icons/v2/hospital-H_pinlet", "international_phone_number": "+1 708-529-7109", "name": "Palos Healthcare Center", "opening_hours": { "open_now": true }, "photos": [ { "height": 4032, "html_attributions": [ "<a href=\"https://maps.google.com/maps/contrib/117870758072821588362\">Lemaadel Ahmedou</a>" ], "photo_reference": "AcnlKN0_2LeP0V0HeyIEbhEnuPGSKUnayMXV6ecNPJsLBA_eu-9KUoVJ9z80cexZ65YIOpUhrZziuUGGphz_sl02VL4fSGE--YCH5e8a7Iu956xYLxI8ADWGOtur8kKC4BeE_mbf5nKyhCi59f-Z22QuA1VZ1_BbuetstCozqmqnxrTkroCVtkTlW0d1mkpa_PZWOh7vkS6JlpUsoxYIFaY5fUmQXTxMIUETfnB0T_Ff6wmlkabV_95XlJufmOMCsqSAObAAkzYUSajvJy8eawWkInl2R4sjSH9d35b5zX37tq1aciabLNHuIeBZDP3mFML2UEJacNrGw2w9-gupGm4IdMffwxkvwSu2tSyvJdl4Zj5aIUDgDKqd-9gZNVCe91x3bQlXMFRrb48eeWvDeG5dQXRqS-lXgNatUGhxKQV8esusXH7tvJikxJ13uFIx4Kkax8YmBtZZRT4gG9obxdFL7vwrp-oD7RWEmfaTbjia6b1ChKGC-xOy-JavgKzH1Juq7L0Hlrrf0Rm8loNWEI9PI2hwB5FsiIbRmIZEZaRL8oz47IwVe2k-2SPiGOT6bGNIyOf08Qpz", "width": 3024 } ], "place_id": "ChIJnXKvl-c5DogR7h08h3DER2M", "rating": 4.8, "reference": "ChIJnXKvl-c5DogR7h08h3DER2M", "scope": "GOOGLE", "types": [ "hospital", "doctor", "local_government_office", "health", "point_of_interest", "establishment" ], "user_ratings_total": 23.0, "vicinity": "10384 S Harlem Ave, Palos Hills", "category": "Primary Care Center – Private / Non-profit", "source": "Google Places", "raw_types_str": "hospital, doctor, local_government_office, health, point_of_interest, establishment" }, "geometry": { "type": "Point", "coordinates": [ -87.7983055, 41.7020927 ] } },
{ "type": "Feature", "properties": { "business_status": "OPERATIONAL", "icon": "https://maps.gstatic.com/mapfiles/place_api/icons/v1/png_71/hospital-71.png", "icon_background_color": "#F88181", "icon_mask_base_uri": "https://maps.gstatic.com/mapfiles/place_api/icons/v2/hospital-H_pinlet", "international_phone_number": null, "name": "Millennium Medical Center", "opening_hours": { "open_now": false }, "photos": [ { "height": 3000, "html_attributions": [ "<a href=\"https://maps.google.com/maps/contrib/112623615041093506535\">Rick Drew</a>" ], "photo_reference": "AcnlKN3nr8FL9dzb7iZZhRmkn5dGUq0x5BhhOKxs_QQbY64KZYJFalYPlT6TuEWmgGTl14JPlTLj6c_PLXKKhoDK81D8ZL4Mf46AjQvUqWmhfKZczQJtabazO6tDKn6q2BnqkDCDMWRSFpjyvJGZqw5QaAsD9JDo0JzfseneOSkg9Q2cTLWN6r-PmvgJbeJWA_Me7qoOVqMnd_Q5JrtvKvYwHAu7fCSVm8zp5jRA0zBRy73fbJG0vPFRn8agCX4gVxSLmEvtgZ0avATHPKthUwP9s2QM2vTiwCLRciRgsLuO6mka9yQI5fLuzuMNSFq1ueEyhMhdAeRAo-0uPjVTxaWdj9h9kUmzl7WIVeWbvWdG1GQ8SyqvsMkhhu3G1bw0Q3zBYlquJJFBsuq3T7vtRevrATRW5KpQuchsKMYPLc1vj7fS2ZMt__SLcYoFrIA39f7tD7YK1iJLcOF-cdQNhw1u4Be4ZMinDgL1SDZ4rGH6E9D5sjgoIndMixv8tk8XD-qu1Q0EclFUxPvXBU4T6BPrmd_eqPYKVcR70k2FxtOsQ4UUac78XDs6UJLFlZUCdmnQAMZcGFiI", "width": 4000 } ], "place_id": "ChIJMb4Zqgo5DogRo0JQOF0lxfs", "rating": 4.1, "reference": "ChIJMb4Zqgo5DogRo0JQOF0lxfs", "scope": "GOOGLE", "types": [ "hospital", "health", "point_of_interest", "establishment" ], "user_ratings_total": 8.0, "vicinity": "10604 SW Hwy, Chicago Ridge", "category": "Primary Care Center – Private / Non-profit", "source": "Google Places", "raw_types_str": "hospital, health, point_of_interest, establishment" }, "geometry": { "type": "Point", "coordinates": [ -87.7961604, 41.6996109 ] } },
{ "type": "Feature", "properties": { "business_status": "OPERATIONAL", "icon": "https://maps.gstatic.com/mapfiles/place_api/icons/v1/png_71/generic_business-71.png", "icon_background_color": "#7B9EB0", "icon_mask_base_uri": "https://maps.gstatic.com/mapfiles/place_api/icons/v2/generic_pinlet", "international_phone_number": "+1 708-741-7944", "name": "Elite Med Urgent Care", "opening_hours": { "open_now": true }, "photos": [ { "height": 1728, "html_attributions": [ "<a href=\"https://maps.google.com/maps/contrib/101933827814956931648\">Elite Med Urgent Care</a>" ], "photo_reference": "AcnlKN3HREnzqxBpLxs_es47qD_T3lh9dWxGOzNFwuSrrIoF-d8faJkW1b4fjTe9oH-cxipVWKbSV1FljOSLLs2MDX7TX4cR6MiEjE_KdRZF1WJp2dyFvIgvA634F1HeZy3_l0yXoZx0QLrTy7EbJ-nC-sKqN3ag0h_NE94ZMi-gZ91hqX4B6s4R1ib65zWtRMiuaU9QqTLMmFjpYAqdPjgbWHh2DSLhYXgomKm9aH0yxXVrfFUH5RfDaacAsRAz5mQgV9u66tlGxXsrWGJK2mHwfL2FXWANOrUB49i8hoAn7jHuox1XI5s", "width": 1728 } ], "place_id": "ChIJYT3FfH45DogR_mH6zfQFrks", "rating": 4.9, "reference": "ChIJYT3FfH45DogR_mH6zfQFrks", "scope": "GOOGLE", "types": [ "doctor", "health", "point_of_interest", "establishment" ], "user_ratings_total": 906.0, "vicinity": "9634 S Roberts Rd, Hickory Hills", "category": "Urgent Care / Walk-in Clinic", "source": "Google Places", "raw_types_str": "doctor, health, point_of_interest, establishment" }, "geometry": { "type": "Point", "coordinates": [ -87.8194687, 41.715627 ] } },
{ "type": "Feature", "properties": { "business_status": "OPERATIONAL", "icon": "https://maps.gstatic.com/mapfiles/place_api/icons/v1/png_71/hospital-71.png", "icon_background_color": "#F88181", "icon_mask_base_uri": "https://maps.gstatic.com/mapfiles/place_api/icons/v2/hospital-H_pinlet", "international_phone_number": "+1 708-598-8999", "name": "Marayah Medical Center", "opening_hours": { "open_now": false }, "photos": [ { "height": 3024, "html_attributions": [ "<a href=\"https://maps.google.com/maps/contrib/113951293833437307451\">Marayah Medical Center</a>" ], "photo_reference": "AcnlKN2NK9EGP0BbWNuFQwAZHfQkwmtnyeKSo54BvIvU-KF__Jwx8Je_6AM5i1RIeP3pQK2zj1NpJYnvxvBqbIvw2eQdfIkv29qfGYS5KvRxgXTcBxVXswRmH_UnWT51xmJAB_rBo8ZKjwyn9UD-lUsHFvNVyvpFD9v9j7v4btHVMypXa2oZ_EHeIYcA01PVJ_zx4hMg3f-W3pZmHPc5X-bJvjptWNjf83KBe1ORiNLncgYf2l8YbPGRW0XtR6tRePrEY7LF8wCfYSMab1FEEGV7pp0WVPq0kf127y2NAovMzN4-JFrvQtQ", "width": 4032 } ], "place_id": "ChIJYW7Pfak5DogRlmKpUcoR69w", "rating": 4.2, "reference": "ChIJYW7Pfak5DogRlmKpUcoR69w", "scope": "GOOGLE", "types": [ "hospital", "doctor", "health", "point_of_interest", "establishment" ], "user_ratings_total": 106.0, "vicinity": "9325 S Roberts Rd, Hickory Hills", "category": "Primary Care Center – Private / Non-profit", "source": "Google Places", "raw_types_str": "hospital, doctor, health, point_of_interest, establishment" }, "geometry": { "type": "Point", "coordinates": [ -87.8176233, 41.7214669 ] } },
{ "type": "Feature", "properties": { "business_status": "OPERATIONAL", "icon": "https://maps.gstatic.com/mapfiles/place_api/icons/v1/png_71/hospital-71.png", "icon_background_color": "#F88181", "icon_mask_base_uri": "https://maps.gstatic.com/mapfiles/place_api/icons/v2/hospital-H_pinlet", "international_phone_number": "+1 708-423-1819", "name": "Chicago Ridge Medical Center", "opening_hours": { "open_now": true }, "photos": [ { "height": 3000, "html_attributions": [ "<a href=\"https://maps.google.com/maps/contrib/118250714234542194518\">Ann Drew KPro</a>" ], "photo_reference": "AcnlKN2q52hudsqpfnulevCl8cmB-Z_GlpgHQrI5gRs40sie2EJDk98QDQ5VcwFTx8TN6gqBRxvaKo-1UQ1dx4m5lP7PpONnoFGf2Qj89hvpJ3S8N5Rzn-kfdXadEU1KPXeF5bJYwtVsRXJNCcAuaCIluV1TqetVWqA-ppXW4edixxm7NLCV_BGpQNy6ty-mcawWGIMLJddglbngpoXGFBgavbHGrG8Re1oKKrKsEKrL1s6oDf9X225cxtg493tVvyOck3WWZxFtqeUxiUu59GUepw-vYfmwOYRkubyxoRIruQ-DOHg_AUWe3fR8a6OaQg30ysxmz7kj4phmnAyTPuAuKjZogpHim75tq7PsVOssy230NDKWy468K3-gOJbWZXljbkJwuYPevlw6UKXPaZT2e2BVNtYoADz1-qCaw8fKDYnboN0wN5hUxhQ-Rpk0t0ZXGKNoUYxCCrK1IT2ccKFkvBHnnxwPb_evm2z59Om1QYinYdxMDwId1kbgWMFDXEFV76uG64wpN6fOzKvg4USRA1c78vhlM9GSaJGflu95fv1uX-W0f_AVa0dzOe9yIgreDHtGZxrk", "width": 4000 } ], "place_id": "ChIJHzujQIk5DogRI8KCqQHJPlo", "rating": 2.6, "reference": "ChIJHzujQIk5DogRI8KCqQHJPlo", "scope": "GOOGLE", "types": [ "hospital", "health", "point_of_interest", "establishment" ], "user_ratings_total": 7.0, "vicinity": "9830 S Ridgeland Ave, Chicago Ridge", "category": "Primary Care Center – Private / Non-profit", "source": "Google Places", "raw_types_str": "hospital, health, point_of_interest, establishment" }, "geometry": { "type": "Point", "coordinates": [ -87.780407, 41.7132333 ] } },
{ "type": "Feature", "properties": { "business_status": "OPERATIONAL", "icon": "https://maps.gstatic.com/mapfiles/place_api/icons/v1/png_71/generic_business-71.png", "icon_background_color": "#7B9EB0", "icon_mask_base_uri": "https://maps.gstatic.com/mapfiles/place_api/icons/v2/generic_pinlet", "international_phone_number": "+1 708-907-3422", "name": "First Choice Medical Center", "opening_hours": { "open_now": false }, "photos": [ { "height": 2372, "html_attributions": [ "<a href=\"https://maps.google.com/maps/contrib/112052026528329855241\">First Choice Medical Center</a>" ], "photo_reference": "AcnlKN1_44_FnTFOJ66OTWJzpzXGOb_U6SNvEGgQYA97M-fdeCQNjayRXBbNXBrh4ne1UOOq8jEPHZu443T10fWHiEwD0CB-pucphjIWgUIkv336SJddtTh1shsN3id3ly66VBr4Zg15nUwWmW1ug5mMrTakH34o7e6X9VriW8IjXv_Q0_ZPZrYzkv6xgpBf7m1QkZp-bezuK6rO2zgSNGjofgVbndm4GLrfWbEgVAacw579EtdalEMNNzhAR3wKBmfPLurYW17LuiQ0FzxPp6DuYY5zQTobQjemKGFTyJd2sPNBMmh3nuE", "width": 3992 } ], "place_id": "ChIJp93CSFY6DogRB7EkynXViBg", "rating": 4.6, "reference": "ChIJp93CSFY6DogRB7EkynXViBg", "scope": "GOOGLE", "types": [ "doctor", "health", "point_of_interest", "establishment" ], "user_ratings_total": 49.0, "vicinity": "11164 SW Hwy, Palos Hills", "category": "Primary Care Center – Private / Non-profit", "source": "Google Places", "raw_types_str": "doctor, health, point_of_interest, establishment" }, "geometry": { "type": "Point", "coordinates": [ -87.8100265, 41.6871531 ] } },
{ "type": "Feature", "properties": { "business_status": "OPERATIONAL", "icon": "https://maps.gstatic.com/mapfiles/place_api/icons/v1/png_71/generic_business-71.png", "icon_background_color": "#7B9EB0", "icon_mask_base_uri": "https://maps.gstatic.com/mapfiles/place_api/icons/v2/generic_pinlet", "international_phone_number": "+1 708-425-9000", "name": "Advocate Medical Group Primary Care", "opening_hours": { "open_now": true }, "photos": [ { "height": 281, "html_attributions": [ "<a href=\"https://maps.google.com/maps/contrib/108621558900218921736\">Advocate Medical Group Primary Care</a>" ], "photo_reference": "AcnlKN29_1kDVvZCjuXgg9n7ZFpoxRdjl3tkaSqyBql6SmKYwj0caoM8ITbw7ZZLpjG6g92cEcXCt27-Lu8ERiq6RZxE_zDH2yoDr0ZSQ1-6oRz0nCOQ0fHa-XQlo3h3lceqtdPcsNdr8GN4RJTS4lAkBRNUpPKnEgYyu7KSVj0Xte64O4lY10iOBNeHdcpUMQabjaNOH979VM12rmS68xGOQlTwd8dTRs3Xgk8TBiRMFbOKTzleZi2Y3sVWB0ws7PkHIUMn8czBB63Wt3gYk8C70MrZ-KRfLVuYGUgqARmJOWR7q0s2gCc", "width": 500 } ], "place_id": "ChIJc6hkLAU5DogRPPQ6Iehn7Mo", "rating": 3.3, "reference": "ChIJc6hkLAU5DogRPPQ6Iehn7Mo", "scope": "GOOGLE", "types": [ "doctor", "health", "point_of_interest", "establishment" ], "user_ratings_total": 20.0, "vicinity": "7620 W 111th St, Palos Hills", "category": "Primary Care Center – Private / Non-profit", "source": "Google Places", "raw_types_str": "doctor, health, point_of_interest, establishment" }, "geometry": { "type": "Point", "coordinates": [ -87.8079526, 41.6902264 ] } },
{ "type": "Feature", "properties": { "business_status": "OPERATIONAL", "icon": "https://maps.gstatic.com/mapfiles/place_api/icons/v1/png_71/generic_business-71.png", "icon_background_color": "#7B9EB0", "icon_mask_base_uri": "https://maps.gstatic.com/mapfiles/place_api/icons/v2/generic_pinlet", "international_phone_number": "+1 708-261-0831", "name": "JenCare Senior Medical Center", "opening_hours": { "open_now": false }, "photos": [ { "height": 1200, "html_attributions": [ "<a href=\"https://maps.google.com/maps/contrib/118250714234542194518\">Ann Drew KPro</a>" ], "photo_reference": "AcnlKN09QYC5cOQKDj1u9DgUuRm8gHHrG1Ksi3NwETN3L-gw6WBZf0FcnmCWfxxeBjlr_ds40UGIcPR7Z2dZGaKxhNTIZ4lhRR-LHmBgL146gJT1YSmBTgAQMHr7OcaEvtuxqVuaWr01h23a2w94pZNeO-5KuLwpt1IM0H-c2stdheA5kClQcICyJ0m-0-m90XgHBK0VgX9reG9PlATx6_6GMgmkMt4HPlSsXmYxYCbnAimW6PjPTUFAbMv86cs2RYX-lxNJfifav8Y_fJZB3mYHAMdD9O4qAW591qcHmhVgCMccTNDgMl9qUYelw8hNTD_BLUT7nNdfS7SH1oumiLBteD-8jS0tWyPAf0TX_2ndXAvkr13b3jTluwXi-JmJAh6RRUCOR6tfwLBaIZyEbN8PqAF2RzLKBiclwVMo_7eAzBR1-Qi1Omx7evc7zlPaithzIQL44oxg4ZcXVZvJjgVIXthSy1gOTsMCKH_vefKTnl55Srbn0-Kn63hl7mADMw4R0tuQea8Olxqy9Z2992h0YezXgqrTxlJeBhcH46fzIkIts9S08soXyqiSB7NJdGGBVPvwkaH8myxiQQ", "width": 1600 } ], "place_id": "ChIJkyYoYh86DogRoSw8SCDYze0", "rating": 4.1, "reference": "ChIJkyYoYh86DogRoSw8SCDYze0", "scope": "GOOGLE", "types": [ "health", "point_of_interest", "establishment" ], "user_ratings_total": 96.0, "vicinity": "6101 W 95th St, Oak Lawn", "category": "Primary Care Center – Private / Non-profit", "source": "Google Places", "raw_types_str": "health, point_of_interest, establishment" }, "geometry": { "type": "Point", "coordinates": [ -87.7729786, 41.719503 ] } },
{ "type": "Feature", "properties": { "business_status": "OPERATIONAL", "icon": "https://maps.gstatic.com/mapfiles/place_api/icons/v1/png_71/generic_business-71.png", "icon_background_color": "#7B9EB0", "icon_mask_base_uri": "https://maps.gstatic.com/mapfiles/place_api/icons/v2/generic_pinlet", "international_phone_number": "+1 708-425-0414", "name": "Alawad Medical Center", "opening_hours": { "open_now": false }, "photos": null, "place_id": "ChIJCRqRPok5DogRtlLzTJUrE2I", "rating": 3.7, "reference": "ChIJCRqRPok5DogRtlLzTJUrE2I", "scope": "GOOGLE", "types": [ "doctor", "health", "point_of_interest", "establishment" ], "user_ratings_total": 3.0, "vicinity": "9830 S Ridgeland Ave # 1, Chicago Ridge", "category": "Primary Care Center – Private / Non-profit", "source": "Google Places", "raw_types_str": "doctor, health, point_of_interest, establishment" }, "geometry": { "type": "Point", "coordinates": [ -87.7804237, 41.713018 ] } },
{ "type": "Feature", "properties": { "business_status": "OPERATIONAL", "icon": "https://maps.gstatic.com/mapfiles/place_api/icons/v1/png_71/hospital-71.png", "icon_background_color": "#F88181", "icon_mask_base_uri": "https://maps.gstatic.com/mapfiles/place_api/icons/v2/hospital-H_pinlet", "international_phone_number": "+1 708-923-4000", "name": "Northwestern Medicine Palos Hospital", "opening_hours": { "open_now": true }, "photos": [ { "height": 2594, "html_attributions": [ "<a href=\"https://maps.google.com/maps/contrib/116635864992700748255\">Mark Jurczeski</a>" ], "photo_reference": "AcnlKN38XX4CSICiQE3SIISQCpkjVpgqS67lh4IAhR4a_Cg9CFT1_J0KnoRcFfddreutHbr1BA4w-GbPaE1pERGPgIMQc6BmIHOQgRkc3bc4c6DseJzBZti3Ek59iqhfEnvdZcpPTzMz4KZ3fnnT_oCY1kB8vYxpEBdjWmPdl8PO2SYzU1yfcawvzWBF99YzWKZwq3_h17DF1G6ZaOfNempqrixAgKm8C5thOktMZ-nPM76SQehDYwTbmNSgqnOvjh77kY1UPG8CQ4PrEWcZ2JQ6-AhqmLrQSavKPOQIvNQfHTWxmhMiJun5i3E9-9dooUXbNazrQjTy8b9B2skbiEmjSHxO6tixaUT-8t5TAYd1YzQPL5NQKhg6Fqafl-rWHFjU-QZMHX99FzJT9upnYvz-xCzaXBHU1ON_bvsMrqL1OJVSe_0LoI9bCm1PdQdvXKJhgUQV9N3y073Z71g04vWvbm-FcViflZQC1Su-4v875P9gTT5oJ6qpcTIgo6GGB901I2vGF0xCTIYbvIzk8Uq30--Rk-pkCC5aMOdSFxeEU7KiSca0BZzVlUY7L7CgHpgszic8fw", "width": 3462 } ], "place_id": "ChIJ-4Afiig5DogRqfpHtTo2i8A", "rating": 2.4, "reference": "ChIJ-4Afiig5DogRqfpHtTo2i8A", "scope": "GOOGLE", "types": [ "hospital", "health", "point_of_interest", "establishment" ], "user_ratings_total": 776.0, "vicinity": "12251 S 80th Ave, Palos Heights", "category": "Hospital – Private / Non-profit", "source": "Google Places", "raw_types_str": "hospital, health, point_of_interest, establishment" }, "geometry": { "type": "Point", "coordinates": [ -87.812868, 41.6697679 ] } },
{ "type": "Feature", "properties": { "business_status": "OPERATIONAL", "icon": "https://maps.gstatic.com/mapfiles/place_api/icons/v1/png_71/generic_business-71.png", "icon_background_color": "#7B9EB0", "icon_mask_base_uri": "https://maps.gstatic.com/mapfiles/place_api/icons/v2/generic_pinlet", "international_phone_number": "+1 708-598-3805", "name": "Novak Family Medical Center", "opening_hours": { "open_now": false }, "photos": [ { "height": 768, "html_attributions": [ "<a href=\"https://maps.google.com/maps/contrib/109549592690994374516\">Novak Family Medical Center</a>" ], "photo_reference": "AcnlKN05NO0kN8v_RPBlyML_yffXpUrQuyZJaQk1qOew0e6xeJHMJ03GyC-PapSogYhnDgNfxmEft7QKN46YFD3F90CLLH4B9fgzlF2aCVU-1a2KAHm_kSIeMpRoIdbN8W5TZCV7Brd22Htkfq2-VSnwQp8-rtUPww03IpTADMk7wD5d0EC5SL8yaTlpAbgWzukVoeyC5wADlcLrbs54cdzgRIKPU55mosYnMdyOocKUnpOmmK0f4pDS8CNJ-nSyJrAT-X8OfVFW8XUSEXf-ZXZO_LzWNeUeaN0rYok6f1PwU2DAg8kS4gk", "width": 1024 } ], "place_id": "ChIJYXa8CE04DogR6891yKeKVO0", "rating": 3.4, "reference": "ChIJYXa8CE04DogR6891yKeKVO0", "scope": "GOOGLE", "types": [ "health", "point_of_interest", "establishment" ], "user_ratings_total": 5.0, "vicinity": "9904 S Roberts Rd, Palos Hills", "category": "Primary Care Center – Private / Non-profit", "source": "Google Places", "raw_types_str": "health, point_of_interest, establishment" }, "geometry": { "type": "Point", "coordinates": [ -87.8179193, 41.7109343 ] } },
{ "type": "Feature", "properties": { "business_status": "OPERATIONAL", "icon": "https://maps.gstatic.com/mapfiles/place_api/icons/v1/png_71/generic_business-71.png", "icon_background_color": "#7B9EB0", "icon_mask_base_uri": "https://maps.gstatic.com/mapfiles/place_api/icons/v2/generic_pinlet", "international_phone_number": "+1 708-857-7777", "name": "Nowak Medical Center, Ltd", "opening_hours": { "open_now": false }, "photos": [ { "height": 3456, "html_attributions": [ "<a href=\"https://maps.google.com/maps/contrib/109269245634512974061\">Nowak Medical Center, Ltd</a>" ], "photo_reference": "AcnlKN2W2nDmCt_YChgchYOBVTe4iv7Smzup1WnqcPmo1x9YpY2A5dG2DB-8bxoeEb_2pkj_-k2k20sCohOF-mhf5S02sUkDh_yTfHxi5cRpndUR6ifcfY8KmnwRm627I6fyg3lJlHpf4BxFrwFQcmu7ZVFVdBkRkau9CeF40jrCz3pcqMd9B8hwOHbT-UvMLzK1sO0jFl9q2YDkb-6cR-aiswowErf0oABDsISZTnwApF4AIZabn41yzXNeB2Y4if89hANRMJh7k_nKPG4ekn25HbTQ-wP3lCnVkL12q-Gp1EzsLwrqfOY", "width": 4608 } ], "place_id": "ChIJ-wrWGiI6DogRVVFuM_shhgc", "rating": 4.4, "reference": "ChIJ-wrWGiI6DogRVVFuM_shhgc", "scope": "GOOGLE", "types": [ "doctor", "health", "point_of_interest", "establishment" ], "user_ratings_total": 5.0, "vicinity": "9540 SW Hwy, Oak Lawn", "category": "Primary Care Center – Private / Non-profit", "source": "Google Places", "raw_types_str": "doctor, health, point_of_interest, establishment" }, "geometry": { "type": "Point", "coordinates": [ -87.7704347, 41.7183536 ] } },
{ "type": "Feature", "properties": { "business_status": "OPERATIONAL", "icon": "https://maps.gstatic.com/mapfiles/place_api/icons/v1/png_71/generic_business-71.png", "icon_background_color": "#7B9EB0", "icon_mask_base_uri": "https://maps.gstatic.com/mapfiles/place_api/icons/v2/generic_pinlet", "international_phone_number": "+1 888-584-7888", "name": "Loyola Medicine Hickory Hills", "opening_hours": null, "photos": [ { "height": 417, "html_attributions": [ "<a href=\"https://maps.google.com/maps/contrib/114728643416353237722\">Loyola Medicine Hickory Hills</a>" ], "photo_reference": "AcnlKN3SboU3Uw0Ett1HTMbx22TNYT1rliGYjES87irC7zWiG_y96xPA-7zV5zlYf1hUzDiTeWLnSi7p8usoKtOtlRBNO9jilSBHFHYBeT2dkCDZGvsAbvjxpElkhFnPIPRcoKoQGb47LwywYxAsVpHZX1aJGrS_fgrqEgu5yA4vnA376ZYPvHam33V99CvudsYlU_Z6xHnLTyIPJZcWuht2m57LCl-5cGH6QklDFiC0qDy0FArDt_wBjs23tA26uJCpZyg1uVsl5p9fYMp-23PcGMhpg7dZL0Epk7SNC2k9fGxXIGk2h1A", "width": 741 } ], "place_id": "ChIJE3cE7ks4DogRsYnR5wYtCj4", "rating": 3.2, "reference": "ChIJE3cE7ks4DogRsYnR5wYtCj4", "scope": "GOOGLE", "types": [ "doctor", "health", "point_of_interest", "establishment" ], "user_ratings_total": 73.0, "vicinity": "9608 S Roberts Rd, Hickory Hills", "category": "Primary Care Center – Private / Non-profit", "source": "Google Places", "raw_types_str": "doctor, health, point_of_interest, establishment" }, "geometry": { "type": "Point", "coordinates": [ -87.8204353, 41.7159944 ] } },
{ "type": "Feature", "properties": { "business_status": "OPERATIONAL", "icon": "https://maps.gstatic.com/mapfiles/place_api/icons/v1/png_71/generic_business-71.png", "icon_background_color": "#7B9EB0", "icon_mask_base_uri": "https://maps.gstatic.com/mapfiles/place_api/icons/v2/generic_pinlet", "international_phone_number": "+1 708-599-8000", "name": "Zalam Medical Center", "opening_hours": { "open_now": false }, "photos": [ { "height": 1141, "html_attributions": [ "<a href=\"https://maps.google.com/maps/contrib/118250714234542194518\">Ann Drew KPro</a>" ], "photo_reference": "AcnlKN0tl_lB4oUh8nZD_KjhSyoOkrF6MoZ2q0fuNHz-LJu7sA8fMj_BkkV6x_FNrFIHg2TsSYAj-uNGauTeh_iqeT5CyFkYkemvNw-2RH7mYC5q461fIdbYgn7LL6LgBf1hy4c1m9vUKKT-hNMdNoTS34VDU010vq-IlLxfbx7rmylpov2JLsRlvgAL8IYd_cIzZfsNqmQhGAk_f0JoauriOQsSIYpTELHj3NAiBFq_8fBlK4Nj_YFRbXtI4mRtMjKv_Bgu5hbRqIVv3SuNg7pbuQJnHU0PS3mn96pKcpeDLEiug4h6r3cpgNVnZ_kWEcUR9sUQHjbdD0KNvzdpwnLsVPcaqfU4FXIuZ984KtPa193djE8Ji0_SJR4Pr6AuNZjEhWxqkgStcql9jSgCJ-F1NeL5tbfCUk5Fw573GP38JBqVeuGuYnSQ7EL10TbMaCQmYkQwyPXCioYSIzRampwfOcyhIhUisEwdk-JF0n22IHPABCcZC3i5t25zLjToLTADG79XWrQKu4asKRZ2U11vA5AGjau9CpgKWIHXVHzHgmjkjjT88uYiD9CL6FX4tkB_Pd0sDg", "width": 1330 } ], "place_id": "ChIJ71zjvd45DogRivBhFRzsjGQ", "rating": 4.6, "reference": "ChIJ71zjvd45DogRivBhFRzsjGQ", "scope": "GOOGLE", "types": [ "health", "point_of_interest", "establishment" ], "user_ratings_total": 42.0, "vicinity": "9830 S Ridgeland Ave Suite 2, Chicago Ridge", "category": "Primary Care Center – Private / Non-profit", "source": "Google Places", "raw_types_str": "health, point_of_interest, establishment" }, "geometry": { "type": "Point", "coordinates": [ -87.7802178, 41.7133613 ] } },
{ "type": "Feature", "properties": { "business_status": "OPERATIONAL", "icon": "https://maps.gstatic.com/mapfiles/place_api/icons/v1/png_71/generic_business-71.png", "icon_background_color": "#7B9EB0", "icon_mask_base_uri": "https://maps.gstatic.com/mapfiles/place_api/icons/v2/generic_pinlet", "international_phone_number": "+1 708-312-1399", "name": "Midwest Express Clinic Urgent Care", "opening_hours": { "open_now": true }, "photos": [ { "height": 3582, "html_attributions": [ "<a href=\"https://maps.google.com/maps/contrib/114333099680539436505\">Jorge Garza Norrick</a>" ], "photo_reference": "AcnlKN3mKM2S_KFgGmThsmWaFGaNtjCePshO_mxmQvHr5DQTpEPt-03jgpzzaBAgmfmbChBFFegyU0RjtSBiAWaFdFCPzd3jB61fP2Co93KoNaZOVTlvCoqrstD7qGzgzgt9WF6ZZ4BHmcx3dKkRcWOzvRvypbCwVIQLgCWpsFBIvFlTUxuj-_kKvHZKh_JducznArNeRdj5sW8pPkvA6TXNYRH7qtRxsyZhFiUR5R5yMq4r4efb-a4H58yFp4wM-ToYQpn7NPfWpEmgpCzM44LUWLdZVTxaiazKCX-NJNJiNKzvZW8sJru7N-G5_RwRyLXREDmld5aqmI-CDM1aCDOmte871cwolr2ioH5lg8N8AnQANzX26LJOOgAtgLP6gakY3jeYYZvbqfRPWB3LGj5UPlLoBk0F1AFqSRSNPqddkraeUkIO_ZM5aD2IWBgbI2MaoGVwiEAK4WTIKT8qEiO9QyWhwVzIxmxc4SIaRksEhfgPgn6UlfBMJ-yW0ilkgyTj3o3szI8HYFJr7WLWJOMr6AlVBVPtfLp6S62JUbYjqgeIp6-UCKGX8be0z6ILfMufZ5zK_bMJNRy5sXzl-UsH0R9xZ5Y", "width": 5377 } ], "place_id": "ChIJNU2QPAA5DogRkggXsJ1P3L4", "rating": 4.7, "reference": "ChIJNU2QPAA5DogRkggXsJ1P3L4", "scope": "GOOGLE", "types": [ "doctor", "health", "point_of_interest", "establishment" ], "user_ratings_total": 240.0, "vicinity": "9900 S Ridgeland Ave unit 510, Chicago Ridge", "category": "Urgent Care / Walk-in Clinic", "source": "Google Places", "raw_types_str": "doctor, health, point_of_interest, establishment" }, "geometry": { "type": "Point", "coordinates": [ -87.780172, 41.7114355 ] } },
{ "type": "Feature", "properties": { "business_status": "OPERATIONAL", "icon": "https://maps.gstatic.com/mapfiles/place_api/icons/v1/png_71/generic_business-71.png", "icon_background_color": "#7B9EB0", "icon_mask_base_uri": "https://maps.gstatic.com/mapfiles/place_api/icons/v2/generic_pinlet", "international_phone_number": "+1 708-907-4355", "name": "OSF OnCall Urgent Care", "opening_hours": { "open_now": true }, "photos": [ { "height": 825, "html_attributions": [ "<a href=\"https://maps.google.com/maps/contrib/107233060965877741847\">OSF OnCall Urgent Care</a>" ], "photo_reference": "AcnlKN0YtqWYtAS6B0dtqYINm3zebiNeWux40XInoN3wpmPq5_KvivvWJs5kp5BO5W32JG-PqP7DY8NzLANEAFvWmC7c04i9NWtZvlAQGys5PRL1O13egPXBivehln0QbtkAp9Cu6vtbzdy5fZOwrPmMi875YcJpF5edCwiz7oKAAb7IDHrlHHIy3jVVV_D9utUOh1e2Qtdma-qeJKboGcEWYyWqxvgFFblfVkkEAW68PLPDKZJSV4uuIXm7rEQa4gkE1errv9c82JrX9HZEHdpsw-IoUnAgCDcK_1Purfse_U1qNeOwfiI", "width": 1100 } ], "place_id": "ChIJ4Y8oqxA5DogRK_tpo-J-_ZY", "rating": 3.9, "reference": "ChIJ4Y8oqxA5DogRK_tpo-J-_ZY", "scope": "GOOGLE", "types": [ "health", "point_of_interest", "establishment" ], "user_ratings_total": 151.0, "vicinity": "6356 95th St, Oak Lawn", "category": "Urgent Care / Walk-in Clinic", "source": "Google Places", "raw_types_str": "health, point_of_interest, establishment" }, "geometry": { "type": "Point", "coordinates": [ -87.77968, 41.7204215 ] } },
{ "type": "Feature", "properties": { "business_status": "OPERATIONAL", "icon": "https://maps.gstatic.com/mapfiles/place_api/icons/v1/png_71/generic_business-71.png", "icon_background_color": "#7B9EB0", "icon_mask_base_uri": "https://maps.gstatic.com/mapfiles/place_api/icons/v2/generic_pinlet", "international_phone_number": "+1 708-529-7109", "name": "Palos Urgent Care Center", "opening_hours": { "open_now": true }, "photos": [ { "height": 466, "html_attributions": [ "<a href=\"https://maps.google.com/maps/contrib/106645662447573324064\">Palos Urgent Care Center</a>" ], "photo_reference": "AcnlKN2TQ-SrsA7rPq4ZI5fjDgAH1uExfJBNNNkCAZve6mAMrNhTIFKb6yu3Mux7QKkLDafbi0EFF57OTokfs1kS-IXacdpwg0-ZlfkRyGGSnh33-M3Zy9t_bNOkLoAV8f86DE-smYNyzPC71tDNj5tFpX5XUwL6-gWEITFL--Sqw7dfuKCcBJwjQp6ZWGH9jY7tinQRuwvbng8CArjyCm0PPyTU5qZwWdiwb9EC4DlKS78KmsD-3DWfjSiX0RhunyNUTlkh_ftMdPdrqVCx3xOLbFuQjR879b-MKrh98ST8oFflDVcdu3Q", "width": 486 } ], "place_id": "ChIJe6NiEW45DogRNuELLzXdenE", "rating": 4.4, "reference": "ChIJe6NiEW45DogRNuELLzXdenE", "scope": "GOOGLE", "types": [ "health", "point_of_interest", "establishment" ], "user_ratings_total": 5.0, "vicinity": "10384 S Harlem Ave, Palos Hills", "category": "Urgent Care / Walk-in Clinic", "source": "Google Places", "raw_types_str": "health, point_of_interest, establishment" }, "geometry": { "type": "Point", "coordinates": [ -87.7983055, 41.7020927 ] } },
{ "type": "Feature", "properties": { "business_status": "OPERATIONAL", "icon": "https://maps.gstatic.com/mapfiles/place_api/icons/v1/png_71/generic_business-71.png", "icon_background_color": "#7B9EB0", "icon_mask_base_uri": "https://maps.gstatic.com/mapfiles/place_api/icons/v2/generic_pinlet", "international_phone_number": "+1 708-424-0900", "name": "Pediatrics On Demand", "opening_hours": { "open_now": true }, "photos": [ { "height": 3264, "html_attributions": [ "<a href=\"https://maps.google.com/maps/contrib/112191400593036504334\">American Marketing &amp; Publishing</a>" ], "photo_reference": "AcnlKN33NHMy3jUoW-uykdBrxeQ4jFovtFQgo1ytBepOmkkHH52VTyDZj-N9oBweKiR_pkkjhM00pEoub3cM0ycyrZZD1qmc35fqgqmOAvObeexKi2UpGUITGXbR-LFQsG-rBuaIX9L6Pp-xoWPc-kDFfDWrz_ntoJO-WKf6mjWofs0lRd1w_og4DslRsdzLdM8N7rzZfaf5ZOV09X26X8ZQCpCvHGxIi8Me1rQ3MF40_OcevvpkKlv4ZbTbuJxcNCXirPAd5oejM5DuBpwX2p7005OlQNgnP1ReOqQK6R0Pch_VtVuvbEcTSSsBlFIvOmozMA3FgVfO8DgcozLZsDx86GF0URX_F_KrYwBt7BbiHPdkXwnGHN0DQ-ddJUmErkvXPYkk_6-k93Uf7dYyQbEH5-jbto2EuC9nmb6oip8aIOqM6VYXz8d7HjzhoNGbH2M97g-TEIm-PnJ8-LEdJXGPJQCm5XUFZ9DA969X5ZMAlOPH5xW4jbC6Cv8IIjuuCuh95mJuLyrCSKc8RPi6IwHHrea9TTHnPUGJ81mSgRG5gw-3b8Hr88ymLd-pSiKMgg8i8S4AFn_j", "width": 4928 } ], "place_id": "ChIJHb4tNIg5DogRBS-tTLFVBsY", "rating": 4.4, "reference": "ChIJHb4tNIg5DogRBS-tTLFVBsY", "scope": "GOOGLE", "types": [ "hospital", "doctor", "health", "point_of_interest", "establishment" ], "user_ratings_total": 2131.0, "vicinity": "9930 SW Hwy, Oak Lawn", "category": "Primary Care Center – Private / Non-profit", "source": "Google Places", "raw_types_str": "hospital, doctor, health, point_of_interest, establishment" }, "geometry": { "type": "Point", "coordinates": [ -87.778285, 41.7112128 ] } },
{ "type": "Feature", "properties": { "business_status": "OPERATIONAL", "icon": "https://maps.gstatic.com/mapfiles/place_api/icons/v1/png_71/generic_business-71.png", "icon_background_color": "#7B9EB0", "icon_mask_base_uri": "https://maps.gstatic.com/mapfiles/place_api/icons/v2/generic_pinlet", "international_phone_number": "+1 708-262-9975", "name": "Southwest Urgent Care", "opening_hours": { "open_now": false }, "photos": [ { "height": 3024, "html_attributions": [ "<a href=\"https://maps.google.com/maps/contrib/111524626653244258707\">Mohammad Suleiman</a>" ], "photo_reference": "AcnlKN0XqFzsDWrQY4kP4GQpk9h52r2doFY7_8Yrbo0k9UN0XFuVFawdiBQ8p6VaSBtbtmcJf4FsGabTCDphvoan1QWfEB8JtoaWqOwz7RE7OSL2VP1-3epmC8hr5IFy71u4by_4fCjEsg-rBiLFZTLgwnKeip5M-ibz8yVIl7lUAs3hSWtlzCFor0ITpJuHaFVBidx1m_3OzR-anVgopykUZo9ce_8XzfogZtcQxZWruC2OFHX8A0ZFGHkzBs7kwp2h_Ze7po496l3Ca8ohhyTr6U38p9CMdQF43wFusGM6VZZtYQwBT5V--YsUvU1vTY8Qyfm94uLRCBas9Vt9Vf5pl4u5FtmYa9rgWHP3GwDFzgKeEFA6PwXWsvYLi4hn-HeBiYmrqpinZBthiWnmzOrrgjMKcF4Yed5iJumHvXvBiy4X_9ur6gnghMtqPvb6nTeG5hPawhYvAbklLiHDOIHaWkFmycZPyEVj0V0caOndVrKAa5fau0AeMfuLaZedqTKw-gu4cGSdUh2SRfqjwFuBQv-jRIAwJlIsVvzsi3oj5HPd6g0hg0g3q-Ca8bvssuFy9-ZZwA", "width": 4032 } ], "place_id": "ChIJAQAkyok5DogRYEHEt9PK5Wk", "rating": 3.0, "reference": "ChIJAQAkyok5DogRYEHEt9PK5Wk", "scope": "GOOGLE", "types": [ "health", "point_of_interest", "establishment" ], "user_ratings_total": 2.0, "vicinity": "9900 SW Hwy, Oak Lawn", "category": "Urgent Care / Walk-in Clinic", "source": "Google Places", "raw_types_str": "health, point_of_interest, establishment" }, "geometry": { "type": "Point", "coordinates": [ -87.7774302, 41.712117 ] } },
{ "type": "Feature", "properties": { "business_status": "OPERATIONAL", "icon": "https://maps.gstatic.com/mapfiles/place_api/icons/v1/png_71/hospital-71.png", "icon_background_color": "#F88181", "icon_mask_base_uri": "https://maps.gstatic.com/mapfiles/place_api/icons/v2/hospital-H_pinlet", "international_phone_number": "+1 708-684-8000", "name": "Advocate Christ Medical Center", "opening_hours": { "open_now": true }, "photos": [ { "height": 1152, "html_attributions": [ "<a href=\"https://maps.google.com/maps/contrib/105572273655358477921\">A&#39;zam Kamalov</a>" ], "photo_reference": "AcnlKN1jd6XmIq9DHhQYdEvHxNfFJqA03oBJmYGkFG6EUEL_wGUL6V5_4GLElnBSUvEX9f6TYK77P1E1SkJZ6KbUyqpvjgvPHm86NnNrWavdt-PMUSsAWj_p1Zy83sucnslB1SQKkX4qlzOYtZbVahGotsKtVlS-huILs5MARfdwqbHieF8oJ2ylbqsfI9ordvpjaa5VbkxBw4WK2eL0Tgr3vP0s8b7FChYK0A5SoBzaHlPi6LP9_JQUVwb15kOlEFcY9IJ-Lxn-AKixvqfoIyUedkHhv3GDrAJMx0Dsobv77iIYBxe8ZSizfq1mScO9qpcC1fqYJ0vCJneMDZjva58MG0N7RChKueq0zV18kdmU0LXHVatyYX65Et_Psr7lt3RqOqkjDFNujBgvpWlI28iwRtf0VZLaz1fCyElFprEd9mYxN1SDWW2pdc7N7fMDWa2devsV5h1Qisl63kp0P9fN5V80Ws9YJQYiUN7vDtcVSrK7G6imAUVmDYvs7YU6TiwGlTi_K6oVd4dG4f_EhLkFFuptBMFLEU0Ef_fZejPtVjHkJXvyFdWPKp3WvuPyk_Jlwgh62A", "width": 2048 } ], "place_id": "ChIJzzXYZIs6DogRDn9m8HlPATw", "rating": 3.3, "reference": "ChIJzzXYZIs6DogRDn9m8HlPATw", "scope": "GOOGLE", "types": [ "hospital", "health", "point_of_interest", "establishment" ], "user_ratings_total": 1437.0, "vicinity": "4440 W 95th St, Oak Lawn", "category": "Primary Care Center – Private / Non-profit", "source": "Google Places", "raw_types_str": "hospital, health, point_of_interest, establishment" }, "geometry": { "type": "Point", "coordinates": [ -87.7320491, 41.7212559 ] } },
{ "type": "Feature", "properties": { "business_status": "OPERATIONAL", "icon": "https://maps.gstatic.com/mapfiles/place_api/icons/v1/png_71/hospital-71.png", "icon_background_color": "#F88181", "icon_mask_base_uri": "https://maps.gstatic.com/mapfiles/place_api/icons/v2/hospital-H_pinlet", "international_phone_number": "+1 708-425-5500", "name": "Lawn Medical Center, S.C.", "opening_hours": { "open_now": false }, "photos": null, "place_id": "ChIJA4yfEI06DogRLyLByCMRFtU", "rating": 3.5, "reference": "ChIJA4yfEI06DogRLyLByCMRFtU", "scope": "GOOGLE", "types": [ "hospital", "health", "point_of_interest", "establishment" ], "user_ratings_total": 73.0, "vicinity": "4301 95th St, Oak Lawn", "category": "Primary Care Center – Private / Non-profit", "source": "Google Places", "raw_types_str": "hospital, health, point_of_interest, establishment" }, "geometry": { "type": "Point", "coordinates": [ -87.7289992, 41.7200744 ] } },
{ "type": "Feature", "properties": { "business_status": "OPERATIONAL", "icon": "https://maps.gstatic.com/mapfiles/place_api/icons/v1/png_71/hospital-71.png", "icon_background_color": "#F88181", "icon_mask_base_uri": "https://maps.gstatic.com/mapfiles/place_api/icons/v2/hospital-H_pinlet", "international_phone_number": "+1 708-634-0950", "name": "Advocate Outpatient Center", "opening_hours": { "open_now": true }, "photos": [ { "height": 2268, "html_attributions": [ "<a href=\"https://maps.google.com/maps/contrib/100239322087426786112\">Edward Bass</a>" ], "photo_reference": "AcnlKN3i6mAejlwqktk74OqdPfhRWFbKwgm77b28Pp1ruht9JgHpytDgYyJ9VGBehLeBZjyY4WqAjtaSNdtmFN8uS2K7hISnNWHaIGAbn7WJuq3vPyi-MlvWCBSpW_GeQuFlv8Ox0kTY05tBC4QvhJ4ri3ncoaDyKCuKWsBvRrQ1su1YCXV66ClV0yM_m1JD0pIX3rmw-BR7Bf7RI6HzEZdpd0juiWCBlkOPpm0s6QCSJsxNclr2UaufOoF0YyGijvH00AIi4qIX57kXiwDu-3cmeBQuqSErjkkTGGrp6eGr0eU98-rAoWFAxdRBgtOaHzm7SMSsBmiZH39p7E1mUa5eRCYzmhFV1WDGFKO8Wb0OwoEJ1yBIplez7NsWNYx6V1nbJ7aHJp1CgW7SFR3oyePqXChs52ahJBctewwDdTkpYk5i3LsvqV-V-Bawy8caG-WhTaSnUpBaSwUTlzx6C_CjGpAJWYgxLrgDU9dqif1S1sxX4__2-Wvrm4OeXYbHQqYAyZzuOm3BHJH3wsIWyed9VotIXAhQTgZGW-KRmN-5gArrlUVMGYLfqCgg9g0eQE2k16Nny_f_Yu8lQQ", "width": 4032 } ], "place_id": "ChIJ3-_y-lU7DogRRZzYxOHpGM0", "rating": 3.8, "reference": "ChIJ3-_y-lU7DogRRZzYxOHpGM0", "scope": "GOOGLE", "types": [ "hospital", "health", "point_of_interest", "establishment" ], "user_ratings_total": 254.0, "vicinity": "9555 S 52nd Ave, Oak Lawn", "category": "Primary Care Center – Private / Non-profit", "source": "Google Places", "raw_types_str": "hospital, health, point_of_interest, establishment" }, "geometry": { "type": "Point", "coordinates": [ -87.7503875, 41.7182768 ] } },
{ "type": "Feature", "properties": { "business_status": "OPERATIONAL", "icon": "https://maps.gstatic.com/mapfiles/place_api/icons/v1/png_71/generic_business-71.png", "icon_background_color": "#7B9EB0", "icon_mask_base_uri": "https://maps.gstatic.com/mapfiles/place_api/icons/v2/generic_pinlet", "international_phone_number": "+1 708-265-2702", "name": "FirstCare Urgent care center P.C.", "opening_hours": { "open_now": true }, "photos": [ { "height": 3024, "html_attributions": [ "<a href=\"https://maps.google.com/maps/contrib/108721454859414678961\">FirstCare Urgent care center P.C.</a>" ], "photo_reference": "AcnlKN0Wf65r9MKJVnZxJpvYquxz4fG4TUJaCUlwAIO_0il7FxCzjAXp4bO-ngs0EfAjc3WNkahQ57x3j9Zh9fWc2SxyPOWTkU_wQAlskbyyE6fG7pTuzYwn5F67CTz3Gkm9mbwKrg78cN8QY2u4JY67Bsxr-HdMFeBaucfDJ6Y_VD4h0IYyI09MyMDbnugwUO-8HmFDtFf_ZUBYUlOfu0OBIu80_u_cY1-RqnJbZHAMdGsJL2eEEDUmNSfNMZaDjuv0MHOjaYkgADNl0wAawI98oBofwJYEBztvjwgiszxVUB-CrECr-Ok", "width": 4032 } ], "place_id": "ChIJwYfOpAExDogRI-QpKQGay9w", "rating": 4.9, "reference": "ChIJwYfOpAExDogRI-QpKQGay9w", "scope": "GOOGLE", "types": [ "health", "point_of_interest", "establishment" ], "user_ratings_total": 102.0, "vicinity": "9115 S Cicero Ave # 200, Oak Lawn", "category": "Urgent Care / Walk-in Clinic", "source": "Google Places", "raw_types_str": "health, point_of_interest, establishment" }, "geometry": { "type": "Point", "coordinates": [ -87.7405698, 41.7269136 ] } },
{ "type": "Feature", "properties": { "business_status": "OPERATIONAL", "icon": "https://maps.gstatic.com/mapfiles/place_api/icons/v1/png_71/generic_business-71.png", "icon_background_color": "#7B9EB0", "icon_mask_base_uri": "https://maps.gstatic.com/mapfiles/place_api/icons/v2/generic_pinlet", "international_phone_number": "+1 773-298-3712", "name": "Saint Xavier University Health Center", "opening_hours": { "open_now": true }, "photos": [ { "height": 3024, "html_attributions": [ "<a href=\"https://maps.google.com/maps/contrib/109547916630093578775\">Saint Xavier University Health Center</a>" ], "photo_reference": "AcnlKN2JFKlp_gPiRH5sC767cb_SLHDvMNV-ue1vLdCWHEcSwc6KaTLFjzqTNgQlN1RDxucRd79x7pkMe38qkOhQppYZWxQP6FB_BclwmOlZPWRB1Yzsb6wpWUfGrBSsBarYU7tKRw8aosa3QqhvI4gtz4Bzyj3tBnuGTOY7IdEJ_ZE63Oc7OjjBZF_6tYd1C_ix91vrSHpVlGhJPwPaUPI1xHv2GMbmZQSsGluZH1WPz5IZJuVvSBi62w2h0DbHmM2o-g3InydkzSmUpU-D1GhUhA4ADLABmIR8KqvtnRnRbcg9Ornmc8c", "width": 4032 } ], "place_id": "ChIJ2XHZsyk7DogR2-8DljLgBSg", "rating": 4.2, "reference": "ChIJ2XHZsyk7DogR2-8DljLgBSg", "scope": "GOOGLE", "types": [ "health", "point_of_interest", "establishment" ], "user_ratings_total": 10.0, "vicinity": "3925 W 103rd St, Chicago", "category": "Primary Care Center – Private / Non-profit", "source": "Google Places", "raw_types_str": "health, point_of_interest, establishment" }, "geometry": { "type": "Point", "coordinates": [ -87.7194436, 41.7056963 ] } },
{ "type": "Feature", "properties": { "business_status": "OPERATIONAL", "icon": "https://maps.gstatic.com/mapfiles/place_api/icons/v1/png_71/generic_business-71.png", "icon_background_color": "#7B9EB0", "icon_mask_base_uri": "https://maps.gstatic.com/mapfiles/place_api/icons/v2/generic_pinlet", "international_phone_number": "+1 708-425-6225", "name": "St Steven Medical Center", "opening_hours": null, "photos": null, "place_id": "ChIJ7-3hFJQ6DogRWN6SR9AoOy8", "rating": 3.0, "reference": "ChIJ7-3hFJQ6DogRWN6SR9AoOy8", "scope": "GOOGLE", "types": [ "doctor", "health", "point_of_interest", "establishment" ], "user_ratings_total": 2.0, "vicinity": "9401 S Pulaski Rd #203, Evergreen Park", "category": "Primary Care Center – Private / Non-profit", "source": "Google Places", "raw_types_str": "doctor, health, point_of_interest, establishment" }, "geometry": { "type": "Point", "coordinates": [ -87.7211206, 41.7219452 ] } },
{ "type": "Feature", "properties": { "business_status": "OPERATIONAL", "icon": "https://maps.gstatic.com/mapfiles/place_api/icons/v1/png_71/generic_business-71.png", "icon_background_color": "#7B9EB0", "icon_mask_base_uri": "https://maps.gstatic.com/mapfiles/place_api/icons/v2/generic_pinlet", "international_phone_number": "+1 708-398-0287", "name": "Adult Medicine Center", "opening_hours": null, "photos": null, "place_id": "ChIJzzXYZIs6DogRybpnc_Yyqu0", "rating": 4.0, "reference": "ChIJzzXYZIs6DogRybpnc_Yyqu0", "scope": "GOOGLE", "types": [ "health", "point_of_interest", "establishment" ], "user_ratings_total": 4.0, "vicinity": "4440 95th St, Oak Lawn", "category": "Primary Care Center – Private / Non-profit", "source": "Google Places", "raw_types_str": "health, point_of_interest, establishment" }, "geometry": { "type": "Point", "coordinates": [ -87.7323415, 41.7211103 ] } },
{ "type": "Feature", "properties": { "business_status": "OPERATIONAL", "icon": "https://maps.gstatic.com/mapfiles/place_api/icons/v1/png_71/hospital-71.png", "icon_background_color": "#F88181", "icon_mask_base_uri": "https://maps.gstatic.com/mapfiles/place_api/icons/v2/hospital-H_pinlet", "international_phone_number": "+1 630-469-9200", "name": "Duly Health and Care", "opening_hours": { "open_now": false }, "photos": [ { "height": 3120, "html_attributions": [ "<a href=\"https://maps.google.com/maps/contrib/118250714234542194518\">Ann Drew KPro</a>" ], "photo_reference": "AcnlKN0ac_jaxONthpKMsGpKDi7rp2_aPjwntXwupNwH5PAY1raCyJqwIduXHvS06i1gwOq0A6oWGdYoo2VxTniCnKBQPPuSde4k-rWa0TiVIBpuDrbRD-R8E5eActinSX8hkIZWb1tKdd9-dKV_HfvYPstzq3bYp6o_zjWC1rh5uImNPld4Hs_3p_oMFGJqy_6Vy67TWvtdMeISZS3AQDj1dpO48svPfLBKHesqGFQT8G-EEynafL8x9Bg6_tjDYcEfJs2Lr-ASHJDFYTmTPzIpHUdb1-JMqLGzEKX8jJlN5fC9OmyWYoOvRo_7Cl1qbwE4cbcPwvNHsqGwk5FM1F9NX_hXUU8xMhtpF3UQEMCTzR3SHbK87oI-krHwCtSkvmYm0M7qqqkOmhvpcbUlCoBaN5ulYwzCpYhCg72F8YEVielp_FZ15hxh_82d03pL2ntYM7Arh90fcaelX0VhQLtEwSJeHGQ3wC_M4qmvjqgSYPiIEKjVZ97GrCEQI_W_sDvtFsn7GSYG2BCejF5slhNH8VoWZYMFLuMFaC-lDISTM_hj1DiNmkF1MQ9BheAcHliA1Hqjglh2", "width": 4160 } ], "place_id": "ChIJoXGmPFE7DogRcmOZvVt-EK4", "rating": 4.3, "reference": "ChIJoXGmPFE7DogRcmOZvVt-EK4", "scope": "GOOGLE", "types": [ "hospital", "health", "point_of_interest", "establishment" ], "user_ratings_total": 591.0, "vicinity": "4061 W 95th St, Oak Lawn", "category": "Primary Care Center – Private / Non-profit", "source": "Google Places", "raw_types_str": "hospital, health, point_of_interest, establishment" }, "geometry": { "type": "Point", "coordinates": [ -87.7239502, 41.7194539 ] } },
{ "type": "Feature", "properties": { "business_status": "OPERATIONAL", "icon": "https://maps.gstatic.com/mapfiles/place_api/icons/v1/png_71/generic_business-71.png", "icon_background_color": "#7B9EB0", "icon_mask_base_uri": "https://maps.gstatic.com/mapfiles/place_api/icons/v2/generic_pinlet", "international_phone_number": "+1 708-907-4355", "name": "OSF OnCall Urgent Care", "opening_hours": { "open_now": true }, "photos": [ { "height": 1200, "html_attributions": [ "<a href=\"https://maps.google.com/maps/contrib/118250714234542194518\">Ann Drew KPro</a>" ], "photo_reference": "AcnlKN1K3vKjM-lmQbS6yBqRuzHRo3hZu9wzfJDK1uTtasgXtQwu_XuSk7T-xz9AA5o_Rgh1qQ704Y1wNmcWEvUsQ_lriermD6id-FWdsjlz0OQpNJEZHJvy1Z3kafEak3_A0yuTjJwC03u5JapKEPzDnMSk-oXjh8oJLhN4cpiB2KUZwquJ6tRrAkk7RcWDJLfSmv4nuUVWj_aGm4NVRlxNJzDyW1BXyOFwOFFWfzwczfAjEFKJqswAZsgPSoA3NUllvtdNRSm5toD9mBz5J7OeSbzPMzKN_DpV3HvDwAemXR0JEUTCHSSP_zyX-Wve10ryztWmT9TPE-Y_Q9Si0HYbdvvQx0tAQ1D99pRwaryBDyAkoDl9ua7EEnpo2n0IPdpSILuF2MH5GD9TO3Jx8hVQKDbTriSgBqpSJj-jgT2MBFG_M5IQcq6pjyZGKB94K8EY4X64UW5GYOtyYcswDacn30j30sx6stamTJt06_8ewuto2GtjeY5wFLcc_Kc2ELTZRsCBUAA43GuKh2BbEehxBKTqEAm1nbN7MyKlIwRbvYDZa52dEIAg0zGR7_Irav0Vh-ofBQ", "width": 1600 } ], "place_id": "ChIJywaBCyg7DogRLa2-ey4ZNjA", "rating": 3.8, "reference": "ChIJywaBCyg7DogRLa2-ey4ZNjA", "scope": "GOOGLE", "types": [ "point_of_interest", "health", "establishment" ], "user_ratings_total": 234.0, "vicinity": "5660 W 95th St #1, Oak Lawn", "category": "Urgent Care / Walk-in Clinic", "source": "Google Places", "raw_types_str": "point_of_interest, health, establishment" }, "geometry": { "type": "Point", "coordinates": [ -87.762048, 41.7200305 ] } },
{ "type": "Feature", "properties": { "business_status": "OPERATIONAL", "icon": "https://maps.gstatic.com/mapfiles/place_api/icons/v1/png_71/generic_business-71.png", "icon_background_color": "#7B9EB0", "icon_mask_base_uri": "https://maps.gstatic.com/mapfiles/place_api/icons/v2/generic_pinlet", "international_phone_number": "+1 708-576-4700", "name": "Oak Lawn Immediate Care", "opening_hours": { "open_now": true }, "photos": [ { "height": 616, "html_attributions": [ "<a href=\"https://maps.google.com/maps/contrib/115798972978287541953\">Oak Lawn Immediate Care</a>" ], "photo_reference": "AcnlKN2VrnKTJgRoHCGYkVRELWghux721pV_HGSsIhh2D9ZPLSxOVyJOXSu4RT9HtEgj8IMo5vLb9T7uB-g0sFXYkMwYt3BfzzPmnngEqzF_Oy3H4K4FPTfvFyaxSzM98s2qzq_9QqOcmj_pfhNrv8LHm3MElV10Cmiw6yfPecCClxHakhB7Pepv6jXgvGkbYcNuxgdHTgEJlEg_SHCWj9RpO3F6w53yPkhDGCCPb9ibYX_dzyjHNrt7A_XJuWmR3JVAwkoa-9XFSkDhwlcpGkKxXRTerWJ-TyDhcuNZaYRP45dkmbQkWhk", "width": 779 } ], "place_id": "ChIJvbPiYYs6DogRS-UAjAQh14o", "rating": 4.2, "reference": "ChIJvbPiYYs6DogRS-UAjAQh14o", "scope": "GOOGLE", "types": [ "point_of_interest", "health", "establishment" ], "user_ratings_total": 451.0, "vicinity": "4419 95th St, Oak Lawn", "category": "Urgent Care / Walk-in Clinic", "source": "Google Places", "raw_types_str": "point_of_interest, health, establishment" }, "geometry": { "type": "Point", "coordinates": [ -87.732162300000013, 41.720101799999988 ] } },
{ "type": "Feature", "properties": { "business_status": "OPERATIONAL", "icon": "https://maps.gstatic.com/mapfiles/place_api/icons/v1/png_71/generic_business-71.png", "icon_background_color": "#7B9EB0", "icon_mask_base_uri": "https://maps.gstatic.com/mapfiles/place_api/icons/v2/generic_pinlet", "international_phone_number": "+1 708-634-0950", "name": "Advocate Medical Group Immediate Care Center", "opening_hours": { "open_now": true }, "photos": [ { "height": 3024, "html_attributions": [ "<a href=\"https://maps.google.com/maps/contrib/114972048303283033621\">Mike T.</a>" ], "photo_reference": "AcnlKN2y0FGANWr9LNrehoVwCqvzA-S4ksjoL3HcMQgpWulhPWpX5VbqVIqlcdXc4aJfG4N1-KhwSWV4kTg_xCrelXkRQs9-3GAFHt7fkyXtU0mCLtCb_btrUs95vMX3Xf26sklKZqA2BUPeLx7Ae3JGGV6a_lzN3Bd2irhbt2XPYc0NXo0gsPVEH_Gp6GLe3goClUp2EOWtb9Mn4VYSm3dRVTWFSmsnpdXqbk-xQ8mNvi7F8gQaJztDG8zPL3o1Itq0QnniCGrIkAL7sfMIapI85A1NJQfhmxRICKjzyOStBvFsPnkPnB99b3gyZraAkq0A-i_BvnUCPu1-xDoyALyecIT9CjVLu_YkZ4tpXoMbhLOZpUXXsxucSeuYq73hmwiAfVafz22idFiLt2qJHsnFxk0xMDCNtlADXLJotLXtdyRvuFpd1kkUWQPKUwSkdon4vGNSHLebtRgJC7L1Ko9XcaA_NuYALHypVD9OYYLEcy8CqihYQXf9fZnSXOBKRgmn0g_FaIgKaQa-tknkeFp6PhyJKuUW5ujOPYnnZN_l9J2T_Dw_Rxnx8Zhr3VRo1SlKIu0UJZYq", "width": 4032 } ], "place_id": "ChIJ2_QiNeo7DogRYPL-cV6vKAc", "rating": 2.7, "reference": "ChIJ2_QiNeo7DogRYPL-cV6vKAc", "scope": "GOOGLE", "types": [ "point_of_interest", "health", "establishment" ], "user_ratings_total": 95.0, "vicinity": "9555 S 52nd Ave, Oak Lawn", "category": "Urgent Care / Walk-in Clinic", "source": "Google Places", "raw_types_str": "point_of_interest, health, establishment" }, "geometry": { "type": "Point", "coordinates": [ -87.7503875, 41.7182768 ] } },
{ "type": "Feature", "properties": { "business_status": "OPERATIONAL", "icon": "https://maps.gstatic.com/mapfiles/place_api/icons/v1/png_71/generic_business-71.png", "icon_background_color": "#7B9EB0", "icon_mask_base_uri": "https://maps.gstatic.com/mapfiles/place_api/icons/v2/generic_pinlet", "international_phone_number": "+1 866-389-2727", "name": "MinuteClinic at CVS", "opening_hours": { "open_now": true }, "photos": [ { "height": 608, "html_attributions": [ "<a href=\"https://maps.google.com/maps/contrib/103845002086666397297\">MinuteClinic at CVS</a>" ], "photo_reference": "AcnlKN09bu_rKgxhN8vmIypqyv3DKQ3XSSF-5dpmyHMAANW2Frsm39mxYWvCWq6tVro1jXmUs6_6QUSxmt4bpyw18WkpBgYmIlBIa09pxjm690aTccs1VLRanurfpwA8WUJH9hMNbu8Tvl4j257KM0O0_o254tLGFBvCrJqhWygk640RZOLELYhrgi5ZMRbP86a2ot7x9BobGkq-EA4FdAuKw4dBTeGONB8v7kJ6ExMBCMbutI4qUa9C9g3cKRZAwKVp1-vFZ5qEtPTNRhtf8yX1Zg15ugPuoBSIjgzd9guPVd7g9qiA1dE", "width": 1080 } ], "place_id": "ChIJTQAKWOY6DogRNcdYPUK5BkU", "rating": 2.9, "reference": "ChIJTQAKWOY6DogRNcdYPUK5BkU", "scope": "GOOGLE", "types": [ "point_of_interest", "health", "establishment" ], "user_ratings_total": 44.0, "vicinity": "3951 W 103rd St, Chicago", "category": "Primary Care Center – Private / Non-profit", "source": "Google Places", "raw_types_str": "point_of_interest, health, establishment" }, "geometry": { "type": "Point", "coordinates": [ -87.7205011, 41.7055058 ] } },
{ "type": "Feature", "properties": { "business_status": "OPERATIONAL", "icon": "https://maps.gstatic.com/mapfiles/place_api/icons/v1/png_71/hospital-71.png", "icon_background_color": "#F88181", "icon_mask_base_uri": "https://maps.gstatic.com/mapfiles/place_api/icons/v2/hospital-H_pinlet", "international_phone_number": "+1 708-422-6200", "name": "OSF Little Company of Mary Medical Center", "opening_hours": { "open_now": true }, "photos": [ { "height": 2448, "html_attributions": [ "<a href=\"https://maps.google.com/maps/contrib/116774441421033239646\">Phillip Batie</a>" ], "photo_reference": "AcnlKN3G1h5q0mpmLbIZlUVudHmQ5JjWZb0uitJ0YNjGL3-D2T2eHZ5xrLY0TQTubkuwY35d0LUquQW0IbXrWv9PwYDeR7la57NtqAzwDZe0lU73k-4kWCL-D0u-zLHN_78Urzek9W4qDpVyFj1V6Kzt2sKmH9lpXcebOpMFareL6nQcn_rx6www_dP3tOqn_P6yBnLF3W6uaN7xzN77-SmvnxtJspZYbZKEXEoMxjkftV5buEItRYH4-sc8ZjuejfpuOezjMbZE-pR-O7QW6qGSJcOhmBxe_3Ws1CELiH35P4rDu2m41ES4ZQqSIlEFp55qUEitOBoab7ZXuoIRkpRuQdh3-96BRv0SA_CVoltY1y7S_pctPMZVzu0hxf6__MhqznwoyHAB3qPDsXUOp3CwlxPQR5_3nfv4jhrTh2-7GHyUIMEAx9Lv57ZOr6MN3-DFPXWma0rvuAkqjKQ4yuIboIpEkIQBWGN6pzp8C7OYpGtHGLmFZo0tGcJ58erEoJcOTD6kxkdzD87CLg_6rsJa_v4HyhC89bSacsL--3hOENpY8kQ04lYNZjYYu3GD3-0RU9hQabKG", "width": 3264 } ], "place_id": "ChIJ1x5mZUklDogRBt_fbTKQ7sA", "rating": 2.7, "reference": "ChIJ1x5mZUklDogRBt_fbTKQ7sA", "scope": "GOOGLE", "types": [ "hospital", "health", "point_of_interest", "establishment" ], "user_ratings_total": 516.0, "vicinity": "2800 W 95th St, Chicago", "category": "Primary Care Center – Private / Non-profit", "source": "Google Places", "raw_types_str": "hospital, health, point_of_interest, establishment" }, "geometry": { "type": "Point", "coordinates": [ -87.6930043, 41.7222039 ] } },
{ "type": "Feature", "properties": { "business_status": "OPERATIONAL", "icon": "https://maps.gstatic.com/mapfiles/place_api/icons/v1/png_71/hospital-71.png", "icon_background_color": "#F88181", "icon_mask_base_uri": "https://maps.gstatic.com/mapfiles/place_api/icons/v2/hospital-H_pinlet", "international_phone_number": "+1 773-298-0990", "name": "Associated Medical Centers of Illinois - Beverly Park", "opening_hours": { "open_now": false }, "photos": [ { "height": 3024, "html_attributions": [ "<a href=\"https://maps.google.com/maps/contrib/104036875943535518041\">Associated Medical Centers of Illinois - Beverly Park</a>" ], "photo_reference": "AcnlKN3-b292o8iImDXTKnMNmDCjMjZfhtNHGmOZVeQ0oq_rdqPqSUtWcLoWTj7m6BKQl92aiRWgLrJRpCUplF-BytNNxKngW9DpjwJOYav_bTxUOvgTIY_THzq0wPan58GNa7OWHY1yFQFyKK-R_r_B0hUsBmiMtev5ab27-yH9nijVqcQLYBsVTfSQuoAnuD0mCF1Os51qOWZboqxr8-wShjDpi2pypqjvpW6zKrpKEvm5a4A07WVldxxgm1QIepdwLRczH8A1sTq0vfstOAZa4TDE3326I6H3kozSl9yWob09XnjzkUs", "width": 4032 } ], "place_id": "ChIJ46euQyElDogR5xAkcwR8-OI", "rating": 4.6, "reference": "ChIJ46euQyElDogR5xAkcwR8-OI", "scope": "GOOGLE", "types": [ "hospital", "health", "point_of_interest", "establishment" ], "user_ratings_total": 67.0, "vicinity": "11012 S Western Ave, Chicago", "category": "Primary Care Center – Private / Non-profit", "source": "Google Places", "raw_types_str": "hospital, health, point_of_interest, establishment" }, "geometry": { "type": "Point", "coordinates": [ -87.6814826, 41.69346 ] } },
{ "type": "Feature", "properties": { "business_status": "OPERATIONAL", "icon": "https://maps.gstatic.com/mapfiles/place_api/icons/v1/png_71/generic_business-71.png", "icon_background_color": "#7B9EB0", "icon_mask_base_uri": "https://maps.gstatic.com/mapfiles/place_api/icons/v2/generic_pinlet", "international_phone_number": "+1 773-344-9465", "name": "WellNow Urgent Care", "opening_hours": { "open_now": true }, "photos": [ { "height": 1090, "html_attributions": [ "<a href=\"https://maps.google.com/maps/contrib/113969212155517391474\">WellNow Urgent Care</a>" ], "photo_reference": "AcnlKN3PZ4L5UIHnHdkocHLk_jRGXyKusU7BRvF2-RArepvZgI1yKtfMOMg66M-NgN4z4X0vCUP4KIfL2RFvBlEX_E7RbC2Q8GA0jwNs-GCYdmL5X0CseanOA17HwVSqL5REHSYoTxmrzcYymKDNjj7mSuV86FiZN1GSuOe5HjBi0jUjZ3gQHxHa8G04tWT7f6fgH0weLBrNphnkfhbCL6ZJjAJ9mGKswJwU_jfO6rcQucGsQnyu3Ca9ZGJfqO6lDimmgeBW1UyOOUORnUTFtXDZyp0iOe1rwMwqZdOH9UXHFHVNH9NGKtQ", "width": 1938 } ], "place_id": "ChIJm0xlDUMlDogRrfXs454C3Os", "rating": 4.4, "reference": "ChIJm0xlDUMlDogRrfXs454C3Os", "scope": "GOOGLE", "types": [ "doctor", "health", "point_of_interest", "establishment" ], "user_ratings_total": 1020.0, "vicinity": "9501 S Western Ave, Chicago", "category": "Urgent Care / Walk-in Clinic", "source": "Google Places", "raw_types_str": "doctor, health, point_of_interest, establishment" }, "geometry": { "type": "Point", "coordinates": [ -87.6817041, 41.72067 ] } },
{ "type": "Feature", "properties": { "business_status": "OPERATIONAL", "icon": "https://maps.gstatic.com/mapfiles/place_api/icons/v1/png_71/generic_business-71.png", "icon_background_color": "#7B9EB0", "icon_mask_base_uri": "https://maps.gstatic.com/mapfiles/place_api/icons/v2/generic_pinlet", "international_phone_number": "+1 773-629-8217", "name": "Midwest Express Clinic Urgent Care", "opening_hours": { "open_now": true }, "photos": [ { "height": 2640, "html_attributions": [ "<a href=\"https://maps.google.com/maps/contrib/114333099680539436505\">Jorge Garza Norrick</a>" ], "photo_reference": "AcnlKN0hp3CYage1xHm5s6i2lnOUclo3EOCODCyghMofi4zaHEa5yRauLkYv9yjsk5ksLCj1HH-0TV117VCTz0mYLP6XgBM59H7T-W3fYzApDoC4QPP9BFIi7EY8CE7DhHfP2hhtnLBHa9Yv_KsAequRJtgSyFLoqtFI93l4JHY82cfmwMDO8VkeI3LZ5hfM80ds8ZlcA_gvcJBK8kcYImBXUW4JnIBpDahg3CpL7_oJ9e-f0eKYdSesTZnB_IGi-4aMBHhAFZ3TwkpQN3k6wpfO6wjo0TjjtytXGQlbe2VL-53sALy1zaulF7dnKN2hZP2s7D64GHaWV0mUCrmaATQ1_ANLGmiZ5wDpGkgZDvtb241X3js0GqeK2yx5ik6qE7AxOlENuWzpzLg_SPb5rubkQL43Ih_G2-4EZ3QvnHUpqO37oir6fk99sWTOqn7k8pC9jU13wAfVi0-lmzx7QZIGXxRhvoQSSg7buylL5D7okCqAo8LIIVKCDMHkXXGiuyrdRBa18J8EWVs1lyLWPPBGLw6A9eb9upkk17Fl-7yd1URnIwOF_2bvmcrST61JF-mgIODUmAYJwpRpGIO1OTEvtLcWk9wu5g", "width": 3960 } ], "place_id": "ChIJkSioOxY7DogR59O2A4Al3Io", "rating": 4.8, "reference": "ChIJkSioOxY7DogR59O2A4Al3Io", "scope": "GOOGLE", "types": [ "doctor", "health", "point_of_interest", "establishment" ], "user_ratings_total": 2376.0, "vicinity": "3258 W 111th St, Chicago", "category": "Urgent Care / Walk-in Clinic", "source": "Google Places", "raw_types_str": "doctor, health, point_of_interest, establishment" }, "geometry": { "type": "Point", "coordinates": [ -87.7030898, 41.69183 ] } },
{ "type": "Feature", "properties": { "business_status": "OPERATIONAL", "icon": "https://maps.gstatic.com/mapfiles/place_api/icons/v1/png_71/generic_business-71.png", "icon_background_color": "#7B9EB0", "icon_mask_base_uri": "https://maps.gstatic.com/mapfiles/place_api/icons/v2/generic_pinlet", "international_phone_number": "+1 773-238-1111", "name": "Beverly Medical Center", "opening_hours": { "open_now": false }, "photos": null, "place_id": "ChIJ79ZgwNwkDogRZjNJyZUciWg", "rating": 1.0, "reference": "ChIJ79ZgwNwkDogRZjNJyZUciWg", "scope": "GOOGLE", "types": [ "health", "point_of_interest", "establishment" ], "user_ratings_total": 1.0, "vicinity": "11238 S Western Ave, Chicago", "category": "Primary Care Center – Private / Non-profit", "source": "Google Places", "raw_types_str": "health, point_of_interest, establishment" }, "geometry": { "type": "Point", "coordinates": [ -87.6812641, 41.6886762 ] } },
{ "type": "Feature", "properties": { "business_status": "OPERATIONAL", "icon": "https://maps.gstatic.com/mapfiles/place_api/icons/v1/png_71/hospital-71.png", "icon_background_color": "#F88181", "icon_mask_base_uri": "https://maps.gstatic.com/mapfiles/place_api/icons/v2/hospital-H_pinlet", "international_phone_number": "+1 773-445-3500", "name": "Advocate Medical Group Beverly Outpatient Center", "opening_hours": { "open_now": true }, "photos": [ { "height": 281, "html_attributions": [ "<a href=\"https://maps.google.com/maps/contrib/113836555757658242601\">Advocate Medical Group Beverly Outpatient Center</a>" ], "photo_reference": "AcnlKN2KlZk9RtBWQaKjCNPigmunUb_N2eX_AKv3ZdMg44zMl6z9VxSCRiJ55nFXSx7Mvg1BEg-jIKXp4DNs4BHR93hxxjWOjQqkMmJXdnicsq39NNq2SdLQJ0APOjUC7F6XKn6VEifDsv687CprZAXhYfCN2ndS7HgNMk2qg91DS_xhoyKrdqtTQ83oH2sMGrEjFzQEkh_lPs8AGPHSSNe0O1h8r03_Y13_3eEyIBzw0HmheNg4143G6O_fhS0w9WQ4v1-Wi2pGeHdqj16QWyOUUMTdTkx4fxl5RxUFLtmAZYl0XUNJoIg", "width": 500 } ], "place_id": "ChIJw1lA5z4lDogRKrwY3FfWVaM", "rating": 2.2, "reference": "ChIJw1lA5z4lDogRKrwY3FfWVaM", "scope": "GOOGLE", "types": [ "hospital", "health", "point_of_interest", "establishment" ], "user_ratings_total": 114.0, "vicinity": "9831 S Western Ave, Chicago", "category": "Primary Care Center – Private / Non-profit", "source": "Google Places", "raw_types_str": "hospital, health, point_of_interest, establishment" }, "geometry": { "type": "Point", "coordinates": [ -87.6814582, 41.7145525 ] } },
{ "type": "Feature", "properties": { "business_status": "OPERATIONAL", "icon": "https://maps.gstatic.com/mapfiles/place_api/icons/v1/png_71/generic_business-71.png", "icon_background_color": "#7B9EB0", "icon_mask_base_uri": "https://maps.gstatic.com/mapfiles/place_api/icons/v2/generic_pinlet", "international_phone_number": "+1 708-423-6209", "name": "Evergreen Care Center", "opening_hours": { "open_now": false }, "photos": [ { "height": 1151, "html_attributions": [ "<a href=\"https://maps.google.com/maps/contrib/101491207136237056314\">Evergreen Care Center</a>" ], "photo_reference": "AcnlKN2r4sTX-PGTopGxwuj_x0IpSfQCrEXQQclQ3Tyi-7SAMDoB7U7dwehKYBGBS8fikUZmydeRrUROoue1J_XVGwEf_0XMmIvY7h9ORr8iGl4sLQ7QOFci1noEMPDUMAGcb5jh0i9rLHdDYpd37tc6SJda5zx9jesHGAwRbruplbTNTUYL0AFoMk3vZHROZdiULQ-kOWLozBHAKaEPBO6rE-3IQ30jXUGSCiz9I7DracoVC4um_bH7mEFmJSWOb7iD7HjzsZY5KG9BhcHyAaN5KfRZRko4THuU8zR6ygfqTa-nWhxMWus", "width": 2048 } ], "place_id": "ChIJTxyRK8o6DogRdvhxkUNDAcY", "rating": 4.0, "reference": "ChIJTxyRK8o6DogRdvhxkUNDAcY", "scope": "GOOGLE", "types": [ "hospital", "doctor", "health", "point_of_interest", "establishment" ], "user_ratings_total": 95.0, "vicinity": "9760 S Kedzie Ave #3, Evergreen Park", "category": "Primary Care Center – Private / Non-profit", "source": "Google Places", "raw_types_str": "hospital, doctor, health, point_of_interest, establishment" }, "geometry": { "type": "Point", "coordinates": [ -87.7020128, 41.7155857 ] } },
{ "type": "Feature", "properties": { "business_status": "OPERATIONAL", "icon": "https://maps.gstatic.com/mapfiles/place_api/icons/v1/png_71/generic_business-71.png", "icon_background_color": "#7B9EB0", "icon_mask_base_uri": "https://maps.gstatic.com/mapfiles/place_api/icons/v2/generic_pinlet", "international_phone_number": "+1 773-445-3500", "name": "Advocate Medical Group Immediate Care Center", "opening_hours": { "open_now": true }, "photos": [ { "height": 281, "html_attributions": [ "<a href=\"https://maps.google.com/maps/contrib/116995685903322485323\">Advocate Medical Group Immediate Care Center</a>" ], "photo_reference": "AcnlKN21kR4PNTu48nSi4zwLsSgyQmSnrFN56GJqTcHIu2dfSdj9i7gM8SUvsIW-Oddrmf-p1IYmfx55Du01NNfQ6h-gAZ0IjSyqNo-Y4hIfts0dD5xBwaIk2qVzqIEgSOrAtqi2vV3Y6gJQ2waoXTh2TtnD7MTbxBy82cuCuoaGI_6oFsLiHGk1WunZbLh37HscWiQX659pNGsfsxvL6sD1JHr9LLFkqcnGE5gVl-WVkjuS088K-ATNiV2kai3hC3DHvazx7BuRhh7JhCmUYkmTWj1rQ2jIU4m00eEwAU0P-Phc3sa4TZo", "width": 500 } ], "place_id": "ChIJsatB5z4lDogR3rboEiQEASc", "rating": 3.3, "reference": "ChIJsatB5z4lDogR3rboEiQEASc", "scope": "GOOGLE", "types": [ "health", "point_of_interest", "establishment" ], "user_ratings_total": 309.0, "vicinity": "9831 S Western Ave, Chicago", "category": "Urgent Care / Walk-in Clinic", "source": "Google Places", "raw_types_str": "health, point_of_interest, establishment" }, "geometry": { "type": "Point", "coordinates": [ -87.6814582, 41.7145525 ] } },
{ "type": "Feature", "properties": { "business_status": "OPERATIONAL", "icon": "https://maps.gstatic.com/mapfiles/place_api/icons/v1/png_71/generic_business-71.png", "icon_background_color": "#7B9EB0", "icon_mask_base_uri": "https://maps.gstatic.com/mapfiles/place_api/icons/v2/generic_pinlet", "international_phone_number": "+1 773-238-0800", "name": "Advocate Medical Group Primary Care", "opening_hours": { "open_now": true }, "photos": [ { "height": 281, "html_attributions": [ "<a href=\"https://maps.google.com/maps/contrib/114905162637597608947\">Advocate Medical Group Primary Care</a>" ], "photo_reference": "AcnlKN3T7l-tlM3_uPZ9dFRvZNMlJ0H1ojM940gFmGcRWIaNLRIz3i9f9AucteayWXEBUINK1UiQPVP6YH5URgfPSmOvEJwaMdJiJOuP_vsCpc4K02JqfOZF5_Tem2AWgHZ13r40E28qQAyIjefGYUxHoMFTAC2GSjAjhFw-15TJkJqzXFNa6cmoNLzUTkgWxMgY4vtkwWUqoM0mB-UdkorAHnUF5_63FrPjf4y1szC70OcFS177GJza-jRy5WdDZ5HfVxI0yLHaJYtXkBKQKnNorIBuIbtSJItAAzvHA3lsOWK2mc3lAho", "width": 500 } ], "place_id": "ChIJS7rIE6glDogRzYfWx9rhO6c", "rating": 2.4, "reference": "ChIJS7rIE6glDogRzYfWx9rhO6c", "scope": "GOOGLE", "types": [ "doctor", "health", "point_of_interest", "establishment" ], "user_ratings_total": 54.0, "vicinity": "1357 W 103rd St, Chicago", "category": "Primary Care Center – Private / Non-profit", "source": "Google Places", "raw_types_str": "doctor, health, point_of_interest, establishment" }, "geometry": { "type": "Point", "coordinates": [ -87.6570341, 41.7062028 ] } },
{ "type": "Feature", "properties": { "business_status": "OPERATIONAL", "icon": "https://maps.gstatic.com/mapfiles/place_api/icons/v1/png_71/generic_business-71.png", "icon_background_color": "#7B9EB0", "icon_mask_base_uri": "https://maps.gstatic.com/mapfiles/place_api/icons/v2/generic_pinlet", "international_phone_number": "+1 773-445-3500", "name": "Advocate Beverly Center", "opening_hours": { "open_now": true }, "photos": null, "place_id": "ChIJZVRj4D4lDogRM_mAST_YpFM", "rating": 3.9, "reference": "ChIJZVRj4D4lDogRM_mAST_YpFM", "scope": "GOOGLE", "types": [ "health", "point_of_interest", "establishment" ], "user_ratings_total": 208.0, "vicinity": "9831 S Western Ave, Chicago", "category": "Primary Care Center – Private / Non-profit", "source": "Google Places", "raw_types_str": "health, point_of_interest, establishment" }, "geometry": { "type": "Point", "coordinates": [ -87.6816638, 41.7146541 ] } },
{ "type": "Feature", "properties": { "business_status": "OPERATIONAL", "icon": "https://maps.gstatic.com/mapfiles/place_api/icons/v1/png_71/generic_business-71.png", "icon_background_color": "#7B9EB0", "icon_mask_base_uri": "https://maps.gstatic.com/mapfiles/place_api/icons/v2/generic_pinlet", "international_phone_number": "+1 708-398-0287", "name": "Advocate Medical Group Primary Care", "opening_hours": { "open_now": false }, "photos": [ { "height": 335, "html_attributions": [ "<a href=\"https://maps.google.com/maps/contrib/101495975737567762254\">Advocate Medical Group Primary Care</a>" ], "photo_reference": "AcnlKN3Zm6zyo8ry7nlVhYDOPKBj2sM2gtHLYtBe1hXWSc-eL7ZYQV6AcyO6pbHyqw8xRNldNLX4fCgtvPNszXJ6qlN8NlFBclTM7N6cYKckDlOaKcB8rvKyplfm3FpBGKa1mvNR1K5GnMpW51pMIVOmxO0w7FG66smbFgZu8p7znQZVfhZEnvLm-BKoWnlAF-_4OcbjVL-zQEmZMD_qzZ8FEYBqu1TkltTgm2jI5c60tbob-9B8jrIj-b5WTvPU7WlKs8OyG4DbRgaei2UYKJ9z6cjvkr8-s4eWSis6dh11RRLYwNGH7OE", "width": 594 } ], "place_id": "ChIJdWCZgY06DogRIBK3gt9cWyU", "rating": 3.9, "reference": "ChIJdWCZgY06DogRIBK3gt9cWyU", "scope": "GOOGLE", "types": [ "doctor", "health", "point_of_interest", "establishment" ], "user_ratings_total": 77.0, "vicinity": "4220 W 95th St Suite 200, Oak Lawn", "category": "Primary Care Center – Private / Non-profit", "source": "Google Places", "raw_types_str": "doctor, health, point_of_interest, establishment" }, "geometry": { "type": "Point", "coordinates": [ -87.7276077, 41.7210578 ] } },
{ "type": "Feature", "properties": { "business_status": "OPERATIONAL", "icon": "https://maps.gstatic.com/mapfiles/place_api/icons/v1/png_71/generic_business-71.png", "icon_background_color": "#7B9EB0", "icon_mask_base_uri": "https://maps.gstatic.com/mapfiles/place_api/icons/v2/generic_pinlet", "international_phone_number": "+1 708-423-3242", "name": "Family Medical Care Center", "opening_hours": null, "photos": [ { "height": 4032, "html_attributions": [ "<a href=\"https://maps.google.com/maps/contrib/114571992575901218099\">Heath Brosseau</a>" ], "photo_reference": "AcnlKN3bKE28n3iG0ZvfWl7Io030Oz8tbz1PUuYeuPLtflkUoilLvRWOZvnbNYh5sGCJLvgWnjVngdjkVGKAqng6KNjGlaBCoXiIIQUEYbw6JeU9eodUYbJfQ-iPnz_M-NlG55c4NbPIaGlPMUruGL2zjS5rmK_frECxfUwxszYu6Zx0PBQlwIKoA-P-bIbU6c0w9oc36zerwhv721L03X0dXUH3WKThRI_aM64A8LrjHm7l5dNQdOMAqHsxim_JRys0DENCq3VqZu3a_tNbbEwvxmGNjrW5ofzqi33CMLBMdd7oWNAb-6bxwPYmVRYIxDPhZmwL_d3Ay6YIBcX5KYSqcMRPB74TfDRXYaFjaVZXU-ULS6R_W1-S-NhkhHz1034fFOX3rQ_TScuwxMgwMe-AnazGMi2JhZ33wZRXFDfzl6DDKKLCcSY1gNArfTPpTD4pXuSPA0LgmCpYNJ9kRWeLzcSsyhsWHwUNR0svnyAHGINsJ82P6oWCszdtoyEih8Zspf7Pc2jhDTV9_J4wRV3w3r_wHMIE0jnsE2lEotT0OvvG1taBZ5WLwsd2I-vdJwnkEeEvPWWdBRZG-A", "width": 1960 } ], "place_id": "ChIJDfxwVZQ6DogR6ftHl4FA9-4", "rating": 3.7, "reference": "ChIJDfxwVZQ6DogR6ftHl4FA9-4", "scope": "GOOGLE", "types": [ "doctor", "health", "point_of_interest", "establishment" ], "user_ratings_total": 3.0, "vicinity": "3900 95th St #12, Evergreen Park", "category": "Primary Care Center – Private / Non-profit", "source": "Google Places", "raw_types_str": "doctor, health, point_of_interest, establishment" }, "geometry": { "type": "Point", "coordinates": [ -87.7193902, 41.7206418 ] } },
{ "type": "Feature", "properties": { "business_status": "OPERATIONAL", "icon": "https://maps.gstatic.com/mapfiles/place_api/icons/v1/png_71/hospital-71.png", "icon_background_color": "#F88181", "icon_mask_base_uri": "https://maps.gstatic.com/mapfiles/place_api/icons/v2/hospital-H_pinlet", "international_phone_number": "+1 773-239-9100", "name": "LCMH - Mt. Greenwood Medical Center", "opening_hours": { "open_now": true }, "photos": [ { "height": 558, "html_attributions": [ "<a href=\"https://maps.google.com/maps/contrib/113089846203091701170\">LCMH - Mt. Greenwood Medical Center</a>" ], "photo_reference": "AcnlKN30FpiQKPhZpnZE0AiCvX2t5gBDZunjPzORIcjEagIBbdOt9kzdeTRLhkRn_eGN6YU-S8i2vSkfFRRlKRunJIrtbbPhLGTS6Lm6pUIkn-4S6vJaUNmcLJfRRjoj8sfD8pYKrgju4SPRk2NOST84k8UN5oITuDZtS9dHHz6I5JAGZUWzDz1aUvNTu3jEEyvTs81JH3mvsuA97LzCqPurCCwz-KwOt9BVbeV2PsmkLrGXbCpXL1GpCmm7qTjxjBxW7xrhnH7y1xl2kFwSaOHIgmbMDSUdBFs3NsKroPD7X1DqDPiiC_Q", "width": 832 } ], "place_id": "ChIJFcgdD_87DogRJKfzDgqz1zM", "rating": null, "reference": "ChIJFcgdD_87DogRJKfzDgqz1zM", "scope": "GOOGLE", "types": [ "hospital", "health", "point_of_interest", "establishment" ], "user_ratings_total": null, "vicinity": "10961 S Kedzie Ave, Chicago", "category": "Primary Care Center – Private / Non-profit", "source": "Google Places", "raw_types_str": "hospital, health, point_of_interest, establishment" }, "geometry": { "type": "Point", "coordinates": [ -87.7005954, 41.6934265 ] } },
{ "type": "Feature", "properties": { "business_status": "OPERATIONAL", "icon": "https://maps.gstatic.com/mapfiles/place_api/icons/v1/png_71/generic_business-71.png", "icon_background_color": "#7B9EB0", "icon_mask_base_uri": "https://maps.gstatic.com/mapfiles/place_api/icons/v2/generic_pinlet", "international_phone_number": "+1 708-636-1466", "name": "P & D Medical", "opening_hours": null, "photos": null, "place_id": "ChIJAwflj5I6DogRG8KgFzSzBUY", "rating": 4.6, "reference": "ChIJAwflj5I6DogRG8KgFzSzBUY", "scope": "GOOGLE", "types": [ "doctor", "health", "point_of_interest", "establishment" ], "user_ratings_total": 12.0, "vicinity": "4201 95th St, Oak Lawn", "category": "Primary Care Center – Private / Non-profit", "source": "Google Places", "raw_types_str": "doctor, health, point_of_interest, establishment" }, "geometry": { "type": "Point", "coordinates": [ -87.7263552, 41.7202044 ] } },
{ "type": "Feature", "properties": { "business_status": "OPERATIONAL", "icon": "https://maps.gstatic.com/mapfiles/place_api/icons/v1/png_71/generic_business-71.png", "icon_background_color": "#7B9EB0", "icon_mask_base_uri": "https://maps.gstatic.com/mapfiles/place_api/icons/v2/generic_pinlet", "international_phone_number": "+1 708-423-8150", "name": "Park Primary Care", "opening_hours": { "open_now": false }, "photos": [ { "height": 894, "html_attributions": [ "<a href=\"https://maps.google.com/maps/contrib/115670367168661229730\">Park Primary Care</a>" ], "photo_reference": "AcnlKN14VkR7UAsm11ZdL-HZ-yExsvdRFUaCsWO9aI0XyB1RAx0WhdlOU_Y2piGYQx2L4hr68GdiZQTZBUTCT4ohCoPx_WSC-9MtxzK_FDITR_2ZOTg4uin4mLXSJR54Jv2s-Ga2ojVSASeHw0JHLTQFuABhczHTtLzHDouesejFSfIIZneWY57gc3S3_PVjjL1F5exorfXqcksNwmCCwQLbi9J_gzkrsQiJ2avZhgMvJru3pY_46xjys03YsZo_L4vcmQfjKbstt0bn7X7sTo-vEdFnES1S8X6zDXWbP11_FrzsUoYvpVM", "width": 1113 } ], "place_id": "ChIJTxyRK8o6DogRHOjPkVQqWXw", "rating": 4.6, "reference": "ChIJTxyRK8o6DogRHOjPkVQqWXw", "scope": "GOOGLE", "types": [ "doctor", "health", "point_of_interest", "establishment" ], "user_ratings_total": 22.0, "vicinity": "9760 S Kedzie Ave #2, Evergreen Park", "category": "Primary Care Center – Private / Non-profit", "source": "Google Places", "raw_types_str": "doctor, health, point_of_interest, establishment" }, "geometry": { "type": "Point", "coordinates": [ -87.7021175, 41.715566 ] } },
{ "type": "Feature", "properties": { "business_status": "OPERATIONAL", "icon": "https://maps.gstatic.com/mapfiles/place_api/icons/v1/png_71/generic_business-71.png", "icon_background_color": "#7B9EB0", "icon_mask_base_uri": "https://maps.gstatic.com/mapfiles/place_api/icons/v2/generic_pinlet", "international_phone_number": "+1 708-425-1907", "name": "Women's Healthcare of Illinois", "opening_hours": { "open_now": true }, "photos": [ { "height": 3688, "html_attributions": [ "<a href=\"https://maps.google.com/maps/contrib/105590135076269872984\">Women&#39;s Healthcare of Illinois</a>" ], "photo_reference": "AcnlKN2VR0jr_VrvKkoIkXpAN3Q3podYWGI4Sy225HtK6CF5nDmTOuQEfVm3cvnsHvChY4NRQSypZkumrftcLC0iLRfkpypUqP5W6XhKucDgfkd-KCUYRpLr1lcK7k1bs14yrhzw0Fc0fJRUZ0NKofXX8zBuiyuFKxPDrbPaT22HnBTDcs_ahrzVtvXAnGZXSQSM5a3VhkT07LO-TQCPFyQ11UlWds3xSNUhw9JsvmuBP4BiYV875lGarIvGUWzDTlPPeKLL4CcK4gSsNiNQ8JwBQ46p60yQbfzfY5Rex4gso5ChmTSSnX8", "width": 9812 } ], "place_id": "ChIJZa0ySz8lDogRu6AQ8VElkkU", "rating": 4.4, "reference": "ChIJZa0ySz8lDogRu6AQ8VElkkU", "scope": "GOOGLE", "types": [ "hospital", "health", "point_of_interest", "establishment" ], "user_ratings_total": 473.0, "vicinity": "9730 S Western Ave Ste 700, Evergreen Park", "category": "Primary Care Center – Private / Non-profit", "source": "Google Places", "raw_types_str": "hospital, health, point_of_interest, establishment" }, "geometry": { "type": "Point", "coordinates": [ -87.6823055, 41.7160472 ] } },
{ "type": "Feature", "properties": { "business_status": "OPERATIONAL", "icon": "https://maps.gstatic.com/mapfiles/place_api/icons/v1/png_71/generic_business-71.png", "icon_background_color": "#7B9EB0", "icon_mask_base_uri": "https://maps.gstatic.com/mapfiles/place_api/icons/v2/generic_pinlet", "international_phone_number": "+1 773-239-9100", "name": "Vista Family Medicine", "opening_hours": { "open_now": true }, "photos": null, "place_id": "ChIJMXRIjis7DogREJ2xQfObWVU", "rating": 3.8, "reference": "ChIJMXRIjis7DogREJ2xQfObWVU", "scope": "GOOGLE", "types": [ "doctor", "health", "point_of_interest", "establishment" ], "user_ratings_total": 5.0, "vicinity": "10961 S Kedzie Ave, Chicago", "category": "Primary Care Center – Private / Non-profit", "source": "Google Places", "raw_types_str": "doctor, health, point_of_interest, establishment" }, "geometry": { "type": "Point", "coordinates": [ -87.7004839, 41.6934257 ] } },
{ "type": "Feature", "properties": { "business_status": "OPERATIONAL", "icon": "https://maps.gstatic.com/mapfiles/place_api/icons/v1/png_71/hospital-71.png", "icon_background_color": "#F88181", "icon_mask_base_uri": "https://maps.gstatic.com/mapfiles/place_api/icons/v2/hospital-H_pinlet", "international_phone_number": "+1 708-371-7777", "name": "MetroSouth Home Health", "opening_hours": null, "photos": [ { "height": 2560, "html_attributions": [ "<a href=\"https://maps.google.com/maps/contrib/114753375126655366487\">Francisco Patino</a>" ], "photo_reference": "AcnlKN20mVvS4ysc_Rvuuq6y2SYz3w0i_mQIFBQKr9UkdeDzSONW7QFD-Of647WJ5wBNUKydl8Y8CbqPPqDejRQlDehTp_vTKvPCmAzMbP9GWMn77Kw1HCP72bbg_wykfKXkdbopzsGAzwFRE1k3X0t5wpFRDMiWBOfjIdzGHxwcaZb8ZbOQXEfYZ4vC7yi8irAGNjnyfKn4lvVV2IdyrAY6JaGrm_G-se34xht4wotMin665dD6cYXLYEPTdPnPXBTQnDD0D6QGlbl3Fn_Ts5f71Xd8UnfEYHr3pS8y756R9MwsOgbhonw5PiB-Zu7CxzJywwF0yrO0syJ0_L8-HI7-fkR7LP7upRfFXvk9aMEGMaD-4--zYRvsN8M-mqnqxTcNBMNH-oTTp9DriS3ZKcCw_5iwfoNMVQIVliK63S4gHEwvz-4qLz-0cD8zrNqTQfuWy0QrcO9-P5Mx1dyjkPhVDOvdb93FfIwoQu9Xqmg527o8gaBKfsL7G_wxPU-GvJ6fUcOGa0WV3M9hdV1Alf3CZQBaKp14bOObFlxPkNhxlb47VTJFOuOeFiI2vGvbV0YvIvCb3QP0AI5rhA", "width": 1440 } ], "place_id": "ChIJOdlyAGAjDogRBzbcyg2_F8o", "rating": 2.3, "reference": "ChIJOdlyAGAjDogRBzbcyg2_F8o", "scope": "GOOGLE", "types": [ "hospital", "doctor", "health", "point_of_interest", "establishment" ], "user_ratings_total": 52.0, "vicinity": "12935 South Gregory St Ground floor, Merrionette Park", "category": "Primary Care Center – Private / Non-profit", "source": "Google Places", "raw_types_str": "hospital, doctor, health, point_of_interest, establishment" }, "geometry": { "type": "Point", "coordinates": [ -87.700671, 41.684777 ] } },
{ "type": "Feature", "properties": { "business_status": "OPERATIONAL", "icon": "https://maps.gstatic.com/mapfiles/place_api/icons/v1/png_71/generic_business-71.png", "icon_background_color": "#7B9EB0", "icon_mask_base_uri": "https://maps.gstatic.com/mapfiles/place_api/icons/v2/generic_pinlet", "international_phone_number": "+1 708-636-8546", "name": "Nowobilska Medical Practice", "opening_hours": { "open_now": false }, "photos": [ { "height": 673, "html_attributions": [ "<a href=\"https://maps.google.com/maps/contrib/101930811998934921377\">Nowobilska Medical Practice</a>" ], "photo_reference": "AcnlKN0neUonljpykCUQpG-SF5cR9ykjiwYW3k4oWmMhacM39Q_75f_mZfP9XvhbUjQvVvsWiKisz83esh8x5yDslF3T-8JzI2WGAelymEjsaobH_JrvZmBV-o9Xk1KWO637vTvLIq4dUQwOtIXixB3rFXZgrJrT62amD_LWrhUZxWBkefP8EQs-U51Zkcx3A3c1rkW47sgwCmkBAuO8C_p7eFaS4xylgtLikgaIs3l5iXcM6A_GWC2Nx_C1A4LN8wsMI1JIam26RgZ9ltwfyCFBscXLuuv19xwuc1wsWSh4GFwI2SI7j0k", "width": 1196 } ], "place_id": "ChIJnYtAkJI6DogRQ9cnKOO7YKA", "rating": 3.5, "reference": "ChIJnYtAkJI6DogRQ9cnKOO7YKA", "scope": "GOOGLE", "types": [ "health", "point_of_interest", "establishment" ], "user_ratings_total": 4.0, "vicinity": "4201 95th St, Oak Lawn", "category": "Primary Care Center – Private / Non-profit", "source": "Google Places", "raw_types_str": "health, point_of_interest, establishment" }, "geometry": { "type": "Point", "coordinates": [ -87.7264091, 41.7201099 ] } },
{ "type": "Feature", "properties": { "business_status": "OPERATIONAL", "icon": "https://maps.gstatic.com/mapfiles/place_api/icons/v1/png_71/generic_business-71.png", "icon_background_color": "#7B9EB0", "icon_mask_base_uri": "https://maps.gstatic.com/mapfiles/place_api/icons/v2/generic_pinlet", "international_phone_number": "+1 708-907-4355", "name": "OSF OnCall Urgent Care", "opening_hours": { "open_now": true }, "photos": [ { "height": 1960, "html_attributions": [ "<a href=\"https://maps.google.com/maps/contrib/103787249833391560060\">LLG</a>" ], "photo_reference": "AcnlKN3bMUvcPPw6umHwuKvRSvqCUnGrb_2A5mNO6XD-44Cehg9gpmQDn6eA23v0s_IkG5WyeroY0vjGkQnskgaeHt1fZseshK6TmWiLxP1eGblCIzjt4Rdj4aMkn4W3101INg8QbUbPSpm8QcBNbYQl_ZauB4Xne4O9sj9_CYDDj35kRG2HfsIUqTDXXUKnKtJQ5v9FtChmVIuegzswp8VfNhZlQgBk5haeUnoOe9jGqKvRpENfMWunuJ5xQgdTcdsw9pos6AXDgkfRa65iXbRIBwPwK5weHuVzeS2Ive5r3SaQNUdCUGHAezTN7CFEhKRuFBETKwV8bmpgIqKPICTexj3TCJGsyAEawLaurTd5-a4Kdyd5pZG8hDKvZBegM5GGZ1EOlNbeGSvnC4hvHL7kOaUAWfb60w3wZtFxrRA9aFszqixXfr1PbI7GI8NYrzdhvgKFzypjmuIKPcvxS60piSP1jMa3UFEo6yhtmtDxUt06FkoSH4SIR_VscrbFlJvq6Jnn0flqqd2hPmRI9TX8SjGDvbVaHmhvUnOC5OEWrYKSXFl6VMi1Z5IXpsH_FRE9UkUqQEJN", "width": 4032 } ], "place_id": "ChIJo7qRYoclDogRUQakHoPNta8", "rating": 4.1, "reference": "ChIJo7qRYoclDogRUQakHoPNta8", "scope": "GOOGLE", "types": [ "health", "point_of_interest", "establishment" ], "user_ratings_total": 167.0, "vicinity": "2917 W 95th St, Evergreen Park", "category": "Urgent Care / Walk-in Clinic", "source": "Google Places", "raw_types_str": "health, point_of_interest, establishment" }, "geometry": { "type": "Point", "coordinates": [ -87.6947463, 41.7205634 ] } },
{ "type": "Feature", "properties": { "business_status": "OPERATIONAL", "icon": "https://maps.gstatic.com/mapfiles/place_api/icons/v1/png_71/generic_business-71.png", "icon_background_color": "#7B9EB0", "icon_mask_base_uri": "https://maps.gstatic.com/mapfiles/place_api/icons/v2/generic_pinlet", "international_phone_number": "+1 708-470-7383", "name": "Midwest Express Clinic Urgent Care", "opening_hours": { "open_now": true }, "photos": [ { "height": 3024, "html_attributions": [ "<a href=\"https://maps.google.com/maps/contrib/107771070268397507357\">Midwest Express Clinic Urgent Care</a>" ], "photo_reference": "AcnlKN2hJbieOs9xHaxRtm-Lot1wUC60vz_-r-yBimsRD1OD2hHMTktxcopogrcV4TXYVuF5eXSYgrfA1tx3nehyvBCM6OTEbjfhD57iszlkOjQv7KTYhLj-PbFjjFS3ySBSdXZUfdN7xIc8IEtPGKDP8klUuNhM-pi6R59qLyOg63s8TfDcOerMHx87zJgMPdU24wScg0quZtDGXkLS4aYMHPwaQ_gaolNJ2vnLWQnOjFbQ3YfOP497RldeUMQ__Um_wSgbD_B3Yd6TJ82QTUVseCl6FVwj-GHy3577Vn4u0pI3ybOY9ik", "width": 4032 } ], "place_id": "ChIJTTOzMqQlDogRcTeg_sEPcDw", "rating": 4.7, "reference": "ChIJTTOzMqQlDogRcTeg_sEPcDw", "scope": "GOOGLE", "types": [ "doctor", "health", "point_of_interest", "establishment" ], "user_ratings_total": 178.0, "vicinity": "2508 W 94th St, Evergreen Park", "category": "Urgent Care / Walk-in Clinic", "source": "Google Places", "raw_types_str": "doctor, health, point_of_interest, establishment" }, "geometry": { "type": "Point", "coordinates": [ -87.6828053, 41.7233657 ] } },
{ "type": "Feature", "properties": { "business_status": "OPERATIONAL", "icon": "https://maps.gstatic.com/mapfiles/place_api/icons/v1/png_71/generic_business-71.png", "icon_background_color": "#7B9EB0", "icon_mask_base_uri": "https://maps.gstatic.com/mapfiles/place_api/icons/v2/generic_pinlet", "international_phone_number": "+1 708-907-4355", "name": "OSF OnCall Urgent Care", "opening_hours": { "open_now": true }, "photos": [ { "height": 3120, "html_attributions": [ "<a href=\"https://maps.google.com/maps/contrib/118250714234542194518\">Ann Drew KPro</a>" ], "photo_reference": "AcnlKN1q08TEpXpGgevYck2naVFO1RLQUTdHK1-n93GPnKFnOniB0rtQG7YqE9Oe1qcOB0ceEt2wjflQe_iakGIQeaTyrsGh2L8TfQi_KCz49q86zrqPAlaAM0Ii5FdZkCd417NKIq3UOwXWE8Xb_DhpyLFbW_ZWZsQqUsuxawrgdBumWH3HBUhVufzJ1k9aOeVVhT9lWY5KrL62NbLimXkF-3B916OcBdOVV8h8vhF5ow0yeTLUUhD91jLQFj8uYuNnNTzvPiBqzbqyRjthu7_Z4StNP18l1TUHVlKAc4L4E6oBnxzwJOwYsF3V7ANcAI4E7sZ475AcUwErqVXof9FrRFhARl_fXWsJH_RBL3KtgRoMjk7EhsIYBdr0m-wBhpWV0ZL7pYYb2T7Tuk5UJapYDs0dRjqVUM80DV6CS4WnBgR5-lJB8-OC55mACCBbHvz8bX1wrbW3fgiHbdLWyV1kKIJiaPqp51Wg4H3jyG_DfAO-hjShP96thsTsorOR912UtVBVVyEYrZEHepu1K7fFpYLcvCQfilNWr_jZJ1kq7jGWOpKDj-oTaDg8pnUNSrODUM82-SW0", "width": 4160 } ], "place_id": "ChIJCwhPNh07DogRPaHQzC83clM", "rating": 4.1, "reference": "ChIJCwhPNh07DogRPaHQzC83clM", "scope": "GOOGLE", "types": [ "health", "point_of_interest", "establishment" ], "user_ratings_total": 139.0, "vicinity": "3315 W 115th St Unit C, Merrionette Park", "category": "Urgent Care / Walk-in Clinic", "source": "Google Places", "raw_types_str": "health, point_of_interest, establishment" }, "geometry": { "type": "Point", "coordinates": [ -87.703598, 41.6839153 ] } },
{ "type": "Feature", "properties": { "business_status": "OPERATIONAL", "icon": "https://maps.gstatic.com/mapfiles/place_api/icons/v1/png_71/generic_business-71.png", "icon_background_color": "#7B9EB0", "icon_mask_base_uri": "https://maps.gstatic.com/mapfiles/place_api/icons/v2/generic_pinlet", "international_phone_number": "+1 773-768-5000", "name": "Chicago Family Health Center - Pullman", "opening_hours": { "open_now": true }, "photos": [ { "height": 3024, "html_attributions": [ "<a href=\"https://maps.google.com/maps/contrib/108477506702817778482\">joe kalló</a>" ], "photo_reference": "AcnlKN0ECDzO4YeiWPmAJcPh0zvAWaC8UUX4jyl8BzP2MlvjFQ4qUCS2yidIXEFVoK6Zoa9f754zjkuyt9A26EuPh3--YM50fPTl6D-kZhDlOEwgeGx1cjzNgvAkK1i9p9EbZGjW82PPgmSi0LypOSR30K_iZP04lsFo7RqyxIZz2s1CgsNZUKhqE53aQLPtYNlUzc06Fsl7EWQnwJKmQ9i-we4LSkKNCGbGIY_mW3xdq7N48Dpvo3exlXDQUa9ia9Lyf5dsxtqcj0_-pQCds3CndStFBIuvbYRx324Ii-LaXQxM0-AkLRXopkYFJhca20TmlY_OM_Cyn6paU2wbM1UelNBv1ihsYlwGY_PSVjVQnJAu3a6rkMHWHuuhNSeYtV4j0_wqjkjpp1wrLyy3dJ8RCW3mFXUJb-WX0DMa4yghbo0sQcH-t_MeTIKbpuGIxChMpytuy5kDL7ZI2uw0eJ1R-9YyyUKF30HXH2a3d2Nc8bvaDq8rJ-H5wfnP3ly8Uw3P9o7SZp_raMKjsgO18Kjo7Jk4X0gc8vu09iV5sLq7xpO5jM4nSAR_4fFoPoyUo1s04HQcLiIc", "width": 4032 } ], "place_id": "ChIJBXFcB5AmDogRyYYnxMliikQ", "rating": 3.4, "reference": "ChIJBXFcB5AmDogRyYYnxMliikQ", "scope": "GOOGLE", "types": [ "point_of_interest", "health", "establishment" ], "user_ratings_total": 98.0, "vicinity": "570 E 115th St, Chicago", "category": "Primary Care Center – Private / Non-profit", "source": "Google Places", "raw_types_str": "point_of_interest, health, establishment" }, "geometry": { "type": "Point", "coordinates": [ -87.6084022, 41.6855879 ] } },
{ "type": "Feature", "properties": { "business_status": "OPERATIONAL", "icon": "https://maps.gstatic.com/mapfiles/place_api/icons/v1/png_71/generic_business-71.png", "icon_background_color": "#7B9EB0", "icon_mask_base_uri": "https://maps.gstatic.com/mapfiles/place_api/icons/v2/generic_pinlet", "international_phone_number": "+1 773-233-4100", "name": "Christian Community Health Center", "opening_hours": { "open_now": true }, "photos": [ { "height": 544, "html_attributions": [ "<a href=\"https://maps.google.com/maps/contrib/112927440111156218830\">DAYEDAY4</a>" ], "photo_reference": "AcnlKN3pzj6NB0ivqTv-SspQSGltKMFwAad5SrfwDFL6wqurophoogIlyYRz3QJTQy_PiBHVmGG0lRW7ywW1bIYcA2PwYcI2b0LDvGnU06jRq0zW6wz87FMV8LeEKjoFS8q_dgRllg3gtQ6--lGzodEl8vDsytG2A99QPky_t9MiRvoU9HaHOHg3v4P5oDFuAxEFuVb1faRVKczHFtXE_FRqm3LZNX9lmSsgrVQqDVGk3kE14I2RbVLb1e2AtlFKNYt0ZBQFEfO9NLG4t_EaesmpPVUCuHVhgXVEK1VHOnxz7vQeM5R8d2-2zmsPZlTMxXBRkODBL1WTbqSBkmUxL8yKgK3aeajXld4dBede_StyIPhp0tmydd5By7mC1DOh8JTgpBIo0Y1FDYCD0IKS6cgGCtspfGchLkimJ6ujDmEdlQR5-bzo-QVUYdG2B-sJfI-o89gASN54etivhQNGp3ot9pe7fMIc6U-u_28v5ggAEN9iJ4Wu6EvxlAhMm1rcsYql4ey_02dx-IbdF53HFUWZA0Da827uC1Kvgy4N44hQjo98nE3NRkFqd0a0xD36Ge2cPOSGTw", "width": 1164 } ], "place_id": "ChIJr8dTBpYlDogR3k7hR_nhLNg", "rating": 2.4, "reference": "ChIJr8dTBpYlDogR3k7hR_nhLNg", "scope": "GOOGLE", "types": [ "point_of_interest", "health", "establishment" ], "user_ratings_total": 130.0, "vicinity": "9718 S Halsted St, Chicago", "category": "Primary Care Center – Private / Non-profit", "source": "Google Places", "raw_types_str": "point_of_interest, health, establishment" }, "geometry": { "type": "Point", "coordinates": [ -87.6433746, 41.7167367 ] } },
{ "type": "Feature", "properties": { "business_status": "OPERATIONAL", "icon": "https://maps.gstatic.com/mapfiles/place_api/icons/v1/png_71/generic_business-71.png", "icon_background_color": "#7B9EB0", "icon_mask_base_uri": "https://maps.gstatic.com/mapfiles/place_api/icons/v2/generic_pinlet", "international_phone_number": "+1 773-821-7515", "name": "111th And State Medical Center", "opening_hours": { "open_now": true }, "photos": null, "place_id": "ChIJ8SrM8iskDogRfsVrCVWHtfI", "rating": 3.8, "reference": "ChIJ8SrM8iskDogRfsVrCVWHtfI", "scope": "GOOGLE", "types": [ "point_of_interest", "health", "establishment" ], "user_ratings_total": 8.0, "vicinity": "11101 S State St, Chicago", "category": "Primary Care Center – Private / Non-profit", "source": "Google Places", "raw_types_str": "point_of_interest, health, establishment" }, "geometry": { "type": "Point", "coordinates": [ -87.6228257, 41.6922682 ] } },
{ "type": "Feature", "properties": { "business_status": "OPERATIONAL", "icon": "https://maps.gstatic.com/mapfiles/place_api/icons/v1/png_71/generic_business-71.png", "icon_background_color": "#7B9EB0", "icon_mask_base_uri": "https://maps.gstatic.com/mapfiles/place_api/icons/v2/generic_pinlet", "international_phone_number": "+1 773-768-5000", "name": "Chicago Family Health Center", "opening_hours": { "open_now": false }, "photos": null, "place_id": "ChIJH1BWuC0kDogRo0y8u3C6FFY", "rating": 3.4, "reference": "ChIJH1BWuC0kDogRo0y8u3C6FFY", "scope": "GOOGLE", "types": [ "point_of_interest", "health", "establishment" ], "user_ratings_total": 53.0, "vicinity": "120 W 111th St, Chicago", "category": "Primary Care Center – Private / Non-profit", "source": "Google Places", "raw_types_str": "point_of_interest, health, establishment" }, "geometry": { "type": "Point", "coordinates": [ -87.6267297, 41.6928817 ] } },
{ "type": "Feature", "properties": { "business_status": "OPERATIONAL", "icon": "https://maps.gstatic.com/mapfiles/place_api/icons/v1/png_71/hospital-71.png", "icon_background_color": "#F88181", "icon_mask_base_uri": "https://maps.gstatic.com/mapfiles/place_api/icons/v2/hospital-H_pinlet", "international_phone_number": "+1 773-785-8000", "name": "SEBY MEDICAL CENTER", "opening_hours": { "open_now": false }, "photos": [ { "height": 450, "html_attributions": [ "<a href=\"https://maps.google.com/maps/contrib/113069165983447297572\">SEBY MEDICAL CENTER</a>" ], "photo_reference": "AcnlKN0ll2peQCUfgSeHgMhKS7io5DeahvV57nQ5aD9UkgzJ7Xga5P2T-U-bX4qdcftaUw5lEs9P0XFVRR3Se121S0k4WdH8AFBZNSj3XfGEq3T-id9GBJ4R47nLH0GdNbhkFBEPD8QIMM0v-RVz5h6l1hS985JYtNwSgD87z1cvik3_TZkYf41DvnoXPSLQkyEap1n0S0UR2oUHlgR8BhnD4mNjaf3sGFF-tfcmDL6I5VMgyIOugVy79ZGL1k_WhH93jIIdC6RBIaeh3-SC3tSaE91HxOGvd6Qa8VVxXVuocYCPlMWHGUM", "width": 675 } ], "place_id": "ChIJtemdvvMoDogR5b-IwR7dBcg", "rating": 4.3, "reference": "ChIJtemdvvMoDogR5b-IwR7dBcg", "scope": "GOOGLE", "types": [ "hospital", "point_of_interest", "health", "establishment" ], "user_ratings_total": 76.0, "vicinity": "10830 S Halsted St, Chicago", "category": "Primary Care Center – Private / Non-profit", "source": "Google Places", "raw_types_str": "hospital, point_of_interest, health, establishment" }, "geometry": { "type": "Point", "coordinates": [ -87.6428397, 41.6967217 ] } },
{ "type": "Feature", "properties": { "business_status": "OPERATIONAL", "icon": "https://maps.gstatic.com/mapfiles/place_api/icons/v1/png_71/generic_business-71.png", "icon_background_color": "#7B9EB0", "icon_mask_base_uri": "https://maps.gstatic.com/mapfiles/place_api/icons/v2/generic_pinlet", "international_phone_number": "+1 708-922-0911", "name": "Local MD Urgent Care", "opening_hours": { "open_now": true }, "photos": [ { "height": 4032, "html_attributions": [ "<a href=\"https://maps.google.com/maps/contrib/111054618393990149493\">N Master</a>" ], "photo_reference": "AcnlKN3Km_gWox89LNJULdhpBpEzEf5GQB8PkTPkc0JAy_vy6s9uBF6Ul4l8bXg40Oc3eoXfPM7X7kjyri5JQ8UqAIt-ZmObOezgpd0ZOr7x1TOaN-gh1HlsABKQmjaajg6h8LFTZEjh46pLMeTduK3gBmT092auhhP6OFaJn2bdkLsxVH7v3lwQ2MGGEu7YWzBNiV1Pz6wpc4Uz1Qgzp69zEueKy8iHgLngqIB-Yr3JN043AEq0uGFaL4zX9Qlet6iZ1AMMA37rbdQuaYzAUqY9nvGJ1D5BiJ3oeR2J6y8_osB9SWaEcqVq_infNA6LwK_zmPEmeQD6AG1gwbv0CRjs-9au24RzBhPGqPso3vTWp_aiHX_gsE9GjSl9ZUde3sShuSglv9ldcIt3vPuG9mrwEhJu1nAvc5KqsCo0OjTZ0JW-PfpTdLoiQwvmBsMmVZc9SM2Hi61eKT_zgEaIz6G241kDMPNp8NUZWP5R2YScO95fbieacHpM4zPCpG_ZDJrQVef4eVn2uKV4kV9rIvDg4zACotYL10YqKpOZWtP5KUG828Pi_L6yQUxYJKNHsIIUPIAl1JY1", "width": 3024 } ], "place_id": "ChIJD-IoCl8mDogRFYYTlUJ0UnI", "rating": 4.4, "reference": "ChIJD-IoCl8mDogRFYYTlUJ0UnI", "scope": "GOOGLE", "types": [ "doctor", "point_of_interest", "health", "establishment" ], "user_ratings_total": 545.0, "vicinity": "10834 S Doty Ave, Chicago", "category": "Urgent Care / Walk-in Clinic", "source": "Google Places", "raw_types_str": "doctor, point_of_interest, health, establishment" }, "geometry": { "type": "Point", "coordinates": [ -87.5962079, 41.6972621 ] } },
{ "type": "Feature", "properties": { "business_status": "OPERATIONAL", "icon": "https://maps.gstatic.com/mapfiles/place_api/icons/v1/png_71/hospital-71.png", "icon_background_color": "#F88181", "icon_mask_base_uri": "https://maps.gstatic.com/mapfiles/place_api/icons/v2/hospital-H_pinlet", "international_phone_number": "+1 773-468-9000", "name": "Alpha Medical Center", "opening_hours": { "open_now": false }, "photos": null, "place_id": "ChIJP4bBCCkkDogRqpE2-enyDDU", "rating": 4.0, "reference": "ChIJP4bBCCkkDogRqpE2-enyDDU", "scope": "GOOGLE", "types": [ "hospital", "point_of_interest", "health", "establishment" ], "user_ratings_total": 4.0, "vicinity": "11240 S Michigan Ave, Chicago", "category": "Primary Care Center – Private / Non-profit", "source": "Google Places", "raw_types_str": "hospital, point_of_interest, health, establishment" }, "geometry": { "type": "Point", "coordinates": [ -87.6213117, 41.6895706 ] } },
{ "type": "Feature", "properties": { "business_status": "OPERATIONAL", "icon": "https://maps.gstatic.com/mapfiles/place_api/icons/v1/png_71/generic_business-71.png", "icon_background_color": "#7B9EB0", "icon_mask_base_uri": "https://maps.gstatic.com/mapfiles/place_api/icons/v2/generic_pinlet", "international_phone_number": "+1 773-821-1414", "name": "Roseland Medical Center", "opening_hours": { "open_now": false }, "photos": null, "place_id": "ChIJo4zefigkDogRLNBV_eZXgSY", "rating": 3.0, "reference": "ChIJo4zefigkDogRLNBV_eZXgSY", "scope": "GOOGLE", "types": [ "point_of_interest", "health", "establishment" ], "user_ratings_total": 8.0, "vicinity": "11416 S Michigan Ave, Chicago", "category": "Primary Care Center – Private / Non-profit", "source": "Google Places", "raw_types_str": "point_of_interest, health, establishment" }, "geometry": { "type": "Point", "coordinates": [ -87.6210183, 41.6865496 ] } },
{ "type": "Feature", "properties": { "business_status": "OPERATIONAL", "icon": "https://maps.gstatic.com/mapfiles/place_api/icons/v1/png_71/generic_business-71.png", "icon_background_color": "#7B9EB0", "icon_mask_base_uri": "https://maps.gstatic.com/mapfiles/place_api/icons/v2/generic_pinlet", "international_phone_number": "+1 773-264-2020", "name": "Roseland Family Medical Center", "opening_hours": null, "photos": null, "place_id": "ChIJXXlZUigkDogRmxeiv1aCLFI", "rating": 5.0, "reference": "ChIJXXlZUigkDogRmxeiv1aCLFI", "scope": "GOOGLE", "types": [ "point_of_interest", "health", "establishment" ], "user_ratings_total": 4.0, "vicinity": "11309 S Michigan Ave, Chicago", "category": "Primary Care Center – Private / Non-profit", "source": "Google Places", "raw_types_str": "point_of_interest, health, establishment" }, "geometry": { "type": "Point", "coordinates": [ -87.6208562, 41.6886573 ] } },
{ "type": "Feature", "properties": { "business_status": "OPERATIONAL", "icon": "https://maps.gstatic.com/mapfiles/place_api/icons/v1/png_71/generic_business-71.png", "icon_background_color": "#7B9EB0", "icon_mask_base_uri": "https://maps.gstatic.com/mapfiles/place_api/icons/v2/generic_pinlet", "international_phone_number": "+1 773-995-3000", "name": "Roseland Community Hospital", "opening_hours": { "open_now": true }, "photos": [ { "height": 2592, "html_attributions": [ "<a href=\"https://maps.google.com/maps/contrib/110095562690000857244\">Moneca Gomez</a>" ], "photo_reference": "AcnlKN3EwNddQocgI1IUXvuPeYN1HUTinO8ZiM0Ukf_uurBM3iyDH9S1u9pZsaghfhMjo5R2i7yFf3sRxVGZwgQSyxBp7CTpfqMtZhV2P6Jf70JzsfRFM2IpSrH1igaoQ__--A2KQPHpcNEXPnLQicSZkisy6HbWBE8GHO1xPH4gz-4eBbJ89TatlwwuVui_7l5Wdkv9D3qBYlgCBNB-gCH1KkL4bdnkfQDjTfvx85rqV_OILiEbuEnJL4eE9K7Cu8vqnssAVsNZgoHwUyhQLu7wSp08fBDEBlPDAPdVaVYmSqkRKF0LgA6XhhJrXCRM5_gvrL0N84558JGZF0FjZTc5BfPBWROecg_U8CAIuU7u2QOwOVPo28AbY4sKe3-U3jiaZtk2ie5QS1unbSuciyvQQY-ImPUEII7rxqJ9MEc1wHRmLzh2vp74kTHBOWqO2ODrUCieozvdSZ9C93aMhXL58XTG3-KMBreKbSuK_veUpog5Rc6xQUbqrhtmXTnpEbuOvnWqbOWcnMBikdUaOwlgZHNahNa5mhAa-Y3o6nn2Ql6nWYhbOXgX2YddQ9ypnHz1KW4oHXm8m-XbWw", "width": 1944 } ], "place_id": "ChIJ_xTLMCwkDogRSd6uaAEkL4w", "rating": 2.0, "reference": "ChIJ_xTLMCwkDogRSd6uaAEkL4w", "scope": "GOOGLE", "types": [ "pharmacy", "dentist", "hospital", "doctor", "point_of_interest", "store", "health", "establishment" ], "user_ratings_total": 305.0, "vicinity": "45 W 111th St, Chicago", "category": "Hospital – Private / Non-profit", "source": "Google Places", "raw_types_str": "pharmacy, dentist, hospital, doctor, point_of_interest, store, health, establishment" }, "geometry": { "type": "Point", "coordinates": [ -87.6255732, 41.6923179 ] } },
{ "type": "Feature", "properties": { "business_status": "OPERATIONAL", "icon": "https://maps.gstatic.com/mapfiles/place_api/icons/v1/png_71/generic_business-71.png", "icon_background_color": "#7B9EB0", "icon_mask_base_uri": "https://maps.gstatic.com/mapfiles/place_api/icons/v2/generic_pinlet", "international_phone_number": "+1 312-878-9240", "name": "Advocate Medical Group Immediate Care Center", "opening_hours": { "open_now": true }, "photos": [ { "height": 500, "html_attributions": [ "<a href=\"https://maps.google.com/maps/contrib/103767500311867925594\">Advocate Medical Group Immediate Care Center - Imani Village​</a>" ], "photo_reference": "AcnlKN2J5zOsP0JSQQFdNJhg1RMfmpzRByQ_NFz2AcI45A9jQijLmstvgxpmPidd7CqMhPyXkmBXgDVV1glngKjaZiiv8zP7EUk8E82XwQo8tXtlW_r2zByf9jwkk1837bAWMLZ8QPZnqWCtlAHCpsndevNEO1LWvtOvC_k9IXHIKUnosCG22c_OqngTCv_E0h7-0An1aH722rrQDWggBRLFo0KzKi8DqhRKFXwwS40btekf2dkMT3TD_UyhdOXLmVROl_9moYO8KnPXGV6uxMzqTLiEHTmIDzSR-DGJTXZsg_KIROLrPrI", "width": 1200 } ], "place_id": "ChIJrwswqlK9D4gRf8KVSeNsBHQ", "rating": null, "reference": "ChIJrwswqlK9D4gRf8KVSeNsBHQ", "scope": "GOOGLE", "types": [ "health", "point_of_interest", "establishment" ], "user_ratings_total": null, "vicinity": "901 E 95th St, Chicago", "category": "Urgent Care / Walk-in Clinic", "source": "Google Places", "raw_types_str": "health, point_of_interest, establishment" }, "geometry": { "type": "Point", "coordinates": [ -87.6021641, 41.7213886 ] } },
{ "type": "Feature", "properties": { "business_status": "OPERATIONAL", "icon": "https://maps.gstatic.com/mapfiles/place_api/icons/v1/png_71/generic_business-71.png", "icon_background_color": "#7B9EB0", "icon_mask_base_uri": "https://maps.gstatic.com/mapfiles/place_api/icons/v2/generic_pinlet", "international_phone_number": "+1 773-731-5466", "name": "Mohana Medical Center", "opening_hours": { "open_now": true }, "photos": null, "place_id": "ChIJMQSQrn7YEYgRMYBhG02WWGg", "rating": 3.5, "reference": "ChIJMQSQrn7YEYgRMYBhG02WWGg", "scope": "GOOGLE", "types": [ "doctor", "health", "point_of_interest", "establishment" ], "user_ratings_total": 13.0, "vicinity": "3641 E 108th St, Chicago", "category": "Primary Care Center – Private / Non-profit", "source": "Google Places", "raw_types_str": "doctor, health, point_of_interest, establishment" }, "geometry": { "type": "Point", "coordinates": [ -87.5349211, 41.698991199999988 ] } },
{ "type": "Feature", "properties": { "business_status": "OPERATIONAL", "icon": "https://maps.gstatic.com/mapfiles/place_api/icons/v1/png_71/generic_business-71.png", "icon_background_color": "#7B9EB0", "icon_mask_base_uri": "https://maps.gstatic.com/mapfiles/place_api/icons/v2/generic_pinlet", "international_phone_number": "+1 773-768-5000", "name": "Chicago Family Health Center - East Side", "opening_hours": { "open_now": false }, "photos": [ { "height": 1920, "html_attributions": [ "<a href=\"https://maps.google.com/maps/contrib/113077683735685737800\">Mr. Vance</a>" ], "photo_reference": "AcnlKN2cPfIfZVe1ryoSsOf8HkayVlwtmyLhR0xVy_fNlY-HQ-4AWbE_AazXKXQFJj9ELd4gFGR38PhIm2bFVCFz_w4BbDZqCvVNOqjWW1Zhn2olUDaH2uT3LiX95sYuNxpKAdTM3AgjLFfI0ZnrFpXjXeBHplYAtdnnio-Oshuc9bMvVargeJjZdiBXhO-lirCVhMalMirKGhcgFvQCUMjuVsRqNVHVrnFxDyBvEXXwUJZsaWww0-oXNU9S_F2RRESyNo6M3ouTcS5CK-OiWMGME04NuD_5vIlWd92LuP8U-Hm-oi8O8vL7RtVJF1HrtiGLcm60pLHm8qSMobJ2_oxR6Ld17wzwM1lSLrxgvlIfcYkaq-ryQuKzA0FTiQ4sI-MzJRUI_xWwx3Lg-gKAkU3UW1_wPLk-RqegcalKKTVYbS1VhaDfMpGi_QOlmz-Bl-16nAowcKrx_G4if94T0HIGmqtcjWgJ3t2h5gYxOWH85YGrU_vp52BZwUK8G168Zg5A8Qf38MbZHEkb8AYsaEfl6Czc321f3Hzpu8J2zdBgOUT9Q6vmWmpPDVkkF99mFb5GDMJnsA", "width": 2560 } ], "place_id": "ChIJOQos7HnYEYgR7CBslJZDXZY", "rating": 2.6, "reference": "ChIJOQos7HnYEYgR7CBslJZDXZY", "scope": "GOOGLE", "types": [ "health", "point_of_interest", "establishment" ], "user_ratings_total": 48.0, "vicinity": "10536 S Ewing Ave, Chicago", "category": "Primary Care Center – Private / Non-profit", "source": "Google Places", "raw_types_str": "health, point_of_interest, establishment" }, "geometry": { "type": "Point", "coordinates": [ -87.5355662, 41.703514299999988 ] } },
{ "type": "Feature", "properties": { "business_status": "OPERATIONAL", "icon": "https://maps.gstatic.com/mapfiles/place_api/icons/v1/png_71/generic_business-71.png", "icon_background_color": "#7B9EB0", "icon_mask_base_uri": "https://maps.gstatic.com/mapfiles/place_api/icons/v2/generic_pinlet", "international_phone_number": "+1 773-977-7256", "name": "Oak Street Health Avalon Park Primary Care Clinic", "opening_hours": { "open_now": false }, "photos": [ { "height": 720, "html_attributions": [ "<a href=\"https://maps.google.com/maps/contrib/102019996502996846021\">Oak Street Health Avalon Park Primary Care Clinic</a>" ], "photo_reference": "AcnlKN2A00WDGj8mAS-9c2ep_4ZB9e0XV5mUj_N-puhmPIuD9mdeOvUWKKTQ7AMd3d2PD3xJCwd5geFUqoOdrsyqlo-qVmgV1BFMXDbpwGI7kc1f-en-70HyXDHKQgXKaLDwHvjb_vXffnnBoU2k4iGBI_56whRFF2SNNlyQjHzKhMcgSdKHxRD67HYtgwZDxpddj664kPEt5NDjMmjrh-S6oSMMUCI_c-lytoCMPh-RsRrn4B-BKeX5IJruNin0wMWcqRkfCwAsPtocgY86uRVrue7CDkpsU8UwJKHiBReBBAIbgaWy_6E", "width": 1280 } ], "place_id": "ChIJGZu3uTMmDogRJg6QUagbRH0", "rating": 4.2, "reference": "ChIJGZu3uTMmDogRJg6QUagbRH0", "scope": "GOOGLE", "types": [ "health", "point_of_interest", "establishment" ], "user_ratings_total": 157.0, "vicinity": "1715 E 95th St, Chicago", "category": "Primary Care Center – Private / Non-profit", "source": "Google Places", "raw_types_str": "health, point_of_interest, establishment" }, "geometry": { "type": "Point", "coordinates": [ -87.581548, 41.7204568 ] } },
{ "type": "Feature", "properties": { "business_status": "OPERATIONAL", "icon": "https://maps.gstatic.com/mapfiles/place_api/icons/v1/png_71/hospital-71.png", "icon_background_color": "#F88181", "icon_mask_base_uri": "https://maps.gstatic.com/mapfiles/place_api/icons/v2/hospital-H_pinlet", "international_phone_number": "+1 773-731-9898", "name": "Advocate Health Center", "opening_hours": null, "photos": [ { "height": 1836, "html_attributions": [ "<a href=\"https://maps.google.com/maps/contrib/113077683735685737800\">Miles V</a>" ], "photo_reference": "AcnlKN0ML5_IXheJOdev_nZmivEMJ5hgGc1_BOaVeQ5hc6QWXDoeNpGhOgF0EbOLM2u_5HwR78Qry6hmIEH7OaG4GiREm53RsW46Uq1SE_k2DX25CxSpgllG4M2-QR6feTTxgXSX4yAEQOFgOiM5pAUxrEzhY6jyZtScPmWkE595s8Y5AWslAB9e-FQV-_zW8OIKy3_tft7E7ojOh67YiIoMPT_sOfMDKTRPt42XWr79faOIHQwPk35tgseUfpHI-Rw5RIg65WTWmg5Ah5lWAy52pEeyKNuJyDZj7aIo-lty1otqxHhJ-IqMplXpDm6pI5E66jDm2vGBkWbKRaV0scRIuzXt0jdmxcA_WTm6oKmt9VsB751fxhsOsw-Wv0CSs6tVX34HhRDbeQ1PDBf0KcF0Oflg4FLyz2xG-WN6faSXxX0tTgpuZ99scT8IUPEz6lu0Llpu-8rfafYKLHkThZQdS-tKRYaN7H1I1oF_WVddbgnMf9Bw92ncf0UJDxB3popUyu725YZMQWBpP9ETELV9Lo7eDKHiULGIW6rhMYzgayN4V5lZvf93kJ7KgMnznq_17y4u2F9X", "width": 3264 } ], "place_id": "ChIJKVkrudonDogRCFcMHffc5bw", "rating": 4.0, "reference": "ChIJKVkrudonDogRCFcMHffc5bw", "scope": "GOOGLE", "types": [ "hospital", "health", "point_of_interest", "establishment" ], "user_ratings_total": 1.0, "vicinity": "2301 E 93rd St, Chicago", "category": "Primary Care Center – Private / Non-profit", "source": "Google Places", "raw_types_str": "hospital, health, point_of_interest, establishment" }, "geometry": { "type": "Point", "coordinates": [ -87.5677084, 41.7260083 ] } },
{ "type": "Feature", "properties": { "business_status": "OPERATIONAL", "icon": "https://maps.gstatic.com/mapfiles/place_api/icons/v1/png_71/generic_business-71.png", "icon_background_color": "#7B9EB0", "icon_mask_base_uri": "https://maps.gstatic.com/mapfiles/place_api/icons/v2/generic_pinlet", "international_phone_number": "+1 773-768-2535", "name": "Anointed Health Partners", "opening_hours": { "open_now": true }, "photos": null, "place_id": "ChIJm0JDwtonDogR1l6knoMSYts", "rating": 3.5, "reference": "ChIJm0JDwtonDogR1l6knoMSYts", "scope": "GOOGLE", "types": [ "doctor", "health", "point_of_interest", "establishment" ], "user_ratings_total": 45.0, "vicinity": "2200 E 93rd St, Chicago", "category": "Primary Care Center – Private / Non-profit", "source": "Google Places", "raw_types_str": "doctor, health, point_of_interest, establishment" }, "geometry": { "type": "Point", "coordinates": [ -87.5703874, 41.726314 ] } },
{ "type": "Feature", "properties": { "business_status": "OPERATIONAL", "icon": "https://maps.gstatic.com/mapfiles/place_api/icons/v1/png_71/hospital-71.png", "icon_background_color": "#F88181", "icon_mask_base_uri": "https://maps.gstatic.com/mapfiles/place_api/icons/v2/hospital-H_pinlet", "international_phone_number": "+1 773-768-7700", "name": "JenCare Senior Medical Center", "opening_hours": { "open_now": false }, "photos": [ { "height": 4032, "html_attributions": [ "<a href=\"https://maps.google.com/maps/contrib/116125973739788548977\">JenCare Senior Medical Center</a>" ], "photo_reference": "AcnlKN019NXLjlThB6ur3TrmGeFWWWZ_waELFTZDTDd7uaerCTMcWJxLP04aTMOqmdDRxJ1tzsG1XzfBVidNktOuviL8lAYmU2G5PER1_RXDWbwTIiQFpQTBkgN2lBESHDjd19F1ZDx0RzffVOy0QeTtTv1elGkhC54jjH7FD2vc7c3ICStauXxpU_Fo-7i4-uC-NDxkUe76uyY0yK-c_VfsLL_bUlkuCDy3awhsH6glM6BdNwyasjQdgd7YPi8fybZ-PjCipWCNz4ayB5JviEqW20fJTEVtP7lWaJYB9cCR-kf_LOLPmPc", "width": 3024 } ], "place_id": "ChIJXac_eM8nDogRnIpfqSX3Tn0", "rating": 4.6, "reference": "ChIJXac_eM8nDogRnIpfqSX3Tn0", "scope": "GOOGLE", "types": [ "hospital", "health", "point_of_interest", "establishment" ], "user_ratings_total": 138.0, "vicinity": "2231 E 95th St, Chicago", "category": "Primary Care Center – Private / Non-profit", "source": "Google Places", "raw_types_str": "hospital, health, point_of_interest, establishment" }, "geometry": { "type": "Point", "coordinates": [ -87.569065, 41.722326 ] } },
{ "type": "Feature", "properties": { "business_status": "OPERATIONAL", "icon": "https://maps.gstatic.com/mapfiles/place_api/icons/v1/png_71/hospital-71.png", "icon_background_color": "#F88181", "icon_mask_base_uri": "https://maps.gstatic.com/mapfiles/place_api/icons/v2/hospital-H_pinlet", "international_phone_number": "+1 312-878-9240", "name": "Advocate Medical Group - Imani Village", "opening_hours": { "open_now": false }, "photos": [ { "height": 4608, "html_attributions": [ "<a href=\"https://maps.google.com/maps/contrib/105676566097363387596\">Victor Mazon</a>" ], "photo_reference": "AcnlKN1YtzL0Q51hBD1zWJO8DnnNhYe03CJ-_gMkm7Bz1MKbDkEzJeBT3Zw0opL4pKx8RS306T-1gMtpxzsO5g4Ym2tNkGcIGSAAE3sPYOYg8DmZ-IMLMNaMjP0Bdhd9ABCuunjI4tjz-p3cYPYIZ-mNR_zq9UpdMeN9_SmzegpffVSo_TCLTcHhf5ceEtxybgOHW3_7qK_6QYhSCyDfu1PcKaSiJlUEurgyYSfj33nc5ieGbJKk5ckmfEuRWBF8kpCqP8AwKeR4zlKM32XD4KLpWYJg3EDV6vn4PdrvXvDv7LoqcUUE1AI3e8hknnl1RUU6eXeCT3_ziBbm5wu0Q41XIzcgCPk4FYCpb8IUxMXxI94EdxTg7Tg-9DbsX-PTnfV_8j6Uj791aWRGXOhr1ixBBMa2kPmZrzLC8rSzF9CM0J17OWmWL9lGG8JAbepRDJ5t_IeC0o9d9FHYYNRxte-1tMaEvIzjBfYivaJzv0F3dFe31hV0eltRAVkdZWq0MRjz9MLPwWJpZbz_mQXcXOpGFQEPrz32082NkyN19ZMhRxOTm8FqIDyr1Solemj2AacYF_NLg4tg", "width": 3456 } ], "place_id": "ChIJAVcbBl0nDogR0PCli-7jsHY", "rating": 4.3, "reference": "ChIJAVcbBl0nDogR0PCli-7jsHY", "scope": "GOOGLE", "types": [ "hospital", "health", "point_of_interest", "establishment" ], "user_ratings_total": 51.0, "vicinity": "901 E 95th St, Chicago", "category": "Primary Care Center – Private / Non-profit", "source": "Google Places", "raw_types_str": "hospital, health, point_of_interest, establishment" }, "geometry": { "type": "Point", "coordinates": [ -87.6021641, 41.7213886 ] } },
{ "type": "Feature", "properties": { "business_status": "OPERATIONAL", "icon": "https://maps.gstatic.com/mapfiles/place_api/icons/v1/png_71/generic_business-71.png", "icon_background_color": "#7B9EB0", "icon_mask_base_uri": "https://maps.gstatic.com/mapfiles/place_api/icons/v2/generic_pinlet", "international_phone_number": "+1 312-878-9240", "name": "Waqar Ahsan, DO", "opening_hours": null, "photos": null, "place_id": "ChIJuW6PxR4nDogRle_OAVJQ-vE", "rating": 1.0, "reference": "ChIJuW6PxR4nDogRle_OAVJQ-vE", "scope": "GOOGLE", "types": [ "health", "point_of_interest", "establishment" ], "user_ratings_total": 1.0, "vicinity": "901 E 95th St, Chicago", "category": "Primary Care Center – Private / Non-profit", "source": "Google Places", "raw_types_str": "health, point_of_interest, establishment" }, "geometry": { "type": "Point", "coordinates": [ -87.6021641, 41.7213886 ] } },
{ "type": "Feature", "properties": { "business_status": "OPERATIONAL", "icon": "https://maps.gstatic.com/mapfiles/place_api/icons/v1/png_71/generic_business-71.png", "icon_background_color": "#7B9EB0", "icon_mask_base_uri": "https://maps.gstatic.com/mapfiles/place_api/icons/v2/generic_pinlet", "international_phone_number": "+1 773-468-2963", "name": "Concentra Urgent Care", "opening_hours": { "open_now": false }, "photos": [ { "height": 4032, "html_attributions": [ "<a href=\"https://maps.google.com/maps/contrib/106086373835545929956\">Maurice “Reese” Herron</a>" ], "photo_reference": "AcnlKN3aDumiki85PGDw7My_ujp585NHp5HXvWMUyGI4dJ8Fwc245O98YyQLtnzZZFG0uhw-g9FG1fOtOS4ZapK-91LRFxMsQAOQRvY5bPkvycnJ__bdhkPJk1sltjiXufi3kQyYTlYG2tmlwlRa3V6YL3YpDDK9x4oFu4denQnCxYZrfyYLYgZGPf3TqjfyQiFYTjcRRn7obddtF6Qam15XUAN1HQVEBO3v47YsDXd4lDJBlRe5G3DMtz0vxGnmyjfTWroFviSQzdu5ziAeyV6rbcBhOJliq8LpgWKufn1JO59Q9RjJkMsFd-AzUGL6EeQZrkI5OIchCX0kasfpVDRBYUZ_uWPLP-lMRgSymKsC6J5YG8i4OMs-QucXE1sRlh9OlZN6XbpqDXd6c0S2YjeRjMf8ru7PYOG37tCJwIo6GOTGyRRPE4iTCYKQ-ij_V_hKpsXXAb8FPUgrnWSkEr6fxT9bhhEWIyqrTIKXHD7Nwvs663BFNyMqsjhbh0DB2xh4Wmpatv9DgYeVOG0GxjCYqc0sIBZPyIYuLteKk0sHSYDDB9eeu7qEDW9UPzQOsq5zaXqDoXI8", "width": 3024 } ], "place_id": "ChIJiTg4G0ImDogRwP8tWNWSsMk", "rating": 4.5, "reference": "ChIJiTg4G0ImDogRwP8tWNWSsMk", "scope": "GOOGLE", "types": [ "physiotherapist", "health", "point_of_interest", "establishment" ], "user_ratings_total": 1969.0, "vicinity": "900 E 103rd St, Chicago", "category": "Urgent Care / Walk-in Clinic", "source": "Google Places", "raw_types_str": "physiotherapist, health, point_of_interest, establishment" }, "geometry": { "type": "Point", "coordinates": [ -87.601204, 41.7080671 ] } },
{ "type": "Feature", "properties": { "business_status": "OPERATIONAL", "icon": "https://maps.gstatic.com/mapfiles/place_api/icons/v1/png_71/generic_business-71.png", "icon_background_color": "#7B9EB0", "icon_mask_base_uri": "https://maps.gstatic.com/mapfiles/place_api/icons/v2/generic_pinlet", "international_phone_number": "+1 773-967-5436", "name": "Advocate Trinity Emergency Services", "opening_hours": { "open_now": true }, "photos": [ { "height": 281, "html_attributions": [ "<a href=\"https://maps.google.com/maps/contrib/114296392859340293352\">Advocate Trinity Emergency Services</a>" ], "photo_reference": "AcnlKN1XIb2gUv1dVEwTmo6SrmoO5MkqwmDtvCTIDsDzm7rhTq5WC-1I3UdEDzsdRfpEg4sRK_SPU0dKeJsIrG3O4LDxBubmdVR3Ddj-1GO3MoDCB8SinJVy8IqVTplgas5u8aMIpTX5IjfVCvm9KyuEw1vZ-G4lJThjGlfYpAIK1_7YbsA4DdO_wKdJc3oCCUqHmoVLGhCJk_cqyfvnvnFDMlALw_N8D4jtx9Y8dDjNmwiBnuvIL1VcYBBCYbQFXINheXVdA_UrBjRQJTp0HfGiOg3coxR7UKFdJhdtzSHLbx6thxjRyCM", "width": 500 } ], "place_id": "ChIJz9LyXqgnDogR5I-8F52nSSQ", "rating": 1.7, "reference": "ChIJz9LyXqgnDogR5I-8F52nSSQ", "scope": "GOOGLE", "types": [ "health", "point_of_interest", "establishment" ], "user_ratings_total": 39.0, "vicinity": "2320 E 93rd St, Chicago", "category": "Primary Care Center – Private / Non-profit", "source": "Google Places", "raw_types_str": "health, point_of_interest, establishment" }, "geometry": { "type": "Point", "coordinates": [ -87.5675788, 41.7270077 ] } },
{ "type": "Feature", "properties": { "business_status": "OPERATIONAL", "icon": "https://maps.gstatic.com/mapfiles/place_api/icons/v1/png_71/generic_business-71.png", "icon_background_color": "#7B9EB0", "icon_mask_base_uri": "https://maps.gstatic.com/mapfiles/place_api/icons/v2/generic_pinlet", "international_phone_number": "+1 630-986-7501", "name": "Willowbrook Medical Center", "opening_hours": { "open_now": false }, "photos": [ { "height": 4160, "html_attributions": [ "<a href=\"https://maps.google.com/maps/contrib/112474317429597056984\">Mak7</a>" ], "photo_reference": "AcnlKN1iE4RmJsPGb_1hcf6gGewiwDaHLdQSt_fQxgbHZiZzZ3bXc00h4uxzk8oxDheGvqquTvOOghgoCHd_zQqyHK-88CdC5FwqdGGOG0g87hLTt0Z2YSxsvNxzvCSXrDRT9-NBLaiV6GIAPBElQkJUTlQRDT7rEmXDxVyowuFwT_PKZYGPXzJp-tjfca5evUbPTnYA1pduska_9mfynWkBIloxnSzJFUR3u2T4zAABiJo_YJ1jwSq6qkRCfinh0XGsEoJBqNo6UDfuPi5Y6M-W7V3pA1aKGTpSc-W9IcI1Qw09dTP39ctU0eglQk0lvqban4qzOyEPb0U9-j9n7Am3EbtEHsskSHPiR9WqAbzZMQIa009J2hhjctxyXYlhBVwl_mp0kBvxBn8PWNgEl0pFoPr7namowe1Rj4DX1yvuDQFhoK9U8WWHWfB3r-pkMlVPq4FblheoJCdpVc508GNEQ7C-PXueW2l-JJc5ctefPWltTz4OrQNdaGeNQUeCp3-YOs2X8G5rMMhMxvtcfOKZJ8r-E56IJPIKVN7aScVASKkx3sJvLa_GvzSG7R9UwmAbe43ETy_Y", "width": 3120 } ], "place_id": "ChIJdV1L8zVPDogRXQVyySj445k", "rating": 3.5, "reference": "ChIJdV1L8zVPDogRXQVyySj445k", "scope": "GOOGLE", "types": [ "doctor", "local_government_office", "health", "point_of_interest", "establishment" ], "user_ratings_total": 36.0, "vicinity": "535 Plainfield Rd C, Willowbrook", "category": "Primary Care Center – Private / Non-profit", "source": "Google Places", "raw_types_str": "doctor, local_government_office, health, point_of_interest, establishment" }, "geometry": { "type": "Point", "coordinates": [ -87.9371618, 41.7628432 ] } },
{ "type": "Feature", "properties": { "business_status": "OPERATIONAL", "icon": "https://maps.gstatic.com/mapfiles/place_api/icons/v1/png_71/generic_business-71.png", "icon_background_color": "#7B9EB0", "icon_mask_base_uri": "https://maps.gstatic.com/mapfiles/place_api/icons/v2/generic_pinlet", "international_phone_number": "+1 630-986-1177", "name": "Willowbrook Clinics and Medical Center", "opening_hours": { "open_now": false }, "photos": [ { "height": 480, "html_attributions": [ "<a href=\"https://maps.google.com/maps/contrib/106578181280073960208\">Willowbrook Clinics and Medical Center</a>" ], "photo_reference": "AcnlKN3fs4dcJVOhOxCO-oNooyJPnrDxPdDYADhvp_HaIr06T__FDfEjj_aCcee4nipRLUwxZLEsgF3Qa_ZFOH_AVXshOyDNM0PTmXOiOpwV046G96tzDs6q6HO9c90OmvgGy2ayP_uWfkHGkqZRGmeMM2oq45QHcglE1PLS-0LocVpbM4rm4zcaMsyZXVDULktApR7OhbgiixHRhifzhp06LUywQMbeAf-j9CYBXMnqaMrpcMykNR1YjsiXrQguecQ_QekcGgrs9WXD9kUJadViTtIOSDSI1oEY6lY1jWVyVbdfHyYe64Q", "width": 640 } ], "place_id": "ChIJg_J7uNRpqywRBwURFs5o0Ts", "rating": 5.0, "reference": "ChIJg_J7uNRpqywRBwURFs5o0Ts", "scope": "GOOGLE", "types": [ "hospital", "doctor", "health", "point_of_interest", "establishment" ], "user_ratings_total": 20.0, "vicinity": "6900 S Madison St, Willowbrook", "category": "Primary Care Center – Private / Non-profit", "source": "Google Places", "raw_types_str": "hospital, doctor, health, point_of_interest, establishment" }, "geometry": { "type": "Point", "coordinates": [ -87.9360574, 41.7628018 ] } },
{ "type": "Feature", "properties": { "business_status": "OPERATIONAL", "icon": "https://maps.gstatic.com/mapfiles/place_api/icons/v1/png_71/generic_business-71.png", "icon_background_color": "#7B9EB0", "icon_mask_base_uri": "https://maps.gstatic.com/mapfiles/place_api/icons/v2/generic_pinlet", "international_phone_number": "+1 888-584-7888", "name": "Loyola Medicine Burr Ridge", "opening_hours": { "open_now": true }, "photos": [ { "height": 417, "html_attributions": [ "<a href=\"https://maps.google.com/maps/contrib/114383412428016195177\">Loyola Medicine Burr Ridge</a>" ], "photo_reference": "AcnlKN3DA-2jc70UYRF743GCRLjwFEshYPTxZB6OWBbwLu-PPt8WkIRDdkl3M_2WJ4Ie_tX8x5c9OxRxo4sKIpM7uXx3pgiYj7JGdgISUTO18VNJyV3aYYIu61ZYqcDFDCZxiyTE1U0WfoTKUGQlX-sUtcVZgopQ6HO8qV5SYFoyBswe1w0kCB3Xu7HiBgdPb8CAmpNY2rST2b-2Y62tOJR5KBLuJR5Y_iQA_jU7OQMxC98gEo0KAr5FKyBnPNQzH2qaCaMNhu4sPUp2y-T81oTutIIJLuZKemk4_uSkjVE00-UPUEEaFFI", "width": 741 } ], "place_id": "ChIJu-1PUCI4DogRFnfzQyqAYmw", "rating": 3.3, "reference": "ChIJu-1PUCI4DogRFnfzQyqAYmw", "scope": "GOOGLE", "types": [ "doctor", "health", "point_of_interest", "establishment" ], "user_ratings_total": 191.0, "vicinity": "6800 N Frontage Rd, Burr Ridge", "category": "Primary Care Center – Private / Non-profit", "source": "Google Places", "raw_types_str": "doctor, health, point_of_interest, establishment" }, "geometry": { "type": "Point", "coordinates": [ -87.9142804, 41.7596271 ] } },
{ "type": "Feature", "properties": { "business_status": "OPERATIONAL", "icon": "https://maps.gstatic.com/mapfiles/place_api/icons/v1/png_71/generic_business-71.png", "icon_background_color": "#7B9EB0", "icon_mask_base_uri": "https://maps.gstatic.com/mapfiles/place_api/icons/v2/generic_pinlet", "international_phone_number": "+1 888-584-7888", "name": "Loyola Medicine | Immediate Care - Burr Ridge", "opening_hours": { "open_now": true }, "photos": [ { "height": 417, "html_attributions": [ "<a href=\"https://maps.google.com/maps/contrib/101212766930776743231\">Loyola Medicine | Immediate Care - Burr Ridge</a>" ], "photo_reference": "AcnlKN1T1fw9qnRVaN-O8lMyv0-DqWNPl0tiZKl9pv6lloHNBFwwNVfBpQyPW5cLchwl7T2i5obES6wDP7K8W75TbcxPiCZ83W0TbtNP_81q2FXuPM2FTYPrUptR_ZpX5rFkQh58OT7UoWwuQuEdsrRMpYJnKyW67U7zhgeKOYb0yzB42UQju0WQ0EYQLLdcPtpNpZMHAke6nBdv0B7vx8SFL9OXedPx2ClA7PIg5Lnn6Tz0cBsmYHJGKpI969kEsEvkCoh-3Sizj29j7WXGuXr2wnJQWCC32nXeiwwHxJcbV7IUgPdE0WM", "width": 677 } ], "place_id": "ChIJp7HI7B9JDogRYqkTcso5N4U", "rating": 2.0, "reference": "ChIJp7HI7B9JDogRYqkTcso5N4U", "scope": "GOOGLE", "types": [ "health", "point_of_interest", "establishment" ], "user_ratings_total": 65.0, "vicinity": "6800 N Frontage Rd 1st Floor, Burr Ridge", "category": "Urgent Care / Walk-in Clinic", "source": "Google Places", "raw_types_str": "health, point_of_interest, establishment" }, "geometry": { "type": "Point", "coordinates": [ -87.9142501, 41.7595836 ] } },
{ "type": "Feature", "properties": { "business_status": "OPERATIONAL", "icon": "https://maps.gstatic.com/mapfiles/place_api/icons/v1/png_71/school-71.png", "icon_background_color": "#7B9EB0", "icon_mask_base_uri": "https://maps.gstatic.com/mapfiles/place_api/icons/v2/school_pinlet", "international_phone_number": "+1 630-568-5627", "name": "Medical Health Centers, LLC", "opening_hours": { "open_now": false }, "photos": null, "place_id": "ChIJK8seGaNIDogRl_p4XhvW4dY", "rating": 4.9, "reference": "ChIJK8seGaNIDogRl_p4XhvW4dY", "scope": "GOOGLE", "types": [ "health", "point_of_interest", "establishment" ], "user_ratings_total": 44.0, "vicinity": "7650 County Line Rd, Burr Ridge", "category": "Primary Care Center – Private / Non-profit", "source": "Google Places", "raw_types_str": "health, point_of_interest, establishment" }, "geometry": { "type": "Point", "coordinates": [ -87.9168721, 41.7505001 ] } },
{ "type": "Feature", "properties": { "business_status": "OPERATIONAL", "icon": "https://maps.gstatic.com/mapfiles/place_api/icons/v1/png_71/generic_business-71.png", "icon_background_color": "#7B9EB0", "icon_mask_base_uri": "https://maps.gstatic.com/mapfiles/place_api/icons/v2/generic_pinlet", "international_phone_number": "+1 630-986-1177", "name": "Willowbrook Family Practice", "opening_hours": { "open_now": true }, "photos": null, "place_id": "ChIJM6tMnTVPDogRoHAQutXJ_z0", "rating": 4.0, "reference": "ChIJM6tMnTVPDogRoHAQutXJ_z0", "scope": "GOOGLE", "types": [ "doctor", "health", "point_of_interest", "establishment" ], "user_ratings_total": 4.0, "vicinity": "6900 S Madison St Ste 101, Willowbrook", "category": "Primary Care Center – Private / Non-profit", "source": "Google Places", "raw_types_str": "doctor, health, point_of_interest, establishment" }, "geometry": { "type": "Point", "coordinates": [ -87.9360305, 41.762728 ] } },
{ "type": "Feature", "properties": { "business_status": "OPERATIONAL", "icon": "https://maps.gstatic.com/mapfiles/place_api/icons/v1/png_71/generic_business-71.png", "icon_background_color": "#7B9EB0", "icon_mask_base_uri": "https://maps.gstatic.com/mapfiles/place_api/icons/v2/generic_pinlet", "international_phone_number": "+1 847-924-0299", "name": "Curewell Medical Center", "opening_hours": { "open_now": true }, "photos": null, "place_id": "ChIJza1hBDZPDogRcmlBno--W-0", "rating": 3.0, "reference": "ChIJza1hBDZPDogRcmlBno--W-0", "scope": "GOOGLE", "types": [ "doctor", "health", "point_of_interest", "establishment" ], "user_ratings_total": 2.0, "vicinity": "621 Plainfield Rd, Willowbrook", "category": "Primary Care Center – Private / Non-profit", "source": "Google Places", "raw_types_str": "doctor, health, point_of_interest, establishment" }, "geometry": { "type": "Point", "coordinates": [ -87.9388801, 41.762397 ] } },
{ "type": "Feature", "properties": { "business_status": "OPERATIONAL", "icon": "https://maps.gstatic.com/mapfiles/place_api/icons/v1/png_71/hospital-71.png", "icon_background_color": "#F88181", "icon_mask_base_uri": "https://maps.gstatic.com/mapfiles/place_api/icons/v2/hospital-H_pinlet", "international_phone_number": null, "name": "Forest Med-Surg Center", "opening_hours": { "open_now": true }, "photos": null, "place_id": "ChIJH5TKuvk3DogRpJOqRYQdqT0", "rating": 5.0, "reference": "ChIJH5TKuvk3DogRpJOqRYQdqT0", "scope": "GOOGLE", "types": [ "hospital", "health", "point_of_interest", "establishment" ], "user_ratings_total": 1.0, "vicinity": "9050 W 81st St, Justice", "category": "Primary Care Center – Private / Non-profit", "source": "Google Places", "raw_types_str": "hospital, health, point_of_interest, establishment" }, "geometry": { "type": "Point", "coordinates": [ -87.847106, 41.7439025 ] } },
{ "type": "Feature", "properties": { "business_status": "OPERATIONAL", "icon": "https://maps.gstatic.com/mapfiles/place_api/icons/v1/png_71/generic_business-71.png", "icon_background_color": "#7B9EB0", "icon_mask_base_uri": "https://maps.gstatic.com/mapfiles/place_api/icons/v2/generic_pinlet", "international_phone_number": "+1 708-576-8330", "name": "Harlem Medical Center", "opening_hours": { "open_now": true }, "photos": [ { "height": 3120, "html_attributions": [ "<a href=\"https://maps.google.com/maps/contrib/118250714234542194518\">Ann Drew KPro</a>" ], "photo_reference": "AcnlKN2jYDwDsvFB8_4C4V-0b39ghmrT-1Sq9wSPhdNmxUOM8uNBp6qorlaUYbSUZFhUP8ZGwtCj4_rNsmuJ-Q8kkYjrhjlIMraCx6vEcFgus_v4kX9AC6IOMjnZ1xJH293U-0c6t0jG5tMYi1jTAjZ4OQn1LYaNvpwutNMwDJPIPyFGNygK9vVanx9DWZEwWCLQSKePE4r97-nGrRLz51rsScyXJIwBKGnEgVMzOd8Z7xlQi6Xt8XPolqYburgtkYSFl9qAeq58vv-lASvPLfChUfjLF_91d6WY9eXT89ipSVTjX964AtezoZU54-W_joJEBd9dH3i_KVg1sq9vHMCCsvh-AGxqTRmVSt2bIOE2KbpAkg79dkr-BeiQU-q0UZfcJU4-b_4FsL_V1RHB89JBNzoR8KbKx5xp9VoC8t6B48s7f7pTvAvKDFNtAFOO9vdki_Ez6kH7EwhlEo3YizOMVNkD38QPtKjBXTJU7Up5OekCSn5-MK7QGn4NqvEeA1WpCrwRP1N2dhBNnbh7AEvmBeMWC0Vhiwkh2utwiA903POitDZYkbUT157UigxITije3fkOOd_W", "width": 4160 } ], "place_id": "ChIJuw4ijds5DogRGz60Y2qGY3w", "rating": 2.7, "reference": "ChIJuw4ijds5DogRGz60Y2qGY3w", "scope": "GOOGLE", "types": [ "doctor", "point_of_interest", "health", "establishment" ], "user_ratings_total": 152.0, "vicinity": "7267 W 87th St, Bridgeview", "category": "Primary Care Center – Private / Non-profit", "source": "Google Places", "raw_types_str": "doctor, point_of_interest, health, establishment" }, "geometry": { "type": "Point", "coordinates": [ -87.8014026, 41.7328246 ] } },
{ "type": "Feature", "properties": { "business_status": "OPERATIONAL", "icon": "https://maps.gstatic.com/mapfiles/place_api/icons/v1/png_71/generic_business-71.png", "icon_background_color": "#7B9EB0", "icon_mask_base_uri": "https://maps.gstatic.com/mapfiles/place_api/icons/v2/generic_pinlet", "international_phone_number": "+1 708-788-5088", "name": "UrgiClinic Urgent Care", "opening_hours": { "open_now": true }, "photos": [ { "height": 450, "html_attributions": [ "<a href=\"https://maps.google.com/maps/contrib/103775056295559680245\">UrgiClinic Urgent Care</a>" ], "photo_reference": "AcnlKN1l6BWCPf6sUapBdUB15LLFpTyP4QV7yaBe8KMHVjTStYQPsvbxTzBesYg0q52x9hk_vJgdohNu4IO0_2vi0O5-TR7TOD2xffO29TQtH9yvnaz5Za6Ubpb06HHdCjsA8Ou4Ymn4ioOMrgLcoR0vUGfM_gLS9kauf09xsxsC_VbghPQoCYFgOGD3xw15px2tDKzlD_9f5hSgoLur8VCbBu0rgPvUumZmtZun4QENGyWca7YfH6fLcD_sFl_nC2QfIMROH59h8Vc77bIGgSA45pxKFF48G6B72kTHX37JMn2I2RNysZA", "width": 680 } ], "place_id": "ChIJD0Eg9yo3DogRxmn3_aIOAn8", "rating": 4.8, "reference": "ChIJD0Eg9yo3DogRxmn3_aIOAn8", "scope": "GOOGLE", "types": [ "hospital", "doctor", "point_of_interest", "health", "establishment" ], "user_ratings_total": 1286.0, "vicinity": "7124 W 83rd St Suite C, Bridgeview", "category": "Urgent Care / Walk-in Clinic", "source": "Google Places", "raw_types_str": "hospital, doctor, point_of_interest, health, establishment" }, "geometry": { "type": "Point", "coordinates": [ -87.7977364, 41.7410946 ] } },
{ "type": "Feature", "properties": { "business_status": "OPERATIONAL", "icon": "https://maps.gstatic.com/mapfiles/place_api/icons/v1/png_71/generic_business-71.png", "icon_background_color": "#7B9EB0", "icon_mask_base_uri": "https://maps.gstatic.com/mapfiles/place_api/icons/v2/generic_pinlet", "international_phone_number": "+1 708-430-2295", "name": "Concentra Urgent Care", "opening_hours": { "open_now": true }, "photos": [ { "height": 3464, "html_attributions": [ "<a href=\"https://maps.google.com/maps/contrib/105871668132730313789\">Tomek Budz</a>" ], "photo_reference": "AcnlKN1AlfDPx-_wtskILXjY9x6gmlwHid8s-uLhzseDR53ThLRlHhA1s7REaV6x0YzoCpRlPVhNhpSrfawWnn0Q9eM19jgoQRdYyWUn0izZpjpTMkgz5BwT3Yoa25YFyBe_rlpTk3yh1XKOgo2dkpoP_3H6pmqAaVdoQ2lD3AFqMNJO8jcJQplRYcHmW-sd67-BJajU7xwnGbHvm-vzwU8j8oR_QwpmAH5j8Pz2VWMCg3jl--ga5BlVUA4O4dH5P3t6jT_OKrbf_at-Z-66IqMC0lHe4t_t_hiryb5fN1KxvfVKI13igkI0eMI1OnSXLqew17W3mDfv52ea9w0OOgqvWEMA87RGs6yhZNfLrIk-wJqO2bA-I8mijC5YlV8PozvYeQ7nabJ1jpWiYSTJQwcP3j0hKHDbnjWtnDn-FQrDlN234XDVpxmSq04gXefK07cIIlvyeRj6KwL2c4vrpGzWnvAnD-vYUxcB2fJWawAA9-UMoxIyI9nRuGUIlv_6l1wQjSUnOpKMqMPtvneQx4zjTF_2XCZ0-JKWejOoqpM6KyQUyngOiHNqox4NckbgZ-yjQ6KwKWVCcmNg3w", "width": 4618 } ], "place_id": "ChIJ2YMq-tw5DogRgpW0XAVwEtk", "rating": 3.8, "reference": "ChIJ2YMq-tw5DogRgpW0XAVwEtk", "scope": "GOOGLE", "types": [ "physiotherapist", "point_of_interest", "health", "establishment" ], "user_ratings_total": 3053.0, "vicinity": "8755 S Harlem Ave, Bridgeview", "category": "Urgent Care / Walk-in Clinic", "source": "Google Places", "raw_types_str": "physiotherapist, point_of_interest, health, establishment" }, "geometry": { "type": "Point", "coordinates": [ -87.797319, 41.7317853 ] } },
{ "type": "Feature", "properties": { "business_status": "OPERATIONAL", "icon": "https://maps.gstatic.com/mapfiles/place_api/icons/v1/png_71/generic_business-71.png", "icon_background_color": "#7B9EB0", "icon_mask_base_uri": "https://maps.gstatic.com/mapfiles/place_api/icons/v2/generic_pinlet", "international_phone_number": "+1 708-974-7300", "name": "OSF Medical Group - Primary Care", "opening_hours": { "open_now": true }, "photos": [ { "height": 3060, "html_attributions": [ "<a href=\"https://maps.google.com/maps/contrib/101735917929578103611\">Princess Caterina Homecoming 1982</a>" ], "photo_reference": "AcnlKN2QykWsNDnSoVein7Om-t4jwjD2AkCpIXE1Qyg2phgEDvkIdpA0o-FXKk1h5h1XKZWLztr7f7gDHmkdQvZwlG67N0pFCDMTmecUj5gX-84sbSj1ZAEPsR_Y6CXiv05ZR_HjCyZBY5i4PXpQj3dxTNk9hdDpdOvJoLykaEhGQM3pU00OrImFJqRB4q3Nr46-FwA_aeGCpb0jBgK_ONmupTpK695oMe0SrTC-E0ZNhAlf6zlkT0BY9wKDvo_muBe2I0-qEsBYiDZh75-jrnZwnnKjbgPm0XKmejyvV06yR9QsFtQiZDRKiv1usR4NaSEH31vjs7-ESLSLx136369Ge887ciKInaYxaCynxA3jI_qzCtpFMKK6PUgZ87G9hOvNuycb1PJ_LLZLuYImyUmgshVeeup6NQrCBYCYbWVMl_40SwWUK8p-dY8ieSWTvXDzQRezokGxKZSt1rA438GnlCP5LUgAJ5EZYrpqyczI52cFf3cnEzLMZNrpeJZrfEVEo1AAX_FyhO0xULc2fqzWgqXvRb8XwhchC8ffJQDSrZdXjvKPaKzN8v2UsagFhXMqzKZF3ro4", "width": 4080 } ], "place_id": "ChIJQY5pBrs7DogRGJK0QgZ91AE", "rating": 2.9, "reference": "ChIJQY5pBrs7DogRGJK0QgZ91AE", "scope": "GOOGLE", "types": [ "point_of_interest", "health", "establishment" ], "user_ratings_total": 35.0, "vicinity": "6700 W 95th St #220, Oak Lawn", "category": "Primary Care Center – Private / Non-profit", "source": "Google Places", "raw_types_str": "point_of_interest, health, establishment" }, "geometry": { "type": "Point", "coordinates": [ -87.7869319, 41.7198619 ] } },
{ "type": "Feature", "properties": { "business_status": "OPERATIONAL", "icon": "https://maps.gstatic.com/mapfiles/place_api/icons/v1/png_71/generic_business-71.png", "icon_background_color": "#7B9EB0", "icon_mask_base_uri": "https://maps.gstatic.com/mapfiles/place_api/icons/v2/generic_pinlet", "international_phone_number": "+1 708-249-6777", "name": "Bridgeview Medical Group", "opening_hours": { "open_now": true }, "photos": null, "place_id": "ChIJZ4K9JM03DogRtnaRimkDw7I", "rating": 5.0, "reference": "ChIJZ4K9JM03DogRtnaRimkDw7I", "scope": "GOOGLE", "types": [ "dentist", "doctor", "point_of_interest", "health", "establishment" ], "user_ratings_total": 1.0, "vicinity": "7124 W 83rd St, Bridgeview", "category": "Primary Care Center – Private / Non-profit", "source": "Google Places", "raw_types_str": "dentist, doctor, point_of_interest, health, establishment" }, "geometry": { "type": "Point", "coordinates": [ -87.7978063, 41.7410602 ] } },
{ "type": "Feature", "properties": { "business_status": "OPERATIONAL", "icon": "https://maps.gstatic.com/mapfiles/place_api/icons/v1/png_71/generic_business-71.png", "icon_background_color": "#7B9EB0", "icon_mask_base_uri": "https://maps.gstatic.com/mapfiles/place_api/icons/v2/generic_pinlet", "international_phone_number": "+1 708-966-6241", "name": "Med Elite Medical Center and Urgent Care", "opening_hours": { "open_now": true }, "photos": [ { "height": 1420, "html_attributions": [ "<a href=\"https://maps.google.com/maps/contrib/109764793900157058079\">Med Elite Medical Center and Urgent Care</a>" ], "photo_reference": "AcnlKN1SPSk8p_8gOQAJJvIFj7uQK9mQQbe7H20YML034RK5IPBleJLFRE46x1wlTORdBf5eJMTzHqiFkGZGWe4CzevVz20gxaL4acTrn0y7SY7k7S_9MhA5RZVP70x0jCk0bYtq7ROpNi0A6xIx8MXcMahyiXQo0hRwb2Q_uNOrwjYhUxl4dM3zBj_xWZ_fgAqqVan-KxnMOHPtAOKNcDE3mjrMYo127x5li4xYlSW-OF3CpTs8vLrxBpZQddE7USgLHmneeyQpmP83f2peLdP1vj5WZSt76XGtqaFANBozzioKfSPTGxs", "width": 1894 } ], "place_id": "ChIJiamLIUslDogR4AQUtH3Crpc", "rating": 5.0, "reference": "ChIJiamLIUslDogR4AQUtH3Crpc", "scope": "GOOGLE", "types": [ "doctor", "point_of_interest", "health", "establishment" ], "user_ratings_total": 24.0, "vicinity": "4817 W 83rd St, Burbank", "category": "Urgent Care / Walk-in Clinic", "source": "Google Places", "raw_types_str": "doctor, point_of_interest, health, establishment" }, "geometry": { "type": "Point", "coordinates": [ -87.7419275, 41.7416404 ] } },
{ "type": "Feature", "properties": { "business_status": "OPERATIONAL", "icon": "https://maps.gstatic.com/mapfiles/place_api/icons/v1/png_71/hospital-71.png", "icon_background_color": "#F88181", "icon_mask_base_uri": "https://maps.gstatic.com/mapfiles/place_api/icons/v2/hospital-H_pinlet", "international_phone_number": "+1 773-585-0480", "name": "Khudeira Medical Center", "opening_hours": { "open_now": false }, "photos": [ { "height": 4032, "html_attributions": [ "<a href=\"https://maps.google.com/maps/contrib/105663211316389827879\">Badr K</a>" ], "photo_reference": "AcnlKN1xFZsegOZ2VJUOZV6D8kdumaJx7nFJ0FcwNJdrUzhWqI1rWyTTaOt7ZnUrmvHc--ye5KeqtnqsR7h8fXdjgL6rpfT2PiD0UUzTXhiBixWDyrBqFRCBewcMAe1YuvaJ4W9m5FvMnZItVnTv-SyZAh-C61vlrmWZ3x-2UBD4RZShGHhyYW8kdCvxu6bgpz_AY_NI4l0Hbce2H4E5hR9LuNujjWb9IVylZGYObBqPnC7bK_VsBJ9VKAsHi-0vjhrWnrWgiwWaM03tnH8qjFirFzx6VeAdYBQ_tS6jrS7c3gISbH07g-LsuqDQdkRaJe3Pw5EdGCMyoj9ipnwaH7r__59DFv4tfPuGyxpUEI7lLVDD5HiDAv-bN7Onf_nm21zntzvF8pjMvMO_AxitRq3YA0vfqrZY2fkREcnE_JLffEh9ZF5hT50pFSo5__eUmtP3BjjKlYeT_YWW-TwpFrGrfo2VR-1GzA7huTk7usNGuvbFSiawO5onkhBHccsTguPZ0r9p374KleZ3YvM_yhgNBn6wFuxhOcbdXjopZ0j4Xe67sP51ebyKyGKq7I8rjfK8BWukwA", "width": 3024 } ], "place_id": "ChIJWTg0bYgwDogRnCx0qPxnOF0", "rating": 2.9, "reference": "ChIJWTg0bYgwDogRnCx0qPxnOF0", "scope": "GOOGLE", "types": [ "hospital", "point_of_interest", "health", "establishment" ], "user_ratings_total": 22.0, "vicinity": "8071 S Cicero Ave, Chicago", "category": "Primary Care Center – Private / Non-profit", "source": "Google Places", "raw_types_str": "hospital, point_of_interest, health, establishment" }, "geometry": { "type": "Point", "coordinates": [ -87.7405157, 41.7457707 ] } },
{ "type": "Feature", "properties": { "business_status": "OPERATIONAL", "icon": "https://maps.gstatic.com/mapfiles/place_api/icons/v1/png_71/generic_business-71.png", "icon_background_color": "#7B9EB0", "icon_mask_base_uri": "https://maps.gstatic.com/mapfiles/place_api/icons/v2/generic_pinlet", "international_phone_number": "+1 708-499-1545", "name": "Advocate Medical Group Primary Care", "opening_hours": { "open_now": true }, "photos": [ { "height": 281, "html_attributions": [ "<a href=\"https://maps.google.com/maps/contrib/116878050343232712910\">Advocate Medical Group Primary Care</a>" ], "photo_reference": "AcnlKN19ZiReM2GN4ajM4yqsw2gN7mqjzf_a50q8boZW3zX57Lb5x8kLeAEVcMwWyJC28pQ6Jzcdp-njsyc90B1zZXTNO1wZD1OhIXeMlFbmBJBwLPvwwOSgVla_9fzD452x338aiBYJheVhHnFeKoV64TGRI8TrJ6Wd7V4_2EBGKiixUuqLqyZEsXO854ZOG6Ezbom2vS9t273Mgnyfkhpucs5AG7M26KUrGQ2d3CeA7AaHFxMnm1fOJ1Fis2WYRjAp-IooFMmXEQxaEFU_hBRwp9-p9zIonm2EJ4uS7rxNpbk17A8kL6I", "width": 500 } ], "place_id": "ChIJke2lgY8wDogRRu3dNY5-Cms", "rating": 3.5, "reference": "ChIJke2lgY8wDogRRu3dNY5-Cms", "scope": "GOOGLE", "types": [ "doctor", "point_of_interest", "health", "establishment" ], "user_ratings_total": 22.0, "vicinity": "6345 W 79th St, Burbank", "category": "Primary Care Center – Private / Non-profit", "source": "Google Places", "raw_types_str": "doctor, point_of_interest, health, establishment" }, "geometry": { "type": "Point", "coordinates": [ -87.7785623, 41.748188 ] } },
{ "type": "Feature", "properties": { "business_status": "OPERATIONAL", "icon": "https://maps.gstatic.com/mapfiles/place_api/icons/v1/png_71/generic_business-71.png", "icon_background_color": "#7B9EB0", "icon_mask_base_uri": "https://maps.gstatic.com/mapfiles/place_api/icons/v2/generic_pinlet", "international_phone_number": "+1 708-425-3085", "name": "Midwest Express Clinic Urgent Care", "opening_hours": { "open_now": true }, "photos": [ { "height": 3492, "html_attributions": [ "<a href=\"https://maps.google.com/maps/contrib/114333099680539436505\">Jorge Garza Norrick</a>" ], "photo_reference": "AcnlKN20ppZ1BeP9icLZheHkM3WtTghY-wW8le9BxFfPaJaRx3mFxJFsbqZEQAVcXq7BR1ApbXnL3l9xl_nsVRBLalAhNoJHlv3FkdlVUqQhu8nbLEauuWMywELMTveG3HjyE8jJNErYrL0NUm6dNnkttI-hSBfjYrVkDO7OS19GorDerq7-ufaQ7B0GgqRJw9AsPiw7bRcN5dl19iC_hiWNK9dxkVk1-zUugVbZ40FvyAWavhHWFfnQ_VVaTS1o8rD9HwO-4FctxKUQQ9kx6zo-H77OtHqaw2R1AyjeAfpd7bQQtdO10iyRlZR9KlHiu-sDaeZMRBBeokBzhWPG3j27qgIQDegA7AzPjnbiCYIMJoExHh6Q1dzhpL9129V9jUWhV2wcv_ptKmFGqBjQ_ZGJBwqPRu35vlQA4kK4UWpa2E8J3iB3SKYx33xa-MKA-VUZUeqw-1O-dsdt5bsjXb_mvZz7Th_bZiKArBzsUH5rBE4-klLUfjlYrPPVjo2jEI8XJ5JOPi6UNUr52jYm3pXS5nle45BqSQVRrypLAVwCoL6EPipsl-7PPGoKxxTr0JTFLgqMkggp6xf29czksFWbbxvf5I2HhQ", "width": 5242 } ], "place_id": "ChIJF1KFs3wxDogRgZEX3jV_cVU", "rating": 4.8, "reference": "ChIJF1KFs3wxDogRgZEX3jV_cVU", "scope": "GOOGLE", "types": [ "doctor", "point_of_interest", "health", "establishment" ], "user_ratings_total": 1701.0, "vicinity": "7786 S Cicero Ave, Burbank", "category": "Urgent Care / Walk-in Clinic", "source": "Google Places", "raw_types_str": "doctor, point_of_interest, health, establishment" }, "geometry": { "type": "Point", "coordinates": [ -87.7419119, 41.7513377 ] } },
{ "type": "Feature", "properties": { "business_status": "OPERATIONAL", "icon": "https://maps.gstatic.com/mapfiles/place_api/icons/v1/png_71/hospital-71.png", "icon_background_color": "#F88181", "icon_mask_base_uri": "https://maps.gstatic.com/mapfiles/place_api/icons/v2/hospital-H_pinlet", "international_phone_number": "+1 773-610-8505", "name": "Vida Medical Centers", "opening_hours": { "open_now": false }, "photos": [ { "height": 1081, "html_attributions": [ "<a href=\"https://maps.google.com/maps/contrib/113476071951360124530\">Vida Medical Centers</a>" ], "photo_reference": "AcnlKN1vb0dRP5-s0YAiHocMoIjAAl0ILM1smVudX9451H5RRgr7RIcJaVbooPOp9yXT2O-LYcbGQDLRimfiJS7yz0LLaa8M2oCc-04tqghOfrocqb6317VACBjhNU1jZjYN6KCoIOaMLD8AB2QrNKxfIplMwbzIsH9I_Gx29O1AuTR9HtF_DrPHNEqzm8n-O1WpLTn0kiqvb_P9GrdMo2kxpHFxvz06EpLysN0sDPGIAL0NIqF49LLcL_q0rHlMjlRd19SVM1dNf-7_CH58QmIow4lOm1VD6Eu1wd_JLWjl7UHAIkUyIks", "width": 1080 } ], "place_id": "ChIJtVjckkExDogRtEP9XI0xvrk", "rating": 4.9, "reference": "ChIJtVjckkExDogRtEP9XI0xvrk", "scope": "GOOGLE", "types": [ "hospital", "doctor", "point_of_interest", "health", "establishment" ], "user_ratings_total": 188.0, "vicinity": "8101 S Cicero Ave, Chicago", "category": "Primary Care Center – Private / Non-profit", "source": "Google Places", "raw_types_str": "hospital, doctor, point_of_interest, health, establishment" }, "geometry": { "type": "Point", "coordinates": [ -87.7404556, 41.7454681 ] } },
{ "type": "Feature", "properties": { "business_status": "OPERATIONAL", "icon": "https://maps.gstatic.com/mapfiles/place_api/icons/v1/png_71/generic_business-71.png", "icon_background_color": "#7B9EB0", "icon_mask_base_uri": "https://maps.gstatic.com/mapfiles/place_api/icons/v2/generic_pinlet", "international_phone_number": "+1 708-424-9200", "name": "Stickney Township Clinic", "opening_hours": { "open_now": false }, "photos": [ { "height": 2988, "html_attributions": [ "<a href=\"https://maps.google.com/maps/contrib/102948525867990466714\">darkktur</a>" ], "photo_reference": "AcnlKN1VIW6Cd_YnvFLHVJTM0mMwTJZKmlkZLVZ5jjYMHhLYnFU2dHaE4ZuBPI3J5y4mnhoClKr7nwQj8a6rYhjz5S4KGa0JJ1EykNDVlCbhFjkvBau5UZCfSH8f5jDmjZZW5NeCOMhfjb89qqZa3qynLTpWKKQF8iZw3BCgYQKkpGlxwYe-Bv8F2Sob6s882M8B3hYWhsyqSYXakFEHq3_6wLgv8aRfAIfZbHD-lk96ibO-BrnCdzYS9FWWOksA2bdQDR-03vLwzwZCX71zzOgl51pi5u04Wmvaw2CeDxXKtxy_NryNKQ4Q09Mp-04S09KMVwG6P7E-FWipi4PaK6pE3GX4FtEnRWCudkNO04dKuVYxxjtRElF0COQn1-pfqt61PviuUdYIBDD5N1Hx9hotty0KgbEwTGJHiwfGK7PU4AYXQuYWMDG-Dpmo_wZ32oC_qQ2tcbpgnaQ7CIVxEhzmyu-3BgjFxbGb3Amut1qaHxHl3JIk9oQnO2PCZxXxOSZ1elmXdJ0PxjTHjJyyWfNaOhbPp6FtkOJtY2rYQd14smmY85kr19MAgLDZEf7zAOkO0fpuTNsH", "width": 5312 } ], "place_id": "ChIJH_gdEqQwDogRli-B44Kwzxk", "rating": 3.5, "reference": "ChIJH_gdEqQwDogRli-B44Kwzxk", "scope": "GOOGLE", "types": [ "doctor", "health", "point_of_interest", "establishment" ], "user_ratings_total": 22.0, "vicinity": "5635 State Rd, Burbank", "category": "Primary Care Center – Private / Non-profit", "source": "Google Places", "raw_types_str": "doctor, health, point_of_interest, establishment" }, "geometry": { "type": "Point", "coordinates": [ -87.7623896, 41.7454298 ] } },
{ "type": "Feature", "properties": { "business_status": "OPERATIONAL", "icon": "https://maps.gstatic.com/mapfiles/place_api/icons/v1/png_71/generic_business-71.png", "icon_background_color": "#7B9EB0", "icon_mask_base_uri": "https://maps.gstatic.com/mapfiles/place_api/icons/v2/generic_pinlet", "international_phone_number": "+1 708-952-0000 ext. 3", "name": "Premiere Family Urgent Care", "opening_hours": { "open_now": true }, "photos": [ { "height": 634, "html_attributions": [ "<a href=\"https://maps.google.com/maps/contrib/110370506566074029880\">Premiere Family Urgent Care</a>" ], "photo_reference": "AcnlKN3JD_tefZyKoQTmQls2A3dCpu8dzOF_ASZwvWU7ibJ_iCd3-m7zlgcrotvMBX54ApLSTqo66FvfBukpOTWCmSdBiV9v5qaQQ7wzzLB-fnLM86k59Z2kUrgSMGXDhx2JlMsjyh_J-0Y0QFcNK47aXqkZFJO_NW7m4RBaTSNV-r1e8yspPuwqUb2bpa9ptfLTa-sczL4ygYnXzbjfWZ1NQkhKcCENSAhrxo9fI24V_qq2oRGPwIqPOolvhe-qhH8ZH62pbYEVKdrv3bIvDggWwmimhH81srN9Pzo_yagPGMLgU2h3Hfk", "width": 1125 } ], "place_id": "ChIJZw9P8As6DogR8HcsuyShsoI", "rating": 4.6, "reference": "ChIJZw9P8As6DogR8HcsuyShsoI", "scope": "GOOGLE", "types": [ "hospital", "health", "point_of_interest", "establishment" ], "user_ratings_total": 98.0, "vicinity": "5600 W 87th St, Burbank", "category": "Urgent Care / Walk-in Clinic", "source": "Google Places", "raw_types_str": "hospital, health, point_of_interest, establishment" }, "geometry": { "type": "Point", "coordinates": [ -87.7608421, 41.734590399999988 ] } },
{ "type": "Feature", "properties": { "business_status": "OPERATIONAL", "icon": "https://maps.gstatic.com/mapfiles/place_api/icons/v1/png_71/hospital-71.png", "icon_background_color": "#F88181", "icon_mask_base_uri": "https://maps.gstatic.com/mapfiles/place_api/icons/v2/hospital-H_pinlet", "international_phone_number": null, "name": "Little Company Of Mary Medical Group", "opening_hours": { "open_now": true }, "photos": null, "place_id": "ChIJOeyoiY8wDogRgEpqh7lWQsw", "rating": 4.5, "reference": "ChIJOeyoiY8wDogRgEpqh7lWQsw", "scope": "GOOGLE", "types": [ "hospital", "health", "point_of_interest", "establishment" ], "user_ratings_total": 2.0, "vicinity": "4901 W 79th St, Burbank", "category": "Primary Care Center – Private / Non-profit", "source": "Google Places", "raw_types_str": "hospital, health, point_of_interest, establishment" }, "geometry": { "type": "Point", "coordinates": [ -87.7444226, 41.7487687 ] } },
{ "type": "Feature", "properties": { "business_status": "OPERATIONAL", "icon": "https://maps.gstatic.com/mapfiles/place_api/icons/v1/png_71/generic_business-71.png", "icon_background_color": "#7B9EB0", "icon_mask_base_uri": "https://maps.gstatic.com/mapfiles/place_api/icons/v2/generic_pinlet", "international_phone_number": "+1 630-270-3630", "name": "Clinica Urgent Care", "opening_hours": { "open_now": false }, "photos": [ { "height": 1553, "html_attributions": [ "<a href=\"https://maps.google.com/maps/contrib/111469985341150239440\">Clinica Urgent Care</a>" ], "photo_reference": "AcnlKN09ObuD3yuxGYFLf4_FMOCSoWkLMgaGfBHiUv4P41DLaFLewwRELc_FPOh_IDWvhqvFE69JM1WTJBjouT-wLorAxxHwGNle8EP0z7ffD6Sy-SeFsad23xjH5MveB-uoFLKxlYhxPjX8tX759xaZxS5XfdC56vv4k02yeoSyxvAfW4RB7Xp460pgP5jqcVGO5onp1J0ioWmaj3oj_tRD2vIcT_21LjVxjXwGePLE8IEgUr1DRgoVlR7kfuyO6u3quoTrmu5LpPx1cOBk_krddS1J69i8ZKWe3iJskbzzTbvXM1uNtYQ", "width": 1900 } ], "place_id": "ChIJNzOc66A7DogRcIptkayjwgU", "rating": 5.0, "reference": "ChIJNzOc66A7DogRcIptkayjwgU", "scope": "GOOGLE", "types": [ "doctor", "health", "point_of_interest", "establishment" ], "user_ratings_total": 168.0, "vicinity": "8634 S Pulaski Rd, Chicago", "category": "Urgent Care / Walk-in Clinic", "source": "Google Places", "raw_types_str": "doctor, health, point_of_interest, establishment" }, "geometry": { "type": "Point", "coordinates": [ -87.7219905, 41.7355975 ] } },
{ "type": "Feature", "properties": { "business_status": "OPERATIONAL", "icon": "https://maps.gstatic.com/mapfiles/place_api/icons/v1/png_71/generic_business-71.png", "icon_background_color": "#7B9EB0", "icon_mask_base_uri": "https://maps.gstatic.com/mapfiles/place_api/icons/v2/generic_pinlet", "international_phone_number": "+1 708-459-3004", "name": "All In One Urgent Care", "opening_hours": { "open_now": false }, "photos": [ { "height": 1242, "html_attributions": [ "<a href=\"https://maps.google.com/maps/contrib/105470996887724641404\">All In One Urgent Care</a>" ], "photo_reference": "AcnlKN1ChzWpLeDordEApS1HIgtcJJ_eLWVv2MBR9YvySqs0kKWq7vyCcJhKAwfTe1PPtSNfO4EP5_R18FnZedYtcWkEf7ZU_MnoIpnTBO-Tah9M-2nwScPwlJyE4rz0zmaaDd0BU2ZJZ_Qf7ee1KAaWSetx2B-7_sta9wYMxfhlfmjMqvuVfHsvgoh2FwDz0r4BySbbFK0FCcsW1sVUkhrbUgtAIivuLGVg65IIrGqa5vTgUjfV8HuI94942K2KUWlYpbcg6OLzOUXJEtqT8AAarLos_dpZhP90RU__bs48LT97lyyV4Y8", "width": 1469 } ], "place_id": "ChIJNYIrZzQ5DogR1jfR6dD0ZlQ", "rating": 4.9, "reference": "ChIJNYIrZzQ5DogR1jfR6dD0ZlQ", "scope": "GOOGLE", "types": [ "local_government_office", "health", "point_of_interest", "establishment" ], "user_ratings_total": 33.0, "vicinity": "8707 Ridgeland Ave, Oak Lawn", "category": "Urgent Care / Walk-in Clinic", "source": "Google Places", "raw_types_str": "local_government_office, health, point_of_interest, establishment" }, "geometry": { "type": "Point", "coordinates": [ -87.7786956, 41.733543399999988 ] } },
{ "type": "Feature", "properties": { "business_status": "OPERATIONAL", "icon": "https://maps.gstatic.com/mapfiles/place_api/icons/v1/png_71/generic_business-71.png", "icon_background_color": "#7B9EB0", "icon_mask_base_uri": "https://maps.gstatic.com/mapfiles/place_api/icons/v2/generic_pinlet", "international_phone_number": "+1 708-424-7600", "name": "Alzein Pediatric & Urgent Care", "opening_hours": { "open_now": false }, "photos": [ { "height": 4032, "html_attributions": [ "<a href=\"https://maps.google.com/maps/contrib/116810048824891663950\">Alzein Pediatric &amp; Urgent Care</a>" ], "photo_reference": "AcnlKN3ZnQM6GEOHvNdHX58IqQwH5xSzgcf1gOHqnz06ytfhYvSRPhfG502TGV-MnpZot1ymwTXysfct-NHrkWiM__b42gob49Ij9CzADq52u8q-RfUMybrxeUkzy6VR3-8z4HQuFWROchK6XienrEBjmKfSY-0eIA_psbQU0y_SzkpWd-coih-RI4aIC8jAYySuiPMl07p0pOhe987nvQXoW1SeU4yHdasRrYBu6UE9EwtGDEJL7zIA0weg_44YNDSmr6NNkAN-t13cI-5_7hOOve73nmZYMMMwaHqs11hGfPNvhat09Vw", "width": 3024 } ], "place_id": "ChIJe-vddUs7DogRNVcPUWHAoEE", "rating": 4.8, "reference": "ChIJe-vddUs7DogRNVcPUWHAoEE", "scope": "GOOGLE", "types": [ "doctor", "health", "point_of_interest", "establishment" ], "user_ratings_total": 264.0, "vicinity": "5102 Museum Dr, Oak Lawn", "category": "Urgent Care / Walk-in Clinic", "source": "Google Places", "raw_types_str": "doctor, health, point_of_interest, establishment" }, "geometry": { "type": "Point", "coordinates": [ -87.7478923, 41.719638200000013 ] } },
{ "type": "Feature", "properties": { "business_status": "OPERATIONAL", "icon": "https://maps.gstatic.com/mapfiles/place_api/icons/v1/png_71/generic_business-71.png", "icon_background_color": "#7B9EB0", "icon_mask_base_uri": "https://maps.gstatic.com/mapfiles/place_api/icons/v2/generic_pinlet", "international_phone_number": "+1 708-424-0909", "name": "Minis Pediatric Walk-In Clinic", "opening_hours": { "open_now": true }, "photos": [ { "height": 480, "html_attributions": [ "<a href=\"https://maps.google.com/maps/contrib/114084947983026897529\">Minis Pediatric Walk-In Clinic</a>" ], "photo_reference": "AcnlKN3zUBaKSJ8I2gbZDakFwV58KHrN6I5rPiCvQOyhFuB1pfgqBUYd98xf2T1bTB8_Qg6xWIgH9b5fDiQ_joyyYFNsk0b_KdiHbizoGoSJmyIFc_f_xigYrPWB-_3CXwtvTHXoKKSCpm1GYu4Alc-r7XzxpTpa-x93piIngUdJfofNVqBHnSY45c-S5Z8lQZx-ZOMR1yZ8YVR4gcOi-wo_YVkrRw68tJOwpDcIHWQokL8IIpBMF5Ceanp3_PkLkZ7MTbCRIA8fEl4fC35cCJL9nlkzCXx4ZuZ0hxmQnrOBOUQHioEUSkU", "width": 720 } ], "place_id": "ChIJi9ib9OU5DogRjjcNDt8JgiM", "rating": 4.1, "reference": "ChIJi9ib9OU5DogRjjcNDt8JgiM", "scope": "GOOGLE", "types": [ "hospital", "doctor", "health", "point_of_interest", "establishment" ], "user_ratings_total": 502.0, "vicinity": "9939 SW Hwy, Oak Lawn", "category": "Primary Care Center – Private / Non-profit", "source": "Google Places", "raw_types_str": "hospital, doctor, health, point_of_interest, establishment" }, "geometry": { "type": "Point", "coordinates": [ -87.7776045, 41.7108964 ] } },
{ "type": "Feature", "properties": { "business_status": "OPERATIONAL", "icon": "https://maps.gstatic.com/mapfiles/place_api/icons/v1/png_71/generic_business-71.png", "icon_background_color": "#7B9EB0", "icon_mask_base_uri": "https://maps.gstatic.com/mapfiles/place_api/icons/v2/generic_pinlet", "international_phone_number": "+1 708-684-5354", "name": "Oak Lawn, CMC - Emergency Medicine", "opening_hours": null, "photos": null, "place_id": "ChIJsadLh4s6DogRxLIMZ9FyXGA", "rating": 1.0, "reference": "ChIJsadLh4s6DogRxLIMZ9FyXGA", "scope": "GOOGLE", "types": [ "doctor", "health", "point_of_interest", "establishment" ], "user_ratings_total": 1.0, "vicinity": "4440 95th St, Oak Lawn", "category": "Primary Care Center – Private / Non-profit", "source": "Google Places", "raw_types_str": "doctor, health, point_of_interest, establishment" }, "geometry": { "type": "Point", "coordinates": [ -87.7323202, 41.7221204 ] } },
{ "type": "Feature", "properties": { "business_status": "OPERATIONAL", "icon": "https://maps.gstatic.com/mapfiles/place_api/icons/v1/png_71/hospital-71.png", "icon_background_color": "#F88181", "icon_mask_base_uri": "https://maps.gstatic.com/mapfiles/place_api/icons/v2/hospital-H_pinlet", "international_phone_number": "+1 773-488-8100", "name": "79th And Damen Medical Center", "opening_hours": null, "photos": [ { "height": 2259, "html_attributions": [ "<a href=\"https://maps.google.com/maps/contrib/100926150759030607141\">Dlorah Rice</a>" ], "photo_reference": "AcnlKN0Rwrayam9z2-PBc_OJ6GlE2wvWBsJ-wml8dyPuvAlMrhsfkH-C8GjpijEvHmYBTYRmQjV2ZpXxJK0VYpbLjAO5vM64avADIYJU6kLqK6u6Nmm0FCLe4nh5T4JkiQeBEQjQQfftu8Q21qVDrFeqX_RBPoqlfEQobzruv8fRD_1aOI3f8NwniRspjYuWuJDVKQ1iynO9tI85PxiHeVk0nBiXBfuwHhcoh7TTWj_Lk4GlFr3bvBT30rPAQIIWCs4WJNOtbePOsU_Ctv9YSMBxF0q5CCEB3OGXC_WVrxzjHrB6PuoULZtTM27bFSKq2NXdqTPD3yy9zTcssA3PHyG11gIkwUH6gdQq92aPz9Y8Ir2UlKQnNUpZiMHk5tXFxiM2TEXWVVxudzju0sGhsjAcwL0Kw4ylI0HNo_by2iIuMaSHFJ8AQOXbtHn-9s-zx_fR8yLeZEg3wxDkQv8a8rvIuTZCYqqD5xxQkOK4Hpc0ut4ufsJ3L9Rz9afAxjlmLSXpFOSepM7MtvLf0hwcnozri_P_n63WALztQ23NTUfspfWO8QX1dDy1enmrL2Q98kLedPSNcxijtirmHg", "width": 1479 } ], "place_id": "ChIJkeQSuJMvDogRDrfKzavCA1M", "rating": 4.1, "reference": "ChIJkeQSuJMvDogRDrfKzavCA1M", "scope": "GOOGLE", "types": [ "hospital", "point_of_interest", "health", "establishment" ], "user_ratings_total": 14.0, "vicinity": "2024 W 79th St, Chicago", "category": "Primary Care Center – Private / Non-profit", "source": "Google Places", "raw_types_str": "hospital, point_of_interest, health, establishment" }, "geometry": { "type": "Point", "coordinates": [ -87.674218, 41.7503296 ] } },
{ "type": "Feature", "properties": { "business_status": "OPERATIONAL", "icon": "https://maps.gstatic.com/mapfiles/place_api/icons/v1/png_71/hospital-71.png", "icon_background_color": "#F88181", "icon_mask_base_uri": "https://maps.gstatic.com/mapfiles/place_api/icons/v2/hospital-H_pinlet", "international_phone_number": "+1 312-864-0200", "name": "Cook County Health Englewood Health Center", "opening_hours": { "open_now": false }, "photos": [ { "height": 561, "html_attributions": [ "<a href=\"https://maps.google.com/maps/contrib/104799072305979694868\">Cook County Health Englewood Health Center</a>" ], "photo_reference": "AcnlKN3UcIvtymymRuIJjohH1YW4QJngUrFfW0Xoe5sUf51BiGGp_7qx_55hlojQXkE5btLZclgxr-MrYPpl6mb-iK-EorJXnUyxUD18wzmsPJp4-sW-aOc6wpI0BK8v13kCxeRW1Xz3v-CPUm7reU9JZyOOzjKw2rPmwV6zEBRomR0Wfl7Os9XwbGt19yqp0JFuO1SClTA5QdAiUTvEcUaDNEcmt3dl_QoVmKcoqaz_pIAAka4TUmkM6KtNVxQx5lnmXraY8Kbb58rzGhG2fvZA3RDVjefhDgb_tTboKGPICTqTBAVAupY", "width": 998 } ], "place_id": "ChIJN7Z7dwYvDogRW7F9w8SMalA", "rating": 3.5, "reference": "ChIJN7Z7dwYvDogRW7F9w8SMalA", "scope": "GOOGLE", "types": [ "hospital", "point_of_interest", "health", "establishment" ], "user_ratings_total": 76.0, "vicinity": "1135 W 69th St, Chicago", "category": "Primary Care Center – Private / Non-profit", "source": "Google Places", "raw_types_str": "hospital, point_of_interest, health, establishment" }, "geometry": { "type": "Point", "coordinates": [ -87.6534117, 41.768400799999988 ] } },
{ "type": "Feature", "properties": { "business_status": "OPERATIONAL", "icon": "https://maps.gstatic.com/mapfiles/place_api/icons/v1/png_71/hospital-71.png", "icon_background_color": "#F88181", "icon_mask_base_uri": "https://maps.gstatic.com/mapfiles/place_api/icons/v2/hospital-H_pinlet", "international_phone_number": "+1 773-884-9000", "name": "Holy Cross Hospital", "opening_hours": { "open_now": true }, "photos": [ { "height": 800, "html_attributions": [ "<a href=\"https://maps.google.com/maps/contrib/118130113445710437023\">Holy Cross Hospital</a>" ], "photo_reference": "AcnlKN1nq9lG89WHarP9S9uq6Ifg7mdH6dzm_BEkdA2ltOtlE8GwHnPnY57YO-n58IudPtpBcvkEpZUoJxDJo-KEhIbtX2lo0l1a1frYg01HQmZn6NPbKMlZMpnGBNZM22PqxPvulmEMZe_idO3UmOtciHcJJ-uQBJjmkRaxp70wL6KvSFZFt-OsXPMNZJYPwmxCCK-ZtgUPI2OY6c8W-ScYW6Mzv9M3RW1Q1CYKOQxfvr4E2xQg3NsIbldISEEzYL75R_x3r12ouZSsUu2MRecBEajGKNzHIiSAcHAdx21kniwRgsI3CL8", "width": 1500 } ], "place_id": "ChIJNcJjztAvDogRn4drqehGM40", "rating": 3.9, "reference": "ChIJNcJjztAvDogRn4drqehGM40", "scope": "GOOGLE", "types": [ "hospital", "point_of_interest", "health", "establishment" ], "user_ratings_total": 1253.0, "vicinity": "2701 W 68th St, Chicago", "category": "Hospital – Private / Non-profit", "source": "Google Places", "raw_types_str": "hospital, point_of_interest, health, establishment" }, "geometry": { "type": "Point", "coordinates": [ -87.6924311, 41.769115 ] } },
{ "type": "Feature", "properties": { "business_status": "OPERATIONAL", "icon": "https://maps.gstatic.com/mapfiles/place_api/icons/v1/png_71/generic_business-71.png", "icon_background_color": "#7B9EB0", "icon_mask_base_uri": "https://maps.gstatic.com/mapfiles/place_api/icons/v2/generic_pinlet", "international_phone_number": "+1 773-874-1400", "name": "ACCESS Auburn-Gresham Family Health Center", "opening_hours": { "open_now": false }, "photos": [ { "height": 1366, "html_attributions": [ "<a href=\"https://maps.google.com/maps/contrib/113742754197821668427\">Access Auburn-Gresham Family Health Center</a>" ], "photo_reference": "AcnlKN11Oo-6pY6fOwRYqmdnB7cp1BKfOeJ37jns-vYfJPHYOTI9vP1cQ7LNI_nuGeKCAYRuXFKm734VkRkdLurHd_34GVZ2XDbr0d607IGmwVs7I0qMFeBjn0GdJYqSLTNSiqkUzhwNdJrOAaMIjeeM6AvGJynOH4aNL06he4xZF1EZ88isKuVwXzU1WC3P4DCA5YyInFwxk4R3rRKgOo1smoYFMGIc95GY9F64VzyfOndUBdC8bY5Mm_IGGPllOk0ndQr55e9ukYE-zoIrA7WEP2rGoqhIde5OVlVMP7JjZvW-u4KVvss", "width": 1366 } ], "place_id": "ChIJsaABcIQvDogRdrjMMIra9pQ", "rating": 4.6, "reference": "ChIJsaABcIQvDogRdrjMMIra9pQ", "scope": "GOOGLE", "types": [ "doctor", "point_of_interest", "health", "establishment" ], "user_ratings_total": 257.0, "vicinity": "8234 S Ashland Ave, Chicago", "category": "Primary Care Center – Private / Non-profit", "source": "Google Places", "raw_types_str": "doctor, point_of_interest, health, establishment" }, "geometry": { "type": "Point", "coordinates": [ -87.6634745, 41.74385 ] } },
{ "type": "Feature", "properties": { "business_status": "OPERATIONAL", "icon": "https://maps.gstatic.com/mapfiles/place_api/icons/v1/png_71/hospital-71.png", "icon_background_color": "#F88181", "icon_mask_base_uri": "https://maps.gstatic.com/mapfiles/place_api/icons/v2/hospital-H_pinlet", "international_phone_number": "+1 773-776-8900", "name": "South Ashland Medical Center", "opening_hours": { "open_now": false }, "photos": null, "place_id": "ChIJ-_IL9-4vDogRCDGOqkKKBG4", "rating": 3.5, "reference": "ChIJ-_IL9-4vDogRCDGOqkKKBG4", "scope": "GOOGLE", "types": [ "hospital", "point_of_interest", "health", "establishment" ], "user_ratings_total": 4.0, "vicinity": "2441 W 79th St, Chicago", "category": "Primary Care Center – Private / Non-profit", "source": "Google Places", "raw_types_str": "hospital, point_of_interest, health, establishment" }, "geometry": { "type": "Point", "coordinates": [ -87.6845933, 41.7499017 ] } },
{ "type": "Feature", "properties": { "business_status": "OPERATIONAL", "icon": "https://maps.gstatic.com/mapfiles/place_api/icons/v1/png_71/hospital-71.png", "icon_background_color": "#F88181", "icon_mask_base_uri": "https://maps.gstatic.com/mapfiles/place_api/icons/v2/hospital-H_pinlet", "international_phone_number": "+1 312-996-2000", "name": "UI Health Mile Square Health Center - Primary and Immediate Care", "opening_hours": { "open_now": true }, "photos": [ { "height": 1960, "html_attributions": [ "<a href=\"https://maps.google.com/maps/contrib/113368284803570721325\">UI Health Mile Square Health Center - Primary and Immediate Care</a>" ], "photo_reference": "AcnlKN23TA50oGg4G8Akxt2j3OdUPze4tdAryjAK9c2irS2TKkJo9GCZAGvolAlxaaO13PYXlG4ZKqd5rmpHwzr51dEH4dGxRftDW9OI5PvfO27soBjkAcFVAosrZIWe1M7jH1Bctjfbk1BrpskNVVubRTDGvz5k3qZGpD_QBiSTsA--EDCPq2atFvyvnKZRLVS8KKCwSoXcQIpWUrFNB-ZPejOnq23u2uS7ZQuj5WMtf5HLbM9RMVbY8T85ThLZdqEjTPNfOnBHbtfQaJGaspiyLy2XDgkXM4nMdlDNs_flFUHC-jUhWMTOaYc1IkXS17Bhd53HUt0-xU8CcJXLV_S-dQRDgLEOIRFONpH7gC0QOba9IlXpfIhqKftd1GHciyOSYMDVv4wil6Vn40Y1mZlbVDl0hUA40rKPO7Dkdb3pYj0vC4oDT0mXND0Y8noBhClAIEwFzlfsUvOT1T-RBkqbThsb_7Kzt7_UiyPfqp54RW67HxMiAJfn5uzIyQBOQakSBbTI92e1xWAb2RTmr-NPurDzquHkG-qTcAuvAp6NJJWvVXl_POk0qiM3EO1La8S9gMWVHD9N", "width": 4032 } ], "place_id": "ChIJYWZtqWovDogRX5y8pLQ7qJM", "rating": 4.0, "reference": "ChIJYWZtqWovDogRX5y8pLQ7qJM", "scope": "GOOGLE", "types": [ "hospital", "dentist", "doctor", "health", "point_of_interest", "establishment" ], "user_ratings_total": 21.0, "vicinity": "839 W 79th St Second Floor, Chicago", "category": "Urgent Care / Walk-in Clinic", "source": "Google Places", "raw_types_str": "hospital, dentist, doctor, health, point_of_interest, establishment" }, "geometry": { "type": "Point", "coordinates": [ -87.6457451, 41.7503862 ] } },
{ "type": "Feature", "properties": { "business_status": "OPERATIONAL", "icon": "https://maps.gstatic.com/mapfiles/place_api/icons/v1/png_71/generic_business-71.png", "icon_background_color": "#7B9EB0", "icon_mask_base_uri": "https://maps.gstatic.com/mapfiles/place_api/icons/v2/generic_pinlet", "international_phone_number": "+1 773-768-5000", "name": "Chicago Family Health Center- South Chicago", "opening_hours": { "open_now": true }, "photos": [ { "height": 2448, "html_attributions": [ "<a href=\"https://maps.google.com/maps/contrib/100217943795927145751\">Brie T. (Maid of Mind)</a>" ], "photo_reference": "AcnlKN3lvoC2pBUMT4qmRJ98fLwsd7BUpt1hg3_GRfI2stz7GI7RvJQqLUgQbF4JZkX7akbF0GQU_COfglxgzvRgllVepInAfoZwPTHfMa2rnzourCMKtPe8lTl4aogOU2dFo0kAl02PP55iKGqPDtaZeQEIlcAO5xNm_S9I3ri6xpbIIHIdSIE7Avsj2EMnqFv0MIStDVMJ476W4F4eELuOSvJ6qN0Qm7NjUJz4b6ynHBzX9T2C8GgpVxdxAHDWniWoD3Pcyi4-a3HFhOkBCbC5hkQKNwJL1aIU6BZ6cUM9xC87lWCRC6aIWvO5Vqh6NNnGDMB124AehF7iJrR08_JZaJQEGk5il--IM4swYa49AHdXCIAzexrNJEm45lFojzFOUjMHVI9EeiSvdWUtCnyD4bHcbHXIbhdVjmG5EcsRyeK6lkJoz4CQBKVxbNkbJi8t86NLxmEJT2v-2Xku6aVtAufElnmVFWYcpAU9rnQTDehwtGp1xFfnoda4oF5peP8S83WykKZI7M4VTgkiQ0N38FJAHwUPFOUWlD1LlL0XeCmzIOJShhMkwQsboG9w9L8g712ngSgd", "width": 2448 } ], "place_id": "ChIJ84VJfuQnDogRP9bhTRWMFEs", "rating": 3.1, "reference": "ChIJ84VJfuQnDogRP9bhTRWMFEs", "scope": "GOOGLE", "types": [ "health", "point_of_interest", "establishment" ], "user_ratings_total": 130.0, "vicinity": "9119 S Exchange Ave, Chicago", "category": "Primary Care Center – Private / Non-profit", "source": "Google Places", "raw_types_str": "health, point_of_interest, establishment" }, "geometry": { "type": "Point", "coordinates": [ -87.5524563, 41.7293882 ] } },
{ "type": "Feature", "properties": { "business_status": "OPERATIONAL", "icon": "https://maps.gstatic.com/mapfiles/place_api/icons/v1/png_71/hospital-71.png", "icon_background_color": "#F88181", "icon_mask_base_uri": "https://maps.gstatic.com/mapfiles/place_api/icons/v2/hospital-H_pinlet", "international_phone_number": "+1 773-947-7500", "name": "Jackson Park Hospital & Medical Center", "opening_hours": { "open_now": true }, "photos": [ { "height": 4080, "html_attributions": [ "<a href=\"https://maps.google.com/maps/contrib/107814590802581156172\">Chaitanya Swaroop Puvvada</a>" ], "photo_reference": "AcnlKN3Sj_hcpq45-B3ToGr2ONpDoc0T0nLCd27nsNL9Ma_L-oYSglwxmn4W4KBXFAvdqWdpZvga7QTAqWISZKEKV3J7nCvrpBuu8waWBpurZsHtCeLsA8as88iaWKtdlnmc93pJo21GWMGYGxz_5UnZETD100PcokYiDeM4_XOv1BBc99ZGhe21TNaNNyX7VeIrlSJ5CbFiNH2j73oXueYfd_0Am3FPJ2OKA4jyx2tzVKsBD0K95rZSDcCWE4xh5wQ4srf34uS1aIb_5-VcPtgcRf0Rha2JmxicYlZMnIlhRR5ZCz7by1IpvfaRGgU6rIucFAc-_WKJ0H2lOkVwPgkOcoaLD6aPBfz0UW0Yy9VU1KcbYouYCFxcWSS3fXl7bk03LwfCC2_ywYEDZDUenbcyZJsmFbDZ8vSi2CdKeMiZOWZxiJ_JmTpKqOahNk8hYkCQsDKyAsJOajhvPSObPtMt2S6Dq2AcqSFBNh2ITvBSW3vHorqY74-CBxVTKvvCbSJray43yrTwq46Q1g48sTmBjCbVSC0vwoP_QAPRUuBGj4rN3ioao5kwqzSU-_tnGa7hrGGHZqmD", "width": 3072 } ], "place_id": "ChIJqQzxCfMoDogRuSGiLU1M6J8", "rating": 2.1, "reference": "ChIJqQzxCfMoDogRuSGiLU1M6J8", "scope": "GOOGLE", "types": [ "hospital", "health", "point_of_interest", "establishment" ], "user_ratings_total": 280.0, "vicinity": "7531 S Stony Island Ave, Chicago", "category": "Hospital – Private / Non-profit", "source": "Google Places", "raw_types_str": "hospital, health, point_of_interest, establishment" }, "geometry": { "type": "Point", "coordinates": [ -87.585201, 41.7578041 ] } },
{ "type": "Feature", "properties": { "business_status": "OPERATIONAL", "icon": "https://maps.gstatic.com/mapfiles/place_api/icons/v1/png_71/hospital-71.png", "icon_background_color": "#F88181", "icon_mask_base_uri": "https://maps.gstatic.com/mapfiles/place_api/icons/v2/hospital-H_pinlet", "international_phone_number": "+1 773-731-0014", "name": "Wu Family Medical Center", "opening_hours": { "open_now": false }, "photos": null, "place_id": "ChIJd1FbREMoDogRtXWWFI_Auio", "rating": 3.8, "reference": "ChIJd1FbREMoDogRtXWWFI_Auio", "scope": "GOOGLE", "types": [ "hospital", "doctor", "health", "point_of_interest", "establishment" ], "user_ratings_total": 4.0, "vicinity": "2306 E 75th St, Chicago", "category": "Primary Care Center – Private / Non-profit", "source": "Google Places", "raw_types_str": "hospital, doctor, health, point_of_interest, establishment" }, "geometry": { "type": "Point", "coordinates": [ -87.568443, 41.7591 ] } },
{ "type": "Feature", "properties": { "business_status": "OPERATIONAL", "icon": "https://maps.gstatic.com/mapfiles/place_api/icons/v1/png_71/generic_business-71.png", "icon_background_color": "#7B9EB0", "icon_mask_base_uri": "https://maps.gstatic.com/mapfiles/place_api/icons/v2/generic_pinlet", "international_phone_number": "+1 773-994-5607", "name": "Wentworth Medical Center", "opening_hours": null, "photos": [ { "height": 1944, "html_attributions": [ "<a href=\"https://maps.google.com/maps/contrib/118325113957385224874\">Clintd Leslie</a>" ], "photo_reference": "AcnlKN2xNAkf1tBDW9cdQ-Fh2QxTG9fKzM82lqh8dpokOl3Eoi6hdlM6OYBt34DcQ0mvig9DrKBi-h7wdtEM8pMO2gdK4_oiXQZerX9SPzTXRmf9-EkN16IkyHfQdC407IH975oenBFjf3BUH99zFyVdskBHoSNx_kuJI-5qsRLUysVq-sva889CJcB_PJFavKk57kb0MtpolYfeGlTTZETuKOFxG8O-CCqmu9XkBCrSRWKAOIS8R_4rc1GlrBdauuLy1q7MmPfReYMS7New6oU0a0cJhX6pZPAONuvF6Ze7KUa_Sw0J40xXQpKNShsHy_a30mzLNUbREwVv_MLwnZspzqnq-yRRb0dQAEUAg-8QPNDSAwmpFymE4ywk8PwA5btFJASn8zPQPRGZ_Ye5noHcU7jZOHY28GvadBDs5qkwyhdKbrRiT5pyQXMDhKpc5LFq8loWPr3IVllts3AKo0fCyo5Sa_cE_puLfPT52JUyYXpM-E0H6XXx7nRDAjMCcduuUXclixvLuGljcFcaGU-sENOwqt5pEhhSndm6yOozNV4Fg4G02_xC5i_MaNE355LwiFbvww", "width": 2592 } ], "place_id": "ChIJzxlpnyUvDogRqXWrgDmZRd0", "rating": 4.3, "reference": "ChIJzxlpnyUvDogRqXWrgDmZRd0", "scope": "GOOGLE", "types": [ "doctor", "health", "point_of_interest", "establishment" ], "user_ratings_total": 3.0, "vicinity": "6905 S Wentworth Ave, Chicago", "category": "Primary Care Center – Private / Non-profit", "source": "Google Places", "raw_types_str": "doctor, health, point_of_interest, establishment" }, "geometry": { "type": "Point", "coordinates": [ -87.629728899999989, 41.7688268 ] } },
{ "type": "Feature", "properties": { "business_status": "OPERATIONAL", "icon": "https://maps.gstatic.com/mapfiles/place_api/icons/v1/png_71/generic_business-71.png", "icon_background_color": "#7B9EB0", "icon_mask_base_uri": "https://maps.gstatic.com/mapfiles/place_api/icons/v2/generic_pinlet", "international_phone_number": "+1 312-355-5590", "name": "Mile Square Health Center South Shore, UI Health", "opening_hours": { "open_now": false }, "photos": null, "place_id": "ChIJ_8CLe1coDogRR_zM-wQYVM4", "rating": 3.5, "reference": "ChIJ_8CLe1coDogRR_zM-wQYVM4", "scope": "GOOGLE", "types": [ "health", "point_of_interest", "establishment" ], "user_ratings_total": 64.0, "vicinity": "7037 S Stony Island Ave, Chicago", "category": "Primary Care Center – Private / Non-profit", "source": "Google Places", "raw_types_str": "health, point_of_interest, establishment" }, "geometry": { "type": "Point", "coordinates": [ -87.5854006, 41.7665566 ] } },
{ "type": "Feature", "properties": { "business_status": "OPERATIONAL", "icon": "https://maps.gstatic.com/mapfiles/place_api/icons/v1/png_71/generic_business-71.png", "icon_background_color": "#7B9EB0", "icon_mask_base_uri": "https://maps.gstatic.com/mapfiles/place_api/icons/v2/generic_pinlet", "international_phone_number": "+1 773-947-7310", "name": "Jackson Park Hospital Family Medicine Center", "opening_hours": { "open_now": false }, "photos": null, "place_id": "ChIJQYofkfMoDogRsTeLgEaVNU8", "rating": 1.9, "reference": "ChIJQYofkfMoDogRsTeLgEaVNU8", "scope": "GOOGLE", "types": [ "health", "point_of_interest", "establishment" ], "user_ratings_total": 11.0, "vicinity": "1625 E 75th St #1, Chicago", "category": "Primary Care Center – Private / Non-profit", "source": "Google Places", "raw_types_str": "health, point_of_interest, establishment" }, "geometry": { "type": "Point", "coordinates": [ -87.584904900000012, 41.7585559 ] } },
{ "type": "Feature", "properties": { "business_status": "OPERATIONAL", "icon": "https://maps.gstatic.com/mapfiles/place_api/icons/v1/png_71/generic_business-71.png", "icon_background_color": "#7B9EB0", "icon_mask_base_uri": "https://maps.gstatic.com/mapfiles/place_api/icons/v2/generic_pinlet", "international_phone_number": "+1 773-721-7600", "name": "ACCESS Brandon Family Health Center", "opening_hours": { "open_now": false }, "photos": [ { "height": 820, "html_attributions": [ "<a href=\"https://maps.google.com/maps/contrib/109093225400046500616\">Access Brandon Family Health Center</a>" ], "photo_reference": "AcnlKN3vtX7Q-US4ZIEDfJgwPC9o9ZRAn9g7l27L-U811cae5_ddatfkO_5b4ikzhmGBYFE5lnT43ADyrwoS7xfLmx3LbT3iiEK_RMxJ4U08EMgKZPOppMDUPjJqyMEwl77-uOxM9_DhdvYq_UcPulvl6gCzYY8StHBPFJbACAg4p4X_LJQtHO4BL3ZVIAobc7qcqCKgqC2vj1z8mUMg2PVmYPIW4Enhrfl8wNFzSTtzWBR1q84X3CuUxuviSMUvRk6ZOYy7bwbS-C7BivO-zX3fiouuSBqAxtzPylrLLgyQ35PMJS_itj8", "width": 820 } ], "place_id": "ChIJCUdb1RooDogRGjoTUhcGCtQ", "rating": 4.7, "reference": "ChIJCUdb1RooDogRGjoTUhcGCtQ", "scope": "GOOGLE", "types": [ "doctor", "health", "point_of_interest", "establishment" ], "user_ratings_total": 228.0, "vicinity": "2822 E 83rd St, Chicago", "category": "Primary Care Center – Private / Non-profit", "source": "Google Places", "raw_types_str": "doctor, health, point_of_interest, establishment" }, "geometry": { "type": "Point", "coordinates": [ -87.5554397, 41.7448692 ] } },
{ "type": "Feature", "properties": { "business_status": "OPERATIONAL", "icon": "https://maps.gstatic.com/mapfiles/place_api/icons/v1/png_71/hospital-71.png", "icon_background_color": "#F88181", "icon_mask_base_uri": "https://maps.gstatic.com/mapfiles/place_api/icons/v2/hospital-H_pinlet", "international_phone_number": "+1 773-947-7746", "name": "Associated Medical Centers of Illinois - Jackson Park", "opening_hours": { "open_now": false }, "photos": [ { "height": 4032, "html_attributions": [ "<a href=\"https://maps.google.com/maps/contrib/114069357799912294309\">Associated Medical Centers of Illinois - Jackson Park</a>" ], "photo_reference": "AcnlKN3X7HfxD9B2RSiaNkwV5OBtTRbbTY5dcz-s1jxlKsg7_duvAwKdpnYO_976DiI9TZpUdpWISfY20RBw2DE7FJ1D_uMEFyYP-rZfL5rRDgU-2iKO9Srr7D1grFz1DOt5xKx_QXCR606Yk8RUJJB5YPgQoBVLP5gEWcRzZGEc9B7HNAv7QZiN0ED2ggIjwSveRuxpQ65tELJeddq8kLWPTrIS-KQBFJnMOEUnc1XuPScmr2wx0IejNcVOQ8aFpwCf6gM4YaLzxzZdRWGfpVU9pdyjPnz3lfvK1UOfvXapJ8VZ1Bt6P9o", "width": 3024 } ], "place_id": "ChIJqQzxCfMoDogRbncQRTGRpqc", "rating": 4.8, "reference": "ChIJqQzxCfMoDogRbncQRTGRpqc", "scope": "GOOGLE", "types": [ "hospital", "health", "point_of_interest", "establishment" ], "user_ratings_total": 24.0, "vicinity": "7531 S Stony Island Ave Ste 176, Chicago", "category": "Primary Care Center – Private / Non-profit", "source": "Google Places", "raw_types_str": "hospital, health, point_of_interest, establishment" }, "geometry": { "type": "Point", "coordinates": [ -87.5849183, 41.757506 ] } },
{ "type": "Feature", "properties": { "business_status": "OPERATIONAL", "icon": "https://maps.gstatic.com/mapfiles/place_api/icons/v1/png_71/generic_business-71.png", "icon_background_color": "#7B9EB0", "icon_mask_base_uri": "https://maps.gstatic.com/mapfiles/place_api/icons/v2/generic_pinlet", "international_phone_number": "+1 773-731-0670", "name": "Presence Medical Group", "opening_hours": null, "photos": null, "place_id": "ChIJQbKMOykmDogRCgwXP6z9q6c", "rating": 3.5, "reference": "ChIJQbKMOykmDogRCgwXP6z9q6c", "scope": "GOOGLE", "types": [ "health", "point_of_interest", "establishment" ], "user_ratings_total": 6.0, "vicinity": "9000 S Stony Island Ave, Chicago", "category": "Primary Care Center – Private / Non-profit", "source": "Google Places", "raw_types_str": "health, point_of_interest, establishment" }, "geometry": { "type": "Point", "coordinates": [ -87.5856983, 41.7313041 ] } },
{ "type": "Feature", "properties": { "business_status": "OPERATIONAL", "icon": "https://maps.gstatic.com/mapfiles/place_api/icons/v1/png_71/generic_business-71.png", "icon_background_color": "#7B9EB0", "icon_mask_base_uri": "https://maps.gstatic.com/mapfiles/place_api/icons/v2/generic_pinlet", "international_phone_number": "+1 773-639-1335", "name": "FamilyDoc Urgent Care", "opening_hours": { "open_now": true }, "photos": [ { "height": 3120, "html_attributions": [ "<a href=\"https://maps.google.com/maps/contrib/103142405401647893639\">Olivergavin Gavin</a>" ], "photo_reference": "AcnlKN0a_OVLYbb1lCfUj4KpR8BjdJVQqsa4W0NE0HSTxml1RkB3_2rCvyp2f-sSMJB8oAF4bS9xw1BcfrsygXf_BMM68DCxbTQFw_TYe0rwzOPpQz-wd0vpSe9JXLH9DSo_7z4jIWRZN0MQskwmSiQR4SsHXRJU-PmFr62kg4oaIOr3mCQJqTIBeW6qnh7AhUSmUAPPQTjolQRxRNlVKp29Xw9xVLv6CMGFwdSmYkEDkdLxTvKUQAJwF8Ilo7cByiiPbXL1gCZT_E2NwpLMtALaEI_UpIZsx9JOT3Zn0mtwG0WhcXz4Yim_o7jjoI-hCAbs9oLnbTksVJUIhVVs-Pn0gIlPyMmbhoQ0r-kvoQlmpZQWP6A8d3pHP8pPT--2aiJCR-TCR3r0yE6vKwJw7PrdLEguOnu-fUu8MylBkcws-qDeheBOS680j24US-XQPNwzC8E6PYbJylAEq3xVY1KSa_LmHY0Hld3-axfQ5NQnd3LtEExvD3N6_rBn4e4i6D_szWfPyCmvkDMUwe_wMgrOACEH-HooHlyJ8Cgh_f221HxKCe3yzXMICAd_nep52OpMPa34Vg", "width": 4160 } ], "place_id": "ChIJL2iX3iApDogR2bPR3Urf4TI", "rating": 4.0, "reference": "ChIJL2iX3iApDogR2bPR3Urf4TI", "scope": "GOOGLE", "types": [ "health", "point_of_interest", "establishment" ], "user_ratings_total": 186.0, "vicinity": "7201 S Stony Island Ave, Chicago", "category": "Urgent Care / Walk-in Clinic", "source": "Google Places", "raw_types_str": "health, point_of_interest, establishment" }, "geometry": { "type": "Point", "coordinates": [ -87.5856776, 41.7638605 ] } },
{ "type": "Feature", "properties": { "business_status": "OPERATIONAL", "icon": "https://maps.gstatic.com/mapfiles/place_api/icons/v1/png_71/generic_business-71.png", "icon_background_color": "#7B9EB0", "icon_mask_base_uri": "https://maps.gstatic.com/mapfiles/place_api/icons/v2/generic_pinlet", "international_phone_number": "+1 630-856-8900", "name": "UChicago Medicine AdventHealth Family Medicine Center Hinsdale", "opening_hours": { "open_now": true }, "photos": [ { "height": 1920, "html_attributions": [ "<a href=\"https://maps.google.com/maps/contrib/105103738487506364255\">Pilar Garcia</a>" ], "photo_reference": "AcnlKN03wxruM9ftoAg4Gu7JAoJR8Onbe-GASRF66acjLwxuPcmeGdKSmQ8MEHBM3hTE4rZ52JBn0C9ZkRN3Qql5a3NvTI9yGtVqN_9UAIRolHxREj7tXIqPsWt5eG_-9GRPt2ajTmqP3jst9T4fVrkcNplszsDL2UCfrztbPVcXGa1KCSYUVA2fNYP37d60o3VE9awKceZgtVZG9VH79Df9Am2FEmGd3XHrfg13opwBKINKTKrTHD_bxNxHArVku0pyF8yfSXrUehLSaXwonxJey9GGWWF32sW1CKFJK_WRSJ0Z78bQwoSil9MMtUn7To_uGtzexn88dc2SHRy_QkGTOxm09bIXUZAqtgf0eyWR6ixA-rMmQfbmrolcJ_MJV8M6gdbxmr1ObD4HXHklgTeZEXynkTfxE42DEFFA6XaXA5z3LfCLokzPEhUj20-WTQkwXIOYS_FE2eWziO7u-l-H6Ls_5G0ANSfp1aVfLYAUaOsrg03_bjmyemIUnmFmhQH109KRXtMtVj3UnkNVs4ytiEynWWJPnCZrgUQFNKdxuAyNy5yHg8Ft5Veuza_CotMyCmTJYg", "width": 1080 } ], "place_id": "ChIJbwOxER1JDogR3ZqsgGHE62Q", "rating": 2.7, "reference": "ChIJbwOxER1JDogR3ZqsgGHE62Q", "scope": "GOOGLE", "types": [ "doctor", "health", "point_of_interest", "establishment" ], "user_ratings_total": 60.0, "vicinity": "135 N Oak St, Hinsdale", "category": "Primary Care Center – Private / Non-profit", "source": "Google Places", "raw_types_str": "doctor, health, point_of_interest, establishment" }, "geometry": { "type": "Point", "coordinates": [ -87.9195728, 41.806184599999987 ] } },
{ "type": "Feature", "properties": { "business_status": "OPERATIONAL", "icon": "https://maps.gstatic.com/mapfiles/place_api/icons/v1/png_71/hospital-71.png", "icon_background_color": "#F88181", "icon_mask_base_uri": "https://maps.gstatic.com/mapfiles/place_api/icons/v2/hospital-H_pinlet", "international_phone_number": "+1 630-856-9000", "name": "UChicago Medicine AdventHealth Hinsdale", "opening_hours": { "open_now": true }, "photos": [ { "height": 3024, "html_attributions": [ "<a href=\"https://maps.google.com/maps/contrib/107646763517002959182\">Robert Snapp</a>" ], "photo_reference": "AcnlKN0XezNDuclNvHX7PJwkbAYOY04pZgfcsyVJ5p9nH1zNbr6whOHHJPxH03Y-O8HyR-Lx64RWTmD0nfZjafp0x3t8T3NV_ZxQZe5Q454CSa-gkb4pRDdXFDOXW5KvaM9EwGrdeEz5dJOLRD87oE7NsgsuFtot7Wdp1eIW-Y90DjGwC39f3yHfKeQIvgiGNWSbRjZSIpGaqC_g20WovRTZJqt_uZ75R81QypxgGRnhdJ3i5A11pgxdSqXTlyc-nSAsLQ6wQTrHZjycZ2hT9gVPNVmxhepU3ypt1H2O9c056pQ5-mxPScUnDmYyC1yc4OCqislFczeCIDhZn2EnORAwsL_ec0zHmETDF6FAiTpNGVSFKi0cqhv0DYlKHmM_nnf2x3Snh-u7U4T4pJMxEwyLYiMCoikFCHOwOqZ7UY8WyW09jEVhEhv1gTdQ43sCbau_wKSJGf0kiJwmppfxowpdW_Wed_dtQ74068t0sYLmPjmpoHEFObFqgn3crqGtwIKkq26IbIGDuuLrEn7TKQ4-C5GwM4RzmE3AIVQHhzpzY2lPjUveDvD2nwKuE1iaNCmlDXQuxlpE", "width": 4032 } ], "place_id": "ChIJezjxkkZJDogReH-5CJ1Hshg", "rating": 4.5, "reference": "ChIJezjxkkZJDogReH-5CJ1Hshg", "scope": "GOOGLE", "types": [ "hospital", "health", "point_of_interest", "establishment" ], "user_ratings_total": 2857.0, "vicinity": "120 N Oak St, Hinsdale", "category": "Primary Care Center – Private / Non-profit", "source": "Google Places", "raw_types_str": "hospital, health, point_of_interest, establishment" }, "geometry": { "type": "Point", "coordinates": [ -87.9206228, 41.8056457 ] } },
{ "type": "Feature", "properties": { "business_status": "OPERATIONAL", "icon": "https://maps.gstatic.com/mapfiles/place_api/icons/v1/png_71/generic_business-71.png", "icon_background_color": "#7B9EB0", "icon_mask_base_uri": "https://maps.gstatic.com/mapfiles/place_api/icons/v2/generic_pinlet", "international_phone_number": "+1 888-693-6437", "name": "Duly Health and Care - Hinsdale Immediate Care Center", "opening_hours": { "open_now": true }, "photos": [ { "height": 500, "html_attributions": [ "<a href=\"https://maps.google.com/maps/contrib/100085461376547011217\">Duly Health and Care - Hinsdale Immediate Care Center</a>" ], "photo_reference": "AcnlKN0kf2aNfsgT-6RW_k4hRelk5r4zVESchYfCHs4bzkv4F1XWRTAB6zK9rZH1z_3ediWzfYnhFjvMOErkoCxg2BN1_Xkj2szTQSGP-Np7I-RWtIzDN0G9qKJ7ZFIU7QiJ3LzMadkr0egaJHYGFyAmbxdr-DNsVH28mZPyj4k5_ewZlfnCmUzhNiULGmGwWcSTo0qzVMENZg__bP9rFQJN3NOSjhQkvoGAHDdMdS5MI0b4VDiF_7kUN-K8ToZLfw1TkqOQawyCmcVmVhT8dQCD-NBIB4Zapyotp1rxmSocxOag2LjmGk4", "width": 900 } ], "place_id": "ChIJ__8_f7VODogR3L6EL25z9a0", "rating": 4.6, "reference": "ChIJ__8_f7VODogR3L6EL25z9a0", "scope": "GOOGLE", "types": [ "health", "point_of_interest", "establishment" ], "user_ratings_total": 320.0, "vicinity": "40 S Clay St Ste 110, Hinsdale", "category": "Urgent Care / Walk-in Clinic", "source": "Google Places", "raw_types_str": "health, point_of_interest, establishment" }, "geometry": { "type": "Point", "coordinates": [ -87.9358547, 41.8020801 ] } },
{ "type": "Feature", "properties": { "business_status": "OPERATIONAL", "icon": "https://maps.gstatic.com/mapfiles/place_api/icons/v1/png_71/hospital-71.png", "icon_background_color": "#F88181", "icon_mask_base_uri": "https://maps.gstatic.com/mapfiles/place_api/icons/v2/hospital-H_pinlet", "international_phone_number": null, "name": "Chestnut Medical Center", "opening_hours": null, "photos": null, "place_id": "ChIJv8VQ9slODogRlMVZPASdIbQ", "rating": null, "reference": "ChIJv8VQ9slODogRlMVZPASdIbQ", "scope": "GOOGLE", "types": [ "hospital", "doctor", "health", "point_of_interest", "establishment" ], "user_ratings_total": null, "vicinity": "534 W Chestnut St, Hinsdale", "category": "Primary Care Center – Private / Non-profit", "source": "Google Places", "raw_types_str": "hospital, doctor, health, point_of_interest, establishment" }, "geometry": { "type": "Point", "coordinates": [ -87.9385105, 41.8010931 ] } },
{ "type": "Feature", "properties": { "business_status": "OPERATIONAL", "icon": "https://maps.gstatic.com/mapfiles/place_api/icons/v1/png_71/generic_business-71.png", "icon_background_color": "#7B9EB0", "icon_mask_base_uri": "https://maps.gstatic.com/mapfiles/place_api/icons/v2/generic_pinlet", "international_phone_number": "+1 708-245-8900", "name": "UChicago Medicine AdventHealth Family Medicine Center La Grange", "opening_hours": { "open_now": true }, "photos": null, "place_id": "ChIJnbDGzqNJDogR-qxOGM5qev8", "rating": 3.3, "reference": "ChIJnbDGzqNJDogR-qxOGM5qev8", "scope": "GOOGLE", "types": [ "doctor", "health", "point_of_interest", "establishment" ], "user_ratings_total": 42.0, "vicinity": "1325 Community Memorial Dr, La Grange", "category": "Primary Care Center – Private / Non-profit", "source": "Google Places", "raw_types_str": "doctor, health, point_of_interest, establishment" }, "geometry": { "type": "Point", "coordinates": [ -87.8875747, 41.7976329 ] } },
{ "type": "Feature", "properties": { "business_status": "OPERATIONAL", "icon": "https://maps.gstatic.com/mapfiles/place_api/icons/v1/png_71/hospital-71.png", "icon_background_color": "#F88181", "icon_mask_base_uri": "https://maps.gstatic.com/mapfiles/place_api/icons/v2/hospital-H_pinlet", "international_phone_number": "+1 708-245-9000", "name": "UChicago Medicine AdventHealth La Grange", "opening_hours": { "open_now": true }, "photos": [ { "height": 3024, "html_attributions": [ "<a href=\"https://maps.google.com/maps/contrib/110876622532828253086\">Ann Braun</a>" ], "photo_reference": "AcnlKN0BCSRXd6moOgSRJyDI3SJO9UNAu3D3KyaagExpQmVkFTx5HkSEeYDcXb-xt-pOt4A5tGrkZ-ZD9r4bsbktYyiSuDYu6PKYGnM3EnfBE7zNP277iu2A1e0497l9EeghU4p0hidgx2RUvxzgqPwGk2xd5DolgvVfXfVnom0hY4z1H7svYKXTq5p7lPKqwaEPfSS5ngyPZ5MvOf-2OU3JdFrjMDFicC6bj6aG0WCWTEtK2MnD8J2b7u7Slazwn7ZElnu8OxfEc5cuIQQPM5NMUsJnU1BL6-hsDXqlkqnl2mHtCtg7J3uA7hKkDdnHZ1WnzGMfpEEaEEM4O_Guk3PY9QOT9E4UXYWpFfPpwC3kC6hSRSSdr7lU_BI8JZ6Nvq8gHuZe0eWKBgMzA_8q96genqHIW3Wfopkc8n4ajbz4CVMfCHCjOzRBQuOWbFeBVl3Cm8QoOQkdPjMAWD4SbScTAVqJ2Cu9lVYtYB-PyKANo5UrG2-OrlPoNULqe4JRTmZV_e0Z33pVt_Gfx0snvJKe0efYIcacBv1IgxM_f-tRpSzcf1ZMhlBamUpW8XiHgMuGkmVXk5qDypqgvw", "width": 4032 } ], "place_id": "ChIJnbDGzqNJDogRIpxkHAPQ_MQ", "rating": 4.4, "reference": "ChIJnbDGzqNJDogRIpxkHAPQ_MQ", "scope": "GOOGLE", "types": [ "hospital", "health", "point_of_interest", "establishment" ], "user_ratings_total": 1882.0, "vicinity": "5101 Willow Springs Rd Main Entrance, La Grange", "category": "Primary Care Center – Private / Non-profit", "source": "Google Places", "raw_types_str": "hospital, health, point_of_interest, establishment" }, "geometry": { "type": "Point", "coordinates": [ -87.8863882, 41.7967451 ] } },
{ "type": "Feature", "properties": { "business_status": "OPERATIONAL", "icon": "https://maps.gstatic.com/mapfiles/place_api/icons/v1/png_71/generic_business-71.png", "icon_background_color": "#7B9EB0", "icon_mask_base_uri": "https://maps.gstatic.com/mapfiles/place_api/icons/v2/generic_pinlet", "international_phone_number": "+1 708-482-8088", "name": "Family Medical Center of Lagrange", "opening_hours": { "open_now": false }, "photos": null, "place_id": "ChIJ2Vc4wKVJDogRhYrwojSIENY", "rating": 3.9, "reference": "ChIJ2Vc4wKVJDogRhYrwojSIENY", "scope": "GOOGLE", "types": [ "doctor", "health", "point_of_interest", "establishment" ], "user_ratings_total": 44.0, "vicinity": "5201 Willow Springs Rd # 300, La Grange", "category": "Primary Care Center – Private / Non-profit", "source": "Google Places", "raw_types_str": "doctor, health, point_of_interest, establishment" }, "geometry": { "type": "Point", "coordinates": [ -87.8867647, 41.7956273 ] } },
{ "type": "Feature", "properties": { "business_status": "OPERATIONAL", "icon": "https://maps.gstatic.com/mapfiles/place_api/icons/v1/png_71/generic_business-71.png", "icon_background_color": "#7B9EB0", "icon_mask_base_uri": "https://maps.gstatic.com/mapfiles/place_api/icons/v2/generic_pinlet", "international_phone_number": "+1 708-485-2273", "name": "Operators’ Health Center - Countryside", "opening_hours": { "open_now": true }, "photos": [ { "height": 3024, "html_attributions": [ "<a href=\"https://maps.google.com/maps/contrib/111503496209391756334\">Operators’ Health Center - Countryside</a>" ], "photo_reference": "AcnlKN3rI6NqCU0_6OxZB-4oPG-dwIYQjRzwejn7v7vQ4zXySk3c0HZBrHTbbzjii8T7AtdVwn-zpdzyOWmG62bVKJuz2VcqmZy9f3oIOFSd7qgqlsDFr3WKfONKssqixl8iGqhtNfJiNWjG6Lh45n6Z-YMCOfjD-5_cPEB908_i1L7nd67Tp7crAEDuN8y9-wx21N5a3RwWHYUsltIQXVJ_S0BMEjk1upg3wRxalvyev2f6CL39wJnpuRCZxQx1yu46NnX_vKUoujdQzVtFNbklpnBmEmTMdmAC5Cdz6LqkLEk5aD03znM", "width": 4032 } ], "place_id": "ChIJf8DtBzRIDogRaXoeXgPzWtY", "rating": 5.0, "reference": "ChIJf8DtBzRIDogRaXoeXgPzWtY", "scope": "GOOGLE", "types": [ "health", "point_of_interest", "establishment" ], "user_ratings_total": 12.0, "vicinity": "6150 Joliet Rd, Countryside", "category": "Primary Care Center – Private / Non-profit", "source": "Google Places", "raw_types_str": "health, point_of_interest, establishment" }, "geometry": { "type": "Point", "coordinates": [ -87.8697253, 41.7764366 ] } },
{ "type": "Feature", "properties": { "business_status": "OPERATIONAL", "icon": "https://maps.gstatic.com/mapfiles/place_api/icons/v1/png_71/hospital-71.png", "icon_background_color": "#F88181", "icon_mask_base_uri": "https://maps.gstatic.com/mapfiles/place_api/icons/v2/hospital-H_pinlet", "international_phone_number": "+1 708-354-4900", "name": "Loyola Medicine La Grange", "opening_hours": null, "photos": [ { "height": 4080, "html_attributions": [ "<a href=\"https://maps.google.com/maps/contrib/115532148844451058422\">A Google User</a>" ], "photo_reference": "AcnlKN1G_IM0vbBhoZ8MzS6oIi6uEOGF5rH4hTyJwaXJh8_EWdZMaHV6RvbPnj6fXL_yC9Ev6J0e9hmWs6wX-24wQu32GzY0jxetiCuKck2f6qTG_54WiHwmxpdcYeWiOapw_2ZGeT0hdyVN_1FJNGE62oRrS6lOPsTkKAiAtfZ31OfqW6YmmY_gSu7DSxNj9omItOayVifMeYT-yuTHTtCyaaDRIOQaWtyb-Fws4HkCiGx2mfh-gVJZEp4DMovtJ_ZOGZolvZcQzaKZWYMPt9v5uJRp5xO6FSEme00pIMODh46khp0eewhJB9f-b1BXl19FQEyLEAzrksBNUE6R2lOud2K0XKeRANJLNo7-4oYpehdZr5u4JnvI5VaBr7dnNm7OMdmZz6VcjxoqSH2Q526D2NMwHb9MMjKE842G4XiYLdRcUcO5nRzGcAmlrDWxHU_DfRzpuBd474iM3LcZdQ3_ojKuH7uJ7G2kQvoi2mACNVZyWybZL4VnzQjzNqVWCRpjUrXuOY8Bueggkk_YOY_ROhyl8mi5dIQhFanQY7zU4kWsdrTvBp9Pyy_B4E4YsjDqtcRalneF", "width": 3072 } ], "place_id": "ChIJVSm1pP1JDogRJJRn5EYmMNQ", "rating": 3.0, "reference": "ChIJVSm1pP1JDogRJJRn5EYmMNQ", "scope": "GOOGLE", "types": [ "hospital", "health", "point_of_interest", "establishment" ], "user_ratings_total": 38.0, "vicinity": "Main Level, 47 6th Ave, La Grange", "category": "Primary Care Center – Private / Non-profit", "source": "Google Places", "raw_types_str": "hospital, health, point_of_interest, establishment" }, "geometry": { "type": "Point", "coordinates": [ -87.8679566, 41.8142013 ] } },
{ "type": "Feature", "properties": { "business_status": "OPERATIONAL", "icon": "https://maps.gstatic.com/mapfiles/place_api/icons/v1/png_71/hospital-71.png", "icon_background_color": "#F88181", "icon_mask_base_uri": "https://maps.gstatic.com/mapfiles/place_api/icons/v2/hospital-H_pinlet", "international_phone_number": "+1 708-783-6900", "name": "Loyola Medical Group", "opening_hours": null, "photos": [ { "height": 4080, "html_attributions": [ "<a href=\"https://maps.google.com/maps/contrib/115532148844451058422\">Vincent Martinez</a>" ], "photo_reference": "AcnlKN0l756Ckpos2jJwrqV4FeUXj46BYjPxB0p69SkE1GXdZvdB0F4PZAOSXSjyPOfetLqo-S81-BBUfBHbJ2VUutvWGeUm63joJzWMbiPk23DaHUEOwRvwtSOTvPTjtHw_jocWl1Rkpr3i2_T1_t1IwY4nEB94MDqVA9BEc2Azsi5cQQEfPpHHDWNn-CfoOqxgT7QHT25uAruD7i-Ua4Cp8SeNXYRan0UevRArjwRR1CFTJbgYzRh7cMZlltGUSgt70o7zNIt3tq0Qg2XgfaMiMcuH0VcDHsjDCDQefSUfxUldhzRB0poWH6YUTV_uyIMWFCbtf0hG9dL4Ub4FY5iH4ov9pzu3QgmC327fMKfw_EtCvJJNUQjzji3W5_QHicg8nk84USEGbU9wAu9j4Ur_PnHv1NuNgK0eQVhUsRKv7RcjMjrvGUFEP-qzTzvWQrvlOMjnjLTfT4LzdtXYbWGtNefe0Vw_a8hSh_m4b_jdQzyZgBdHhhlOXpJglf9mxaiXiStwF0CxhlPnuL-1Go-TK_ahIeXUJRSH_ZNBvZ2_KBs1ukZQj9yFqBENHVVCIEYuokB4Hpa1", "width": 3072 } ], "place_id": "ChIJBcc515xJDogRKiztX52CCtY", "rating": 3.3, "reference": "ChIJBcc515xJDogRKiztX52CCtY", "scope": "GOOGLE", "types": [ "hospital", "health", "point_of_interest", "establishment" ], "user_ratings_total": 9.0, "vicinity": "47 6th Ave Ste N, La Grange", "category": "Primary Care Center – Private / Non-profit", "source": "Google Places", "raw_types_str": "hospital, health, point_of_interest, establishment" }, "geometry": { "type": "Point", "coordinates": [ -87.8679566, 41.8142013 ] } },
{ "type": "Feature", "properties": { "business_status": "OPERATIONAL", "icon": "https://maps.gstatic.com/mapfiles/place_api/icons/v1/png_71/generic_business-71.png", "icon_background_color": "#7B9EB0", "icon_mask_base_uri": "https://maps.gstatic.com/mapfiles/place_api/icons/v2/generic_pinlet", "international_phone_number": "+1 708-352-0330", "name": "LaGrange Medical Center & Urgent Care", "opening_hours": { "open_now": false }, "photos": [ { "height": 754, "html_attributions": [ "<a href=\"https://maps.google.com/maps/contrib/107443623862744011660\">LaGrange Medical Center &amp; Urgent Care</a>" ], "photo_reference": "AcnlKN3COQD6F88EHYnnuUIxpGAuNHuOC_hINY8_bCPjYTFctoTRAnSPNAjX_Wn6zcefR62MkQJ-_jeo6jDx0vK17k5g1jjOQdbz9QO6cvolmFFpWKQeqzVzt9ghmcwhgh8cCG79Blh4SlVSgCowDBDbwBm8shVIuiE4Hgzc1fVMoZS4EFkAkqeAG184-_hH2o13_25YKJ3qrkXSQEBXC-0COn8Mr7jy5ZIhHMAGfZh-Xp45AU4p9kZgBXQFtsUZmKF6PTy1TPpCNBNhLeABz_DEznSnbb0Yf4_GScxciV5vfwK3hk_RSA8", "width": 1135 } ], "place_id": "ChIJ88wObMRJDogR5YMy4NcJvbo", "rating": 5.0, "reference": "ChIJ88wObMRJDogR5YMy4NcJvbo", "scope": "GOOGLE", "types": [ "health", "point_of_interest", "establishment" ], "user_ratings_total": 1.0, "vicinity": "911 55th St Ste 1a, Countryside", "category": "Urgent Care / Walk-in Clinic", "source": "Google Places", "raw_types_str": "health, point_of_interest, establishment" }, "geometry": { "type": "Point", "coordinates": [ -87.8795922, 41.7899476 ] } },
{ "type": "Feature", "properties": { "business_status": "OPERATIONAL", "icon": "https://maps.gstatic.com/mapfiles/place_api/icons/v1/png_71/generic_business-71.png", "icon_background_color": "#7B9EB0", "icon_mask_base_uri": "https://maps.gstatic.com/mapfiles/place_api/icons/v2/generic_pinlet", "international_phone_number": "+1 708-298-0543", "name": "Physicians Immediate Care", "opening_hours": { "open_now": true }, "photos": [ { "height": 1836, "html_attributions": [ "<a href=\"https://maps.google.com/maps/contrib/118250714234542194518\">Ann Drew KPro</a>" ], "photo_reference": "AcnlKN22MZ0fw4zeJkOm_6Lb4AwkQFAwYiryMTZnwVVGjTmjmAYCrVCuQi6IibdevvWI3-qgPEUYg77iu_iVYFzvwf7K78iYDrVejqaaedsuBln3EyD4mpjnSzsZlPoLXHowgs9TKUxe1Dzfx6Jj62UQSkIcw83UQADrBB2gclWxQmxAMfkL3Zo9IaICjvx2QjqLeRaFdFFI4R1ltboZErMsLSuFnkaQMHL16r8re-JJbhnp5xfkq4uKPf2MKFqc4EqzP4TlYoyCetdz3NBkWYcqs_VBm_N32Yzm2pwZu_7zbSx7rXRn77yRuhFBx7paWH9vVTarn-xUXcl8YBniWbyEJJflJINFY22dcAix4upDeSRMX7H7rsFXllCNTy85VEePgu8v7Crgt6MnwM5uwIk_D6FQNjgYckJEeXjLP3bAAIM6rLEQthVJVKdN7pOVAvhUNxewTIzK_efbfCfmqmhYOQAoM1BjL-LxCAHJD2qVjdFCZdqH8mNEqshnnvSvLhimrNhBbn1BJ5BVeaFUbySphUi01UsMofyGc9w1thQp2k2XPCNCa38n8Nit6oN0fuHsiygcKxCI", "width": 4080 } ], "place_id": "ChIJTTiGRYtJDogR0LWMqRhvGeU", "rating": 4.6, "reference": "ChIJTTiGRYtJDogR0LWMqRhvGeU", "scope": "GOOGLE", "types": [ "doctor", "health", "point_of_interest", "establishment" ], "user_ratings_total": 295.0, "vicinity": "800 W Plainfield Rd, Countryside", "category": "Urgent Care / Walk-in Clinic", "source": "Google Places", "raw_types_str": "doctor, health, point_of_interest, establishment" }, "geometry": { "type": "Point", "coordinates": [ -87.877919, 41.7881872 ] } },
{ "type": "Feature", "properties": { "business_status": "OPERATIONAL", "icon": "https://maps.gstatic.com/mapfiles/place_api/icons/v1/png_71/generic_business-71.png", "icon_background_color": "#7B9EB0", "icon_mask_base_uri": "https://maps.gstatic.com/mapfiles/place_api/icons/v2/generic_pinlet", "international_phone_number": "+1 630-974-6131", "name": "First Choice Immediate Care", "opening_hours": { "open_now": true }, "photos": [ { "height": 4032, "html_attributions": [ "<a href=\"https://maps.google.com/maps/contrib/118180675409189918148\">PAUL JILLZ</a>" ], "photo_reference": "AcnlKN11eW9aodLoy4CScQk_W-XuLKn1Nf_jdGIfgTcsZyBPO2_-1ZVsuAXy8zbGzYF9ZMFkcjcrgzuGyIXuEGSKLBEJpXC2ESwaavCMV3bjjrTUI3KSC6HdeL-AOdtkWwpksb9dMrcx81HS-k5EpZys08lP4Cl9P2MAZms6UHe7uq4suiGMMrAc9Vscbwu8VCyEGNgWi6R6mM5wxNO0R-tmirBbJ_-jxBKHfYKTBVWTqAYdBC3I8-455xUTs5rz2ZL827Ylkt9Awx_NuQhk_JLBEXZdiCIxNvpksp2ZLdCfQtTLRONY0oa8lgWOphbYGXuUL_PMRcX_O4nwJBLBwhGNI9Vn4v9FV7iiZxmJrRvoFhX0sbO4z6fEGhb4_nMhQUl5NuDSPGbpkWz9VpRyyA_b1X44ECuuB59GkGMucIk6aE8PVFH-lmvnVds0HsAE2ZHMeqIs6qEOiIICsvLWt4F3cWDlvNzg6AizcyYrYmyut9ClNPBJXrNcmZ7XemE2poA5YjvDaQfBuf8TbqQ0u83w3Ir4ryJEgfWIEG6tcLdbblf9tA9jPRvVWGRyPCMdgtdTlhQkz_cV", "width": 3024 } ], "place_id": "ChIJox27w_pJDogR7CYf-L_60WQ", "rating": 4.8, "reference": "ChIJox27w_pJDogR7CYf-L_60WQ", "scope": "GOOGLE", "types": [ "health", "point_of_interest", "establishment" ], "user_ratings_total": 720.0, "vicinity": "6545 W Archer Ave, Chicago", "category": "Urgent Care / Walk-in Clinic", "source": "Google Places", "raw_types_str": "health, point_of_interest, establishment" }, "geometry": { "type": "Point", "coordinates": [ -87.7860219, 41.791983 ] } },
{ "type": "Feature", "properties": { "business_status": "OPERATIONAL", "icon": "https://maps.gstatic.com/mapfiles/place_api/icons/v1/png_71/hospital-71.png", "icon_background_color": "#F88181", "icon_mask_base_uri": "https://maps.gstatic.com/mapfiles/place_api/icons/v2/hospital-H_pinlet", "international_phone_number": "+1 773-284-2200", "name": "ACCESS Doctors Medical Center", "opening_hours": { "open_now": false }, "photos": [ { "height": 820, "html_attributions": [ "<a href=\"https://maps.google.com/maps/contrib/108339973195451588268\">Access Doctors Medical Center</a>" ], "photo_reference": "AcnlKN3d_tXgC4l4ji39iPxDiedmdoM0BkzvpKrujYSnwpylzGWgVQBtzEXzDGlc3d5lC2s2P_H52AfNc7Lz0OI6PuUUNh8JmAEtynl0x8JQ23xEdwNY1ChLXXC9UgvJO6UEZ7UiyrEssaab0oCOPotwLLuHj2VXBbkk38jiwSWEgZWE5yjeEukCe9vbI4QlenQrVbFu9OIj0kQeeiLlf0wDAWSYV87LYJzdQObZ_V7ujKesbdQzqIvZYJuuKuF3REssmPf7WDyWEt1EBg7hfSpdch_Rag_oAl8Xj5PNrqpMdXw7R_cx50U", "width": 819 } ], "place_id": "ChIJy2rR9cw2DogRXptUouBpgpI", "rating": 3.6, "reference": "ChIJy2rR9cw2DogRXptUouBpgpI", "scope": "GOOGLE", "types": [ "hospital", "doctor", "health", "point_of_interest", "establishment" ], "user_ratings_total": 78.0, "vicinity": "6240 W 55th St, Chicago", "category": "Primary Care Center – Private / Non-profit", "source": "Google Places", "raw_types_str": "hospital, doctor, health, point_of_interest, establishment" }, "geometry": { "type": "Point", "coordinates": [ -87.7786334, 41.7926907 ] } },
{ "type": "Feature", "properties": { "business_status": "OPERATIONAL", "icon": "https://maps.gstatic.com/mapfiles/place_api/icons/v1/png_71/generic_business-71.png", "icon_background_color": "#7B9EB0", "icon_mask_base_uri": "https://maps.gstatic.com/mapfiles/place_api/icons/v2/generic_pinlet", "international_phone_number": "+1 773-586-2100", "name": "Archer Family Medical Group", "opening_hours": { "open_now": false }, "photos": null, "place_id": "ChIJpZ_eUsQ2DogRoHPm-zKFIhY", "rating": 3.5, "reference": "ChIJpZ_eUsQ2DogRoHPm-zKFIhY", "scope": "GOOGLE", "types": [ "doctor", "health", "point_of_interest", "establishment" ], "user_ratings_total": 17.0, "vicinity": "6649 W Archer Ave Suite #300, Chicago", "category": "Primary Care Center – Private / Non-profit", "source": "Google Places", "raw_types_str": "doctor, health, point_of_interest, establishment" }, "geometry": { "type": "Point", "coordinates": [ -87.7886264, 41.7919706 ] } },
{ "type": "Feature", "properties": { "business_status": "OPERATIONAL", "icon": "https://maps.gstatic.com/mapfiles/place_api/icons/v1/png_71/generic_business-71.png", "icon_background_color": "#7B9EB0", "icon_mask_base_uri": "https://maps.gstatic.com/mapfiles/place_api/icons/v2/generic_pinlet", "international_phone_number": "+1 708-496-9549", "name": "Summit Medical Center", "opening_hours": { "open_now": false }, "photos": [ { "height": 4032, "html_attributions": [ "<a href=\"https://maps.google.com/maps/contrib/118171411614911715305\">Mercy</a>" ], "photo_reference": "AcnlKN2ICbrM3Vwxx6vQgkG1MyakqGFMq2pnLTLfV0KTu3UKXzjo84A96TDv-Lk_CnHEYa4Cb83wPZM_lVZMog5VrVULEXv3aeCGrodu_-vmKtLzwu8K74is833kwU4YW8bXfPrsWhDfR790B7s9yBQWTDPqFL3pqCyGetT59VaondgFQ_lsGCVoIon1_Y8gdnMdjtXwYy0Euf9O25gYPrblgJt3hNqQQC42JmxFmPLTQPN5whhSpH5Bdt3ABLj12kLRzByN-pdzAK6mtAd18dqdc0YtYtb7etstjkayceIt_UTXMx8_HJLXTNLVhkkgUrHy5BOJYUC6lKloiUScMVAp9OlfTRpIFT3t3nRItWU7tNni1pn9gP6UMfqWNTsbVqGWuxw5uDnm5zR0NAycTZvN1quQ9-rQfQlI8G8bUp7fMhCo1nPMRlavkzJpBupOiLWM0GmHaj7eByPAIkp06GQLZd_sHdDByEiknCdF3qOH0AsqpLQ30Ly9Neg-HXPzMU50RXdLT0ATllJ1uGu8dkPYHuFr73nDUXh8KhRObdm_vW3Yz_CXh5OlG3XqrQXxGwpe557-L9h6BZVBT7Ym8qD4gZr9S6E", "width": 3024 } ], "place_id": "ChIJ0yAoWQA3DogROFyUoxn3J0w", "rating": 4.8, "reference": "ChIJ0yAoWQA3DogROFyUoxn3J0w", "scope": "GOOGLE", "types": [ "pharmacy", "health", "store", "point_of_interest", "establishment" ], "user_ratings_total": 33.0, "vicinity": "6252 S Archer Rd, Summit", "category": "Primary Care Center – Private / Non-profit", "source": "Google Places", "raw_types_str": "pharmacy, health, store, point_of_interest, establishment" }, "geometry": { "type": "Point", "coordinates": [ -87.8140861, 41.777384 ] } },
{ "type": "Feature", "properties": { "business_status": "OPERATIONAL", "icon": "https://maps.gstatic.com/mapfiles/place_api/icons/v1/png_71/generic_business-71.png", "icon_background_color": "#7B9EB0", "icon_mask_base_uri": "https://maps.gstatic.com/mapfiles/place_api/icons/v2/generic_pinlet", "international_phone_number": "+1 708-458-0757", "name": "ACCESS Des Plaines Valley Health Center", "opening_hours": { "open_now": false }, "photos": [ { "height": 738, "html_attributions": [ "<a href=\"https://maps.google.com/maps/contrib/103171124710236990897\">Access Des Plaines Valley Health Center</a>" ], "photo_reference": "AcnlKN3sKAPTvapul5XUDPzYJ3hCBz0j_1pZmDfDWuQsze9tt-cgk9k-_DswoJCfRBaO4-GRM1mwccjwnyK3Xmm9zFO18KlAly_DwyatChhRm-JvbsfOha-heC6IGQ74vJQr7VXrBF-m4reNfNJkIaZG86NoY2Y31TwlkchrpuspyuhdjczoMTwWzl3vAnPhmhw2pMZujRy5a_9ib1PPxgyxODANwocMQzxFNpTCuypwF7oRxT_CwtMiVTuRDJEdMhYUKEVQfBqlWA4GdH0DJJ8CldzIMsmKk20wJQqffxrtcZDaaKASvXo", "width": 820 } ], "place_id": "ChIJc8X-CwM3DogRn0nhVIqmGSA", "rating": 4.1, "reference": "ChIJc8X-CwM3DogRn0nhVIqmGSA", "scope": "GOOGLE", "types": [ "doctor", "health", "point_of_interest", "establishment" ], "user_ratings_total": 97.0, "vicinity": "7450 63rd St, Summit", "category": "Primary Care Center – Private / Non-profit", "source": "Google Places", "raw_types_str": "doctor, health, point_of_interest, establishment" }, "geometry": { "type": "Point", "coordinates": [ -87.8079444, 41.7773083 ] } },
{ "type": "Feature", "properties": { "business_status": "OPERATIONAL", "icon": "https://maps.gstatic.com/mapfiles/place_api/icons/v1/png_71/hospital-71.png", "icon_background_color": "#F88181", "icon_mask_base_uri": "https://maps.gstatic.com/mapfiles/place_api/icons/v2/hospital-H_pinlet", "international_phone_number": "+1 708-485-4050", "name": "Maple Avenue Medical Center", "opening_hours": { "open_now": false }, "photos": [ { "height": 3448, "html_attributions": [ "<a href=\"https://maps.google.com/maps/contrib/116011370598941324519\">Rich R</a>" ], "photo_reference": "AcnlKN28ujGwGC6KmcqEA3Q0iTreLAGRv7C_TtZzYsc3zt_tzqV1qN0v_2klDham0lkWx7mzYSlHMeziYAsKj-DIunyA-hrOz6rFAm8H7B_PpvHsW6tEQYiyH3K7ZkFvGzhYGHULip7RHVllokkdgnDuGRTc5wA3cwQ8sCpJGLT_xJsXGK3EckAxqqE7Pz0BNaZFFFKrJ-tx92jlW13Kuazqb9yWk4Kb7Y5DQE6_S0Za61cCWnJcjN-84QQp9pwNOyMt9XeCl-1G25LhRgiZ03IfTC9z8QocY-llS1uVbhRXyjz4ssFAxBmRkf8WTOD9MiT8OPEcQKFXQpFhYwgKQ7koYO5RtKwwUI1ZnmtTRLLmo3c10gXed3dMc_fRbzGTHHmq1v7ys67NPzruopWCgtHXmnwxu_v4Pk77Dkn8nGoC_EznS3N5y3_pIyJcqufmRZ-zMcUiXgRnojGDmBBpd8yr0W2PU-tf_dzyoLTmECXMGsxZ6QEwm2Au1PQn-VXQlK78i5wj9x4XAWFx2HMRLokI9q_vDf8AG4QWpMtNpuXFNZImOEvQaC1xOiJ7ZgNHBujkCa9jSTMjPyMRTw", "width": 4592 } ], "place_id": "ChIJb0PCpgE2DogRG5zjhobfybI", "rating": 4.3, "reference": "ChIJb0PCpgE2DogRG5zjhobfybI", "scope": "GOOGLE", "types": [ "hospital", "doctor", "health", "point_of_interest", "establishment" ], "user_ratings_total": 6.0, "vicinity": "9223 Ogden Ave, Brookfield", "category": "Primary Care Center – Private / Non-profit", "source": "Google Places", "raw_types_str": "hospital, doctor, health, point_of_interest, establishment" }, "geometry": { "type": "Point", "coordinates": [ -87.8528563, 41.8168178 ] } },
{ "type": "Feature", "properties": { "business_status": "OPERATIONAL", "icon": "https://maps.gstatic.com/mapfiles/place_api/icons/v1/png_71/hospital-71.png", "icon_background_color": "#F88181", "icon_mask_base_uri": "https://maps.gstatic.com/mapfiles/place_api/icons/v2/hospital-H_pinlet", "international_phone_number": "+1 833-877-4637", "name": "AMITA Health Chicago", "opening_hours": null, "photos": [ { "height": 1920, "html_attributions": [ "<a href=\"https://maps.google.com/maps/contrib/112962403041063336338\">Jeff Dude</a>" ], "photo_reference": "AcnlKN0MjzvBr8ekhBfr9EY5D2AcHmq90-iT5iw5RksIHZlz4p455WUWu32U5CoxkbX0aNZptYso0Ir2t58evkc0qNrWy3r6EnJPTWBHgdHlgRa9LVkw13_DnoYzKFCJp1VA1jA151u_S0fIdl7P5QojISR9Dwznc8m8d_xNG2DVqj0K_iZgXII8lAq6XW2CIZrB7eneQFya_Rm8DK6Jt4YDCa11lKaN2hJ60mVspzYuFdre0FGskiYGgiBJTFMI2XLhrIkg-EaWj41gh1O9kT7pzYZEy66M7h9Gz-8715-zrgiKWBDGDhfmsPjl31yMhMVWP0iOwC4IMppxR5MQdO25jhOgslpASO4kHcHB1SKjhxh-Oxj3SR95JbP1_r6DAq-HzMu6lboLzz2VYzC4QQ8D0gFa0dtYVebBAmndeVk3crqhJwVz4awN-TOM9vdoqSpzJfG5GA7kLPXG9hcBY3G-J6uFWPbf9l9hL3VN3bULLaIIvVVmTgM861y2r5_It4k6e4MvdEBYPvxE-BIsDLPhuDrnVUjyppk1x00OZUeAJPAlqC-9XMq6UB40JzE9U5LCGkYp-Kg7xO7m9g", "width": 1080 } ], "place_id": "ChIJ_ZBIxzYxDogRUiXFcBBFTIg", "rating": 3.0, "reference": "ChIJ_ZBIxzYxDogRUiXFcBBFTIg", "scope": "GOOGLE", "types": [ "hospital", "health", "point_of_interest", "establishment" ], "user_ratings_total": 8.0, "vicinity": "6084 S Archer Ave # 102, Chicago", "category": "Primary Care Center – Private / Non-profit", "source": "Google Places", "raw_types_str": "hospital, health, point_of_interest, establishment" }, "geometry": { "type": "Point", "coordinates": [ -87.7700186, 41.7948154 ] } },
{ "type": "Feature", "properties": { "business_status": "OPERATIONAL", "icon": "https://maps.gstatic.com/mapfiles/place_api/icons/v1/png_71/generic_business-71.png", "icon_background_color": "#7B9EB0", "icon_mask_base_uri": "https://maps.gstatic.com/mapfiles/place_api/icons/v2/generic_pinlet", "international_phone_number": "+1 708-929-1569", "name": "Midwest Express Clinic Urgent Care", "opening_hours": { "open_now": true }, "photos": [ { "height": 4000, "html_attributions": [ "<a href=\"https://maps.google.com/maps/contrib/109722038482568275602\">Midwest Express Clinic Urgent Care</a>" ], "photo_reference": "AcnlKN2kiwguOLCp1AVbab9MKFUQWHE1fH4YT0ZbYUQDTmXQeTvMPouNQKQhHh79QglJcSqMZBO0GCgWRF6V5xcBv2JJXkWhlCqKRibJRsNKOrwI33282bsLxK11ig3xzYAFadEDo37OKcvhAYNsHBWCOPEZwy9tbAOI8UVN9mRgWpINDjDiAo-3d8g5JuDpy8tiaT8tZ59jb60V60ViyOkYaSlFbJ9GABQ_L6GuvKFpDU8-871wc9Pc_wgDZecrB8vMhU91WEz41EPfwsLwD92ul90gYAsKaazzVJz6ohEyRVl4UjxDKLY", "width": 5956 } ], "place_id": "ChIJn5qdSHoxDogRoglIcBEmQMU", "rating": 4.7, "reference": "ChIJn5qdSHoxDogRoglIcBEmQMU", "scope": "GOOGLE", "types": [ "doctor", "point_of_interest", "health", "establishment" ], "user_ratings_total": 282.0, "vicinity": "6239 S Archer Ave, Chicago", "category": "Urgent Care / Walk-in Clinic", "source": "Google Places", "raw_types_str": "doctor, point_of_interest, health, establishment" }, "geometry": { "type": "Point", "coordinates": [ -87.7759201, 41.7933065 ] } },
{ "type": "Feature", "properties": { "business_status": "OPERATIONAL", "icon": "https://maps.gstatic.com/mapfiles/place_api/icons/v1/png_71/generic_business-71.png", "icon_background_color": "#7B9EB0", "icon_mask_base_uri": "https://maps.gstatic.com/mapfiles/place_api/icons/v2/generic_pinlet", "international_phone_number": "+1 773-585-4032", "name": "Advanced Urgent Care", "opening_hours": { "open_now": false }, "photos": [ { "height": 949, "html_attributions": [ "<a href=\"https://maps.google.com/maps/contrib/105545696841543228745\">Advanced Urgent Care</a>" ], "photo_reference": "AcnlKN1EeS35jr1nlFbV-KpbpPlm0KZdyfcIM_5Gks3rGOmzZyaqo8X2wN2X6j6Y4lITN03ZONKVKMQ2eGu7blibgX-fVQQPm0Clv4oF5LhTHME6Cr71hxEISJCBwOzUPTvt8TpHFAl5JbluKdHjIrDnFNiQT7uHU3uc1qr37oFMJrgaAI2fc64gFqYeynxC8bvKpBvej4Il0ibt0deJbM1CcY0yEg0dWd4QN6SgTl3yZJIWHikFSGbZs7hz4kdqBzWpuYsAovmg80txCJmrAti-5fFmfwuh7F0c7DeAw_-EyMri2_7FLk8", "width": 1600 } ], "place_id": "ChIJ-64cN9YwDogR1pMFb6t9EsY", "rating": 3.8, "reference": "ChIJ-64cN9YwDogR1pMFb6t9EsY", "scope": "GOOGLE", "types": [ "hospital", "doctor", "point_of_interest", "health", "establishment" ], "user_ratings_total": 161.0, "vicinity": "5907 W 63rd St, Chicago", "category": "Urgent Care / Walk-in Clinic", "source": "Google Places", "raw_types_str": "hospital, doctor, point_of_interest, health, establishment" }, "geometry": { "type": "Point", "coordinates": [ -87.7693837, 41.7776909 ] } },
{ "type": "Feature", "properties": { "business_status": "OPERATIONAL", "icon": "https://maps.gstatic.com/mapfiles/place_api/icons/v1/png_71/generic_business-71.png", "icon_background_color": "#7B9EB0", "icon_mask_base_uri": "https://maps.gstatic.com/mapfiles/place_api/icons/v2/generic_pinlet", "international_phone_number": "+1 773-284-8601", "name": "Southtown Medical Center", "opening_hours": { "open_now": true }, "photos": null, "place_id": "ChIJxcWwILUxDogRXpasURbnMmU", "rating": 4.0, "reference": "ChIJxcWwILUxDogRXpasURbnMmU", "scope": "GOOGLE", "types": [ "doctor", "health", "point_of_interest", "establishment" ], "user_ratings_total": 20.0, "vicinity": "3844 W 63rd St, Chicago", "category": "Primary Care Center – Private / Non-profit", "source": "Google Places", "raw_types_str": "doctor, health, point_of_interest, establishment" }, "geometry": { "type": "Point", "coordinates": [ -87.7196352, 41.7788195 ] } },
{ "type": "Feature", "properties": { "business_status": "OPERATIONAL", "icon": "https://maps.gstatic.com/mapfiles/place_api/icons/v1/png_71/hospital-71.png", "icon_background_color": "#F88181", "icon_mask_base_uri": "https://maps.gstatic.com/mapfiles/place_api/icons/v2/hospital-H_pinlet", "international_phone_number": "+1 708-505-6400", "name": "Associated Medical Centers of Illinois - Midway", "opening_hours": { "open_now": false }, "photos": [ { "height": 3024, "html_attributions": [ "<a href=\"https://maps.google.com/maps/contrib/102497711729231848925\">Associated Medical Centers of Illinois - Midway</a>" ], "photo_reference": "AcnlKN1QLAAG7UjEHmwqs5EOiqYGXwoxLXFhe5EKyY3r3lkiRfDNQM8lsRH4M_lohHjMPQEOPlMO6IOppxOrY6yW74bKac6WYjfzQWaqK1aqEfzQDYWxax0XLtao5D19XUHxbHyafR_BwBbTyUpAHgMSZsddpt1DcfaSy4EvXRO2CmdwQQBWbnEiv7S84OnBUbga4LuuoKB4rVZX1q7TUgmGBkPlEV3Xt6pNpyYLtaRXFGFMVWjudzQIznK8kRfORZ0DpW0iw4M3ARi2TiMrOucT7ydtopTJ2EhJoAzHV8DZT01NvrzgiVY", "width": 4032 } ], "place_id": "ChIJ__8bWqsxDogRWG--E7Xjtck", "rating": 4.7, "reference": "ChIJ__8bWqsxDogRWG--E7Xjtck", "scope": "GOOGLE", "types": [ "hospital", "health", "point_of_interest", "establishment" ], "user_ratings_total": 30.0, "vicinity": "4354 W 63rd St, Chicago", "category": "Primary Care Center – Private / Non-profit", "source": "Google Places", "raw_types_str": "hospital, health, point_of_interest, establishment" }, "geometry": { "type": "Point", "coordinates": [ -87.7323248, 41.7786761 ] } },
{ "type": "Feature", "properties": { "business_status": "OPERATIONAL", "icon": "https://maps.gstatic.com/mapfiles/place_api/icons/v1/png_71/generic_business-71.png", "icon_background_color": "#7B9EB0", "icon_mask_base_uri": "https://maps.gstatic.com/mapfiles/place_api/icons/v2/generic_pinlet", "international_phone_number": "+1 773-767-2266", "name": "Cavero Medical Services Ltd", "opening_hours": { "open_now": false }, "photos": [ { "height": 809, "html_attributions": [ "<a href=\"https://maps.google.com/maps/contrib/111738186563313190628\">Cavero Medical Services Ltd</a>" ], "photo_reference": "AcnlKN1WLorzfgZOxbpF4399PN9d2e8odwsnMEh0pEBx5hl2k5t4R6bq8sYSX9CJBM_IgmYWajgkPMGc5W5w75MSH_e8U-V79LclAtP4LPO3Zm73ajQBX6WpTBZ8eBIpchphiWnz2gmEvowaTfYxy48e3k623cPNIaP9CgTtprhmXJ-r-8-Z0JNExi87YveR87cxP4ZXWDrTyz4TedNyrlWCsOUUvkTzndqJ5I4jZ9qKzISjouCVTvlIwXe44Gyydg6PslWKXp-nf7zr3MJWIxe6a2s_ItYiHtXPNLT8POBQDySeWIrvXsQ", "width": 1440 } ], "place_id": "ChIJucDTTrMxDogR_8L4bZxCfkk", "rating": 1.8, "reference": "ChIJucDTTrMxDogR_8L4bZxCfkk", "scope": "GOOGLE", "types": [ "health", "point_of_interest", "establishment" ], "user_ratings_total": 162.0, "vicinity": "4007 W 63rd St, Chicago", "category": "Primary Care Center – Private / Non-profit", "source": "Google Places", "raw_types_str": "health, point_of_interest, establishment" }, "geometry": { "type": "Point", "coordinates": [ -87.7230707, 41.7785609 ] } },
{ "type": "Feature", "properties": { "business_status": "OPERATIONAL", "icon": "https://maps.gstatic.com/mapfiles/place_api/icons/v1/png_71/generic_business-71.png", "icon_background_color": "#7B9EB0", "icon_mask_base_uri": "https://maps.gstatic.com/mapfiles/place_api/icons/v2/generic_pinlet", "international_phone_number": "+1 773-582-6800", "name": "Midway Clinic", "opening_hours": { "open_now": false }, "photos": [ { "height": 4032, "html_attributions": [ "<a href=\"https://maps.google.com/maps/contrib/108850558053986653237\">Taha Wlson</a>" ], "photo_reference": "AcnlKN22iGkYM5HOVA4VghxtxirPPcO6Uuy0kk_0YZpdtvjprGc1jzbohbtMt1yViitxwYLwCKVpef3kZUmZp37uSwoSV0MVSeDdCNc4LnwleRqyqz1acpY61zyu205nEyXVGVWwWJSXRQLYjQcWoBsiOl5Mjkc5PdawrNcy069ewCE4Q74T2MQVZhgh77UdqioMAp3U7pTxntuADEPVnGoPUNq5ZFO4D7n0iElWrVulnYxYqIatBepy2g3QWUsj8AfutkRYSf19z9lfpX9XBb_TU5z7e2xqdmsTl3f24aQX91DU6ktMBnM9bwkP9RbHOa7dv10NiAzHWoJTZnw-4Ca5A6Sdumh7-qbiej_zLg0UbNvMYngd3qZPXJanEnOo_Cc4PP3SgTz2x9RwBot9qsvMB8EDGSifLZ4b7XRhuIQogDMrzlMSqNv6uaXysaSGicKLy7owYHy7uxv-iIUz6TKO3rAYpXtd-RrPeCTgikUiZ4y2JIwAjTV5BNn_ZBZvs33yCSvyzYX40Y_L5XbZcPVN-R7yFgfU2A5Ysa8F4qEf3bB_8u1KGTn_KN0yqG_fDsBytW3tWQ", "width": 3024 } ], "place_id": "ChIJh-UR3XMxDogRgzDJ0Yc1oCg", "rating": 3.2, "reference": "ChIJh-UR3XMxDogRgzDJ0Yc1oCg", "scope": "GOOGLE", "types": [ "health", "point_of_interest", "establishment" ], "user_ratings_total": 191.0, "vicinity": "4940 S Cicero Ave #2116, Chicago", "category": "Primary Care Center – Private / Non-profit", "source": "Google Places", "raw_types_str": "health, point_of_interest, establishment" }, "geometry": { "type": "Point", "coordinates": [ -87.7433459, 41.802772399999988 ] } },
{ "type": "Feature", "properties": { "business_status": "OPERATIONAL", "icon": "https://maps.gstatic.com/mapfiles/place_api/icons/v1/png_71/generic_business-71.png", "icon_background_color": "#7B9EB0", "icon_mask_base_uri": "https://maps.gstatic.com/mapfiles/place_api/icons/v2/generic_pinlet", "international_phone_number": "+1 773-584-6200", "name": "Esperanza Health Centers 63rd Street", "opening_hours": { "open_now": true }, "photos": [ { "height": 692, "html_attributions": [ "<a href=\"https://maps.google.com/maps/contrib/115586431126304737311\">Esperanza Health Centers 63rd Street</a>" ], "photo_reference": "AcnlKN1exeQrvl5rcg_b4vhDidjqODPI_ujBIpRQ0J1n4ALmZWl5z7_0iYehMuMOMOuooh-ZEzdT57_2FSr_Jo_-IoXjfarQRfRuU8YbnGBqSGzP8CiY0LySKDLFN38_sAQ23vI5lsamYcpyZ37qoG_vwfvsJqv57TMoXaI-8o3PeMELF7Mg6b89Ew3GVBM6MvtxRLOWKO-wxlI161NhhT4C0HWJz3Ny7R0cihPXOO-OELK4jB3EbWj0qJG2nAD7GEl8gNyd3FaOK7zL9bSzScqC81Fwx-DpTxbAqZard_JnWzo_8-SHX8g", "width": 1146 } ], "place_id": "ChIJWc1I-WwxDogRyK4PX7JydKw", "rating": 4.4, "reference": "ChIJWc1I-WwxDogRyK4PX7JydKw", "scope": "GOOGLE", "types": [ "health", "point_of_interest", "establishment" ], "user_ratings_total": 37.0, "vicinity": "4058 W 63rd St, Chicago", "category": "Primary Care Center – Private / Non-profit", "source": "Google Places", "raw_types_str": "health, point_of_interest, establishment" }, "geometry": { "type": "Point", "coordinates": [ -87.7250426, 41.7787541 ] } },
{ "type": "Feature", "properties": { "business_status": "OPERATIONAL", "icon": "https://maps.gstatic.com/mapfiles/place_api/icons/v1/png_71/generic_business-71.png", "icon_background_color": "#7B9EB0", "icon_mask_base_uri": "https://maps.gstatic.com/mapfiles/place_api/icons/v2/generic_pinlet", "international_phone_number": "+1 872-588-3560", "name": "Lawndale Christian Health Center Archer Avenue Clinic", "opening_hours": { "open_now": false }, "photos": null, "place_id": "ChIJKXf8HJkxDogRKe82vj2TWO8", "rating": 2.9, "reference": "ChIJKXf8HJkxDogRKe82vj2TWO8", "scope": "GOOGLE", "types": [ "hospital", "doctor", "health", "point_of_interest", "establishment" ], "user_ratings_total": 68.0, "vicinity": "5122 S Archer Ave, Chicago", "category": "Primary Care Center – Private / Non-profit", "source": "Google Places", "raw_types_str": "hospital, doctor, health, point_of_interest, establishment" }, "geometry": { "type": "Point", "coordinates": [ -87.7304272, 41.8007797 ] } },
{ "type": "Feature", "properties": { "business_status": "OPERATIONAL", "icon": "https://maps.gstatic.com/mapfiles/place_api/icons/v1/png_71/generic_business-71.png", "icon_background_color": "#7B9EB0", "icon_mask_base_uri": "https://maps.gstatic.com/mapfiles/place_api/icons/v2/generic_pinlet", "international_phone_number": "+1 773-735-2345", "name": "ACCESS Southwest Family Health Center", "opening_hours": { "open_now": false }, "photos": [ { "height": 1071, "html_attributions": [ "<a href=\"https://maps.google.com/maps/contrib/117629029121941430129\">Access Southwest Family Health Center</a>" ], "photo_reference": "AcnlKN2N5OHI8mwYAeeH1W3bNZBkn_pZMGA_YsQd8PoQMyjtgjJp8OrJ0HMER1zJsPzybW1moNFLqPu3LATYKL5YT9R6a7WiiSZbJXWqev6hfPNYXPp9UvmshYCCouFv5CZSlj9IAxJomkuy0OWzBVTHFlhSrB7v7XMF9jpK2qfd9qNiKgsjZg9YVYfP1DDCvDXC9dpN-bm17rIqALucs29sZPN-9HMzAdhn7fvbyP-ksf6qxsKyAG6snZA-Z72ztKbnmBy7nsHGnlr9l9sA_qGWuq2kZhC6M1oi0ql8kY1dUSf47mHP-GE", "width": 1285 } ], "place_id": "ChIJxx7dZHAxDogRrXqWK4gMkUw", "rating": 3.7, "reference": "ChIJxx7dZHAxDogRrXqWK4gMkUw", "scope": "GOOGLE", "types": [ "doctor", "health", "point_of_interest", "establishment" ], "user_ratings_total": 79.0, "vicinity": "4839 W 47th St, Chicago", "category": "Primary Care Center – Private / Non-profit", "source": "Google Places", "raw_types_str": "doctor, health, point_of_interest, establishment" }, "geometry": { "type": "Point", "coordinates": [ -87.7447548, 41.8075039 ] } },
{ "type": "Feature", "properties": { "business_status": "OPERATIONAL", "icon": "https://maps.gstatic.com/mapfiles/place_api/icons/v1/png_71/hospital-71.png", "icon_background_color": "#F88181", "icon_mask_base_uri": "https://maps.gstatic.com/mapfiles/place_api/icons/v2/hospital-H_pinlet", "international_phone_number": "+1 312-492-0060", "name": "UI Health 55th & Pulaski Health Collaborative", "opening_hours": { "open_now": false }, "photos": [ { "height": 807, "html_attributions": [ "<a href=\"https://maps.google.com/maps/contrib/100947328979714077249\">UI Health 55th &amp; Pulaski Health Collaborative</a>" ], "photo_reference": "AcnlKN16C3IUsb8gPR23WUfhGb4o6InbBY7wqr50Cd0cKvNcxUTMWLsGCoXu2dmb5aGbrpZl3r_j3SK_L5rbnA5EfJbDDVXgJylvy4okleTyp32x7YNo0U2FuGRStkZgeAisdaSgmDvF3_qnvoP7CBkub0becv5j7u154-Eaw0MiUSJ4IBJDgEX4lpQVdBlyPKKN8XL084Fo0B2EkA_8umEdf0ydnjx28TByOvN67rmHmv4cRXOAQW3xCJVdaMpE8FvZgwjxctKC2Dn2e0KJd9Ut5WVew1EcODOHVlR9sKzBbEoMKhHcg70", "width": 1200 } ], "place_id": "ChIJY-TMQRExDogRxogZa8FlhN0", "rating": 3.7, "reference": "ChIJY-TMQRExDogRxogZa8FlhN0", "scope": "GOOGLE", "types": [ "hospital", "health", "point_of_interest", "establishment" ], "user_ratings_total": 20.0, "vicinity": "5525 S Pulaski Rd, Chicago", "category": "Primary Care Center – Private / Non-profit", "source": "Google Places", "raw_types_str": "hospital, health, point_of_interest, establishment" }, "geometry": { "type": "Point", "coordinates": [ -87.7227506, 41.7924796 ] } },
{ "type": "Feature", "properties": { "business_status": "OPERATIONAL", "icon": "https://maps.gstatic.com/mapfiles/place_api/icons/v1/png_71/generic_business-71.png", "icon_background_color": "#7B9EB0", "icon_mask_base_uri": "https://maps.gstatic.com/mapfiles/place_api/icons/v2/generic_pinlet", "international_phone_number": "+1 312-300-7400", "name": "Physicians Immediate Care", "opening_hours": { "open_now": true }, "photos": [ { "height": 575, "html_attributions": [ "<a href=\"https://maps.google.com/maps/contrib/104104482047546432107\">Physicians Immediate Care</a>" ], "photo_reference": "AcnlKN30ngVvuPuxf6DP2EgSuHs6GtVDAK0UioFWOV8z4f-qDK-htd4wpo1ZynT9LGmZiOLsyHhnDgxiE06WwvKYAQko8yctuOSifxzWRMODr1B-F_VirsO1MG74ux2phzLIAwwZh0dgAHDFbBhFF1xN3W7cCw5q1Gt4szQz5urK5BZDhf-ovdPHAXH7RCGkoGVnacFkrfDZK6SquMXuihJsPiRR9CwnaKnUeovxwV0a5YrnKWgkUlAD3bj_uQGiRQOqV-NFvdMEIqlvsI_3cKo-6bhEhJcd2Tv1ERD-3CActGBcc860zP1S7xgKkni1Tg4TAiaQiUM2c7_P6kFoebVqRfSskzNjmerDn0Tm2XPo53xJ3IEFUHQy8shHGeSdctK5rnhzp_LK1GBTnxqt-Dc4_IzaZ_ffvVHH1bp9xx2XiK3VocedrlsIA7L4WgAa7dRcg3Vj7fsUV0nVYKqgR06doHbGUeJHw-8El7pRIjA6r_fpqt6CUQp0w57y3OQI6LSs3NEVBAypvBP58pURFN3aDYSUoJlFqVpIBf7_3kKTRyP2bicpvl6odV8i65NQsVRO6ocq_djgnrHMqeTB03sbrY7tDUQ", "width": 1022 } ], "place_id": "ChIJG-C0KdkxDogRdOiwGVqCPEc", "rating": 4.4, "reference": "ChIJG-C0KdkxDogRdOiwGVqCPEc", "scope": "GOOGLE", "types": [ "doctor", "point_of_interest", "health", "establishment" ], "user_ratings_total": 510.0, "vicinity": "5300 Long Ave, Chicago", "category": "Urgent Care / Walk-in Clinic", "source": "Google Places", "raw_types_str": "doctor, point_of_interest, health, establishment" }, "geometry": { "type": "Point", "coordinates": [ -87.7579771, 41.7962825 ] } },
{ "type": "Feature", "properties": { "business_status": "OPERATIONAL", "icon": "https://maps.gstatic.com/mapfiles/place_api/icons/v1/png_71/generic_business-71.png", "icon_background_color": "#7B9EB0", "icon_mask_base_uri": "https://maps.gstatic.com/mapfiles/place_api/icons/v2/generic_pinlet", "international_phone_number": "+1 773-389-3591", "name": "Midwest Express Clinic Urgent Care", "opening_hours": { "open_now": true }, "photos": [ { "height": 3024, "html_attributions": [ "<a href=\"https://maps.google.com/maps/contrib/111762026254461737154\">Victor Ramirez</a>" ], "photo_reference": "AcnlKN3O304D_3vP7PH5guffJg_c17jmE2frcBQcwoSXvf2ypGTG7BVDEyCtQ1DVmTmlHbM31AB_tTzHyYK40Ee9w5TzpxM3ljgfSafae7nOjwpe3gwKfpWtI2ZzRX7q8yKR35RA9YRhRDaeovmY5C3ZwCuulLPePrhuUoadQYDhyoCn4mZN4k7duNjEwiUr1U-Yd5wdaqiOZyncE0MjzCj-3QLyW2dDJ2-7nDggTcHoX_5eE21sFv33xRub9cVNWh_7aUc9mWWFsN-Ko9fYOQQmZM2asn8Xl4TMAff3XN4M-j2pr8U0tFxBEa29U6UsOtd6IEfHcWpXwHDq_lJ0H0BBkUIIHruzmLtPud0DEJBjGO6g_XH9YaHmqn3Iubo7mUUsXBG1CakewQHIDGP_2htVPq1aF7uP1wkGT_fG_HO1HBAM9jCS2QiNXWLGb9vHF7jmPxdK_WDN-KgdWvdQraWsRAseWVPBjFbtqedk6f6T79h3jNpHB-oBghE0qTpt7ru5konIxXv74hLIQZIhUJLEQlE5Sd808Xi-fhgqOvUFssfmHrrhqDOjhb0akVdLDOCnnHkE2JxkX81nhQ", "width": 4032 } ], "place_id": "ChIJQ1exMsIxDogR44Gb8_gU35Q", "rating": 4.7, "reference": "ChIJQ1exMsIxDogR44Gb8_gU35Q", "scope": "GOOGLE", "types": [ "doctor", "point_of_interest", "health", "establishment" ], "user_ratings_total": 227.0, "vicinity": "4321 S Pulaski Rd, Chicago", "category": "Urgent Care / Walk-in Clinic", "source": "Google Places", "raw_types_str": "doctor, point_of_interest, health, establishment" }, "geometry": { "type": "Point", "coordinates": [ -87.7223781, 41.8145114 ] } },
{ "type": "Feature", "properties": { "business_status": "OPERATIONAL", "icon": "https://maps.gstatic.com/mapfiles/place_api/icons/v1/png_71/generic_business-71.png", "icon_background_color": "#7B9EB0", "icon_mask_base_uri": "https://maps.gstatic.com/mapfiles/place_api/icons/v2/generic_pinlet", "international_phone_number": "+1 773-254-6044", "name": "ACCESS Kedzie Family Health Center", "opening_hours": { "open_now": true }, "photos": [ { "height": 715, "html_attributions": [ "<a href=\"https://maps.google.com/maps/contrib/114660653674577992499\">ACCESS Kedzie Family Health Center</a>" ], "photo_reference": "AcnlKN1BcItITJot2cUu9nlwjrHODI70yziTHJhsJtDqneQEiODGkI61bFA288xYpEcl0R_SmVyGv_Dl0tYUyMEnC41upyD_h0XR6-goy5oroXxC-ue_nywjl7V8QzHSAEMD0-1DhGcvuJ39xLV3O6gqGGcYTWv6EfoK1beDGrhdzMTWEAxOyOtzXJ4Qek5EBhBSP46fgOw7MlgISnrCG-MFwh68VZUWuqeCndrxaTc8Jos5pB69clw29Davs00KTkIBFG9UimzYVcAZCwvkuiJG7nJuK9l13Jf1jFPtm8cy4_vUqFP0sKE", "width": 820 } ], "place_id": "ChIJN5di1-QxDogRi-YgUscy0pk", "rating": 3.5, "reference": "ChIJN5di1-QxDogRi-YgUscy0pk", "scope": "GOOGLE", "types": [ "doctor", "health", "point_of_interest", "establishment" ], "user_ratings_total": 191.0, "vicinity": "3229 W 47th Pl, Chicago", "category": "Primary Care Center – Private / Non-profit", "source": "Google Places", "raw_types_str": "doctor, health, point_of_interest, establishment" }, "geometry": { "type": "Point", "coordinates": [ -87.7051332, 41.8058377 ] } },
{ "type": "Feature", "properties": { "business_status": "OPERATIONAL", "icon": "https://maps.gstatic.com/mapfiles/place_api/icons/v1/png_71/generic_business-71.png", "icon_background_color": "#7B9EB0", "icon_mask_base_uri": "https://maps.gstatic.com/mapfiles/place_api/icons/v2/generic_pinlet", "international_phone_number": "+1 773-306-2546", "name": "Midwest Express Clinic Urgent Care", "opening_hours": { "open_now": true }, "photos": [ { "height": 4000, "html_attributions": [ "<a href=\"https://maps.google.com/maps/contrib/110550280256125428527\">Midwest Express Clinic Urgent Care</a>" ], "photo_reference": "AcnlKN2smZbqDr-97oNGyOPvFToGf1MURcvcjhtH5CbajDnR21Jin9U7TglY-93FXA0Hic5m7_hLJF0Va1yUv0-q0KNrp5JNGy9avwcUh2ztRkq-LI7vOGNHo0p9ZXsZSu0UmT4UKrEfATjwCu1mlGgBad948GHALY5lkP_ga6vKJ7SdK2YV8dYAuZDY-_n5buka74TnhBxbOs3wi3L2gzlZRbChqs4p5B_0581NPVVfiSVx3DGpIdws5T5F2Hun4aW8Djv6FjLnMTvvKNJi5n3eVLEbipL1C_XzA9yPRCx8KdhH1FfiTX0", "width": 6000 } ], "place_id": "ChIJOdcs7GoxDogRUFni5TVx-EE", "rating": 4.7, "reference": "ChIJOdcs7GoxDogRUFni5TVx-EE", "scope": "GOOGLE", "types": [ "doctor", "health", "point_of_interest", "establishment" ], "user_ratings_total": 1522.0, "vicinity": "5521 S Kedzie Ave Unit 106, Chicago", "category": "Urgent Care / Walk-in Clinic", "source": "Google Places", "raw_types_str": "doctor, health, point_of_interest, establishment" }, "geometry": { "type": "Point", "coordinates": [ -87.703181300000011, 41.792603199999988 ] } },
{ "type": "Feature", "properties": { "business_status": "OPERATIONAL", "icon": "https://maps.gstatic.com/mapfiles/place_api/icons/v1/png_71/generic_business-71.png", "icon_background_color": "#7B9EB0", "icon_mask_base_uri": "https://maps.gstatic.com/mapfiles/place_api/icons/v2/generic_pinlet", "international_phone_number": "+1 773-581-8265", "name": "Pulaski Medical Center", "opening_hours": { "open_now": false }, "photos": null, "place_id": "ChIJAQD0cbMxDogRTRSkd5KX79o", "rating": null, "reference": "ChIJAQD0cbMxDogRTRSkd5KX79o", "scope": "GOOGLE", "types": [ "doctor", "health", "point_of_interest", "establishment" ], "user_ratings_total": null, "vicinity": "6222 S Pulaski Rd, Chicago", "category": "Primary Care Center – Private / Non-profit", "source": "Google Places", "raw_types_str": "doctor, health, point_of_interest, establishment" }, "geometry": { "type": "Point", "coordinates": [ -87.723003, 41.7799324 ] } },
{ "type": "Feature", "properties": { "business_status": "OPERATIONAL", "icon": "https://maps.gstatic.com/mapfiles/place_api/icons/v1/png_71/generic_business-71.png", "icon_background_color": "#7B9EB0", "icon_mask_base_uri": "https://maps.gstatic.com/mapfiles/place_api/icons/v2/generic_pinlet", "international_phone_number": "+1 773-434-9216", "name": "ACCESS Ashland Family Health Center", "opening_hours": { "open_now": false }, "photos": [ { "height": 820, "html_attributions": [ "<a href=\"https://maps.google.com/maps/contrib/116135426809836081005\">Access Ashland Family Health Center</a>" ], "photo_reference": "AcnlKN2yCjbYgdS18KuHZDFQPCc6oGuuvnGgR6mhYzaDmU4alxEAMNOdgeC46upIqQKdTNVz3Sfve7czZQrW-OynysiLZ0ajJF5ma2zROiiHRQ94k8MGCSJTumCq8ZBNd4aqLqeA5oc8fQKdAdKY33ZRukp2dySV03mye84OsAEz6LoVV_Tl3UXMWGx-muF301rt7dERKf4ICUvVrNU16zdjV1QqusIwL0lmS8pC7m246Dh_KNQXihdEMpFyklnHA9A2Wb70bPQkzN97ggyhyyaUlzvn7FGOiNdlCsO4Ov2779YN6nc9Ml8", "width": 820 } ], "place_id": "ChIJlRlYbWcuDogRqSW-fxWumcc", "rating": 3.8, "reference": "ChIJlRlYbWcuDogRqSW-fxWumcc", "scope": "GOOGLE", "types": [ "doctor", "health", "point_of_interest", "establishment" ], "user_ratings_total": 82.0, "vicinity": "5159 S Ashland Ave, Chicago", "category": "Primary Care Center – Private / Non-profit", "source": "Google Places", "raw_types_str": "doctor, health, point_of_interest, establishment" }, "geometry": { "type": "Point", "coordinates": [ -87.6645413, 41.799672 ] } },
{ "type": "Feature", "properties": { "business_status": "OPERATIONAL", "icon": "https://maps.gstatic.com/mapfiles/place_api/icons/v1/png_71/generic_business-71.png", "icon_background_color": "#7B9EB0", "icon_mask_base_uri": "https://maps.gstatic.com/mapfiles/place_api/icons/v2/generic_pinlet", "international_phone_number": "+1 773-768-5000", "name": "Chicago Family Health Center", "opening_hours": { "open_now": false }, "photos": [ { "height": 3024, "html_attributions": [ "<a href=\"https://maps.google.com/maps/contrib/102337811362716156081\">CFHC CL Manager</a>" ], "photo_reference": "AcnlKN2uiHQ8wb6fEiypQ1HNLk0g1R0QHFyTaNDjVJpIZF-cQzn9uN56sBhEzgGrutMOVsg02I7zORsDXYOdaEB0wu9KyMRHyqjJQQkgVQXcc8i-eJhuBtVhcK-VUKI8q4VrztBAisFKquI03BoG380wEAJarM0CarRUVsYBHB9pPtAdcxa0i7iR12cTxaG32v8NwakHth2xUN-gS4dFom9Z42usDih_ynhEE5eUKHFuBW7dU6BZaWZW0jikUbCsvSzHfgc_k988PJW4fy3K2QUYctRXRyGEABoWV6g-Q4DpU0JshbjpwgR5MrWcMbDjKA33AE0uVV0LGUsL8FoVyuKuirFAYv9Er7ZfVzVmCvm8rAgrhvJRYvbTMzVF1CzC9YdCNfzcC1gbREddiDk66FScY_3CXK_gqaT2jwslZI5dMCUr9STPSAsm4BoCXuNfUfZyI6CUeyZjXNqjGj9MHrqgA-qAa3WR75HEgGkiWc4EUwZmdWVeOGS-is0daADJGQgw4POFOfHPJadMQjVS8Gmfkxhg3rQayiZUgxar94qSCYqUs3PEgAYrMvdgg3t2yZDGVh5CdSCS", "width": 4032 } ], "place_id": "ChIJCaBSPNMxDogRT13q-Z2CzQg", "rating": 3.0, "reference": "ChIJCaBSPNMxDogRT13q-Z2CzQg", "scope": "GOOGLE", "types": [ "health", "point_of_interest", "establishment" ], "user_ratings_total": 88.0, "vicinity": "3223 W 63rd St, Chicago", "category": "Primary Care Center – Private / Non-profit", "source": "Google Places", "raw_types_str": "health, point_of_interest, establishment" }, "geometry": { "type": "Point", "coordinates": [ -87.7040828, 41.77859 ] } },
{ "type": "Feature", "properties": { "business_status": "OPERATIONAL", "icon": "https://maps.gstatic.com/mapfiles/place_api/icons/v1/png_71/generic_business-71.png", "icon_background_color": "#7B9EB0", "icon_mask_base_uri": "https://maps.gstatic.com/mapfiles/place_api/icons/v2/generic_pinlet", "international_phone_number": "+1 773-584-6200", "name": "Esperanza Health Centers Brighton Park (North Building)", "opening_hours": { "open_now": false }, "photos": [ { "height": 1101, "html_attributions": [ "<a href=\"https://maps.google.com/maps/contrib/116784923507210308363\">Esperanza Health Centers Brighton Park (North Building)</a>" ], "photo_reference": "AcnlKN3ctwcVDfXmpHZnM2efwBJ4T_7WZAUwUsBUgRXKFEJGqv1sC3xYJGo-EFZ4dgbo6_JCgoET7eGtsW7Io311R0qqGqoKs7rqYjRcvZi6UNSrIgB7QlbnavDC95XOFizxMzxklKdp60QmIxsvNdgKUMwXjgmmRfI-WkFu372wVT6PDUsGGA7OZ363Rh-Licu1n94i8ViKf8TstcjfK7RyhOmixoIyR50Ufxt3wfGSPfSyfISALeROiDkyYyv-QPs1HN33xwycAjA-wTjKEoeifAEN8Amw1KcBkepMJg3wl8d9FDXkkg4", "width": 1600 } ], "place_id": "ChIJuZmauCsvDogRKMxfd-l_lEM", "rating": 3.2, "reference": "ChIJuZmauCsvDogRKMxfd-l_lEM", "scope": "GOOGLE", "types": [ "health", "point_of_interest", "establishment" ], "user_ratings_total": 202.0, "vicinity": "4700 S California Ave, Chicago", "category": "Primary Care Center – Private / Non-profit", "source": "Google Places", "raw_types_str": "health, point_of_interest, establishment" }, "geometry": { "type": "Point", "coordinates": [ -87.6949197, 41.807970399999988 ] } },
{ "type": "Feature", "properties": { "business_status": "OPERATIONAL", "icon": "https://maps.gstatic.com/mapfiles/place_api/icons/v1/png_71/generic_business-71.png", "icon_background_color": "#7B9EB0", "icon_mask_base_uri": "https://maps.gstatic.com/mapfiles/place_api/icons/v2/generic_pinlet", "international_phone_number": "+1 773-584-6200", "name": "Esperanza Health Centers Marquette", "opening_hours": { "open_now": false }, "photos": [ { "height": 736, "html_attributions": [ "<a href=\"https://maps.google.com/maps/contrib/114787962554651221806\">Esperanza Health Centers Marquette</a>" ], "photo_reference": "AcnlKN2Zm1GhqWNMq_ps_bCvuym0iXychSlNX56ZZV4vk4IiCkNjKhV2vbTC610wHAOFzzi2fQf2j4-gBRLFgdnhvQcV42S-dygYa3F51ZjqfM28RQ_cFJMs-EDAWw2ZELo10hVJvyUHh_t3xKCQELtla-Wgr2X_q7xTYRgRuyui6LGBjtEI2Pf23_QMT4mO5nQzkT-dDnC5cohblF-ARuxFa2pRFkjJMThHeBNaSadUF9TAdknmOzrh685qTBBS5vn_wbk93cT59kGhokd7C9r6fNOzi3RCzWe8uX-dZgRasXh2DgyEWaQ", "width": 1710 } ], "place_id": "ChIJu4MqhdUvDogRZNI3kVoQB_E", "rating": 3.9, "reference": "ChIJu4MqhdUvDogRZNI3kVoQB_E", "scope": "GOOGLE", "types": [ "point_of_interest", "health", "establishment" ], "user_ratings_total": 35.0, "vicinity": "6550 S Richmond St, Chicago", "category": "Primary Care Center – Private / Non-profit", "source": "Google Places", "raw_types_str": "point_of_interest, health, establishment" }, "geometry": { "type": "Point", "coordinates": [ -87.6971659, 41.7751938 ] } },
{ "type": "Feature", "properties": { "business_status": "OPERATIONAL", "icon": "https://maps.gstatic.com/mapfiles/place_api/icons/v1/png_71/generic_business-71.png", "icon_background_color": "#7B9EB0", "icon_mask_base_uri": "https://maps.gstatic.com/mapfiles/place_api/icons/v2/generic_pinlet", "international_phone_number": "+1 773-434-4626", "name": "IMAN Health Center", "opening_hours": { "open_now": false }, "photos": [ { "height": 3024, "html_attributions": [ "<a href=\"https://maps.google.com/maps/contrib/116923729653852425928\">IMAN Health Center</a>" ], "photo_reference": "AcnlKN3_UVQigvVrlW1vWh0-rC9iOedwnVAr3GGfNXy1eAKtPD4X8CcphQHCryABY0mk2LfKwFeiF426UdeSpLN0tPmPtpQkjYBZMR9ZyW0UNmS-eY1t4QnSkZep8DSwfvw5EEBL1AfTXuatjSizoqQdkSgczeo6gQYIYUHNkn3b46bulygP9zzoR2ujoAVmCw7lTEdjyj-xEu9KXRMdvCfw1mo8CbMhLAby_W6rV0a6JE1cIivxjXRQgBAak-msB-BDb3qBBLdIbf4L_NmrjrIDkZIg2XzEgJ75tCjoqA-PhfNgIkz07MQ", "width": 4032 } ], "place_id": "ChIJ7zOlfSsuDogRrZqvveWbWVY", "rating": 4.2, "reference": "ChIJ7zOlfSsuDogRrZqvveWbWVY", "scope": "GOOGLE", "types": [ "hospital", "doctor", "point_of_interest", "health", "establishment" ], "user_ratings_total": 83.0, "vicinity": "2744 W 63rd St, Chicago", "category": "Primary Care Center – Private / Non-profit", "source": "Google Places", "raw_types_str": "hospital, doctor, point_of_interest, health, establishment" }, "geometry": { "type": "Point", "coordinates": [ -87.6927932, 41.7793251 ] } },
{ "type": "Feature", "properties": { "business_status": "OPERATIONAL", "icon": "https://maps.gstatic.com/mapfiles/place_api/icons/v1/png_71/hospital-71.png", "icon_background_color": "#F88181", "icon_mask_base_uri": "https://maps.gstatic.com/mapfiles/place_api/icons/v2/hospital-H_pinlet", "international_phone_number": "+1 312-996-2000", "name": "University of Illinois Mile Square Health Center", "opening_hours": { "open_now": false }, "photos": [ { "height": 417, "html_attributions": [ "<a href=\"https://maps.google.com/maps/contrib/118330537156548044078\">UI Health</a>" ], "photo_reference": "AcnlKN3WhLdj0SBlCoFDTSyJcCbdpNgqfCmsL7UbofZzVHx9VYOOH6vTQYws9xFyeblXxSSmRFAwq3xkzK1mNTLjm7cUgg3JpMdfieGMHPGxkNzn_xLM5RiJi9DhAxsqNT7psR0dnB5E5Rp69YrQ4ypd5hM87W8Cq80aISV16AmRw3cDZSlBQGDvjiuTN9Fak1KPV1yT0NoFip9Qq_OMuXJ0iGIn9Syzry1Ux0DICoE66XjYNpuG68a0ly54nvgFmkpxFyNu_E61E_6pogD8xvzMdrKR9g5A_plOTv0HwpLpf4U54h_LhCBUwlRo52o7ethIBeAK_9sR27lZyGnZbh6qq53o3Co0rtwCGgqRIBKfrhSXyj2dv2EPH_jnZtKe-YV3WyPaF4cqlP2oSNtg2P9RwcfALj0Wsn8gNvHdrpMs_yS_-Du5eovyhQs54wXEKgGv2gvQ3Bqv4wd-3sJxhXoHvB7BGepqsYEPjVmsRpM2dE3aQOqWrC_gQsHotac1hY5hBqgAHJSDxJv1wvWdUxo_cpw255bc-jfcLQbUdFcC1DM2O-Fp3S3QFFwK-UhlZAIcbKD0xyAEF5lh7g", "width": 720 } ], "place_id": "ChIJIdpiXHwuDogRHgsr_2AO0HA", "rating": 3.1, "reference": "ChIJIdpiXHwuDogRHgsr_2AO0HA", "scope": "GOOGLE", "types": [ "hospital", "point_of_interest", "health", "establishment" ], "user_ratings_total": 44.0, "vicinity": "4630 S Bishop St, Chicago", "category": "Primary Care Center – Private / Non-profit", "source": "Google Places", "raw_types_str": "hospital, point_of_interest, health, establishment" }, "geometry": { "type": "Point", "coordinates": [ -87.661643, 41.8095711 ] } },
{ "type": "Feature", "properties": { "business_status": "OPERATIONAL", "icon": "https://maps.gstatic.com/mapfiles/place_api/icons/v1/png_71/generic_business-71.png", "icon_background_color": "#7B9EB0", "icon_mask_base_uri": "https://maps.gstatic.com/mapfiles/place_api/icons/v2/generic_pinlet", "international_phone_number": "+1 773-584-6200", "name": "Esperanza Health Centers Brighton Park (South Building)", "opening_hours": { "open_now": true }, "photos": [ { "height": 3024, "html_attributions": [ "<a href=\"https://maps.google.com/maps/contrib/113230572236339025690\">Esperanza Health Centers Brighton Park (South Building)</a>" ], "photo_reference": "AcnlKN2LA681XElaZBpxqBbuugJcK9Ppp8PXTsH9mx8FvogdB3DGAESTfihwwINKbhRIxwoVTugXDaFOFHrfVEzpLy32wet1cFJdGJLKxeFqTYQNPGNlJHoIZnR4IwtmrpsnfAmBqag2yhxUWLi3TzxGo3jocYxtjXVP6fH4mkU1rutqD8MTaQuN8PpPFVXAyOVveunFoI690SwGyzlUy3yUvK8GtlE4DapQS9EjzwICqA4jW4sCM08Ixw85K-q1UPW5tyokkRSz3lbwZTmKT-mCDqF-J_FZfwGTV20urmZUU0qulfE4AbI", "width": 4032 } ], "place_id": "ChIJD9og4bsvDogRfsRsX6OwTzs", "rating": 3.6, "reference": "ChIJD9og4bsvDogRfsRsX6OwTzs", "scope": "GOOGLE", "types": [ "point_of_interest", "health", "establishment" ], "user_ratings_total": 9.0, "vicinity": "4720 S California Ave, Chicago", "category": "Primary Care Center – Private / Non-profit", "source": "Google Places", "raw_types_str": "point_of_interest, health, establishment" }, "geometry": { "type": "Point", "coordinates": [ -87.6945171, 41.8074292 ] } },
{ "type": "Feature", "properties": { "business_status": "OPERATIONAL", "icon": "https://maps.gstatic.com/mapfiles/place_api/icons/v1/png_71/generic_business-71.png", "icon_background_color": "#7B9EB0", "icon_mask_base_uri": "https://maps.gstatic.com/mapfiles/place_api/icons/v2/generic_pinlet", "international_phone_number": "+1 312-682-6110", "name": "Friend Family Health Center", "opening_hours": { "open_now": false }, "photos": null, "place_id": "ChIJcb7t1GQuDogRCUAq8HS_9yA", "rating": 3.7, "reference": "ChIJcb7t1GQuDogRCUAq8HS_9yA", "scope": "GOOGLE", "types": [ "doctor", "point_of_interest", "health", "establishment" ], "user_ratings_total": 34.0, "vicinity": "4802 S Ashland Ave, Chicago", "category": "Primary Care Center – Private / Non-profit", "source": "Google Places", "raw_types_str": "doctor, point_of_interest, health, establishment" }, "geometry": { "type": "Point", "coordinates": [ -87.665293, 41.806512 ] } },
{ "type": "Feature", "properties": { "business_status": "OPERATIONAL", "icon": "https://maps.gstatic.com/mapfiles/place_api/icons/v1/png_71/generic_business-71.png", "icon_background_color": "#7B9EB0", "icon_mask_base_uri": "https://maps.gstatic.com/mapfiles/place_api/icons/v2/generic_pinlet", "international_phone_number": "+1 773-254-2222", "name": "Saint Anthony Community Clinic", "opening_hours": { "open_now": true }, "photos": [ { "height": 2988, "html_attributions": [ "<a href=\"https://maps.google.com/maps/contrib/114932811580029676145\">M. L.</a>" ], "photo_reference": "AcnlKN1BmGwCX6aO0bgEI-O1oeVvS6KA6b0BOW8rq5QjAyxBU-6pB2Mnw5LNSTI2jxacuGRNvk1Dfeas9y9Q_EYfsQg0fFtTMT_k0eoWeDh9DHQjG41Ys9WkQa3S1V_y0QIn-3ngwDbjtG4lDbMfb31TFd2UBTwX2B3jvJj8jgXkpGHzfH4KoYNhfY5gMcCqYZf7sOUOUpAI59OSp5wDkoM5b5uI2Psxpp2QeuFUotU09vKSGpAtesNjQ3H-kEhy_ohltWAiNrrHf4HZw_p_ECnsvbETbW5Dn6yWS7yM6ZgeOQNth4f4zTWQi26TBmKs8TdFH0FSuffk4-Mz-LZgLtDrkhMhlN1dX3Ll_M96zpvfDz5-GtpLWNzNG3nLZ5VyAMeK5-4QJlGYJkPIFqMgSBfdnPbg1hzEwz_FFsyPhdqzU6do5G5rBdb1K6959uiUroentxU8arbUdo6QHJasLGxrir0jRoPRUB8IcgxLkualqPsT6Iz1Ko005xDnpiZXxwcRO_eAVGuC9yxPR77nGFlb7Z5XEnvBSpiNzyBQXKNmV09eYJYaVTeKXPjYZ2FkCMsCjTFpwB8q", "width": 5312 } ], "place_id": "ChIJdZfvHgAyDogRsj6lnZ6JCIg", "rating": 2.8, "reference": "ChIJdZfvHgAyDogRsj6lnZ6JCIg", "scope": "GOOGLE", "types": [ "point_of_interest", "health", "establishment" ], "user_ratings_total": 44.0, "vicinity": "4177 S Archer Ave, Chicago", "category": "Primary Care Center – Private / Non-profit", "source": "Google Places", "raw_types_str": "point_of_interest, health, establishment" }, "geometry": { "type": "Point", "coordinates": [ -87.69841, 41.8173103 ] } },
{ "type": "Feature", "properties": { "business_status": "OPERATIONAL", "icon": "https://maps.gstatic.com/mapfiles/place_api/icons/v1/png_71/generic_business-71.png", "icon_background_color": "#7B9EB0", "icon_mask_base_uri": "https://maps.gstatic.com/mapfiles/place_api/icons/v2/generic_pinlet", "international_phone_number": "+1 773-776-3500", "name": "People's Medical Center", "opening_hours": { "open_now": false }, "photos": null, "place_id": "ChIJVfDgFawvDogRXzdyqCvgOEU", "rating": 5.0, "reference": "ChIJVfDgFawvDogRXzdyqCvgOEU", "scope": "GOOGLE", "types": [ "doctor", "point_of_interest", "health", "establishment" ], "user_ratings_total": 11.0, "vicinity": "6642 S Ashland Ave, Chicago", "category": "Primary Care Center – Private / Non-profit", "source": "Google Places", "raw_types_str": "doctor, point_of_interest, health, establishment" }, "geometry": { "type": "Point", "coordinates": [ -87.6642493, 41.7727273 ] } },
{ "type": "Feature", "properties": { "business_status": "OPERATIONAL", "icon": "https://maps.gstatic.com/mapfiles/place_api/icons/v1/png_71/generic_business-71.png", "icon_background_color": "#7B9EB0", "icon_mask_base_uri": "https://maps.gstatic.com/mapfiles/place_api/icons/v2/generic_pinlet", "international_phone_number": "+1 773-694-2255", "name": "Oak Street Health Brighton Park Primary Care Clinic", "opening_hours": { "open_now": false }, "photos": [ { "height": 720, "html_attributions": [ "<a href=\"https://maps.google.com/maps/contrib/114066486840076764476\">Oak Street Health Brighton Park Primary Care Clinic</a>" ], "photo_reference": "AcnlKN3oE6NW6UxJeAK6FrzaSodIKEPVw9c8OMKn8_ds-KemBJ3enfhmnmdnLu30kB_lZlNbt-RCKm7XmvFT7t1Eofez6LxsKYdQUdwcCl8EkUI_BnGXYkOTxnDb94z-vrVE4Q9jyv6qdah4ltdasVfgzNsqwi1OQOsagccp-1U_anhzxTKoQnXqhTOilbxFtp9d6rDhTtMP8hxsp2UzPereZdZnXAaYy2uYlzWoGgCNy61-ZD5Je46fGv1TSHvHqSuOMSzkDEweNtsBcJvsfWoc3Nw_izgkVdD4VHQPNIV81xE0P22A", "width": 1280 } ], "place_id": "ChIJk_FDKfkxDogRjgD1ySuvaAg", "rating": 4.0, "reference": "ChIJk_FDKfkxDogRjgD1ySuvaAg", "scope": "GOOGLE", "types": [ "point_of_interest", "health", "establishment" ], "user_ratings_total": 58.0, "vicinity": "4327 S Archer Ave, Chicago", "category": "Primary Care Center – Private / Non-profit", "source": "Google Places", "raw_types_str": "point_of_interest, health, establishment" }, "geometry": { "type": "Point", "coordinates": [ -87.7026205, 41.8148221 ] } },
{ "type": "Feature", "properties": { "business_status": "OPERATIONAL", "icon": "https://maps.gstatic.com/mapfiles/place_api/icons/v1/png_71/generic_business-71.png", "icon_background_color": "#7B9EB0", "icon_mask_base_uri": "https://maps.gstatic.com/mapfiles/place_api/icons/v2/generic_pinlet", "international_phone_number": "+1 773-847-9004", "name": "Children's Medical Center", "opening_hours": { "open_now": false }, "photos": [ { "height": 366, "html_attributions": [ "<a href=\"https://maps.google.com/maps/contrib/104270589706874834290\">Children&#39;s Medical Center</a>" ], "photo_reference": "AcnlKN2idt6mVMyuiK3ZlyeTbnuMC6HjgLNGA6AYQEKYQiR2ZR1Ip686tKKHtEvzqEl2zvFNxcigujEHNFBa6dNU-5wX19aeG7aHGKwdqQRDs8jLRYj2yTb_JqcKIY6iJ_AQH8i4sGe5JANn9HGSsQMB87DrG-CkrTw_llOFAXl8qzhGM33drAV0y5WCNA6CzkCClFNP3GO0yGKowMyVYGNaXBXltUx1_WCYddnNzkIBdPxJSkjPLu9hcBXE0OnQHJ4t2LdOPLEbLdBl31NzC89ewSH3j3a8XGLvM8BuZfjgTA1v5-JR4HI", "width": 875 } ], "place_id": "ChIJ9T_lj3EuDogRctt7j58-UEg", "rating": 4.1, "reference": "ChIJ9T_lj3EuDogRctt7j58-UEg", "scope": "GOOGLE", "types": [ "doctor", "point_of_interest", "health", "establishment" ], "user_ratings_total": 46.0, "vicinity": "1900 W 47th St, Chicago", "category": "Primary Care Center – Private / Non-profit", "source": "Google Places", "raw_types_str": "doctor, point_of_interest, health, establishment" }, "geometry": { "type": "Point", "coordinates": [ -87.6724521, 41.8086403 ] } },
{ "type": "Feature", "properties": { "business_status": "OPERATIONAL", "icon": "https://maps.gstatic.com/mapfiles/place_api/icons/v1/png_71/hospital-71.png", "icon_background_color": "#F88181", "icon_mask_base_uri": "https://maps.gstatic.com/mapfiles/place_api/icons/v2/hospital-H_pinlet", "international_phone_number": "+1 888-824-0200", "name": "UChicago Medicine", "opening_hours": { "open_now": true }, "photos": [ { "height": 639, "html_attributions": [ "<a href=\"https://maps.google.com/maps/contrib/111481706620237564175\">UChicago Medicine</a>" ], "photo_reference": "AcnlKN1G-6_sdBRqWnOnJ_281aan0FqwQ4xbYErVGpzXuIFCSa0fIwZfZRMVmpwuHmJN7_M7dVIPd70-s2osrMB-S60Tx2HOABF72b_0qiT32A3tnvz6xI1TiW-vtxv8Vxfxo7BI620OAQDm6frhOFXPkZ_ddjZ-E1_iT3oKT9kD_MXl9VQwm4hLYv8PSAsPWrGvE39InNzejRjAwKW6POr2AFmwzkPxL6S0hl2wKJczvDI4XdGKCMdNAcovJ6Z5-c0b2JUC2TsxdYZ87ScNvLZsYkjiSL4DKAx3dAieCaWmxyrkZ1Nba7g", "width": 960 } ], "place_id": "ChIJSb3R6jspDogRuVDmSvtlq7g", "rating": 2.9, "reference": "ChIJSb3R6jspDogRuVDmSvtlq7g", "scope": "GOOGLE", "types": [ "hospital", "pharmacy", "health", "point_of_interest", "store", "establishment" ], "user_ratings_total": 835.0, "vicinity": "5841 S Maryland Ave, Chicago", "category": "Primary Care Center – Private / Non-profit", "source": "Google Places", "raw_types_str": "hospital, pharmacy, health, point_of_interest, store, establishment" }, "geometry": { "type": "Point", "coordinates": [ -87.603600899999989, 41.7892741 ] } },
{ "type": "Feature", "properties": { "business_status": "OPERATIONAL", "icon": "https://maps.gstatic.com/mapfiles/place_api/icons/v1/png_71/generic_business-71.png", "icon_background_color": "#7B9EB0", "icon_mask_base_uri": "https://maps.gstatic.com/mapfiles/place_api/icons/v2/generic_pinlet", "international_phone_number": "+1 773-548-1170", "name": "Cottage View Health Center", "opening_hours": { "open_now": false }, "photos": [ { "height": 1250, "html_attributions": [ "<a href=\"https://maps.google.com/maps/contrib/112090187815204687583\">Cottage View Health Center</a>" ], "photo_reference": "AcnlKN0GbPrwdfj3hcTYR_epA5GOo92o1YjJ9I_Fy9rqbULXBLsxxnAkTFvXoOSBU7hfLRCnXvVv444mAHFZM040iNIP3Rltmk1m1lk00Djwy0wM5PlxsxBYtYXN0ZubWVSjzrHmasBTHu_Cz-nVoPAk2Fnfvq1wsxjFbs_xbUSKguWUnKec2lHHuO8eyfYhuROkhX3S7x2k4R5ZFKkinVZrYjyX_XvEce4usU5U_1ThzxorhLBtT2aCn3o44eI3tvasOq9XdgWtD8HMKzbYX5UCFD_EhDZSUIyf9Dqopcu8LvxPg4mzJrY", "width": 2208 } ], "place_id": "ChIJsQoe41opDogRGnZDVKeVYus", "rating": 4.6, "reference": "ChIJsQoe41opDogRGnZDVKeVYus", "scope": "GOOGLE", "types": [ "health", "point_of_interest", "establishment" ], "user_ratings_total": 59.0, "vicinity": "4829 S Cottage Grove Ave, Chicago", "category": "Primary Care Center – Private / Non-profit", "source": "Google Places", "raw_types_str": "health, point_of_interest, establishment" }, "geometry": { "type": "Point", "coordinates": [ -87.6061342, 41.8068311 ] } },
{ "type": "Feature", "properties": { "business_status": "OPERATIONAL", "icon": "https://maps.gstatic.com/mapfiles/place_api/icons/v1/png_71/hospital-71.png", "icon_background_color": "#F88181", "icon_mask_base_uri": "https://maps.gstatic.com/mapfiles/place_api/icons/v2/hospital-H_pinlet", "international_phone_number": "+1 888-824-0200", "name": "UChicago Medicine Center for Care and Discovery Hyde Park", "opening_hours": { }, "photos": [ { "height": 4000, "html_attributions": [ "<a href=\"https://maps.google.com/maps/contrib/116274304678682015710\">Rich</a>" ], "photo_reference": "AcnlKN3--MOMgnnNjbWyC9K0CzJ1TrX_mmliK0aZaI1ruOJnt0ckV5zJd0F_uAOiRTI3bcm6W9gN_jls9J3sbiIQCNBk8WF3ERzZKkm2uuCtln9qu4kX8CEjcHMV6V71617YPhFR5zg_acwaY4z3gM8NvXoyAHl5VmeP9b2maC_Igu7FWUcDCVMo2cMnMbF6kG_nOToKoN0As1XL8yGOn-VKjo4NS7UyH9xtj5i7JYXb2EQ2KkXn4RRbFeDiJ4BsMkZ2We6busj3T23r57gc8Js2khK-XJL5KyHTx6LHKVoSvFyprwIVEsT2-I3uDqg-XKle9eg-Wfz6DQ_zPFQNUynBZrfsWIU5b8-2ufYoHJsVRpsUH7-QRisiNxgK3nrRf-BCLy9fMoFUpzcZ08-529OWYv4leeqmQ-rahxP26_dj3kuOdkAYH2peHdk2K-Tt4O7rCBr9u3oNOBhFzKoHFbptAwa59LZ1rLkq5PenHOqrSPWs_0NKAKCnp-LkrK1Pz7K4TVzQcOlCoislimF7hNaF84i3OVmhAbRZRdlXJWqvX7JRkhVFjg5oxEOPp7oGvXpCBq_wKmYE", "width": 6000 } ], "place_id": "ChIJUXqeZzkpDogRSKyBdGocLYE", "rating": 3.8, "reference": "ChIJUXqeZzkpDogRSKyBdGocLYE", "scope": "GOOGLE", "types": [ "hospital", "health", "point_of_interest", "establishment" ], "user_ratings_total": 93.0, "vicinity": "5700 S Maryland Ave, Chicago", "category": "Primary Care Center – Private / Non-profit", "source": "Google Places", "raw_types_str": "hospital, health, point_of_interest, establishment" }, "geometry": { "type": "Point", "coordinates": [ -87.6049412, 41.791017 ] } },
{ "type": "Feature", "properties": { "business_status": "OPERATIONAL", "icon": "https://maps.gstatic.com/mapfiles/place_api/icons/v1/png_71/hospital-71.png", "icon_background_color": "#F88181", "icon_mask_base_uri": "https://maps.gstatic.com/mapfiles/place_api/icons/v2/hospital-H_pinlet", "international_phone_number": "+1 773-268-7600", "name": "Komed Holman Health Center", "opening_hours": { "open_now": false }, "photos": [ { "height": 1456, "html_attributions": [ "<a href=\"https://maps.google.com/maps/contrib/110876576681229948441\">Komed Holman Health Center</a>" ], "photo_reference": "AcnlKN3ntD4AdP-RBl8WksCUxjci7jnUdLmLfqGDcjVhVk6TM_9K6LaD5tQHSmyE-fdprGdSAlK1eeZ1FulfPI7Ey1-OTpBBd_xLMJ-2l_dfeKM_QnTfMlarKanC0uWmmJcKc4g5QRtQ7JA9P4wZtJW2mCdZozHSU0BPP-Rx580SUO1U0SFtNLQpm0JiaVUrWpHUfE1iXAlr9JOxEUHkF_s9NJd80b1VIJ0_WGvB_09K1UXpNrj_TMzSVSFI3UC_uWWw_d1C0rkAkjMk8HJowoaunQ9tsHnTpK8MwT3Q6jltTFi_2NBj5J4", "width": 2096 } ], "place_id": "ChIJ2xVGXeArDogRP5HBTMMnpx8", "rating": 3.6, "reference": "ChIJ2xVGXeArDogRP5HBTMMnpx8", "scope": "GOOGLE", "types": [ "hospital", "doctor", "health", "point_of_interest", "establishment" ], "user_ratings_total": 215.0, "vicinity": "4259 S Berkeley Ave, Chicago", "category": "Primary Care Center – Private / Non-profit", "source": "Google Places", "raw_types_str": "hospital, doctor, health, point_of_interest, establishment" }, "geometry": { "type": "Point", "coordinates": [ -87.6003433, 41.817116 ] } },
{ "type": "Feature", "properties": { "business_status": "OPERATIONAL", "icon": "https://maps.gstatic.com/mapfiles/place_api/icons/v1/png_71/hospital-71.png", "icon_background_color": "#F88181", "icon_mask_base_uri": "https://maps.gstatic.com/mapfiles/place_api/icons/v2/hospital-H_pinlet", "international_phone_number": "+1 888-824-0200", "name": "Mitchell Hospital - Hyde Park", "opening_hours": null, "photos": [ { "height": 3264, "html_attributions": [ "<a href=\"https://maps.google.com/maps/contrib/100619433355599525302\">Keith Washington</a>" ], "photo_reference": "AcnlKN01gGsABCFxDNXhXGBKPCYja82wEKrgLEIMcKNfcPNp5YLFse36sJK81jhsHdQ89T58P9PYKfHo1aPIe-VompuaiZi0kwFa8rJ1D1C3fp5Qni5hGebAjQnuFdU7JBUDSpkf6FMahsL-cCcwLknf46a21e__lcjl1nnq9HMC3te2zfEQNmYwCKLSBlA750bEUfDTVFvPzHNp9ah3eRGMIZfVylFi1rkAQBJaH3O4d5SBtoIbN7CvGFx3xdp-MOj4zMFD8tAKQU6FSi0Evu0rqoMJuGsfknjeGpi_ZkkbClGu4gMIRytRVMwq6ltPQFSaCA1AHxZVKKx_YEG7U6cLP7r--DXStcyM3ouDtQEHuWB_aro6dvDyPbJ9zWo7BY-J8EjKsMZL5h4pEmrsFj_8WIG96jZAFpEmvVrdXK8-qoUYdJPZv2Rw4W3W90QIDJScOK4lyYECayaZwUd0GFFKcP5Xb1pydI536glhw2JyDbOGsvOwnB0dE5PMdRoCygLeUNa7P9_1BGO8pBnnqY355U2jgNIUE9kmEwsdhCP5orvwFN8Lli04YgRTrE0GLOcPISyDtYxJuMz9Eg", "width": 2448 } ], "place_id": "ChIJYzVQ6jspDogRnWRXt391_lQ", "rating": 2.5, "reference": "ChIJYzVQ6jspDogRnWRXt391_lQ", "scope": "GOOGLE", "types": [ "hospital", "health", "point_of_interest", "establishment" ], "user_ratings_total": 43.0, "vicinity": "5815 S Maryland Ave, Chicago", "category": "Hospital – Private / Non-profit", "source": "Google Places", "raw_types_str": "hospital, health, point_of_interest, establishment" }, "geometry": { "type": "Point", "coordinates": [ -87.6041142, 41.789203099999988 ] } },
{ "type": "Feature", "properties": { "business_status": "OPERATIONAL", "icon": "https://maps.gstatic.com/mapfiles/place_api/icons/v1/png_71/generic_business-71.png", "icon_background_color": "#7B9EB0", "icon_mask_base_uri": "https://maps.gstatic.com/mapfiles/place_api/icons/v2/generic_pinlet", "international_phone_number": "+1 773-651-1225", "name": "Englewood Medical Center", "opening_hours": { "open_now": false }, "photos": [ { "height": 780, "html_attributions": [ "<a href=\"https://maps.google.com/maps/contrib/108344059175367070933\">Angelis Anderson</a>" ], "photo_reference": "AcnlKN1el8-Roeh_yOG2eMjB60zKhu1B_4qJ5ZzdkVkPqtZcPKB9ekJ18O1JsaYmT9LtC8aXvo2SAK4l4w4B61ygJIv40unAIPFaFDPBWw3VdmQXP2Dwbqmu6Fyfv8tqECedzarft_ytCoY3J96uYw6Tj4PoVutcLEuxVfjgoFLzKQAvBHc4FEXHGaQCcDb6JS4XvJNEQuZ3lQo_CWH2nMIlEkRHseAJghRAXfrg2MGyYvDjHyKqhFewyM4Irc1N2Gk5rocWpn7T0XbQhEt67XVjqRJuOmRe1YHb3zhKNXBIK_Dt3ykkmhPcr40gcS3X-16C65eRHcDFTNRTs-TvOA_ZpNxfMLqGGJybt-8rAZFK5JaoubSAkAq-OwfOjYMjo63sRMdiZlUfV9NWgmTVNGngyuR4RaulItrqMIZ_M-nmRh3GUr_l7mrGFtIyf2Jp814J_8glfqtSeXOstpz48mzmHmaq2klos8znO2zKnaIVYle0U7CQYMk70Yyd7JoTXsSmW39D_lHKMO03q66grifybQUhv53F8M777jzROaKRCR8Cgo8YSfIhkl1HtHeCCT_0gIobIBUl", "width": 585 } ], "place_id": "ChIJ5-n8jR0vDogRmGxVGUPN90Y", "rating": 4.1, "reference": "ChIJ5-n8jR0vDogRmGxVGUPN90Y", "scope": "GOOGLE", "types": [ "doctor", "health", "point_of_interest", "establishment" ], "user_ratings_total": 32.0, "vicinity": "6508 S Halsted St, Chicago", "category": "Primary Care Center – Private / Non-profit", "source": "Google Places", "raw_types_str": "doctor, health, point_of_interest, establishment" }, "geometry": { "type": "Point", "coordinates": [ -87.6448692, 41.7757811 ] } },
{ "type": "Feature", "properties": { "business_status": "OPERATIONAL", "icon": "https://maps.gstatic.com/mapfiles/place_api/icons/v1/png_71/generic_business-71.png", "icon_background_color": "#7B9EB0", "icon_mask_base_uri": "https://maps.gstatic.com/mapfiles/place_api/icons/v2/generic_pinlet", "international_phone_number": "+1 773-624-4800", "name": "ACCESS Booker Family Health Center", "opening_hours": { "open_now": false }, "photos": [ { "height": 4128, "html_attributions": [ "<a href=\"https://maps.google.com/maps/contrib/103142405401647893639\">Olivergavin Gavin</a>" ], "photo_reference": "AcnlKN0nR3bYN0b6RYCJxdn_AX0u5frY_8VOhfWvddBgEThM6Ntr2aCHGfzUFsIlE2OgtVA52lvMnHPP6ri2p7i7Mst2Cr9ae4fafgWG4ELKqviU1Fff6oi09FjpTADoCnCJUYszzvaISRwSyz5zzmrPiU5Ugz2MuezynabgiLw7gcb5NS70JT9EbU5GpPsMDXRA-ryQYRAsEyeRG0Lr3g9xZt-J-tVyFtwvMZou-7zfNKeLkIHgTVWCWU1JVDCumsU6qqGfEH4r83rDLU0NO-B1MV_8i8qU99oAXA5JDj8IxPfmsgiDNJzrTuP0KQXPAPzKDxEu8PVVMrpEh9kyi8It5tBSBgTlo2dVeal_4kcr30feIqlsWtP7o35tImRCuVAuR8WQ__XLsy5ADU9bcsdlpZh3HPav4zLWpFIz29lPTdj-XnPaoCu82E4JdKrTWVtd8RNn8T5258id1ayzf9Z0mERktLEmuu1cf127z--5WINJcXgAT-zIpU_dlPV3IqsrZx5JrR38nlHUnhPIDyqnz24PR-5SMP_E7-4KBz_dEqVb0TU8fUQAHm_lxyob_pI82bXmBF_X", "width": 3096 } ], "place_id": "ChIJzQJYo1ApDogRut6e2dML79E", "rating": 4.2, "reference": "ChIJzQJYo1ApDogRut6e2dML79E", "scope": "GOOGLE", "types": [ "doctor", "health", "point_of_interest", "establishment" ], "user_ratings_total": 83.0, "vicinity": "654 E 47th St, Chicago", "category": "Primary Care Center – Private / Non-profit", "source": "Google Places", "raw_types_str": "doctor, health, point_of_interest, establishment" }, "geometry": { "type": "Point", "coordinates": [ -87.609375, 41.8096199 ] } },
{ "type": "Feature", "properties": { "business_status": "OPERATIONAL", "icon": "https://maps.gstatic.com/mapfiles/place_api/icons/v1/png_71/hospital-71.png", "icon_background_color": "#F88181", "icon_mask_base_uri": "https://maps.gstatic.com/mapfiles/place_api/icons/v2/hospital-H_pinlet", "international_phone_number": "+1 312-864-0200", "name": "Cook County Health John Sengstacke Health Center", "opening_hours": { "open_now": false }, "photos": [ { "height": 899, "html_attributions": [ "<a href=\"https://maps.google.com/maps/contrib/114247600812473180089\">Cook County Health John Sengstacke Health Center</a>" ], "photo_reference": "AcnlKN0UYiuzUCCNRM1Rhfgza42rnYUYeXvkkxUrF72Rgb3bw4U4jfaX4z4RW_OdsHRqNtD5m9mbA16gulq838E9502C2F242cjZCHLrWyYQNSUAE_W7qy5G3jSFoIyQ21nv6bqyyg2ZN7thDbnEbMvV-ySyRGQaitZ6mOoFgGgpChM7ORjcyQVZxeQMcYHEbPwiQdKmWW2moz5tcc3cGKHfIJCrNWMXYWwmlEKlu1_pPc2Z0ZExkzebMRlmnF2Pd1gHkzJPrZNM5NT8dSrztRg-1wECHJ9oFgTH3bCSuCrT1eokiulP9Ik", "width": 1600 } ], "place_id": "ChIJ7Z2tMEwpDogRPbO2hLauZkA", "rating": 3.4, "reference": "ChIJ7Z2tMEwpDogRPbO2hLauZkA", "scope": "GOOGLE", "types": [ "hospital", "health", "point_of_interest", "establishment" ], "user_ratings_total": 16.0, "vicinity": "500 E 51st St, Chicago", "category": "Primary Care Center – Private / Non-profit", "source": "Google Places", "raw_types_str": "hospital, health, point_of_interest, establishment" }, "geometry": { "type": "Point", "coordinates": [ -87.6141053, 41.802746 ] } },
{ "type": "Feature", "properties": { "business_status": "OPERATIONAL", "icon": "https://maps.gstatic.com/mapfiles/place_api/icons/v1/png_71/generic_business-71.png", "icon_background_color": "#7B9EB0", "icon_mask_base_uri": "https://maps.gstatic.com/mapfiles/place_api/icons/v2/generic_pinlet", "international_phone_number": "+1 312-996-2000", "name": "University of Illinois Mile Square Health Center: Englewood", "opening_hours": { "open_now": false }, "photos": [ { "height": 4032, "html_attributions": [ "<a href=\"https://maps.google.com/maps/contrib/104202614962110385136\">Lacreisha Mitchell</a>" ], "photo_reference": "AcnlKN0BBHEUdA0imjUc3Men1MPGNepjhOYP4ZQfAw7ja12Lfp5-Fq2RjcYxz8UIdodtRStf27hN57sPr0U2wQRD8yJWbnA2InbSxR1GW_xemcJDVSuF_3XGn0ocmk8g90lKvS4aViJnixWJvLwOlIoJrmhSfA-uJdu5XdtR4gp-iG6Q7yMDH5eRws5UW_vSAhnnI6Hj5jR72nalL2Wex67qPNu_SSyNftwE6f_DlviB1tI-ygX4-jSXdjYNvg7FzM47fRcyvVmGpdl_bCAF861LdtCYFaAMMzjqqGZlcIjaBuWbK-o0SAcE2e2RRxxXsz6acf66pZBldJEfmQ2eqcHubLPwq9Guqestwlc-BAmrQGixCkjXdPY-XkgQ5mb1YttQEBbaA8N_AJ-ClcQIsSAyeKw5uUZEvzaaemjaNDEhzvqhw39i_kx1oUb2_wvCs4BQ99ZPEx-vgCdXe-FDFN5fM52r7OoeMd7vpDGiwLPyBR0cc_Al_SUi_oJWFufAB9qx7-ZvcWz_LC7T5LwlwyslP8dLRHAYSYrORXSTDxL8-cH39uwQ6XrxZrBWBofW2avWAePrfyVM", "width": 3024 } ], "place_id": "ChIJuV2sEeEuDogRcm58y5JjrQ8", "rating": 3.3, "reference": "ChIJuV2sEeEuDogRcm58y5JjrQ8", "scope": "GOOGLE", "types": [ "health", "point_of_interest", "establishment" ], "user_ratings_total": 25.0, "vicinity": "641 W 63rd St, Chicago", "category": "Primary Care Center – Private / Non-profit", "source": "Google Places", "raw_types_str": "health, point_of_interest, establishment" }, "geometry": { "type": "Point", "coordinates": [ -87.6414535, 41.7793113 ] } },
{ "type": "Feature", "properties": { "business_status": "OPERATIONAL", "icon": "https://maps.gstatic.com/mapfiles/place_api/icons/v1/png_71/generic_business-71.png", "icon_background_color": "#7B9EB0", "icon_mask_base_uri": "https://maps.gstatic.com/mapfiles/place_api/icons/v2/generic_pinlet", "international_phone_number": "+1 773-955-5560", "name": "S & F Medical Center", "opening_hours": null, "photos": null, "place_id": "ChIJuacbsC0pDogRYSLBYEFufw8", "rating": 5.0, "reference": "ChIJuacbsC0pDogRYSLBYEFufw8", "scope": "GOOGLE", "types": [ "health", "point_of_interest", "establishment" ], "user_ratings_total": 1.0, "vicinity": "401 E 61st St #1, Chicago", "category": "Primary Care Center – Private / Non-profit", "source": "Google Places", "raw_types_str": "health, point_of_interest, establishment" }, "geometry": { "type": "Point", "coordinates": [ -87.6155277, 41.7837921 ] } },
{ "type": "Feature", "properties": { "business_status": "OPERATIONAL", "icon": "https://maps.gstatic.com/mapfiles/place_api/icons/v1/png_71/hospital-71.png", "icon_background_color": "#F88181", "icon_mask_base_uri": "https://maps.gstatic.com/mapfiles/place_api/icons/v2/hospital-H_pinlet", "international_phone_number": "+1 888-824-0200", "name": "UChicago Medicine Duchossois Center for Advanced Medicine Hyde Park", "opening_hours": { "open_now": false }, "photos": [ { "height": 2988, "html_attributions": [ "<a href=\"https://maps.google.com/maps/contrib/110265833208634784840\">Deb Mojumder</a>" ], "photo_reference": "AcnlKN0XfpMCUVwh_l6V0M6XG7EonNpFqwhRGkY_v7Y4h1zfe8M9qCYovG2Thy12SZmh5VNNQFmkaDIBFeUgcRP_HukdEkaDjytW9O0Qjf4ShF5YO4cDuIzTsbAGm-VBjtLlZfxF5TAhtfVugaKzYYYKqSP6-sOnD_roxJHS3nee-2t6Cvm-qvqd-Mzx5V-4lpAeSIJE7NS5Bl3qDBeimElcYQtDsWKwtNRCs6FmxD9ItKRh8JXGzVsF_8MjzBfz7zayjKmQo3POcJv-n3MLXIEWkeohQNfG30vEsG6fZqYsyz6aegD25WIy1KIwGyG0fkugqih7v-Wg2UC9TWFd7uzyb3NKrDdLMIJm_VjTFCg3f3GSRLb29D1eXs8ob079tN9Pf8jeriiJxchs8LH2mILZIkVFuWfDqNluPH1Fxi1EfAiteDOPHHQXKb-1oFmGxEK7dGRcLwk52sIqwimOo8JaBnj1hCs_cpuoBi5P987nclsK6H2Ys-gjiFIOvgdW-dJD2ixtav44-Y8k21omVg4Ie-C56a_evoUc3VkYJZcUU-j_dOfXkNxBGNah5di08lmGoUyPdctA", "width": 5312 } ], "place_id": "ChIJ3y-rbzkpDogR3iELQ05pCC8", "rating": 4.1, "reference": "ChIJ3y-rbzkpDogR3iELQ05pCC8", "scope": "GOOGLE", "types": [ "hospital", "doctor", "health", "point_of_interest", "establishment" ], "user_ratings_total": 125.0, "vicinity": "5758 S Maryland Ave, Chicago", "category": "Primary Care Center – Private / Non-profit", "source": "Google Places", "raw_types_str": "hospital, doctor, health, point_of_interest, establishment" }, "geometry": { "type": "Point", "coordinates": [ -87.6052594, 41.7899689 ] } },
{ "type": "Feature", "properties": { "business_status": "OPERATIONAL", "icon": "https://maps.gstatic.com/mapfiles/place_api/icons/v1/png_71/generic_business-71.png", "icon_background_color": "#7B9EB0", "icon_mask_base_uri": "https://maps.gstatic.com/mapfiles/place_api/icons/v2/generic_pinlet", "international_phone_number": "+1 773-488-0844", "name": "Universal Health Clinic", "opening_hours": { "open_now": false }, "photos": null, "place_id": "ChIJY_v49HYvDogRs1CO1QhWAlI", "rating": 3.2, "reference": "ChIJY_v49HYvDogRs1CO1QhWAlI", "scope": "GOOGLE", "types": [ "doctor", "health", "point_of_interest", "establishment" ], "user_ratings_total": 5.0, "vicinity": "1243 W 79th St, Chicago", "category": "Primary Care Center – Private / Non-profit", "source": "Google Places", "raw_types_str": "doctor, health, point_of_interest, establishment" }, "geometry": { "type": "Point", "coordinates": [ -87.6554566, 41.7503773 ] } },
{ "type": "Feature", "properties": { "business_status": "OPERATIONAL", "icon": "https://maps.gstatic.com/mapfiles/place_api/icons/v1/png_71/generic_business-71.png", "icon_background_color": "#7B9EB0", "icon_mask_base_uri": "https://maps.gstatic.com/mapfiles/place_api/icons/v2/generic_pinlet", "international_phone_number": "+1 312-682-6110", "name": "Friend Family Health Center", "opening_hours": { "open_now": false }, "photos": [ { "height": 4032, "html_attributions": [ "<a href=\"https://maps.google.com/maps/contrib/112341345597193264961\">Caylin-Lisa Palmer</a>" ], "photo_reference": "AcnlKN3NIjpHUiqiMDI-Uk8Nzd424DNEEuq-UBF5HcFWsVxvlAiS-1yVjqya4naibzLtB2XPtQzewdRiVPiOcVzJ3unxq8lFdr5Ub_QLkfSVr_UXCuNH_lhhTBCOT-4UywMNnymior-phuh1NaUe5hEvyyxyA_rBefCjy2wEg6bEapcjos5iUj3p96wMaQ_SgySCuJDgw_in4wMuPydkd8ASC3JjeGwCqxIk-tEMamKWB0jaUOH4ZPj6Hk9o563gaLde9-3G_p1nfHaUksAy71F7RXnwAs_QmTnUN2D-0pEPs0n-wrIPQPv8n5iOeYqSqsE1rSnNzLbKaHkv_YOAxnSTmcG5uIPBB-zMfHy7kB_jQUvlN_2hUzWXdnBf8g7ac1a4vrVSoyOLFxaQcwWtMmxIdZMq0jMuCL4pfpiJygKfU31RXUs_HMNDvXwqz27wsR4nrInyTQiH2tHF6TEDyquR9ku6xGRaVlDj-_kNtUQ9fLAKDkVMULM-mKiRZypGGJNcavfdKQtvAaLvOirOvWKTdubcGber89JZPwcsQFZKSjxV2Q2kEwH469Jtv6hPwOS893dNu8uTPtUR5Kvj0yTtcOHJiLo", "width": 3024 } ], "place_id": "ChIJI9G2qiUpDogRxADZmizcxKs", "rating": 2.9, "reference": "ChIJI9G2qiUpDogRxADZmizcxKs", "scope": "GOOGLE", "types": [ "point_of_interest", "health", "establishment" ], "user_ratings_total": 66.0, "vicinity": "6250 S Cottage Grove Ave, Chicago", "category": "Primary Care Center – Private / Non-profit", "source": "Google Places", "raw_types_str": "point_of_interest, health, establishment" }, "geometry": { "type": "Point", "coordinates": [ -87.6062728, 41.7807503 ] } },
{ "type": "Feature", "properties": { "business_status": "OPERATIONAL", "icon": "https://maps.gstatic.com/mapfiles/place_api/icons/v1/png_71/hospital-71.png", "icon_background_color": "#F88181", "icon_mask_base_uri": "https://maps.gstatic.com/mapfiles/place_api/icons/v2/hospital-H_pinlet", "international_phone_number": "+1 888-824-0200", "name": "The University of Chicago Medical Center", "opening_hours": { "open_now": false }, "photos": null, "place_id": "ChIJubXKe0cpDogRcn6GZNslyns", "rating": 3.7, "reference": "ChIJubXKe0cpDogRcn6GZNslyns", "scope": "GOOGLE", "types": [ "hospital", "point_of_interest", "health", "establishment" ], "user_ratings_total": 7.0, "vicinity": "800 E 55th St, Chicago", "category": "Primary Care Center – Private / Non-profit", "source": "Google Places", "raw_types_str": "hospital, point_of_interest, health, establishment" }, "geometry": { "type": "Point", "coordinates": [ -87.605296, 41.7961266 ] } },
{ "type": "Feature", "properties": { "business_status": "OPERATIONAL", "icon": "https://maps.gstatic.com/mapfiles/place_api/icons/v1/png_71/generic_business-71.png", "icon_background_color": "#7B9EB0", "icon_mask_base_uri": "https://maps.gstatic.com/mapfiles/place_api/icons/v2/generic_pinlet", "international_phone_number": "+1 312-926-3627", "name": "Northwestern Medicine Bronzeville Outpatient Center", "opening_hours": null, "photos": [ { "height": 640, "html_attributions": [ "<a href=\"https://maps.google.com/maps/contrib/109556668094795195735\">Northwestern Medicine Bronzeville Outpatient Center</a>" ], "photo_reference": "AcnlKN1K3BSibpLfs0HeAvyf2_MYT8u2epcRkHpGd3umvWDFjS8qQ_8Z-0o6Anuh7xIiPU7kPLSSobpSESNoPFGbyBcY5vgmTXNWuRVPRdEdhg8-BRyErKMifVR6EdwboA60sdzHEtPOhxq5XTO-TUmkPymWRCicb-AXSW2p_MH6VjsIHJ8KVRCjXc0bWuob0Oa6ODBVPkmfMsi7sU4RGS5j2LoK296xsK7YgNOUwXxbb6MeVPhPskvop_kv0hDkQYhZqjZdDdCv5Mds1DFfSbTvMKi1G6nXlxNhS3ksFMRzC27r-Pn56-Y", "width": 960 } ], "place_id": "ChIJMYrAXwApDogRShTu_WFAtpc", "rating": 4.3, "reference": "ChIJMYrAXwApDogRShTu_WFAtpc", "scope": "GOOGLE", "types": [ "point_of_interest", "health", "establishment" ], "user_ratings_total": 7.0, "vicinity": "4822 S Cottage Grove Ave, Chicago", "category": "Primary Care Center – Private / Non-profit", "source": "Google Places", "raw_types_str": "point_of_interest, health, establishment" }, "geometry": { "type": "Point", "coordinates": [ -87.606907299999989, 41.8071488 ] } },
{ "type": "Feature", "properties": { "business_status": "OPERATIONAL", "icon": "https://maps.gstatic.com/mapfiles/place_api/icons/v1/png_71/generic_business-71.png", "icon_background_color": "#7B9EB0", "icon_mask_base_uri": "https://maps.gstatic.com/mapfiles/place_api/icons/v2/generic_pinlet", "international_phone_number": "+1 773-846-3000", "name": "TCA Health | Chatham", "opening_hours": { "open_now": false }, "photos": [ { "height": 5504, "html_attributions": [ "<a href=\"https://maps.google.com/maps/contrib/115737582661598077853\">TCA Health | Chatham</a>" ], "photo_reference": "AcnlKN31NA3dLDJ44hWwPXkv-iJNctLAb-L4lpLIqco70POby_PMZoWhIk46Ft-NvidGyNNgAMoLlCa9J3ONm8zCwsVn7aLKNOtfCd6iFoI1I04ej15cPk6keTjUUUiVX9tkRFJDHKO69_A1Uqn4vQzrVwTWXo9fb4TKFsTWk09AQEr7Xt1rBUtBznK0GEMBeHO7VtSTr42GIf-LOu70zCqztRCQXgAlBEdHL1Jp3FYD5z9K8FkfnVuUoBWfeqA8UmOL4SQMZmvZh4dgBFlbSOPpACWJZ_fiAD7BiVd2T6s5JcrRabXZisw", "width": 8256 } ], "place_id": "ChIJib-iGqQoDogRI7DQ7T9gWWo", "rating": 3.5, "reference": "ChIJib-iGqQoDogRI7DQ7T9gWWo", "scope": "GOOGLE", "types": [ "point_of_interest", "health", "establishment" ], "user_ratings_total": 18.0, "vicinity": "8425 S Cottage Grove Ave, Chicago", "category": "Primary Care Center – Private / Non-profit", "source": "Google Places", "raw_types_str": "point_of_interest, health, establishment" }, "geometry": { "type": "Point", "coordinates": [ -87.6045245, 41.741334599999988 ] } },
{ "type": "Feature", "properties": { "business_status": "OPERATIONAL", "icon": "https://maps.gstatic.com/mapfiles/place_api/icons/v1/png_71/generic_business-71.png", "icon_background_color": "#7B9EB0", "icon_mask_base_uri": "https://maps.gstatic.com/mapfiles/place_api/icons/v2/generic_pinlet", "international_phone_number": null, "name": "Chavez Medical Center", "opening_hours": null, "photos": null, "place_id": "ChIJ6RKAsXsuDogRvZG77QdzFmc", "rating": 3.0, "reference": "ChIJ6RKAsXsuDogRvZG77QdzFmc", "scope": "GOOGLE", "types": [ "point_of_interest", "health", "establishment" ], "user_ratings_total": 2.0, "vicinity": "4614 S Ashland Ave, Chicago", "category": "Primary Care Center – Private / Non-profit", "source": "Google Places", "raw_types_str": "point_of_interest, health, establishment" }, "geometry": { "type": "Point", "coordinates": [ -87.665211, 41.809883 ] } },
{ "type": "Feature", "properties": { "business_status": "OPERATIONAL", "icon": "https://maps.gstatic.com/mapfiles/place_api/icons/v1/png_71/hospital-71.png", "icon_background_color": "#F88181", "icon_mask_base_uri": "https://maps.gstatic.com/mapfiles/place_api/icons/v2/hospital-H_pinlet", "international_phone_number": "+1 773-268-7600", "name": "Near North Health Service Corporation", "opening_hours": { "open_now": false }, "photos": [ { "height": 2299, "html_attributions": [ "<a href=\"https://maps.google.com/maps/contrib/102954558313953342914\">Andre Sudor</a>" ], "photo_reference": "AcnlKN0-l6hBbR2D2NsPPozoAhpsnOAQYNmW5pHV2D1kWtkZn47WLuvfX7P4ejgwYWDbRN-iBPkDQmwoTxIIGJuxYRXXxzjOAzzM8SX0-wogtqpkDxB6z8StqInSkZlThWltHSDj1Z6sj3zGKIEctCtH3NeYLaCHdS-YpotZ7u_OY68bZgJKyheWoAdX8Hz_hNmEBJLMKgc9ExpC4_9yPv3VlsMoNaQZD5zwATtXWmt-TbJRgbaBaFckXJVd9pUNtJj62drZlM7EuGbG5To7soBGAHeN670zhrxa4Pv6fb62Mj9K1QAgtFN_TIZ3lVlowAmE_2iEy95CkuCgvxUHW8c_1bCJwAwylQ8QX4bfsX4DgM25hTh2OomAgy-TfOIkB5VzzKBFVi6Zku_W54-AVd7_AcX4EXT-o0aIjkoDKQILaAFJoQqm7XTkOMZcCRwp0nSp0ZltVOReOnFpbf1Iafsd6ZB576ElROjZJvDYmP3zCwkaJY1LguzDCOy8IaoxJBvJBoNUCWv7_DjejAQj-OGGGAbp9bX2AH1dqbowlz16A_CNqyxOJq5eCMfJ1ktD4tgG9FFE3xJo", "width": 2181 } ], "place_id": "ChIJhydJXeArDogRmARr3gcfhPk", "rating": 4.3, "reference": "ChIJhydJXeArDogRmARr3gcfhPk", "scope": "GOOGLE", "types": [ "hospital", "point_of_interest", "health", "establishment" ], "user_ratings_total": 57.0, "vicinity": "4259 S Berkeley Ave, Chicago", "category": "Primary Care Center – Private / Non-profit", "source": "Google Places", "raw_types_str": "hospital, point_of_interest, health, establishment" }, "geometry": { "type": "Point", "coordinates": [ -87.6001818, 41.8171454 ] } },
{ "type": "Feature", "properties": { "business_status": "OPERATIONAL", "icon": "https://maps.gstatic.com/mapfiles/place_api/icons/v1/png_71/generic_business-71.png", "icon_background_color": "#7B9EB0", "icon_mask_base_uri": "https://maps.gstatic.com/mapfiles/place_api/icons/v2/generic_pinlet", "international_phone_number": "+1 773-702-6250", "name": "UChicago Medicine Adult Emergency Room", "opening_hours": { "open_now": true }, "photos": [ { "height": 412, "html_attributions": [ "<a href=\"https://maps.google.com/maps/contrib/104148788982015537277\">UChicago Medicine Adult Emergency Room</a>" ], "photo_reference": "AcnlKN2wyUhfFupDmXC6UKzHRNnsLC70BNmBZp6qiFAmozqspKbV-FVRY-aCTGVlBpAteC6T8oAwhKLA48Y7EvXlufV5m7287ZnCUgXfpaGWRxQPDFqlsn3kOcwfSS2g8bPMh2Ly4x5Kkmalkjr6AYq4q1P0aK1W-Moc8M1-ndNiJmOaa-ZNa0NSJYBVFA9JvOULPVGuPfY2aPPBWJM7PjSk2JlNeddD3oQS3UOaBwR4hNycbkJs0amPhWgxzJe8FOxWOMXvqslQrV1G-yy2y8BJkkNFei-Q-IgIRlRlKEk-XepInih2XMM", "width": 666 } ], "place_id": "ChIJx4wAazkpDogR5z9QrBt0HzU", "rating": 1.6, "reference": "ChIJx4wAazkpDogR5z9QrBt0HzU", "scope": "GOOGLE", "types": [ "point_of_interest", "health", "establishment" ], "user_ratings_total": 178.0, "vicinity": "5656 S Maryland Ave, Chicago", "category": "Primary Care Center – Private / Non-profit", "source": "Google Places", "raw_types_str": "point_of_interest, health, establishment" }, "geometry": { "type": "Point", "coordinates": [ -87.605094900000012, 41.7916892 ] } },
{ "type": "Feature", "properties": { "business_status": "OPERATIONAL", "icon": "https://maps.gstatic.com/mapfiles/place_api/icons/v1/png_71/hospital-71.png", "icon_background_color": "#F88181", "icon_mask_base_uri": "https://maps.gstatic.com/mapfiles/place_api/icons/v2/hospital-H_pinlet", "international_phone_number": "+1 312-572-2000", "name": "Provident Hospital of Cook County", "opening_hours": { "open_now": true }, "photos": [ { "height": 2560, "html_attributions": [ "<a href=\"https://maps.google.com/maps/contrib/113766048714951729239\">McKoji Dibs</a>" ], "photo_reference": "AcnlKN3OHNHkegUwWl_ViYv4ZWGa-JgA7Z3fTVONAeQvSNZlnAiLe94w3HoDjlBvZyoVIiyTuU2j7-XsBS4fnxOi4fTP5Jc3QkC5TiEZESt29D_u6796KtXjJ4dPgbbkZMrW8lArAhTQu-E6Efy5twB0vyiLXl2A2TJzXmvzuAuP7PdCsvhHi3dwA6M7HkxxvRyUlrrjFibsw6nX3Zu7FNYa5p0M_2GhnhyBJ2gLHPUHwFg80k6TY8a033yJR8axSHuvJViBGxSoqHu7gD0t3ky0OWRyHyxK9fEM1pqmoMJQUvBeEBmwieXZKtQOhRJKnLGXFbfn4EAWor3-8lEz34bgyfpRE7MkWqr91ZRNv3vxFijnIokGM5HRZZBRC7F3Ulu9RMuu3xIqLRU79TQb1vL8DJuYtjMZl7AcRrSFApXC1LBunuqULSRDMimPfY07HQxKP1EcBmfHOKy1gvWuObTXxYa12AosCMwccxtrEEMl2SzJrefdWNIN4BJROvvM8p5jOmmTUK0pjfIY2SnfoAHuhFsdXAEDQV0EAGlP8Oog9cpheeN57Oe17hSXgnC82mnxZlPVT2wX", "width": 1920 } ], "place_id": "ChIJU2Y0KEwpDogRZZbV8FbbYFc", "rating": 2.9, "reference": "ChIJU2Y0KEwpDogRZZbV8FbbYFc", "scope": "GOOGLE", "types": [ "hospital", "point_of_interest", "health", "establishment" ], "user_ratings_total": 321.0, "vicinity": "500 E 51st St, Chicago", "category": "Hospital – Public", "source": "Google Places", "raw_types_str": "hospital, point_of_interest, health, establishment" }, "geometry": { "type": "Point", "coordinates": [ -87.613229, 41.8027413 ] } },
{ "type": "Feature", "properties": { "business_status": "OPERATIONAL", "icon": "https://maps.gstatic.com/mapfiles/place_api/icons/v1/png_71/generic_business-71.png", "icon_background_color": "#7B9EB0", "icon_mask_base_uri": "https://maps.gstatic.com/mapfiles/place_api/icons/v2/generic_pinlet", "international_phone_number": "+1 773-275-2586", "name": "Heartland Alliance Health Englewood Health Center", "opening_hours": { "open_now": false }, "photos": [ { "height": 4080, "html_attributions": [ "<a href=\"https://maps.google.com/maps/contrib/102268787900539918109\">Dr. Irma Carson</a>" ], "photo_reference": "AcnlKN2_frRVNDcP0zezSs7lhmU-aqsL2WJxm1BkYMFS2fMYUHqLuJLUQ84ynKkrGw0dZlKCwLTnA7oec8bKLhGp4sNXpHJZ5gSFwd3-Nq9xGHYIJ5kJlrYAFhekC-AyBuu44eORsZcGuMixRApLkLjam9wMHuD_mVKT-fd3u3Z5ximCx0WJAUVkjpTMHi4_cIpK3HN1Kfz9sUPdT3nznYRO2Vi7e5aC0V3BuEfH8QqJE90Cq35A80HfQPYuX_Y8RIk1VkI2u5n8Zs69tpgfuXNsUc_0OOMAaXCj8VLxzWkM-R-nOJMdwZVkRbB9iQtYHcZTwi57zprbyAn75bkdO0FclgyAVs0EcHiGrMp6o3Hbo7vLCfm8fVt3ZWT_cjMwEdDZxUwSoYoP-DnNPe0V5edFvr7lVMizUac7RuQ8GvmyV7SOcMkUK_-E8zI2E0e0Cm_8Rlt40ZQ1Xk-z2zckwgFZfd9mZRsANlVnekSw5gtHvVeHLDtLRfcNmuxqb2_wilaaoTV-Hagtt90Gwl_E55lMLI9ORM3CL_54HKtDbcrYC5Ajd-Upx5R9zwfgyo5xhmlOB2kVpwcI4kSeywcx3LrMcGHEhI6B4w", "width": 3072 } ], "place_id": "ChIJcR3bWOwuDogRzvdTmHlUGJw", "rating": 4.1, "reference": "ChIJcR3bWOwuDogRzvdTmHlUGJw", "scope": "GOOGLE", "types": [ "point_of_interest", "health", "establishment" ], "user_ratings_total": 27.0, "vicinity": "5501 S Halsted St, Chicago", "category": "Primary Care Center – Private / Non-profit", "source": "Google Places", "raw_types_str": "point_of_interest, health, establishment" }, "geometry": { "type": "Point", "coordinates": [ -87.644864500000011, 41.793673299999988 ] } },
{ "type": "Feature", "properties": { "business_status": "OPERATIONAL", "icon": "https://maps.gstatic.com/mapfiles/place_api/icons/v1/png_71/generic_business-71.png", "icon_background_color": "#7B9EB0", "icon_mask_base_uri": "https://maps.gstatic.com/mapfiles/place_api/icons/v2/generic_pinlet", "international_phone_number": "+1 312-694-2273", "name": "Northwestern Medicine Immediate Care Bronzeville", "opening_hours": { "open_now": true }, "photos": [ { "height": 2670, "html_attributions": [ "<a href=\"https://maps.google.com/maps/contrib/117489533075328093668\">Francis AD</a>" ], "photo_reference": "AcnlKN1uy7LafNi6iHE6TGt4ZbKUrI0IAGGRGEIKXPJLr5bZAu92lKBYbJxLRGBqxnAFXENQqU0BwN-qfYun30lq0NUDSGguiZuq2ZCz2VwvaIBbZZy8Ho5gXW8OW3pUqbtJkjKc1ylV9AjcHzUOL_6dIy4OQ1Uxqmy_mtP1xAxqkcjOE13TLll9NHzmt1IBDVQ30V_MdGx1iHFC0Ej83WXnsu1T1y_05VyzOoFQtsRjKIBn9FrJ7EKmUm56bYm2flt6k0fc3i1GLyVrgJff68QVooNckS68_Dl0vd6LZfforE1y3V4A0nV3JsJoTBVf49276TEF3H2BxiWpFr9Fmm-HawGSui5jeDuFavDnhTrcv1RzQOR-WeW14w9ke15sNQQoqgqiO2wv-xvgizVdm63frFpd5j_LQdhTdyYLhWQ_rYUR5IgPyoNf28af-tB8EjvsGnujmuutBR8LmYSh0Ev6QU-tpWwgIkAkQB35o6CL_9SCtvja5ugC1Ej0trq-eZ68HS7TPTejV2y3xQQ_cTfvu5rFkVO-p4wc1Z0_2rIr7vdoN8hzSoN5q__f5RtaF03Ci7rpiIi4xTzrvbrJDC4wtGiFJ6nNwA", "width": 3895 } ], "place_id": "ChIJ4-UjGgApDogRDShR2s1hX8c", "rating": 4.1, "reference": "ChIJ4-UjGgApDogRDShR2s1hX8c", "scope": "GOOGLE", "types": [ "point_of_interest", "health", "establishment" ], "user_ratings_total": 14.0, "vicinity": "4822 S Cottage Grove Ave First Floor, Suite 200, Chicago", "category": "Urgent Care / Walk-in Clinic", "source": "Google Places", "raw_types_str": "point_of_interest, health, establishment" }, "geometry": { "type": "Point", "coordinates": [ -87.6069208, 41.8071378 ] } },
{ "type": "Feature", "properties": { "business_status": "OPERATIONAL", "icon": "https://maps.gstatic.com/mapfiles/place_api/icons/v1/png_71/generic_business-71.png", "icon_background_color": "#7B9EB0", "icon_mask_base_uri": "https://maps.gstatic.com/mapfiles/place_api/icons/v2/generic_pinlet", "international_phone_number": "+1 773-962-3900", "name": "The Walk-in Clinic at St. Bernard Hospital", "opening_hours": { "open_now": true }, "photos": null, "place_id": "ChIJk_4wKNkuDogR42oQTFesqZ0", "rating": 3.0, "reference": "ChIJk_4wKNkuDogR42oQTFesqZ0", "scope": "GOOGLE", "types": [ "point_of_interest", "health", "establishment" ], "user_ratings_total": 2.0, "vicinity": "326 W 64th St, Chicago", "category": "Primary Care Center – Private / Non-profit", "source": "Google Places", "raw_types_str": "point_of_interest, health, establishment" }, "geometry": { "type": "Point", "coordinates": [ -87.6329527, 41.7786755 ] } },
{ "type": "Feature", "properties": { "business_status": "OPERATIONAL", "icon": "https://maps.gstatic.com/mapfiles/place_api/icons/v1/png_71/hospital-71.png", "icon_background_color": "#F88181", "icon_mask_base_uri": "https://maps.gstatic.com/mapfiles/place_api/icons/v2/hospital-H_pinlet", "international_phone_number": "+1 773-288-8808", "name": "Hyde Park Medical Center", "opening_hours": { "open_now": false }, "photos": null, "place_id": "ChIJv7t5B3QpDogR_0KSK-5v0VA", "rating": null, "reference": "ChIJv7t5B3QpDogR_0KSK-5v0VA", "scope": "GOOGLE", "types": [ "hospital", "health", "point_of_interest", "establishment" ], "user_ratings_total": null, "vicinity": "5554 S Hyde Park Blvd, Chicago", "category": "Primary Care Center – Private / Non-profit", "source": "Google Places", "raw_types_str": "hospital, health, point_of_interest, establishment" }, "geometry": { "type": "Point", "coordinates": [ -87.5841361, 41.793626499999988 ] } },
{ "type": "Feature", "properties": { "business_status": "OPERATIONAL", "icon": "https://maps.gstatic.com/mapfiles/place_api/icons/v1/png_71/generic_business-71.png", "icon_background_color": "#7B9EB0", "icon_mask_base_uri": "https://maps.gstatic.com/mapfiles/place_api/icons/v2/generic_pinlet", "international_phone_number": "+1 773-388-1600", "name": "Howard Brown Health 55th St.", "opening_hours": { "open_now": true }, "photos": [ { "height": 3974, "html_attributions": [ "<a href=\"https://maps.google.com/maps/contrib/102813316624882741980\">Howard Brown Health 55th St.</a>" ], "photo_reference": "AcnlKN03zXBbx2-s55l89RDXYaOvBkIG-p25wjTT4ESiKo5hev4udIFlcUt4f7H7wLXOdbN7pqj4N2JnzWqCEYWqh5WtZG3HWcgpsWG9Loc6MTsb9nyQRbCHwppVSfJA11KuQiIy-8Occ03-7ZsXYY2NPFcxLVgRrqWawY-0Sr89IQB-zKUcYLk8oIDpOWzAPJoJS7ECf2WQfDWF1AlTkWJKYxK_rkgpu-Gv2XmBPJJz8hhwjtE5EjxG85B4Fk1phkHa61vuapzNU2zyNNWH5B3ksp2EWt6ip7MrpAPp3HPSKykYIkx_u74", "width": 5953 } ], "place_id": "ChIJCc2Bo8cpDogRyCmDbhgp6F4", "rating": 2.8, "reference": "ChIJCc2Bo8cpDogRyCmDbhgp6F4", "scope": "GOOGLE", "types": [ "health", "point_of_interest", "establishment" ], "user_ratings_total": 55.0, "vicinity": "1525 E 55th St #201, Chicago", "category": "Primary Care Center – Private / Non-profit", "source": "Google Places", "raw_types_str": "health, point_of_interest, establishment" }, "geometry": { "type": "Point", "coordinates": [ -87.5879658, 41.794974 ] } },
{ "type": "Feature", "properties": { "business_status": "OPERATIONAL", "icon": "https://maps.gstatic.com/mapfiles/place_api/icons/v1/png_71/generic_business-71.png", "icon_background_color": "#7B9EB0", "icon_mask_base_uri": "https://maps.gstatic.com/mapfiles/place_api/icons/v2/generic_pinlet", "international_phone_number": "+1 773-947-7764", "name": "Family Health Center", "opening_hours": null, "photos": null, "place_id": "ChIJtemdvvMoDogR1jrbw5WSDTk", "rating": 4.0, "reference": "ChIJtemdvvMoDogR1jrbw5WSDTk", "scope": "GOOGLE", "types": [ "doctor", "point_of_interest", "health", "establishment" ], "user_ratings_total": 1.0, "vicinity": "7501 S Stony Island Ave, Chicago", "category": "Primary Care Center – Private / Non-profit", "source": "Google Places", "raw_types_str": "doctor, point_of_interest, health, establishment" }, "geometry": { "type": "Point", "coordinates": [ -87.5853429, 41.7584863 ] } },
{ "type": "Feature", "properties": { "business_status": "OPERATIONAL", "icon": "https://maps.gstatic.com/mapfiles/place_api/icons/v1/png_71/hospital-71.png", "icon_background_color": "#F88181", "icon_mask_base_uri": "https://maps.gstatic.com/mapfiles/place_api/icons/v2/hospital-H_pinlet", "international_phone_number": "+1 773-752-1506", "name": "ROSENBLUM MEDICAL CENTER", "opening_hours": { "open_now": false }, "photos": [ { "height": 507, "html_attributions": [ "<a href=\"https://maps.google.com/maps/contrib/108972441826331845931\">A Google User</a>" ], "photo_reference": "AcnlKN14hugvESBxm_2qSp12REy6tKfTlUBFl1yqrCgwAlTAaeWRUZVRURAtWKH5a62hGcEc9JavIJt8Qw2bj0kS75uSEAhLq5wgtgkoMRaZ_nhHdNVwwMSLAmupclucmAkggRqG_Se4zTGqg7M0Fdyni5HxfPhtjUw0FvvduousnpUO-GHSvAgocF6h8FADLJxqxnx7oknr1uCDOVlj_dI9WL_myYQ4Z27A7PKZj6xAHFKCCwcZe2ICUzTD1NiJ9DUgAFz_-4ZYsS4CdxRyMhFF5UyNCCCHAF1XK_rJKEJiqsJRiW8Situjpo82afixCh0GsOoUCMwkpTR9QuH7r2cgWvkl-05ETfHA2LI1CnnvlPcado_o_k1SH6rnrRQU2e1KkGjhQOK0o9xT1NJmEk3VkgRBaeNxswc4gXRLeZgKyMIfVJsnGJG_pxVHgJvWVwIEYYAocu1XOIkIucqXEDww4cZrZcrGz9wF3REKD6ea5RM3LATwOauigsPPj6skNskKlgaZZwjBy1kR_Y7FxNjfWIq_Muo4MBmpzQcgtz1L2Y4SUsSNSM8hnVsxgCnNIiLVCb7fTMrSAw167w", "width": 1024 } ], "place_id": "ChIJ0TTp97QpDogR-_Fr9ZQ4keM", "rating": 5.0, "reference": "ChIJ0TTp97QpDogR-_Fr9ZQ4keM", "scope": "GOOGLE", "types": [ "hospital", "point_of_interest", "health", "establishment" ], "user_ratings_total": 1.0, "vicinity": "2123 E 71st St, Chicago", "category": "Primary Care Center – Private / Non-profit", "source": "Google Places", "raw_types_str": "hospital, point_of_interest, health, establishment" }, "geometry": { "type": "Point", "coordinates": [ -87.5732189, 41.766016 ] } },
{ "type": "Feature", "properties": { "business_status": "OPERATIONAL", "icon": "https://maps.gstatic.com/mapfiles/place_api/icons/v1/png_71/generic_business-71.png", "icon_background_color": "#7B9EB0", "icon_mask_base_uri": "https://maps.gstatic.com/mapfiles/place_api/icons/v2/generic_pinlet", "international_phone_number": "+1 773-221-3078", "name": "75th Kingston St Medical Center", "opening_hours": null, "photos": null, "place_id": "ChIJqaeQI0EoDogRgl9t9akFc7Q", "rating": 2.5, "reference": "ChIJqaeQI0EoDogRgl9t9akFc7Q", "scope": "GOOGLE", "types": [ "point_of_interest", "establishment" ], "user_ratings_total": 2.0, "vicinity": "2541 E 75th St, Chicago", "category": "Primary Care Center – Private / Non-profit", "source": "Google Places", "raw_types_str": "point_of_interest, establishment" }, "geometry": { "type": "Point", "coordinates": [ -87.5622815, 41.7589378 ] } },
{ "type": "Feature", "properties": { "business_status": "OPERATIONAL", "icon": "https://maps.gstatic.com/mapfiles/place_api/icons/v1/png_71/generic_business-71.png", "icon_background_color": "#7B9EB0", "icon_mask_base_uri": "https://maps.gstatic.com/mapfiles/place_api/icons/v2/generic_pinlet", "international_phone_number": "+1 872-588-1200", "name": "Blessings Community Care Clinic", "opening_hours": { "open_now": false }, "photos": [ { "height": 1600, "html_attributions": [ "<a href=\"https://maps.google.com/maps/contrib/108713006902026143859\">Blessings Community Care Clinic</a>" ], "photo_reference": "AcnlKN0usG5WW535d30FcMOCjSp7kkK_rmuhXvn4Q5dK5PvGLXzd6EgrcqWbRldFeNbLYgsnmv_SeJAb__MFcfLLfj-wOatn6jyBDVEjTz6qgnh_2PU-U9u-qP1IQdTixueyXIyk-FpjVVaOpjMjOu8iqKhIdD0oZinCh8yO6DmbuKZYZ339fdPvUGJU5eoigzgq8loaJ9AASh91mDvZJEdJfEp_Jij96hzeACZZPN_LBGD7HG1NMG8ZKBwfEIpGtudSHe7T4QwyzMwa4sgIuJkJrMMOHCYCrgZaVbhsCd4fF8R19mgg-nI", "width": 1200 } ], "place_id": "ChIJW1Uyfq4vDogRtBSblLi59r0", "rating": 5.0, "reference": "ChIJW1Uyfq4vDogRtBSblLi59r0", "scope": "GOOGLE", "types": [ "hospital", "point_of_interest", "health", "establishment" ], "user_ratings_total": 78.0, "vicinity": "200 E 75th St Suite 200, Chicago", "category": "Primary Care Center – Private / Non-profit", "source": "Google Places", "raw_types_str": "hospital, point_of_interest, health, establishment" }, "geometry": { "type": "Point", "coordinates": [ -87.6191795, 41.7585316 ] } },
{ "type": "Feature", "properties": { "business_status": "OPERATIONAL", "icon": "https://maps.gstatic.com/mapfiles/place_api/icons/v1/png_71/generic_business-71.png", "icon_background_color": "#7B9EB0", "icon_mask_base_uri": "https://maps.gstatic.com/mapfiles/place_api/icons/v2/generic_pinlet", "international_phone_number": "+1 773-702-2756", "name": "Univ of Chicago Hospitals", "opening_hours": null, "photos": [ { "height": 1360, "html_attributions": [ "<a href=\"https://maps.google.com/maps/contrib/106905141687556686337\">Antoine Jasser</a>" ], "photo_reference": "AcnlKN2jUpDZ_fhRnfV_PPQ2vN1qzmmqNs6xbZdg5-uT8a0JU_Ycyp29IBHvZPEGG_K7GBPn7kpZGuXY8GD9TFOO43GpHlKAgh8uNmSkLKUo5Lp4G6gugft9MeNs_NcOhKjFiYIwwzZZguHXs0s68t4AzmhXyuAX8t5d1RAOBALqgUGXPuj4iYt0iVUWNV47lj0LqajWZ6yTNoHzAN_fMlU5t-hu3V6d9kL54AFxDxTqVzMnHMtrEDEkbsjtM7r1rDu3nTd7GE3_QFJwN19bOgtHuJvQzX0-i7dmQiC5MAvrxHRVF67DIo1oRkjdzsp5ekCHqoKav8K7kQn03VAGJX-T2eiSHgFScEyBlIsLb5XFssk5Rojs4WV07gtUQaKmKB6Zuy7BnDvhlgWG1MSj7XpBDFddoRCVoKfBdy3ROJMQkFVbnAwmavhmJECx_el0VSv3kzG6hZjUbhkUKvQsH5cisHUhCggK0zVnko-hS5J4vPH_F6AftCDkn0ruhgXTCfUUniP2n4DZeiA41rJF_H71vWIYq5Vssyfu_U1W9-PTRf5N9pRy4y7ZyAGu_Puh8kryemRY6g", "width": 2048 } ], "place_id": "ChIJ6dpUbjkpDogRMMdTfn3WYzY", "rating": 3.6, "reference": "ChIJ6dpUbjkpDogRMMdTfn3WYzY", "scope": "GOOGLE", "types": [ "doctor", "point_of_interest", "health", "establishment" ], "user_ratings_total": 12.0, "vicinity": "5758 S Maryland Ave, Chicago", "category": "Primary Care Center – Private / Non-profit", "source": "Google Places", "raw_types_str": "doctor, point_of_interest, health, establishment" }, "geometry": { "type": "Point", "coordinates": [ -87.6056501, 41.7900229 ] } },
{ "type": "Feature", "properties": { "business_status": "OPERATIONAL", "icon": "https://maps.gstatic.com/mapfiles/place_api/icons/v1/png_71/generic_business-71.png", "icon_background_color": "#7B9EB0", "icon_mask_base_uri": "https://maps.gstatic.com/mapfiles/place_api/icons/v2/generic_pinlet", "international_phone_number": "+1 773-947-7500", "name": "Jackson Park Hospital & Medical Center: Emergency Room", "opening_hours": { "open_now": true }, "photos": null, "place_id": "ChIJ2yqZdfMoDogR6dfQgnhzhEA", "rating": 2.6, "reference": "ChIJ2yqZdfMoDogR6dfQgnhzhEA", "scope": "GOOGLE", "types": [ "point_of_interest", "health", "establishment" ], "user_ratings_total": 16.0, "vicinity": "7531 S Stony Island Ave, Chicago", "category": "Primary Care Center – Private / Non-profit", "source": "Google Places", "raw_types_str": "point_of_interest, health, establishment" }, "geometry": { "type": "Point", "coordinates": [ -87.5854498, 41.758261100000013 ] } },
{ "type": "Feature", "properties": { "business_status": "OPERATIONAL", "icon": "https://maps.gstatic.com/mapfiles/place_api/icons/v1/png_71/hospital-71.png", "icon_background_color": "#F88181", "icon_mask_base_uri": "https://maps.gstatic.com/mapfiles/place_api/icons/v2/hospital-H_pinlet", "international_phone_number": "+1 773-752-1506", "name": "Rosenblum Medical Center", "opening_hours": null, "photos": null, "place_id": "ChIJHfMgv1AoDogRraYoIZGmE_U", "rating": 5.0, "reference": "ChIJHfMgv1AoDogRraYoIZGmE_U", "scope": "GOOGLE", "types": [ "hospital", "point_of_interest", "health", "establishment" ], "user_ratings_total": 1.0, "vicinity": "8012 S Crandon Ave, Chicago", "category": "Primary Care Center – Private / Non-profit", "source": "Google Places", "raw_types_str": "hospital, point_of_interest, health, establishment" }, "geometry": { "type": "Point", "coordinates": [ -87.5692687, 41.74944 ] } },
{ "type": "Feature", "properties": { "business_status": "OPERATIONAL", "icon": "https://maps.gstatic.com/mapfiles/place_api/icons/v1/png_71/generic_business-71.png", "icon_background_color": "#7B9EB0", "icon_mask_base_uri": "https://maps.gstatic.com/mapfiles/place_api/icons/v2/generic_pinlet", "international_phone_number": "+1 773-288-6900", "name": "ACCESS Grand Boulevard Health and Specialty Center", "opening_hours": { "open_now": false }, "photos": [ { "height": 1296, "html_attributions": [ "<a href=\"https://maps.google.com/maps/contrib/118287263274801812341\">Carl Johnson</a>" ], "photo_reference": "AcnlKN2f2F-54hQWfyKsRc-F57wXOKNFRrzcd3hcuQIbSugrmWYBCBr1ZwkbXcYGWPgoTbWND0cPGcBKoGtjppzswEs2mh0iN5qmWE-tBBM11R5JaT5P0L75Xquul4_SeY8Y0ZiWK9bIoXw26HNNZSghjXMo_tK-cPEEkZp8grTSbv5m5vHwAi-oLqpGSP8NooYPmPtiS-bsRg6M5uH8XNGz5PrKPnwONwgvZkQTgQpKOF_lwmG5bRQ59KipZP1OXIt6yDlNVFHJwprTyTXquMFbeKWCBEEoTAw_RWjvoH73FeZasb6QLqyPZNv5x-npz28e3eLrtLxw-8XrRO2YP8VnGYzryPCMM2zciPA_QyLf8Bgdn4djHUED0RbTT5IhKDBQYk9gnt52PJHIrB4FIEJp83hV36RqDQ04VMwQME7CiPMSQmvhO99w14zHHzATxsHmqw19B2lIcXpKdXeDCFhs-OXhZZHGAEdsM2UDa8TkhWg1wUsiSl5e85PMCkvAXm-1tUmZJCCuQXCVobTv9CcObdrme6CnsJGT-HaNHxjd_9d8FcvubkkAFfA6uYH-LLyt_5ZkX192", "width": 2304 } ], "place_id": "ChIJR8Za5ccuDogR6_mOla-wpRU", "rating": 3.5, "reference": "ChIJR8Za5ccuDogR6_mOla-wpRU", "scope": "GOOGLE", "types": [ "doctor", "point_of_interest", "health", "establishment" ], "user_ratings_total": 50.0, "vicinity": "5401 S Wentworth Ave #200, Chicago", "category": "Primary Care Center – Private / Non-profit", "source": "Google Places", "raw_types_str": "doctor, point_of_interest, health, establishment" }, "geometry": { "type": "Point", "coordinates": [ -87.629059, 41.795678 ] } },
{ "type": "Feature", "properties": { "business_status": "OPERATIONAL", "icon": "https://maps.gstatic.com/mapfiles/place_api/icons/v1/png_71/generic_business-71.png", "icon_background_color": "#7B9EB0", "icon_mask_base_uri": "https://maps.gstatic.com/mapfiles/place_api/icons/v2/generic_pinlet", "international_phone_number": "+1 312-682-6110", "name": "Friend Health", "opening_hours": { "open_now": false }, "photos": [ { "height": 2252, "html_attributions": [ "<a href=\"https://maps.google.com/maps/contrib/117388690674673455355\">Fallon Flowers</a>" ], "photo_reference": "AcnlKN1pn4BLVuXa3sLMdin1fQ-hc-7HvMUvLh3Wfw22SManQuh8bGIuj9CfJ5uGYqHPGK6QX702iPvdtVbJQIfr23MUzoyjo19GZC7FaRKGnq8DwmIPdoz4S4SEQkfgO6nzJNFL0rccfu7qk1vWJu0icyzrTXJETc-2SKtWgf0iZUmBZdyY60MdVB-0J5ljE1VmgbQsW2Qp1ldo0nKLinC7gIcpuMwwudggJVLcBZG9v-_FAbmHLQRC49G-mnY48wM4wiUsV1oE6lQY5P02wZSrKnH-cH9Dk0Gpke8iAxRRmKFaoXgPK9GSawUtTjiUvUm3hSJRKoNVQ3-wBwqlPS3cmMOj4l_GzopwBQV5xjiZknGyJcweqmkocboNjbxfcAIdB6RnnZIUMfz7aP2r8pdye0dMD7NzZvAIYlBuGx2PPHTvFTAqdI9bQOzDElsekD3Vf923Xx5LU-ysoW5-CkWYH5RO1LksPKu42dMwVqAgUUAbZi8lCewMLgLpYL1z_zreC1CTrDKcWvxKSAushrlx4S85ax9yALCZCSJOiJ3yBiRHKjtNGQ0hC1lW5G33tGPlvWyYc6cocY2LBQ", "width": 4000 } ], "place_id": "ChIJZb7YY0cpDogRztJ8YEnRsio", "rating": 2.9, "reference": "ChIJZb7YY0cpDogRztJ8YEnRsio", "scope": "GOOGLE", "types": [ "point_of_interest", "establishment" ], "user_ratings_total": 108.0, "vicinity": "800 E 55th St, Chicago", "category": "Primary Care Center – Private / Non-profit", "source": "Google Places", "raw_types_str": "point_of_interest, establishment" }, "geometry": { "type": "Point", "coordinates": [ -87.605685799999989, 41.7955712 ] } },
{ "type": "Feature", "properties": { "business_status": "OPERATIONAL", "icon": "https://maps.gstatic.com/mapfiles/place_api/icons/v1/png_71/hospital-71.png", "icon_background_color": "#F88181", "icon_mask_base_uri": "https://maps.gstatic.com/mapfiles/place_api/icons/v2/hospital-H_pinlet", "international_phone_number": "+1 630-527-3200", "name": "Edward-Elmhurst Health Center - Hinsdale", "opening_hours": { "open_now": true }, "photos": [ { "height": 3024, "html_attributions": [ "<a href=\"https://maps.google.com/maps/contrib/109124613415491409993\">Steven B.</a>" ], "photo_reference": "AcnlKN3nwasKTc-gSnYdJy_-E_Fm9jZOucku5rJ84TAjjZCvNVKD546R_hdQRPpQNXLuu7ubn2pvbzJLKyLUcWclFjbQUbKsHBWzRw_QkjzqCrg_ZXnJDpv2H909KS6jeE-RkCK66rQ6hYqlU1kH4j-e9nymGp9xytX9cLVrPHsLzbn_uAByfREs0aWvBw-K4t5CseKHYKoLmoCYMZuz6X8mNu3nFcqQxNZbJBvtNLf9dQo_jDcTdqeJhz5XOq5QHdgaeknDU0LnMobQBHEEexPAhdMui5zcbPUri3h4ID-U9_P4nvj8-ROhFU8fzeKK2eRsEG6TcpZzXCLyZfAXaK6DMqD-npoqssy-tFqzBpy-6vEXf0weddFZgYeyrvIJLJzdpl6s_tmqNLU2bSUXiICytyH2ZefGveZtiqqE8ZwN-o0B6OUPlH19VVgyexMfmVTgoUP3j8RKGnbru5IQdbz79jtVhyQqZtWEd6MLXCMQs9qZ-wl7PaO1cVfKccXaZS_n3pcckFww4L92C51f6doySXmm-g_QEERVZcrpyE2M1m6WK8VX0q_WsG7kK5_Lwlh1Rw270ulUgFvsog", "width": 4032 } ], "place_id": "ChIJJyGGS4yyD4gRq1REvOUljlk", "rating": 3.7, "reference": "ChIJJyGGS4yyD4gRq1REvOUljlk", "scope": "GOOGLE", "types": [ "hospital", "point_of_interest", "health", "establishment" ], "user_ratings_total": 82.0, "vicinity": "8 Salt Creek Ln, Hinsdale", "category": "Primary Care Center – Private / Non-profit", "source": "Google Places", "raw_types_str": "hospital, point_of_interest, health, establishment" }, "geometry": { "type": "Point", "coordinates": [ -87.9221375, 41.8185973 ] } },
{ "type": "Feature", "properties": { "business_status": "OPERATIONAL", "icon": "https://maps.gstatic.com/mapfiles/place_api/icons/v1/png_71/hospital-71.png", "icon_background_color": "#F88181", "icon_mask_base_uri": "https://maps.gstatic.com/mapfiles/place_api/icons/v2/hospital-H_pinlet", "international_phone_number": "+1 630-724-1300", "name": "Rush Oak Brook", "opening_hours": { "open_now": true }, "photos": [ { "height": 1192, "html_attributions": [ "<a href=\"https://maps.google.com/maps/contrib/100577848143567856589\">Rush Oak Brook</a>" ], "photo_reference": "AcnlKN3K0m1v9tVFEJwpDG5NWl0acIosjKaTwXT98RYkWA1wwqOi2l5QF_b4wqnHWJn4fdrFGY0juUjF0FqYHRjwbcxVIkIFeYC6EVipkP_lGi-jjvK2df5uhIzAOekQ8wQsoUBWqzQsbm2ZfGIle1y6X-8NHvAFsflFBivmjfcYGCXsNoDsKqqERWhmbh_A9HsNZoNor4qH1HcJkYxE0hNGFnSPIWqdzg09AbFQ07PNXPTkEdTHiQpa-MD61GUgwDb3-f29xolXNAVwn2slFQys_eJlzyPCmYhX7vZZsfAqlHoYZZu3Lqs", "width": 2118 } ], "place_id": "ChIJOajOL49LDogR_92xCzHJDyU", "rating": 3.5, "reference": "ChIJOajOL49LDogR_92xCzHJDyU", "scope": "GOOGLE", "types": [ "hospital", "point_of_interest", "health", "establishment" ], "user_ratings_total": 69.0, "vicinity": "2011 York Rd, Oak Brook", "category": "Primary Care Center – Private / Non-profit", "source": "Google Places", "raw_types_str": "hospital, point_of_interest, health, establishment" }, "geometry": { "type": "Point", "coordinates": [ -87.927746, 41.849613 ] } },
{ "type": "Feature", "properties": { "business_status": "OPERATIONAL", "icon": "https://maps.gstatic.com/mapfiles/place_api/icons/v1/png_71/generic_business-71.png", "icon_background_color": "#7B9EB0", "icon_mask_base_uri": "https://maps.gstatic.com/mapfiles/place_api/icons/v2/generic_pinlet", "international_phone_number": "+1 630-527-3645", "name": "Endeavor Health Immediate Care - Hinsdale", "opening_hours": { "open_now": true }, "photos": [ { "height": 4032, "html_attributions": [ "<a href=\"https://maps.google.com/maps/contrib/117177308977213246553\">Endeavor Health Immediate Care - Hinsdale</a>" ], "photo_reference": "AcnlKN0Z3n4YTwWOpeeeZc24vPuaA2BM_RFIZQolu88x4duCLbCiDvfxS-Htr5Q9M8I-Khze9aPRQEHkeyZ1xTwra5kMeZBCrF69dwqNyd6D-mMYgS_ypP4DTcjcifTCk6LF3dvBnReQxadTXp6DS38r_lU9CpPOBQKKWYDXFmDOpK_1fG37LynTdXTUoPg7fbwzINNSrzh05gyFMSYGSD2YNybJS9V2AGFoA_5XlrdwQVT6IKTaWVUdTSzckgbFmeOfzVR7H5EOhwQfL40pIXbdUjdXkYoeG4X1M05VEn42dPDEx8X5BGY", "width": 3024 } ], "place_id": "ChIJDVzZbWZXDogR7Dn4qvMw4EQ", "rating": 3.8, "reference": "ChIJDVzZbWZXDogR7Dn4qvMw4EQ", "scope": "GOOGLE", "types": [ "point_of_interest", "health", "establishment" ], "user_ratings_total": 83.0, "vicinity": "8 Salt Creek Ln Ste 1, Hinsdale", "category": "Urgent Care / Walk-in Clinic", "source": "Google Places", "raw_types_str": "point_of_interest, health, establishment" }, "geometry": { "type": "Point", "coordinates": [ -87.9221041, 41.8185659 ] } },
{ "type": "Feature", "properties": { "business_status": "OPERATIONAL", "icon": "https://maps.gstatic.com/mapfiles/place_api/icons/v1/png_71/generic_business-71.png", "icon_background_color": "#7B9EB0", "icon_mask_base_uri": "https://maps.gstatic.com/mapfiles/place_api/icons/v2/generic_pinlet", "international_phone_number": "+1 630-323-1558", "name": "UChicago Medicine AdventHealth Medical Group Primary Care at 202 Hinsdale", "opening_hours": { "open_now": true }, "photos": [ { "height": 4000, "html_attributions": [ "<a href=\"https://maps.google.com/maps/contrib/101153425253356514822\">Ronald Diaz</a>" ], "photo_reference": "AcnlKN2YxOzgyGtTnFdZ-iwbPI5kunKMpUPyHanAThsfW57G20mUkzL4FtjRwkutQGyAHDCvZ6gmO3VcXBGOy2GfzBf3UPbRbCXSfo-u1cht-4ZeAiWQsKV5wdaQ69vVSrzMuRbKEgzJcL1Pl7mDTmmvbV7UlkSfjKwLCpO4RUkpQ8W1LtKD1O7N7h5JZy1yOnL50VVsTZN8G5CWObOL3M6I3NZIrsWUjqrQCyl1zQ6usaxFgMFJy0IXFzhZHLZpRklxBofnd7p88Sgacvu3GH3gczyDG_ggAj2Bw3Tl0x4KpDei_wxV_q1dazo6K5n98Ohv35Fh7zd8XKtmMBOy8oFRv0F2Z2CzISO-E3hGv130zdak90vH54HpVwHEQziux9ZIH1w6UMc6bA02WnRUm7S3NTLdHl9axpDkdahbLtocwTRJcWbekj8ebvP35xoG7pvkWsnn1vroGkMEcx42s8zA4zoEvxI13burBkYfW8s6GXuxKxUg3-6Hh3tvY-73chQEOBi53NvrdWYGHIEk0-b37JQBZst8IVVXlu5rBubSntA1iDRZoMD4Af0BAXSps_q_dB4PNfMk", "width": 3000 } ], "place_id": "ChIJMcngObRJDogR-v-WNNsBdCs", "rating": 4.1, "reference": "ChIJMcngObRJDogR-v-WNNsBdCs", "scope": "GOOGLE", "types": [ "point_of_interest", "health", "establishment" ], "user_ratings_total": 9.0, "vicinity": "908 N Elm St Ste. 202, Hinsdale", "category": "Primary Care Center – Private / Non-profit", "source": "Google Places", "raw_types_str": "point_of_interest, health, establishment" }, "geometry": { "type": "Point", "coordinates": [ -87.9247245, 41.8181486 ] } },
{ "type": "Feature", "properties": { "business_status": "OPERATIONAL", "icon": "https://maps.gstatic.com/mapfiles/place_api/icons/v1/png_71/generic_business-71.png", "icon_background_color": "#7B9EB0", "icon_mask_base_uri": "https://maps.gstatic.com/mapfiles/place_api/icons/v2/generic_pinlet", "international_phone_number": "+1 708-562-5430", "name": "Prairie Medical Group", "opening_hours": { "open_now": false }, "photos": null, "place_id": "ChIJf18mSLZLDogRIzvEEzCaOxk", "rating": 3.7, "reference": "ChIJf18mSLZLDogRIzvEEzCaOxk", "scope": "GOOGLE", "types": [ "point_of_interest", "health", "establishment" ], "user_ratings_total": 11.0, "vicinity": "2434 Wolf Rd, Westchester", "category": "Primary Care Center – Private / Non-profit", "source": "Google Places", "raw_types_str": "point_of_interest, health, establishment" }, "geometry": { "type": "Point", "coordinates": [ -87.9024213, 41.8435857 ] } },
{ "type": "Feature", "properties": { "business_status": "OPERATIONAL", "icon": "https://maps.gstatic.com/mapfiles/place_api/icons/v1/png_71/generic_business-71.png", "icon_background_color": "#7B9EB0", "icon_mask_base_uri": "https://maps.gstatic.com/mapfiles/place_api/icons/v2/generic_pinlet", "international_phone_number": "+1 708-562-5430", "name": "UChicago Medicine AdventHealth Medical Group Primary Care at Westchester", "opening_hours": { "open_now": false }, "photos": null, "place_id": "ChIJJy-_CbdLDogRRZlIVciqWT0", "rating": 3.4, "reference": "ChIJJy-_CbdLDogRRZlIVciqWT0", "scope": "GOOGLE", "types": [ "point_of_interest", "health", "establishment" ], "user_ratings_total": 10.0, "vicinity": "2434 S Wolf Rd, Westchester", "category": "Primary Care Center – Private / Non-profit", "source": "Google Places", "raw_types_str": "point_of_interest, health, establishment" }, "geometry": { "type": "Point", "coordinates": [ -87.9024501, 41.8435592 ] } },
{ "type": "Feature", "properties": { "business_status": "OPERATIONAL", "icon": "https://maps.gstatic.com/mapfiles/place_api/icons/v1/png_71/hospital-71.png", "icon_background_color": "#F88181", "icon_mask_base_uri": "https://maps.gstatic.com/mapfiles/place_api/icons/v2/hospital-H_pinlet", "international_phone_number": "+1 888-584-7888", "name": "Loyola University Medical Center", "opening_hours": { "open_now": true }, "photos": [ { "height": 1080, "html_attributions": [ "<a href=\"https://maps.google.com/maps/contrib/102051508193731784417\">Do Rightly</a>" ], "photo_reference": "AcnlKN3jP2evn80AKhwaNtmq04lGkkQj8HqGBjj30DbtQOPxhOivj8aLx8-3i892xDIQXdp03H7uqt0F_UJaKwUcjM9Lj5k_Vok511h3-fErANHN499zdnVZQPwTZAdaQRII951GzQ5PN0zRejieLC2Jy7SMpa6MgbKb0UM3Rr7nP6zoYGIuN7D_yTKUxToW5L4a7qMw9u4pcE1bIEXhCZD1nMfciHzA3yG0Unm2MHjZejzt47pQOK1hirJM5FvVD82XaRwDCre8WP5vJKQFn6K1_hFrjZiat0BOyy-3oVkbfCxwvk4Pg2tdzXqa2oiZNwoJhaV-bN130NO2aEHisAg-InXnVQYSs6LCcyB_fX5sArHDbsHqmtkOgbQw3p9bEasdcGh6BkCqkWi94McLxAyaFkZzptQzkDMrbe6lbjBb9yE5muaEBlbCcjRApnr816azey6DLCr2D8EdgKD7ROTfGMxPoPeWvrITij4Ul7RMm6JzwZIRMn_bQZhW-MFeEzK5rvZJeJlH2myNHLPVgUm90-KGUPqHNQ5QS-Dyj1QIelBFiUkBBLErifKdcXGaMmz0L_4v-PHl", "width": 1920 } ], "place_id": "ChIJg7zXYgs1DogR4yLPL4V7U78", "rating": 2.7, "reference": "ChIJg7zXYgs1DogR4yLPL4V7U78", "scope": "GOOGLE", "types": [ "hospital", "health", "point_of_interest", "establishment" ], "user_ratings_total": 179.0, "vicinity": "2160 S 1st Ave, Maywood", "category": "Primary Care Center – Private / Non-profit", "source": "Google Places", "raw_types_str": "hospital, health, point_of_interest, establishment" }, "geometry": { "type": "Point", "coordinates": [ -87.8347137, 41.8602213 ] } },
{ "type": "Feature", "properties": { "business_status": "OPERATIONAL", "icon": "https://maps.gstatic.com/mapfiles/place_api/icons/v1/png_71/hospital-71.png", "icon_background_color": "#F88181", "icon_mask_base_uri": "https://maps.gstatic.com/mapfiles/place_api/icons/v2/hospital-H_pinlet", "international_phone_number": "+1 888-584-7888", "name": "Loyola Outpatient Center", "opening_hours": null, "photos": [ { "height": 417, "html_attributions": [ "<a href=\"https://maps.google.com/maps/contrib/115487304444958867827\">Loyola Outpatient Center</a>" ], "photo_reference": "AcnlKN0F-X5Rz2z7FyWenCKgkEEDQLR4lh1CbF2bIYFtXQqMeD0eoSEvR9vAacfv3Mx7V5r_6fvDftlN23CRhfm1Xg2G7_aNxgwhckLZkyT9D8UQvy8--OFt8qq_Ul8r2ZIYpoK7zjERcMMPxJ7YQxIhzKyRcqFAQZeIcYWg3JUNNg95SIk8h-ZD62egHCi6YyS_oubllrk2f8sbwdwLqvDa93wCyJY7Zi67su3w8Le3g7ihZXmI1eyrrVXkQEHCu7sHhsrvkPTcb_u0fsoJ7r_FAoQPnci5g06A5ykK0jD7qq-7tEWWPTs", "width": 741 } ], "place_id": "ChIJEULF5Qo1DogRYBhZeWFJFtw", "rating": 2.6, "reference": "ChIJEULF5Qo1DogRYBhZeWFJFtw", "scope": "GOOGLE", "types": [ "hospital", "health", "point_of_interest", "establishment" ], "user_ratings_total": 887.0, "vicinity": "2160 S 1st Ave, Maywood", "category": "Primary Care Center – Private / Non-profit", "source": "Google Places", "raw_types_str": "hospital, health, point_of_interest, establishment" }, "geometry": { "type": "Point", "coordinates": [ -87.8346563, 41.8562521 ] } },
{ "type": "Feature", "properties": { "business_status": "OPERATIONAL", "icon": "https://maps.gstatic.com/mapfiles/place_api/icons/v1/png_71/hospital-71.png", "icon_background_color": "#F88181", "icon_mask_base_uri": "https://maps.gstatic.com/mapfiles/place_api/icons/v2/hospital-H_pinlet", "international_phone_number": "+1 708-745-5277", "name": "Pillars Community Health", "opening_hours": { "open_now": true }, "photos": [ { "height": 4032, "html_attributions": [ "<a href=\"https://maps.google.com/maps/contrib/104179666007860081400\">Stefin Steberl</a>" ], "photo_reference": "AcnlKN0AXk7fj8QzFYDjn5dsnIHqOiGLste63VrJjE3UIwfupvT3Otl8tmS5YM_uGSMU-t-oOolHAKrm-DtS4j1O8igJxzua3GXSQCOpN6hPjhc6ewkapoAdOjGFxkxRvEbHwnZwvmyOrOFXUC0DxGeHwgiaynGPXhyCfVJeJuKFIalG6m13mvDPKaMfJ8aaiN4fUqod4L7ieg-e4W0N0PiJKj5jZCyac_xFp5vfux_y86ZfTP87HMg0By6-tQhmr1HVwmMjwV5HWqI-TrbSCVnZzCW3wAmkeUUuR1yL3FaG6_GOztyVEAyYEJmUyeThbzCeB7L87sANkE9Jmg7bx0qF7fz259WwcxDuIwWhfvVY37FWmHdX5q-JvikArjemX5K93tVVxlFy5MM4Lpro-0Wai59Y32z1iL-Pac1iwOIJxVHJr3d4T4TwpN82dYopYqy1WQtcSfoQWc6xNldXgY8oqKnD5pmXGdgsMN04Rt-0QUlemwogWXSxr3cK6D1JK_sMP2ylLhllmxjtQ0GctIhFSUMeUXbxg2X2mn3C0Jyr-UTUwOfwgKICO3gmVk2tsWNio5hNwnDndJgg6Q", "width": 3024 } ], "place_id": "ChIJ-wQBcQBLDogR2nnOcR0Rw9c", "rating": 2.8, "reference": "ChIJ-wQBcQBLDogR2nnOcR0Rw9c", "scope": "GOOGLE", "types": [ "hospital", "health", "point_of_interest", "establishment" ], "user_ratings_total": 25.0, "vicinity": "321 N La Grange Rd, La Grange Park", "category": "Primary Care Center – Private / Non-profit", "source": "Google Places", "raw_types_str": "hospital, health, point_of_interest, establishment" }, "geometry": { "type": "Point", "coordinates": [ -87.8684967, 41.8213421 ] } },
{ "type": "Feature", "properties": { "business_status": "OPERATIONAL", "icon": "https://maps.gstatic.com/mapfiles/place_api/icons/v1/png_71/generic_business-71.png", "icon_background_color": "#7B9EB0", "icon_mask_base_uri": "https://maps.gstatic.com/mapfiles/place_api/icons/v2/generic_pinlet", "international_phone_number": "+1 888-584-7888", "name": "Loyola University Medical Center Emergency Department", "opening_hours": { "open_now": true }, "photos": [ { "height": 3024, "html_attributions": [ "<a href=\"https://maps.google.com/maps/contrib/104256023478187373581\">Abhi G</a>" ], "photo_reference": "AcnlKN1IUY6vg-eh9wxng8ZAwfm_jo7Llm7AJFOpNeKiPv1ZER7qU9EALxlLzloOzb7fmX2kTRRtFzASjwA58RVpHWmp-z0XeMgPfJ2DZPTT-u6cB2tvw8sAr_vTZw2FSNFgHBL8ea2bd6wCvfTDx0c4PXIgUH22KlXWh-SPkvVl4yenK4wEdBBSyJcJe8HaL7_LzCGxWBf4DazmJm9eERPMVG-sbgSndoMDGazUq_ptxIryDsxi6F96i5OhXKYexdwXlck8j_rTmro14bnxGQhiBpLq0waAHdxEG6A-BviGzHN4PK2f73AIF1_YsNaSre1iDaXnpXY-2tSS86XA-NKWlppYaz0uSm6mIHqHvDgvyMiZWFvf_wSFLI96y5T8xZHBx_iPxrZxIaEUTINA6vdStg8b3rFwBDJhFXrGVR1yY3Np8YuKmQjlvx-n1N0EnSRXkOZT8PjejX6HHb-ot5RJOkB8TPsPj2MDJF2HhEXi7411giThUMG2-vwxoWtVZkt8aSTANv-RFp8XZoDN3S55LdbF67TSNalyZ-yK90W8TgkVd8K83K5Bj_jfcpu34ax3jvlJORbI", "width": 4032 } ], "place_id": "ChIJPys_iZ81DogRaYEW5YaxlcU", "rating": 1.5, "reference": "ChIJPys_iZ81DogRaYEW5YaxlcU", "scope": "GOOGLE", "types": [ "health", "point_of_interest", "establishment" ], "user_ratings_total": 265.0, "vicinity": "2160 S 1st Ave, Maywood", "category": "Primary Care Center – Private / Non-profit", "source": "Google Places", "raw_types_str": "health, point_of_interest, establishment" }, "geometry": { "type": "Point", "coordinates": [ -87.8358941, 41.8604575 ] } },
{ "type": "Feature", "properties": { "business_status": "OPERATIONAL", "icon": "https://maps.gstatic.com/mapfiles/place_api/icons/v1/png_71/civic_building-71.png", "icon_background_color": "#7B9EB0", "icon_mask_base_uri": "https://maps.gstatic.com/mapfiles/place_api/icons/v2/civic-bldg_pinlet", "international_phone_number": "+1 708-202-8387", "name": "Hines VA Medical Center", "opening_hours": { "open_now": true }, "photos": [ { "height": 2080, "html_attributions": [ "<a href=\"https://maps.google.com/maps/contrib/116826428601878282358\">Eric Saniewski</a>" ], "photo_reference": "AcnlKN2jcXrNCM0ILzKdmFo9rAU2QVJNeKns4ICL97oz82KkxC-8mMgiC8YZ2umoLezKtW2KzhNkxIRDosk3YczoenvrbrHtGLoG2aOw5rNfBs0Qyv7Iifs4Hwdb_EBToIoPyFCRZXYiBk-7_Y__SfP-0w6OjQJ9OAA74ZMhbzWJ-Ym6sIVGZKp0igkF0_7QsNw3Ozr6z46REH6xx0cO4NNVvgvVoXojxDt7p-HlVGOCe8kivX5Jcbuc5njsEEMx_4a9d7Xvb16vQLOXWcEA0Xazd3EQrhX7CuOCV7P_JKyCeBQTOED8EkYdvBN4qE2TntyGmefnV_b3CTu8PABkrOaxul4bEDPbOb9moXH-1POea6kd1i1APwOLvFJZEGaAClQen9GBAcBsUnbxVe2Q2FWDy9drH73A5juc6w3ywNPVF5o9ZeHd1AdBdjSedkr890AAH7nKMyu0MFflJCBRUfznxnnXozUg3ZcTzfqOKG6rSdqjEXidEOUtyz3oh1Znbkf20VrPT7SiqoU25-Ign0CWsYclO8tXI6Msjwzvwv1ejeTm8ovGPaeclLX9eOrv3Pr7cngoFe-5Ticr2w", "width": 4160 } ], "place_id": "ChIJAfRYbHY1DogRZ8sONKCHJk0", "rating": 3.8, "reference": "ChIJAfRYbHY1DogRZ8sONKCHJk0", "scope": "GOOGLE", "types": [ "hospital", "health", "point_of_interest", "establishment" ], "user_ratings_total": 117.0, "vicinity": "5000 5th Ave, Hines", "category": "Primary Care Center – Private / Non-profit", "source": "Google Places", "raw_types_str": "hospital, health, point_of_interest, establishment" }, "geometry": { "type": "Point", "coordinates": [ -87.8394564, 41.8599181 ] } },
{ "type": "Feature", "properties": { "business_status": "OPERATIONAL", "icon": "https://maps.gstatic.com/mapfiles/place_api/icons/v1/png_71/generic_business-71.png", "icon_background_color": "#7B9EB0", "icon_mask_base_uri": "https://maps.gstatic.com/mapfiles/place_api/icons/v2/generic_pinlet", "international_phone_number": "+1 312-838-7000", "name": "Excel Immediate Care", "opening_hours": { "open_now": true }, "photos": [ { "height": 3320, "html_attributions": [ "<a href=\"https://maps.google.com/maps/contrib/115620859693423055925\">Excel Immediate Care</a>" ], "photo_reference": "AcnlKN0FVfOGKRTZqZNJnZ02yIT1l3JnLlxLV90pv1Ue1tFzjobT4EWYdJGYkheL5LOzHnIi5ERHS7Uv5LKGS8kMsbOxAYLWW9mn2kkG7V8-cwGDuVqxgeMNZy_enFYSl8LJOstZbiHWs8118B81DD-NyucC2JmEYp9P8a4xVr7vQgzFItORTsOuAnQ1tjlE7msV5cqos6boVCuJE4qy-AOiU0lhYnXEjl-Gpv_n9obL0XytQns_QeK_J5cUKOfrHjF3KXcvm9MtVvJHG1F3tJeLQhwbEKCq5MhrUyjP7dv4eZ-kK0Xp7Ec", "width": 2354 } ], "place_id": "ChIJkWZHeSlLDogRU7UxJ-AZSzw", "rating": 5.0, "reference": "ChIJkWZHeSlLDogRU7UxJ-AZSzw", "scope": "GOOGLE", "types": [ "point_of_interest", "health", "establishment" ], "user_ratings_total": 42.0, "vicinity": "10540 W Cermak Rd, Westchester", "category": "Urgent Care / Walk-in Clinic", "source": "Google Places", "raw_types_str": "point_of_interest, health, establishment" }, "geometry": { "type": "Point", "coordinates": [ -87.8855619, 41.8488107 ] } },
{ "type": "Feature", "properties": { "business_status": "OPERATIONAL", "icon": "https://maps.gstatic.com/mapfiles/place_api/icons/v1/png_71/generic_business-71.png", "icon_background_color": "#7B9EB0", "icon_mask_base_uri": "https://maps.gstatic.com/mapfiles/place_api/icons/v2/generic_pinlet", "international_phone_number": "+1 866-389-2727", "name": "MinuteClinic at CVS", "opening_hours": { "open_now": true }, "photos": [ { "height": 608, "html_attributions": [ "<a href=\"https://maps.google.com/maps/contrib/111967341364782701431\">MinuteClinic at CVS</a>" ], "photo_reference": "AcnlKN0PIvcv7w99eLC5XbI15EoH1TQKvEp07wBNd1DbS75oSALoN0gCSsfWAFz7u9PEgPx508KALI2vXQUCdyl0x7d3svq4yFnIWa5TySAJXaZGRgJ6t_zvnLMJPkJgezIZtPPN8XA_OvRZz28J92L2cU8Lcjh8Quie3ZtXGl7N4PjM9PzTm86YslEiSd9QkDNesG9IB_pJraF31d2R-qgvivnH7NpPcZodJPknAym2FAOhX1lwXZp_eMFKd02WR-d_0qmXG5NcNTI44kaPQT3WRTFAU2Fwtjrq1nbQRVsghqbnWu1wzFE", "width": 1080 } ], "place_id": "ChIJxXCtIfo1DogRIZL2Z9HfrrE", "rating": 3.4, "reference": "ChIJxXCtIfo1DogRIZL2Z9HfrrE", "scope": "GOOGLE", "types": [ "point_of_interest", "health", "establishment" ], "user_ratings_total": 45.0, "vicinity": "9139 Broadway Ave, Brookfield", "category": "Primary Care Center – Private / Non-profit", "source": "Google Places", "raw_types_str": "point_of_interest, health, establishment" }, "geometry": { "type": "Point", "coordinates": [ -87.8498809, 41.8283826 ] } },
{ "type": "Feature", "properties": { "business_status": "OPERATIONAL", "icon": "https://maps.gstatic.com/mapfiles/place_api/icons/v1/png_71/generic_business-71.png", "icon_background_color": "#7B9EB0", "icon_mask_base_uri": "https://maps.gstatic.com/mapfiles/place_api/icons/v2/generic_pinlet", "international_phone_number": "+1 708-665-6700", "name": "Metro Urgent Care", "opening_hours": { "open_now": false }, "photos": [ { "height": 4032, "html_attributions": [ "<a href=\"https://maps.google.com/maps/contrib/106781998448229682922\">Metro Urgent Care</a>" ], "photo_reference": "AcnlKN1MSOTdasjJUykhCBzDJAhcYwKUYMWx0v9X4OEl7bAa0cC3SpzGg1NZpstZMec3gnNFf7l7aFGi_i8p0jrbgMSwKIBm47yZ5e94nBMq63iz2OzkvnXLpc2y9MUH_rJKRi7To7ymfCo-BF3LxBYL3euhH12nWS8z029ZY2KTKJDHPJC6-jFUJtW4G3UlzlV-7cMtyFQNLhLGLdsGyWJnl33E7tHZKakIM9V62uvjuQjP9QUPoz9n93WZwPJT2DlT9AEdHk_CqiaZwn-Vhz51aBmdNA2R_S-kAzk0XaSHVcFB_3Sh", "width": 1816 } ], "place_id": "ChIJY7k0CShJDogRGDZlywkA2m4", "rating": 4.9, "reference": "ChIJY7k0CShJDogRGDZlywkA2m4", "scope": "GOOGLE", "types": [ "point_of_interest", "health", "establishment" ], "user_ratings_total": 259.0, "vicinity": "125 N La Grange Rd Suite 1, La Grange", "category": "Urgent Care / Walk-in Clinic", "source": "Google Places", "raw_types_str": "point_of_interest, health, establishment" }, "geometry": { "type": "Point", "coordinates": [ -87.8696768, 41.818935800000013 ] } },
{ "type": "Feature", "properties": { "business_status": "OPERATIONAL", "icon": "https://maps.gstatic.com/mapfiles/place_api/icons/v1/png_71/hospital-71.png", "icon_background_color": "#F88181", "icon_mask_base_uri": "https://maps.gstatic.com/mapfiles/place_api/icons/v2/hospital-H_pinlet", "international_phone_number": "+1 708-484-9145", "name": "Family Medical Center", "opening_hours": { "open_now": false }, "photos": [ { "height": 297, "html_attributions": [ "<a href=\"https://maps.google.com/maps/contrib/103683174073164976864\">Family Medical Center</a>" ], "photo_reference": "AcnlKN1R4-ivABtRqei25OZI5CQMUAg-lrsBJ5Na7wlQF7IpKao0uhIPxFizBHSuG5ne-_hwOWf0aBRmE3fh9XXt43mW7kpzR224Ve3L444KIn_sSQM9yc5hFvdR3UHgCYkY4vLbYSGknIKMtn4kKxS_XA_anp7a09LRPTMYKiHPsupM5Ut4A_MBLOT8ZcjoSbt0y2HG1ThqJgqyfVPFdyMwNV326kfw91vCNRmO5UQoFjmChOxvwUZN2q00qRCaDx6jHNP6ANib_vDTjZrzXYAWamg3zyNLG0EkKdqppVFyTpqUpUM30fY", "width": 845 } ], "place_id": "ChIJjW2HmVw0DogRRNSbP8SLFaE", "rating": 3.1, "reference": "ChIJjW2HmVw0DogRRNSbP8SLFaE", "scope": "GOOGLE", "types": [ "hospital", "health", "point_of_interest", "establishment" ], "user_ratings_total": 65.0, "vicinity": "7036 Cermak Rd # 1, Berwyn", "category": "Primary Care Center – Private / Non-profit", "source": "Google Places", "raw_types_str": "hospital, health, point_of_interest, establishment" }, "geometry": { "type": "Point", "coordinates": [ -87.8003475, 41.8506876 ] } },
{ "type": "Feature", "properties": { "business_status": "OPERATIONAL", "icon": "https://maps.gstatic.com/mapfiles/place_api/icons/v1/png_71/hospital-71.png", "icon_background_color": "#F88181", "icon_mask_base_uri": "https://maps.gstatic.com/mapfiles/place_api/icons/v2/hospital-H_pinlet", "international_phone_number": "+1 312-864-0200", "name": "Cook County Health North Riverside Health Center", "opening_hours": { "open_now": false }, "photos": [ { "height": 899, "html_attributions": [ "<a href=\"https://maps.google.com/maps/contrib/114450817810143467475\">Cook County Health North Riverside Health Center</a>" ], "photo_reference": "AcnlKN29gBvsOzw7rsljvyq8JyMtTwMfst6_dVKRRI2VOXIlzqHdf1xYlj1MuSwGlu7oTW3nXMo2V8BGc2_myKijj_RXULIooqJyaWpp9uSlV9KMG63OM_z_EWksEj8YwrW8B_K0FuZ4zXMkygjCe6fJiRvjo0UResiZ8sFNWBNNNJyhXIgPuF7O55p13jHxFNH3r0ZwED2o_SNn9qKoVIjZAjMr6AC1OOlduZXnjf2yui7rF5LpQnie994j2ZruBBWsPzJbQgH9fyUDQCtaAyrn6v_MXdC4G7t-GKk5IFwEAMkc5c_tkyw", "width": 1600 } ], "place_id": "ChIJ8yoXzdM1DogRPLbCWjHi0GY", "rating": 2.9, "reference": "ChIJ8yoXzdM1DogRPLbCWjHi0GY", "scope": "GOOGLE", "types": [ "hospital", "health", "point_of_interest", "establishment" ], "user_ratings_total": 75.0, "vicinity": "1800 S Harlem Ave Suite A, North Riverside", "category": "Primary Care Center – Private / Non-profit", "source": "Google Places", "raw_types_str": "hospital, health, point_of_interest, establishment" }, "geometry": { "type": "Point", "coordinates": [ -87.8053975, 41.8556158 ] } },
{ "type": "Feature", "properties": { "business_status": "OPERATIONAL", "icon": "https://maps.gstatic.com/mapfiles/place_api/icons/v1/png_71/hospital-71.png", "icon_background_color": "#F88181", "icon_mask_base_uri": "https://maps.gstatic.com/mapfiles/place_api/icons/v2/hospital-H_pinlet", "international_phone_number": "+1 708-783-9100", "name": "MacNeal Hospital", "opening_hours": { "open_now": true }, "photos": [ { "height": 1440, "html_attributions": [ "<a href=\"https://maps.google.com/maps/contrib/114211660706861883998\">MacNeal Hospital</a>" ], "photo_reference": "AcnlKN3WWK0_WouPMSktFMCoAYeTyiGBWDanM0ODwGyFmw_SMMaos1nM9EyJuyK3SoA9q-iB_DppDEYfBAC3uDih3s3AvmSbfDNGGP020eza3ZPFVuSbqhituAp5j8slbX5gLe_2HX57QU_EUKOETVjoPtJUjL6mXR_TJlFodjCjOPTmYsHIUN0q7o28-sTtMbF9qukyoaDAQQ9auhtwlVt8nHay_efz1Mb34XKduVtvsOJ-MMwPTJgbN_FJ1jec8gmtIjXZXJAXDo2L1y06tcPHNEhjpYUhSD5gjdgeHh84-8CMIqV6dCs", "width": 1500 } ], "place_id": "ChIJHQzOzxY0DogRyhEkwPL-9mc", "rating": 2.5, "reference": "ChIJHQzOzxY0DogRyhEkwPL-9mc", "scope": "GOOGLE", "types": [ "hospital", "health", "point_of_interest", "establishment" ], "user_ratings_total": 666.0, "vicinity": "3249 S Oak Park Ave, Berwyn", "category": "Hospital – Private / Non-profit", "source": "Google Places", "raw_types_str": "hospital, health, point_of_interest, establishment" }, "geometry": { "type": "Point", "coordinates": [ -87.7921063, 41.832212 ] } },
{ "type": "Feature", "properties": { "business_status": "OPERATIONAL", "icon": "https://maps.gstatic.com/mapfiles/place_api/icons/v1/png_71/generic_business-71.png", "icon_background_color": "#7B9EB0", "icon_mask_base_uri": "https://maps.gstatic.com/mapfiles/place_api/icons/v2/generic_pinlet", "international_phone_number": null, "name": "Berwyn Medical Center", "opening_hours": null, "photos": null, "place_id": "ChIJh14mDBc0DogRT0AFLyK_g7s", "rating": 5.0, "reference": "ChIJh14mDBc0DogRT0AFLyK_g7s", "scope": "GOOGLE", "types": [ "doctor", "health", "point_of_interest", "establishment" ], "user_ratings_total": 1.0, "vicinity": "6801 34th St, Berwyn", "category": "Primary Care Center – Private / Non-profit", "source": "Google Places", "raw_types_str": "doctor, health, point_of_interest, establishment" }, "geometry": { "type": "Point", "coordinates": [ -87.7929005, 41.830712899999988 ] } },
{ "type": "Feature", "properties": { "business_status": "OPERATIONAL", "icon": "https://maps.gstatic.com/mapfiles/place_api/icons/v1/png_71/generic_business-71.png", "icon_background_color": "#7B9EB0", "icon_mask_base_uri": "https://maps.gstatic.com/mapfiles/place_api/icons/v2/generic_pinlet", "international_phone_number": "+1 773-254-1400", "name": "Alivio Medical Center", "opening_hours": { "open_now": false }, "photos": [ { "height": 3024, "html_attributions": [ "<a href=\"https://maps.google.com/maps/contrib/114481245554441217172\">zhenzhong cui</a>" ], "photo_reference": "AcnlKN3r2-fV9XC9dwRjx9M_uIy9TI7J7Of415z4edh8b0prdDpTxWAO-LtVIVOt8Wx79ZgNOMSKBRH942iztnccxaucDawTEygbH44-NeXsvzmVzHf_z7xAOEwVGBTFCFXqAs-vNsl01UlswK3XyYkK2EQAqxoqeoyOyqA9pcAAYRhWB_uXKzT1HHXO9zbUHnp-8xvh3YKetlpRUPut6QaaCOJnOOmdLbgoyD7bruSOTqksXcihsLKdEW8Yyq_gMIZnloZzv88NMcCncJpkWoRFrhAapnc-T8D8QWli_ubIUkNdUNk0KciYpdf_Zd-JLs7KVNupVozSDAKarypARB0zpQzzypdecdqlkfIxOqDGevogVI9sRy-OVxxceRojjcFnLSnoHybLBRuWtJoNfFx_DM-6qfS9kHwYcxeYddu2kZJULKfc1xKZ3wy0o7xAz6tQMnc4VNAABGV5BQgXGWp4v2M8jxl_pEcaVLbgVwvNS9jTpSgQ4SOr_lRP3kFdNsIk08XJGHDTfgWos2DcmpFlQfT9gljDKQvMvC9LpNw4DYPrE-wXYrzQly_IrZIu32MQ98VMBfmu", "width": 4032 } ], "place_id": "ChIJO0n1ELt2XUARqjwcy0Pb5h8", "rating": 2.1, "reference": "ChIJO0n1ELt2XUARqjwcy0Pb5h8", "scope": "GOOGLE", "types": [ "doctor", "health", "point_of_interest", "establishment" ], "user_ratings_total": 195.0, "vicinity": "6447 Cermak Rd, Berwyn", "category": "Primary Care Center – Private / Non-profit", "source": "Google Places", "raw_types_str": "doctor, health, point_of_interest, establishment" }, "geometry": { "type": "Point", "coordinates": [ -87.7857404, 41.8504579 ] } },
{ "type": "Feature", "properties": { "business_status": "OPERATIONAL", "icon": "https://maps.gstatic.com/mapfiles/place_api/icons/v1/png_71/hospital-71.png", "icon_background_color": "#F88181", "icon_mask_base_uri": "https://maps.gstatic.com/mapfiles/place_api/icons/v2/hospital-H_pinlet", "international_phone_number": null, "name": "Loloya Medical Center In Maywood, Ill.", "opening_hours": { }, "photos": null, "place_id": "ChIJiaBOtGE1DogRfD9knG2HJGY", "rating": 2.7, "reference": "ChIJiaBOtGE1DogRfD9knG2HJGY", "scope": "GOOGLE", "types": [ "hospital", "health", "point_of_interest", "establishment" ], "user_ratings_total": 7.0, "vicinity": "2160 S 1st Ave, Maywood", "category": "Primary Care Center – Private / Non-profit", "source": "Google Places", "raw_types_str": "hospital, health, point_of_interest, establishment" }, "geometry": { "type": "Point", "coordinates": [ -87.8350335, 41.8603604 ] } },
{ "type": "Feature", "properties": { "business_status": "OPERATIONAL", "icon": "https://maps.gstatic.com/mapfiles/place_api/icons/v1/png_71/hospital-71.png", "icon_background_color": "#F88181", "icon_mask_base_uri": "https://maps.gstatic.com/mapfiles/place_api/icons/v2/hospital-H_pinlet", "international_phone_number": "+1 708-783-2901", "name": "Loyola Medical Group", "opening_hours": null, "photos": [ { "height": 3328, "html_attributions": [ "<a href=\"https://maps.google.com/maps/contrib/117159017289878138151\">Wel Goods</a>" ], "photo_reference": "AcnlKN1AsQf1OMZoYG9skfCSndXOfaFaYwbdZTU0GC5qUINwaS1Hj6iEZnWz_0pppOHA0r7dyESo3xXT9CKQprUEqH8JltQY0GoUDTk9SFqYd7Fluz5mzL6XvN-HEVdcvXXwMxOZ3BI3bihExihzCOpTQtgQKtTydIEz9mE9_oz32jYvkLmLfDCyu1VkHxpZdbaedrZY6vQCSo3J83a95l3JfNEXydFqOR12NMp5sfZo5qq8SD1c1mKz3KmZL630ocM5PtVWT2AgzCcr4ByAwCyKHq88Qm0KHvPRn2S0p73W-a7o-pw3udiqLfo168QpSTWt6wcxHz1WU9c_HmozlMTxVtxmYzgUJM9YD6LnnudoNFXVcewcdOWeILxVWr54dh5y8CU_9eMaux1mMLFVVxu22uVYVjGEOXOPeRPCLlDHfS-HqGdh7GG0Z-ixO0rmHgc2ZAnS9IVO_HdRNTQ0FB_F2fhoQMZb_Arp0LfAZ6ZahUFLTiKsO4avanqGwBz7iYiDn-lq6sr-vYDdveUHK8XK5UbEKEL8kbwlzu9gAafpsoSHfq-1_lqFY0A6l3d8szSoaRMCQrIHKorozQ", "width": 1872 } ], "place_id": "ChIJBxAlmyY0DogR55LV3JdvXWM", "rating": 3.1, "reference": "ChIJBxAlmyY0DogR55LV3JdvXWM", "scope": "GOOGLE", "types": [ "hospital", "health", "point_of_interest", "establishment" ], "user_ratings_total": 55.0, "vicinity": "3722 S Harlem Ave #101, Riverside", "category": "Primary Care Center – Private / Non-profit", "source": "Google Places", "raw_types_str": "hospital, health, point_of_interest, establishment" }, "geometry": { "type": "Point", "coordinates": [ -87.8030836, 41.8241155 ] } },
{ "type": "Feature", "properties": { "business_status": "OPERATIONAL", "icon": "https://maps.gstatic.com/mapfiles/place_api/icons/v1/png_71/generic_business-71.png", "icon_background_color": "#7B9EB0", "icon_mask_base_uri": "https://maps.gstatic.com/mapfiles/place_api/icons/v2/generic_pinlet", "international_phone_number": "+1 708-484-1800", "name": "Taylor Medical Center SC", "opening_hours": { "open_now": false }, "photos": [ { "height": 2000, "html_attributions": [ "<a href=\"https://maps.google.com/maps/contrib/118018804850482871335\">Taylor Medical Center SC</a>" ], "photo_reference": "AcnlKN09kzvrvpqvNFhjw9q908vKiSZhDy45X17AIGtF_29GOpXF4WXOr9u5kQuwUts7lbQhbVUF-4h_eWDZbzI4kGW4ZhiADwqJhuKFbkqev-XeT_JThkGfRrBH9bBIOj5tPWFXRSa5J4A8_Jha4PqF9kdp62uASoXhpyfll58sDwdpYLvnKjxKjkUvpgrBiX3fdMHPrE6h_BIDR-BP9jAqrmYJdVWTvGEn659ay43TBD42ajz_myaqL6t6M9ynv6L7uM_zKA0ByVwH6-0DZaNeDNcTbjCbo134-Hi7VFxagBFTplF8vyc", "width": 1545 } ], "place_id": "ChIJCb12xzs0DogRcGCxvUcxchU", "rating": 4.7, "reference": "ChIJCb12xzs0DogRcGCxvUcxchU", "scope": "GOOGLE", "types": [ "doctor", "health", "point_of_interest", "establishment" ], "user_ratings_total": 9.0, "vicinity": "3223 S Harlem Ave, Berwyn", "category": "Primary Care Center – Private / Non-profit", "source": "Google Places", "raw_types_str": "doctor, health, point_of_interest, establishment" }, "geometry": { "type": "Point", "coordinates": [ -87.8026075, 41.8329881 ] } },
{ "type": "Feature", "properties": { "business_status": "OPERATIONAL", "icon": "https://maps.gstatic.com/mapfiles/place_api/icons/v1/png_71/hospital-71.png", "icon_background_color": "#F88181", "icon_mask_base_uri": "https://maps.gstatic.com/mapfiles/place_api/icons/v2/hospital-H_pinlet", "international_phone_number": "+1 630-323-8595", "name": "Curewell Medical - Urgent Care Center", "opening_hours": { "open_now": true }, "photos": null, "place_id": "ChIJsRqG2sM1DogRiIdKPVbKsJA", "rating": 3.6, "reference": "ChIJsRqG2sM1DogRiIdKPVbKsJA", "scope": "GOOGLE", "types": [ "hospital", "health", "point_of_interest", "establishment" ], "user_ratings_total": 21.0, "vicinity": "6925 Cermak Rd, Berwyn", "category": "Urgent Care / Walk-in Clinic", "source": "Google Places", "raw_types_str": "hospital, health, point_of_interest, establishment" }, "geometry": { "type": "Point", "coordinates": [ -87.7968903, 41.8503112 ] } },
{ "type": "Feature", "properties": { "business_status": "OPERATIONAL", "icon": "https://maps.gstatic.com/mapfiles/place_api/icons/v1/png_71/hospital-71.png", "icon_background_color": "#F88181", "icon_mask_base_uri": "https://maps.gstatic.com/mapfiles/place_api/icons/v2/hospital-H_pinlet", "international_phone_number": "+1 888-584-7888", "name": "Loyola University Medical Center", "opening_hours": null, "photos": null, "place_id": "ChIJu5DoH6A1DogRclt3F_bnswU", "rating": 3.0, "reference": "ChIJu5DoH6A1DogRclt3F_bnswU", "scope": "GOOGLE", "types": [ "hospital", "health", "point_of_interest", "establishment" ], "user_ratings_total": 4.0, "vicinity": "Hines", "category": "Primary Care Center – Private / Non-profit", "source": "Google Places", "raw_types_str": "hospital, health, point_of_interest, establishment" }, "geometry": { "type": "Point", "coordinates": [ -87.835108, 41.8585457 ] } },
{ "type": "Feature", "properties": { "business_status": "OPERATIONAL", "icon": "https://maps.gstatic.com/mapfiles/place_api/icons/v1/png_71/generic_business-71.png", "icon_background_color": "#7B9EB0", "icon_mask_base_uri": "https://maps.gstatic.com/mapfiles/place_api/icons/v2/generic_pinlet", "international_phone_number": "+1 312-324-0222", "name": "Physicians Immediate Care", "opening_hours": { "open_now": true }, "photos": [ { "height": 575, "html_attributions": [ "<a href=\"https://maps.google.com/maps/contrib/101889124175995888011\">Physicians Immediate Care</a>" ], "photo_reference": "AcnlKN1-cdH-MIYzujSl6wHMcxW6CML4hl-elKnBBZTlYaarlTafY0S4qF9vwurzHRYYhP6pHzLG_RLus_kbDKMiHf4owoEFOiDgQhQyfiHevb0jklUqKr-YBYVpp-aI180Xcmo_74rzpKmMXTMBZ8GAKnqoW8qNa8jHW2MLTv1mi9j3Sm_cMcJPN-nOAUub0a61j6Tdmz_ZVnmiBMNo1wz9f0p3wXQz1_GEhE1PQTy82yoJaxQtx5HuL0qwe_vie2UM09g8Ot3b-wJ5OgTwQhjSRPPSnifgoTRI-mXrkaLkaXP_VQ0tBVE6FDASpngwAwBF4NjJ17DV0bhzbCOqlx1759oWed8bcUYG2aN5xY2TA0OnAMTRNUc2V9Uhp7XkATN9GcBQF_1sy1YEvNttFuEFOVjj_5-B92bf6-BubMVEInB0UH9LRGoh-drVv0ovsoJjwLyhwneIw6eTlo87BAGNGPGd4cDZL-n0-TwOV-C_Y5TmKMLu2r01tf07tPZmNh2rxDoypJCjyLruKt3YGs6DMwxBPSgH39ZD116HTkfEGRXAEP0znvt4PUu2gyLK8AmhmSpvi-9_UyaHehKmF7ITAJnXum1eug", "width": 1022 } ], "place_id": "ChIJFzg1UVU1DogRtOAN40r53rE", "rating": 4.3, "reference": "ChIJFzg1UVU1DogRtOAN40r53rE", "scope": "GOOGLE", "types": [ "doctor", "health", "point_of_interest", "establishment" ], "user_ratings_total": 693.0, "vicinity": "2201 S Oak Park Ave, Berwyn", "category": "Urgent Care / Walk-in Clinic", "source": "Google Places", "raw_types_str": "doctor, health, point_of_interest, establishment" }, "geometry": { "type": "Point", "coordinates": [ -87.7931072, 41.8503833 ] } },
{ "type": "Feature", "properties": { "business_status": "OPERATIONAL", "icon": "https://maps.gstatic.com/mapfiles/place_api/icons/v1/png_71/generic_business-71.png", "icon_background_color": "#7B9EB0", "icon_mask_base_uri": "https://maps.gstatic.com/mapfiles/place_api/icons/v2/generic_pinlet", "international_phone_number": null, "name": "WalkiCare Walk-In Clinic", "opening_hours": null, "photos": null, "place_id": "ChIJjV2KNpAzDogRJxrYqpdBTns", "rating": null, "reference": "ChIJjV2KNpAzDogRJxrYqpdBTns", "scope": "GOOGLE", "types": [ "health", "point_of_interest", "establishment" ], "user_ratings_total": null, "vicinity": "6039 Cermak Rd, Cicero", "category": "Primary Care Center – Private / Non-profit", "source": "Google Places", "raw_types_str": "health, point_of_interest, establishment" }, "geometry": { "type": "Point", "coordinates": [ -87.7756183, 41.8505116 ] } },
{ "type": "Feature", "properties": { "business_status": "OPERATIONAL", "icon": "https://maps.gstatic.com/mapfiles/place_api/icons/v1/png_71/generic_business-71.png", "icon_background_color": "#7B9EB0", "icon_mask_base_uri": "https://maps.gstatic.com/mapfiles/place_api/icons/v2/generic_pinlet", "international_phone_number": null, "name": "St. Jude Medical Clinic", "opening_hours": { "open_now": true }, "photos": [ { "height": 700, "html_attributions": [ "<a href=\"https://maps.google.com/maps/contrib/105548131500224637406\">A Google User</a>" ], "photo_reference": "AcnlKN3t2neTjgFhnoQTL3cJ64b3aC45Z5jvTmx__tOjsSkNxatLBvm44U4cfV0wre2pZzivRHC2ISzmSv5cB0VUxPmmWg8Ud2-fMooi1ldzkaVwPBCTmNoPmtMOxehih_HNlzO_lUQyYDQPTXfJr5-JjQ3iiXCWR01gpA9ETcOTUqeU_3HhK2JobUmbF2fDSgBukA-saq8FRfNsapfhye4ma6UnVoky89oraYSCrA5Fr3Udro_zc4-OYitH1wEzR9oeE2Pfih5P2rV3poYnm3Cd4xkdI4oYGTHYkD05QLWbtOdRwnS-HjLv_st0Dw4xDaPT8penRKbizdpetgOhAidC7wdLjfh6REowzzOwrPu8D79XWpkCDH6_nHOvNnDS1pvMloFdbf2pZl7St0KKH6rK0UPNMySovIfdRr24NoIJUpjwr6RXRwIIwhKnLhpAaZ4c6K9FySxyTk6JUqKGZRwcY7I763jUN7FVPa3lbURxZwk9H4c5Vt2I-8eQq6ftIK5WtMFnAAlhr4k28jIKI3SdtFVNx-trZkGWgQnd7WCT08eEJWxMuLI7HbWQyacjw0tvoAMCdHSTGz_tJA", "width": 700 } ], "place_id": "ChIJhyYmlDgyDogRUsQYueYzJQg", "rating": 4.1, "reference": "ChIJhyYmlDgyDogRUsQYueYzJQg", "scope": "GOOGLE", "types": [ "hospital", "doctor", "health", "point_of_interest", "establishment" ], "user_ratings_total": 49.0, "vicinity": "3943 W 31st St, Chicago", "category": "Primary Care Center – Private / Non-profit", "source": "Google Places", "raw_types_str": "hospital, doctor, health, point_of_interest, establishment" }, "geometry": { "type": "Point", "coordinates": [ -87.723607, 41.8366999 ] } },
{ "type": "Feature", "properties": { "business_status": "OPERATIONAL", "icon": "https://maps.gstatic.com/mapfiles/place_api/icons/v1/png_71/generic_business-71.png", "icon_background_color": "#7B9EB0", "icon_mask_base_uri": "https://maps.gstatic.com/mapfiles/place_api/icons/v2/generic_pinlet", "international_phone_number": "+1 708-780-9777", "name": "ACCESS Hawthorne Family Health Center", "opening_hours": { "open_now": true }, "photos": [ { "height": 668, "html_attributions": [ "<a href=\"https://maps.google.com/maps/contrib/102321606391504218650\">Access Hawthorne Family Health Center</a>" ], "photo_reference": "AcnlKN0S03RvMQrz4UKyNTPWyh2GGyAubLn4aVEIRhPK6OfFPn3q4Uk4qg8iQEaK5O70CbW6u_XilwcQbZjqE8CUyqY4UaZ6QuXxgDd2kroWz7Pza7DePvmJfc8t5WNM4_5cZ3VYqay7-d9DboNFoKcyr10Mell8JvzA9R3JjLy_rbW0UDiuSGE0_xQ1ITu2rv9Ydud4RnPWyyELmOyGLU_OBv0gC1gVoq3aszM5QKJIHI4pXk8JPj-zkNdYrF9sgxv25BCYpq5J1vilH4NJGVaLQhIujWBWulYb3DtQBya54Ici5c2O5OAdImZ-RbvVJFHoVlT2pyjNW0mxeIHAP1HAMnOurE5ClaCympJfS0F8xuXT_y-hHWxpHpkoPnHKVw4nC7FtykZmZkpIGpmFg_CMnHEM1tvO845fIM_py72F9Sp0xTvdKyYkBQcNA9zQfXBT6jaQKPIJSvU0Bi-P5uOVi06FRGbLgrbtAWJjUx80iiPP-Id4ucSCfRv4iS8-nPtsPEB4hVDKBN0VPjT28lA3kVwJp2l26iWxD44-FZOFOJyA59phGqJptBlYFuWF-T7U5HlbWAKYu_uKqHIa-bQCZeLUM5RSQg", "width": 820 } ], "place_id": "ChIJyT_8NK4zDogRVEtfZV80Y1Q", "rating": 3.2, "reference": "ChIJyT_8NK4zDogRVEtfZV80Y1Q", "scope": "GOOGLE", "types": [ "doctor", "health", "point_of_interest", "establishment" ], "user_ratings_total": 99.0, "vicinity": "3040 S Cicero Ave, Cicero", "category": "Primary Care Center – Private / Non-profit", "source": "Google Places", "raw_types_str": "doctor, health, point_of_interest, establishment" }, "geometry": { "type": "Point", "coordinates": [ -87.7444694, 41.8376512 ] } },
{ "type": "Feature", "properties": { "business_status": "OPERATIONAL", "icon": "https://maps.gstatic.com/mapfiles/place_api/icons/v1/png_71/generic_business-71.png", "icon_background_color": "#7B9EB0", "icon_mask_base_uri": "https://maps.gstatic.com/mapfiles/place_api/icons/v2/generic_pinlet", "international_phone_number": "+1 773-521-6666", "name": "Little Village Medical Center", "opening_hours": { "open_now": true }, "photos": [ { "height": 4080, "html_attributions": [ "<a href=\"https://maps.google.com/maps/contrib/105133646160563528544\">rafapsp perz</a>" ], "photo_reference": "AcnlKN1Y-4ZJd8DfxPrVsmou-Cqe7wY6Nk9a-Ab4HTyYJZU6OPZ5FJZbmhAsJsTDDgibZBNJItVoubKj0JQ_d-uTvkPulXoHMUgBVj8A111xAptWV6LX2OsfGnpVLjcBO3y7B2PFDGysxiXIfryWFL-dL7a-CtEOKt6bjVwWTJZRqUN_p3hviM0430DFYRimXBQBMeNVHV_KvtqeVhTTkgH8zPYYHj0MKKk99pTm6bc1Ah1pQqv2K7VlMQjO5-YyCqkNgpV7oLDWYdOmbhNbAFc9-9ljPRT2oF65PXurfp2VskuigUeR8G8WqWZkUSEakPrt9iHw98kEARXtSXXYPiL4-cl24AIrMmMQuGMUnyw2yjWRGLfwbWL8kHvMflVh3v75wd-1on5iu-YBvfm0aQz3Ty90n7sZTP_y8ukaDPz8U4n5n3a9EPv244RaMS64etXMtdDfrB7-qBrmQkZPS_709-f-MXrIdb2wvv1yL9ry6zFO935nHqaao17Y0ycV6DpZx5ZtU43iZt7Efxbo9-FgtD1FO1TIpkNQRIIRTTp5Q0aLm-G4AIWp5MSq7lNBgqdyv9ttukVJIvUkdM5yEfudzjJ6TjOewg", "width": 3072 } ], "place_id": "ChIJb-9b32kyDogRDniCdGaJz84", "rating": 2.3, "reference": "ChIJb-9b32kyDogRDniCdGaJz84", "scope": "GOOGLE", "types": [ "doctor", "health", "point_of_interest", "establishment" ], "user_ratings_total": 6.0, "vicinity": "2611 S Lawndale Ave, Chicago", "category": "Primary Care Center – Private / Non-profit", "source": "Google Places", "raw_types_str": "doctor, health, point_of_interest, establishment" }, "geometry": { "type": "Point", "coordinates": [ -87.7170559, 41.8439759 ] } },
{ "type": "Feature", "properties": { "business_status": "OPERATIONAL", "icon": "https://maps.gstatic.com/mapfiles/place_api/icons/v1/png_71/generic_business-71.png", "icon_background_color": "#7B9EB0", "icon_mask_base_uri": "https://maps.gstatic.com/mapfiles/place_api/icons/v2/generic_pinlet", "international_phone_number": "+1 312-996-2000", "name": "Mile Square Health Center", "opening_hours": { "open_now": false }, "photos": null, "place_id": "ChIJc7puda4zDogRJnON9osOZwE", "rating": 3.1, "reference": "ChIJc7puda4zDogRJnON9osOZwE", "scope": "GOOGLE", "types": [ "health", "point_of_interest", "establishment" ], "user_ratings_total": 19.0, "vicinity": "4747 W Cermak Rd, Cicero", "category": "Primary Care Center – Private / Non-profit", "source": "Google Places", "raw_types_str": "health, point_of_interest, establishment" }, "geometry": { "type": "Point", "coordinates": [ -87.7419513, 41.8492052 ] } },
{ "type": "Feature", "properties": { "business_status": "OPERATIONAL", "icon": "https://maps.gstatic.com/mapfiles/place_api/icons/v1/png_71/hospital-71.png", "icon_background_color": "#F88181", "icon_mask_base_uri": "https://maps.gstatic.com/mapfiles/place_api/icons/v2/hospital-H_pinlet", "international_phone_number": "+1 872-588-3000", "name": "Lawndale Christian Health Center", "opening_hours": { "open_now": false }, "photos": [ { "height": 1365, "html_attributions": [ "<a href=\"https://maps.google.com/maps/contrib/103026821844032418479\">Lawndale Christian Health Center</a>" ], "photo_reference": "AcnlKN0Y4aShZcsi5kSvCAEFT1JcE43-NDNaSE4pZUdA0dEBNXxtOhoAjmQGFwhLoC8IBGKBAiz-EG5kELK72co5l8CkW8pwkn5MWutGPd6AFEbuU9a6KU6eSDliEuxWE7HZazYHdwX9J8gKwpoxBpecMi8ivosQTc7hBxwu1n1aFxY04uQqu-nS-59xyg1FUNZY8bE824hlW3Vi9whnTykSs-jvG_J1y_xMdWYT8TAvwF0UkQ2xs2ApP8H6s-kbJKjDltvAS6hWx65_WU6702qbPP6NPOoMB8BfXvlTRpDBJY0lnUTfSjvsUv1K6pInO6HuTs_EtucvOTkWQHt-wv1-EfARLEdbl5mZmfju7XFHHT8_hcTdx508lUPUizucQ3f_jZ-Sjq5b4RrlC33tJqYP5WdqmxaeWgEY3rH23e8itKXhQozm4ZQWiRNzS-7ymwQH1GDg0fJTsOJjqokmeOSuRCqrWDB971EoUQ9nyf__kiibN3pTOn6GvKw9CmibAUZkBIh1RgTRR-RNZD5zNzjfzVptTGgY1_DEtP8gINIF5yp7Pj2L552Nx3X9QmuZKdPMnjWlDYLf", "width": 2048 } ], "place_id": "ChIJPZfXF2UyDogRdUWWEOnlIho", "rating": 3.1, "reference": "ChIJPZfXF2UyDogRdUWWEOnlIho", "scope": "GOOGLE", "types": [ "pharmacy", "hospital", "doctor", "health", "point_of_interest", "store", "establishment" ], "user_ratings_total": 286.0, "vicinity": "3750 W Ogden Ave, Chicago", "category": "Primary Care Center – Private / Non-profit", "source": "Google Places", "raw_types_str": "pharmacy, hospital, doctor, health, point_of_interest, store, establishment" }, "geometry": { "type": "Point", "coordinates": [ -87.7217941, 41.8525331 ] } },
{ "type": "Feature", "properties": { "business_status": "OPERATIONAL", "icon": "https://maps.gstatic.com/mapfiles/place_api/icons/v1/png_71/hospital-71.png", "icon_background_color": "#F88181", "icon_mask_base_uri": "https://maps.gstatic.com/mapfiles/place_api/icons/v2/hospital-H_pinlet", "international_phone_number": "+1 312-864-0200", "name": "Cook County Health Dr. Jorge Prieto Health Center", "opening_hours": { "open_now": false }, "photos": [ { "height": 899, "html_attributions": [ "<a href=\"https://maps.google.com/maps/contrib/109949233345939530353\">Cook County Health Dr. Jorge Prieto Health Center</a>" ], "photo_reference": "AcnlKN0MEgY2OdCwNtBr4x9IawEGRuGEmZyBj3ioxTzE3m7ejCtEplP1S2PXSpvNX48PINihBStu-UkFzybt1EmgCaBwN67Os0YZbawZWYotQRCpR0TZS2dbbG31FBZMUuX9_6Sv_eeTPD3PhJ0jUER9YRcyLqJ5PMyWdZRnEq-VbByIcITbERZ2yNvFUnKzRUkxSxCtlqibGs1Zy_Ne5UB9AaZOsJI0lvxLcHvfSap39Nl6xdSq8HKDkClwX7mhaYT64jVTu4eun3bm0YdxzX-PqJuHj-GlRk_tqGqBh1OI6X6I3UDXPzaZSx97UiHnfM33I0tQMd8bmub8JoiBE32O9Xh9mUSdw2Ok0YqNPEu2jnwwg7pO_Bp6d_oeNLGrqOCkoN9aNj8N9K9f3shSqTYVNFRw4M2FSakJx_GL97HmbDaDaj-WmKevUcsJzJTfvaeInNElEPvcK0dDymisIt4_tsaVDmg8pEbOaERB1ZSlneGd08H0ETUIQH5rmWGYmbP1kojffbGOggbg_5EMj1y7w3wHPaRVUwS1OcdPb7YjaAzb2kAkmG6occ7NZH-fUdJNd3INC6RMgvHV2Q", "width": 1600 } ], "place_id": "ChIJkUipKUUyDogRcZgRfcg50PM", "rating": 2.6, "reference": "ChIJkUipKUUyDogRcZgRfcg50PM", "scope": "GOOGLE", "types": [ "hospital", "health", "point_of_interest", "establishment" ], "user_ratings_total": 102.0, "vicinity": "2424 S Pulaski Rd, Chicago", "category": "Primary Care Center – Private / Non-profit", "source": "Google Places", "raw_types_str": "hospital, health, point_of_interest, establishment" }, "geometry": { "type": "Point", "coordinates": [ -87.724881, 41.8471182 ] } },
{ "type": "Feature", "properties": { "business_status": "OPERATIONAL", "icon": "https://maps.gstatic.com/mapfiles/place_api/icons/v1/png_71/generic_business-71.png", "icon_background_color": "#7B9EB0", "icon_mask_base_uri": "https://maps.gstatic.com/mapfiles/place_api/icons/v2/generic_pinlet", "international_phone_number": "+1 708-863-6166", "name": "FamilyMed Centers", "opening_hours": { "open_now": true }, "photos": null, "place_id": "ChIJTxuhPpszDogRLJK3Keu2qMA", "rating": 4.8, "reference": "ChIJTxuhPpszDogRLJK3Keu2qMA", "scope": "GOOGLE", "types": [ "hospital", "doctor", "spa", "health", "point_of_interest", "establishment" ], "user_ratings_total": 4.0, "vicinity": "5700 Cermak Rd, Cicero", "category": "Primary Care Center – Private / Non-profit", "source": "Google Places", "raw_types_str": "hospital, doctor, spa, health, point_of_interest, establishment" }, "geometry": { "type": "Point", "coordinates": [ -87.7666067, 41.8512491 ] } },
{ "type": "Feature", "properties": { "business_status": "OPERATIONAL", "icon": "https://maps.gstatic.com/mapfiles/place_api/icons/v1/png_71/generic_business-71.png", "icon_background_color": "#7B9EB0", "icon_mask_base_uri": "https://maps.gstatic.com/mapfiles/place_api/icons/v2/generic_pinlet", "international_phone_number": "+1 708-222-0100", "name": "Cermak Immediate Care - Cicero", "opening_hours": { "open_now": true }, "photos": [ { "height": 640, "html_attributions": [ "<a href=\"https://maps.google.com/maps/contrib/108449055200415779558\">Cermak Immediate Care - Cicero</a>" ], "photo_reference": "AcnlKN004qD9knqOZLL-nytfns8swEx_mswrgs0pYq0ac9s6xgx23FCGjt_QA3-z_K13JywSTs5Oa1ckN5nC82RZ_8535p00WfFOu013_zX4JOINnMqfhcRsTjJGEBeS4F-RLxS3296vAKnU3AYNi4ap0qO67qEnEEllBKWkI0RaZvJa12pUxlnKvglj00tnu1bNjYnYeynQ1y1B5D3tLJpIxo-nh7q1MZqN7octg6k9NwhPbA2GNTQJrF__yrF2XQMEeSA3yZhglxzEXQborGP0gKBP2h357qiLxHdu-eE4hOtPD0wzhUKxS-aTbvxvtKGG156l7CvrTflJszxkLcULPmhijpivTENla4pJYP1GDY-hJlPZrxbmNHW2NATlqDx5X6vLhAL0HtqN12W459unkoVc6uWaylW1BKe83cQ_oiw0das23U37blnOwNUfZd-0Ysz5g_HdVqZVdn9BsLcwnD5r9E-_4NiSPfiqY365zHFSvs7uzDiXFpfxCL3Sw3vGSZjK3mtuHa0dToCXSJFFYrUYL6TAXED7D_In9vciDHtLUjP5qzChEeF5D0naM65SDil3Xq0RZQCeHdokqHErVDkbyJk", "width": 481 } ], "place_id": "ChIJh9sgA4UzDogRDuFmCUnkj-g", "rating": 4.6, "reference": "ChIJh9sgA4UzDogRDuFmCUnkj-g", "scope": "GOOGLE", "types": [ "hospital", "doctor", "health", "point_of_interest", "establishment" ], "user_ratings_total": 3068.0, "vicinity": "5741 W Cermak Rd, Cicero", "category": "Urgent Care / Walk-in Clinic", "source": "Google Places", "raw_types_str": "hospital, doctor, health, point_of_interest, establishment" }, "geometry": { "type": "Point", "coordinates": [ -87.7684171, 41.8505448 ] } },
{ "type": "Feature", "properties": { "business_status": "OPERATIONAL", "icon": "https://maps.gstatic.com/mapfiles/place_api/icons/v1/png_71/generic_business-71.png", "icon_background_color": "#7B9EB0", "icon_mask_base_uri": "https://maps.gstatic.com/mapfiles/place_api/icons/v2/generic_pinlet", "international_phone_number": "+1 773-523-8773", "name": "SMG at St. Jude Medical Clinic", "opening_hours": { "open_now": false }, "photos": null, "place_id": "ChIJhyYmlDgyDogR28LphRTd-9M", "rating": 2.5, "reference": "ChIJhyYmlDgyDogR28LphRTd-9M", "scope": "GOOGLE", "types": [ "health", "point_of_interest", "establishment" ], "user_ratings_total": 28.0, "vicinity": "3943 W 31st St, Chicago", "category": "Primary Care Center – Private / Non-profit", "source": "Google Places", "raw_types_str": "health, point_of_interest, establishment" }, "geometry": { "type": "Point", "coordinates": [ -87.7236065, 41.8367996 ] } },
{ "type": "Feature", "properties": { "business_status": "OPERATIONAL", "icon": "https://maps.gstatic.com/mapfiles/place_api/icons/v1/png_71/hospital-71.png", "icon_background_color": "#F88181", "icon_mask_base_uri": "https://maps.gstatic.com/mapfiles/place_api/icons/v2/hospital-H_pinlet", "international_phone_number": "+1 708-484-0044", "name": "Loyola Medical Group", "opening_hours": { "open_now": false }, "photos": [ { "height": 1836, "html_attributions": [ "<a href=\"https://maps.google.com/maps/contrib/111652343337698468237\">Nicholas Pellecchia</a>" ], "photo_reference": "AcnlKN1bNABQ3bOSazpcaGxa4iPmq6M8qwbxbsm5FzyxCzFhVrALaLaF2FauMf8z2GSsuwhJKncd8KGK5yyZPOFKzrmZl7bcvuDXzloVWkWyOZvyoyplY7J2wBFTzxL3uePmWy26GT8lUV26zhan6QmNdBvrMX7o8HRH1TPyrIj1T7xW-ah9zHEFsjsL-X4C9RN_ZmM4yfsii_vXF0mMFOgCw5nF3m53uWzGAcMetB2sIONWEkHe_JAu4Z2YFxZ3ERZU_3-yX5fDa6rEE1QfVtX7S_H5LPdYdqtfhu3VvrbzwDroA9HmhWZ0kxSl2PqtJKEbRriOa6-L6pualbumBtn_6ZXQNOfhHc6z9EyBQWVrkL5Trm3u7XSxMcWMNnzD1fpty7zfXZItsGrchE0_xRYDmHFrt5RcO7Ksh2hARs7Z-Qxpjj_pgT4nwQ5Sew_5ssFf9q8jiHZya2sVdgIfkYyWiO0zqpbtUpWpFA4dFfoMhvqJeLf0s20WtWxwtgJZBdLFJmu7VISsfXOnDyPx-nAD4hCfirgi8PC10hRdgUGajGwe2a-GMq02tWiftCls_cRI1vfsngJEZh8P-g", "width": 3264 } ], "place_id": "ChIJUQYlwno0DogR156eVTCs_QU", "rating": 3.5, "reference": "ChIJUQYlwno0DogR156eVTCs_QU", "scope": "GOOGLE", "types": [ "hospital", "health", "point_of_interest", "establishment" ], "user_ratings_total": 40.0, "vicinity": "6425 Cermak Rd Suites 101-102, Berwyn", "category": "Primary Care Center – Private / Non-profit", "source": "Google Places", "raw_types_str": "hospital, health, point_of_interest, establishment" }, "geometry": { "type": "Point", "coordinates": [ -87.7851334, 41.8503994 ] } },
{ "type": "Feature", "properties": { "business_status": "OPERATIONAL", "icon": "https://maps.gstatic.com/mapfiles/place_api/icons/v1/png_71/generic_business-71.png", "icon_background_color": "#7B9EB0", "icon_mask_base_uri": "https://maps.gstatic.com/mapfiles/place_api/icons/v2/generic_pinlet", "international_phone_number": "+1 708-656-5485", "name": "Cicero Medical", "opening_hours": { "open_now": false }, "photos": [ { "height": 4032, "html_attributions": [ "<a href=\"https://maps.google.com/maps/contrib/106192078946186340553\">A Google User</a>" ], "photo_reference": "AcnlKN2wAF9lFVBlpHRu-5feBbW8neV6kkzh0-oSLwHSRKIdfgIdiw-QZ3ekrSWhda4KDyXaNSauIqJveqtb-fg8iWb3QTPkVQ7aDpU3Y97zsgRXT4bmI078S2YR1fNzGGTn6VtTN_Zvi0mE22g_nG0st9w70-PKBiHlTYBCDTMFvaW5skthVgZjbsvgHMU0VCmm_y0ijJA-1L7vi3m_IL_VmLLjOLV_iNenB9-_Z_7gyqrq7kn4cmk_ZtsugJnMsTaX4dgTH-Mzhru5aZ61XKdXNO6oRqqCyg_ALpt3e2foJKqw9dnOjjj1CSE1MPgfMv2wcwiPewsjetmCuNb5MvcjsuRwgiF0KNbrkib8h_58URiqxV4PyjHVBVtHaRt9V2sLLRBDt2NP3UWffbmVDObutAPJFZClw_iSHS7NY4ja4PZCEVsGe6y1fHHJBUxZN1jy71S5TkcgIoEXcJQIHcGvCfb2xZcbt2IguAZVdKkrjY7ZBGRd6Z8y4-up41nqs2GOg9_Cp4dT6shWGfT140OUrMHl0wBN-xZlMrGnPJGL4VpAG8eeyfq2W1VSWlUIG5uh0FtkP9Dk", "width": 3024 } ], "place_id": "ChIJ-zpm4u8zDogRYvJxQBSpW8Y", "rating": 2.8, "reference": "ChIJ-zpm4u8zDogRYvJxQBSpW8Y", "scope": "GOOGLE", "types": [ "doctor", "health", "point_of_interest", "establishment" ], "user_ratings_total": 17.0, "vicinity": "5712 W 35th St, Cicero", "category": "Primary Care Center – Private / Non-profit", "source": "Google Places", "raw_types_str": "doctor, health, point_of_interest, establishment" }, "geometry": { "type": "Point", "coordinates": [ -87.7665319, 41.8291599 ] } },
{ "type": "Feature", "properties": { "business_status": "OPERATIONAL", "icon": "https://maps.gstatic.com/mapfiles/place_api/icons/v1/png_71/generic_business-71.png", "icon_background_color": "#7B9EB0", "icon_mask_base_uri": "https://maps.gstatic.com/mapfiles/place_api/icons/v2/generic_pinlet", "international_phone_number": "+1 773-542-5203", "name": "ACCESS Centro Médico", "opening_hours": { "open_now": false }, "photos": [ { "height": 817, "html_attributions": [ "<a href=\"https://maps.google.com/maps/contrib/107816074554378086311\">ACCESS Centro Médico</a>" ], "photo_reference": "AcnlKN1CfRpqIS2FTnZrE8h6MyfohiNDvJ8V7Tc414j7n8Np-0tmpfvASYwhw_tv5h3C8MsXNvBPKyQaQolP6fIH1GBgvCh0sZw299vvy6ao2qw5kzcJJvm3x2SyxDzNfHnm5XmWcQpsh8n4Me-Lvf071SIHcNV6eRi56fNiGOUQyEEHmEDN_q35NzEK3jQHfQ7Xv5yckwWh1FXWM6dDoSL21L5xm5H6F8ddAi0OIDAe4hLDyYzrEXYj6mhi0KCNFOtB1dpCKDW_7fhzBdUnySsOqFYzt6NaovsWxfTRMt76Nh1Msjsf4Hk", "width": 820 } ], "place_id": "ChIJ9xDZe0IyDogRbMSLksGIfpc", "rating": 4.6, "reference": "ChIJ9xDZe0IyDogRbMSLksGIfpc", "scope": "GOOGLE", "types": [ "doctor", "health", "point_of_interest", "establishment" ], "user_ratings_total": 72.0, "vicinity": "3700 W 26th St, Chicago", "category": "Primary Care Center – Private / Non-profit", "source": "Google Places", "raw_types_str": "doctor, health, point_of_interest, establishment" }, "geometry": { "type": "Point", "coordinates": [ -87.7174093, 41.8445091 ] } },
{ "type": "Feature", "properties": { "business_status": "OPERATIONAL", "icon": "https://maps.gstatic.com/mapfiles/place_api/icons/v1/png_71/generic_business-71.png", "icon_background_color": "#7B9EB0", "icon_mask_base_uri": "https://maps.gstatic.com/mapfiles/place_api/icons/v2/generic_pinlet", "international_phone_number": "+1 708-780-7400", "name": "Holy Family Medical Clinic", "opening_hours": { "open_now": false }, "photos": null, "place_id": "ChIJVTuf2AgzDogRKnEvo1-7dSM", "rating": 4.0, "reference": "ChIJVTuf2AgzDogRKnEvo1-7dSM", "scope": "GOOGLE", "types": [ "health", "point_of_interest", "establishment" ], "user_ratings_total": 13.0, "vicinity": "5103 W Cermak Rd, Cicero", "category": "Primary Care Center – Private / Non-profit", "source": "Google Places", "raw_types_str": "health, point_of_interest, establishment" }, "geometry": { "type": "Point", "coordinates": [ -87.7519827, 41.8506948 ] } },
{ "type": "Feature", "properties": { "business_status": "OPERATIONAL", "icon": "https://maps.gstatic.com/mapfiles/place_api/icons/v1/png_71/generic_business-71.png", "icon_background_color": "#7B9EB0", "icon_mask_base_uri": "https://maps.gstatic.com/mapfiles/place_api/icons/v2/generic_pinlet", "international_phone_number": "+1 773-762-2435", "name": "ACCESS Westside Family Health Center", "opening_hours": { "open_now": false }, "photos": [ { "height": 800, "html_attributions": [ "<a href=\"https://maps.google.com/maps/contrib/114869837922535257253\">Access Westside Family Health Center</a>" ], "photo_reference": "AcnlKN3ZPF-R-Rn7-9usmWL_TCaM7cvEPbQ-qworhejqr3sq8IyptjBCEYfxqsW6pvowsC8E6JLgOvq7ESaCfokN25ou-ChmMgzItCCnez2O_cPBYRJuXyKOdFnZxom6u4X1SPJC8N9fxEzbEM06l2bSVkJrb1zw2cuhetbYQG6qSTQD7tlf9uaINA_-vhscdYcRjXC-E7TkmeaIpCtSESVBz5t7bWWhir4iIa7Ga_-e-zthwJ51cppxOPxnjNlkuePhrAIbMHJJM210rgsmYxCT_stNbUHa41xTZY0lMQOZuh-Th764PUw", "width": 800 } ], "place_id": "ChIJv2NaCfUyDogRmAkgkfeRgUA", "rating": 3.8, "reference": "ChIJv2NaCfUyDogRmAkgkfeRgUA", "scope": "GOOGLE", "types": [ "doctor", "health", "point_of_interest", "establishment" ], "user_ratings_total": 50.0, "vicinity": "3752 W 16th St, Chicago", "category": "Primary Care Center – Private / Non-profit", "source": "Google Places", "raw_types_str": "doctor, health, point_of_interest, establishment" }, "geometry": { "type": "Point", "coordinates": [ -87.7197594, 41.8590348 ] } },
{ "type": "Feature", "properties": { "business_status": "OPERATIONAL", "icon": "https://maps.gstatic.com/mapfiles/place_api/icons/v1/png_71/hospital-71.png", "icon_background_color": "#F88181", "icon_mask_base_uri": "https://maps.gstatic.com/mapfiles/place_api/icons/v2/hospital-H_pinlet", "international_phone_number": "+1 877-834-7264", "name": "MacNeal Family Practice Residency", "opening_hours": { "open_now": false }, "photos": [ { "height": 467, "html_attributions": [ "<a href=\"https://maps.google.com/maps/contrib/114823540763846339987\">MacNeal Family Practice Residency</a>" ], "photo_reference": "AcnlKN24J24vaET-dqaKSab4jGojRFbIZrFeRFFepszBMzUdMFFNWNBcRxYvurDKnSx_M1KO6yGUok3-k2qjOaqEmARRZqUyMxLDdcNEUuYSLfrXKJa-GODZSs4cJpHLllDGhz_PT7abGi5KwIbctqHD3ltiSOASSTgmMSb0t2Wboc0aCEliOYs5O88GqSWTJasZl9OU3a8kznDQaikvof2a6yTQPBqrlsY0yT-DZQUI6uSQqc-pPFcVj_92KYZ-HQHC1aVxjp0byDYMg95idv9ibri7cHMXWF4Mo49_PJ040n_mFjlsAg0", "width": 830 } ], "place_id": "ChIJ7UJitBY0DogRUP1lMA0qJFs", "rating": 2.3, "reference": "ChIJ7UJitBY0DogRUP1lMA0qJFs", "scope": "GOOGLE", "types": [ "hospital", "health", "point_of_interest", "establishment" ], "user_ratings_total": 72.0, "vicinity": "3231 Euclid Ave 5th floor, Berwyn", "category": "Primary Care Center – Private / Non-profit", "source": "Google Places", "raw_types_str": "hospital, health, point_of_interest, establishment" }, "geometry": { "type": "Point", "coordinates": [ -87.7912008, 41.832894 ] } },
{ "type": "Feature", "properties": { "business_status": "OPERATIONAL", "icon": "https://maps.gstatic.com/mapfiles/place_api/icons/v1/png_71/generic_business-71.png", "icon_background_color": "#7B9EB0", "icon_mask_base_uri": "https://maps.gstatic.com/mapfiles/place_api/icons/v2/generic_pinlet", "international_phone_number": "+1 708-391-3030", "name": "Midwest Express Clinic Urgent Care", "opening_hours": { "open_now": true }, "photos": [ { "height": 4284, "html_attributions": [ "<a href=\"https://maps.google.com/maps/contrib/106888307989914437122\">Midwest Express Clinic Urgent Care</a>" ], "photo_reference": "AcnlKN3V4Vxwo4vpr_urRaTpVytVvp8vpubiL-MPgAdsn1c8vhjGkPMWbD0jQm91YOVwp8lJ2yDGzjci2BIBK9PfGLtx1zUXYJ0XOoLukTYp6PSB6tBNaMLOdJLeL3E5GFy9_34wvnIkoTsjv03CWmLRWRHqUr2M_5M6TnLeDnm_VZ7Jhr05JFIYij9-C6fvscI9OXRJrDTfNz9iAVq2KL8zzy_Y4H2kGkEPIqY2J0msJkYLAsl_ziuFsVYcY9PaAJSoXXWLvh50eDFgH9tjqk9ODvlJ22QEuXRwQDf3aLjso3qV7mj4T2A", "width": 5712 } ], "place_id": "ChIJFxE5ojMzDogRXGka_R-fRT0", "rating": 4.8, "reference": "ChIJFxE5ojMzDogRXGka_R-fRT0", "scope": "GOOGLE", "types": [ "doctor", "health", "point_of_interest", "establishment" ], "user_ratings_total": 1049.0, "vicinity": "3314 S Cicero Ave Unit B, Cicero", "category": "Urgent Care / Walk-in Clinic", "source": "Google Places", "raw_types_str": "doctor, health, point_of_interest, establishment" }, "geometry": { "type": "Point", "coordinates": [ -87.744442600000013, 41.8308218 ] } },
{ "type": "Feature", "properties": { "business_status": "OPERATIONAL", "icon": "https://maps.gstatic.com/mapfiles/place_api/icons/v1/png_71/generic_business-71.png", "icon_background_color": "#7B9EB0", "icon_mask_base_uri": "https://maps.gstatic.com/mapfiles/place_api/icons/v2/generic_pinlet", "international_phone_number": "+1 708-982-3898", "name": "AFC Urgent Care Cicero", "opening_hours": { "open_now": true }, "photos": [ { "height": 960, "html_attributions": [ "<a href=\"https://maps.google.com/maps/contrib/117679480121725448189\">AFC Urgent Care Cicero</a>" ], "photo_reference": "AcnlKN3RhozmxPHw9Vky8R3mUZseTIOOvizrkPj4sHDLig3ll98T9Pd1_rAS36_VIPbRelyAbr8zh_1L18ca7TuRJ1tO_W0y1S4vIAF0EdKLv5BwZ1PhGZIeCrXb6kq38DLSnG76DnVULGdASFbFIhQJuiGoEbD5lpD6zx3omzkC1t3zWrMcUrbi-qLWhmlo83pxdscbQ_zjwivoV4ApV6w3SZf_ro5NtbOhMGjBvgeh9oSZQ-_rFy6tbpr5tQqEvMDqnAFlUHHlTqDRiQKxaD4PnmJgnvdoL2xPWDvB7OzRieVUincR", "width": 1280 } ], "place_id": "ChIJW4IwdkIzDogRhMlZMN3HJwE", "rating": 5.0, "reference": "ChIJW4IwdkIzDogRhMlZMN3HJwE", "scope": "GOOGLE", "types": [ "hospital", "doctor", "health", "point_of_interest", "establishment" ], "user_ratings_total": 23.0, "vicinity": "4769 W Cermak Rd STE B, Cicero", "category": "Urgent Care / Walk-in Clinic", "source": "Google Places", "raw_types_str": "hospital, doctor, health, point_of_interest, establishment" }, "geometry": { "type": "Point", "coordinates": [ -87.7427835, 41.850770399999988 ] } },
{ "type": "Feature", "properties": { "business_status": "OPERATIONAL", "icon": "https://maps.gstatic.com/mapfiles/place_api/icons/v1/png_71/generic_business-71.png", "icon_background_color": "#7B9EB0", "icon_mask_base_uri": "https://maps.gstatic.com/mapfiles/place_api/icons/v2/generic_pinlet", "international_phone_number": "+1 872-588-3910", "name": "Lawndale Christian Health Center - Immediate Care Clinic", "opening_hours": { "open_now": true }, "photos": [ { "height": 4032, "html_attributions": [ "<a href=\"https://maps.google.com/maps/contrib/115267376519506177983\">Aaron Winter</a>" ], "photo_reference": "AcnlKN3wk4i1dSJdLVI6oDRAPrbLWEnel_6QROKjCJq60XVSi_l0sewupkK2uvwcXJUYB-uls72xvbf37TXUYOWFbR9LDIdKeMj8ns8xrLhZGYPptOcV58G82C8LUPTI1qcey1RXvD5OI2-vPcSL21C6MLmPNx8VZbRiArOJL73JW-8UzlSrbh4y1gxcqQMmB_983dlK4Flvm5YLzV7Qy3eXI29ZFj5PiM1p-cvcRdwGw9dS3rqGKryTYNFtGcgYU3ht8azYUG6zMcguvs37EJYQT6MN9xaCiQ1qRStb94eraMCBx4OI0KylJnbmFf0h3lch5rJc1-Ydz2ne8ri45AEOR1aUr3cGmpbbIP5u7hkdhbpXF49X1xIc5p9IZZ_3QyaEXgKVfNILbwMsiMP-EVB1ZAJ5pa0VaXFstw2tezD7uO2wL7Xhxx6KqM-8aIxVgscpAK_iF7qUoowE1dA5FqvfhaBbqXsBEi2rlk7foXgUT1-TEPoLwfC5iNnugdCetsKUAYccmzXm3_oyRFM8MTIzy_EmYfMjDq9jZ7jP_f3N94Eq_VMEzhEmsHO_dYwAnQC-S3SctdMaty6SLXEhBSHwkP1syeO7mw", "width": 3024 } ], "place_id": "ChIJ9akIN1gzDogR3ZvcJ1bYGkU", "rating": 3.4, "reference": "ChIJ9akIN1gzDogR3ZvcJ1bYGkU", "scope": "GOOGLE", "types": [ "health", "point_of_interest", "establishment" ], "user_ratings_total": 5.0, "vicinity": "3910 W Ogden Ave, Chicago", "category": "Urgent Care / Walk-in Clinic", "source": "Google Places", "raw_types_str": "health, point_of_interest, establishment" }, "geometry": { "type": "Point", "coordinates": [ -87.7230337, 41.8520951 ] } },
{ "type": "Feature", "properties": { "business_status": "OPERATIONAL", "icon": "https://maps.gstatic.com/mapfiles/place_api/icons/v1/png_71/generic_business-71.png", "icon_background_color": "#7B9EB0", "icon_mask_base_uri": "https://maps.gstatic.com/mapfiles/place_api/icons/v2/generic_pinlet", "international_phone_number": "+1 773-523-0900", "name": "ACCESS Plaza Family Health Center", "opening_hours": { "open_now": true }, "photos": [ { "height": 820, "html_attributions": [ "<a href=\"https://maps.google.com/maps/contrib/111157043166290202573\">Access Plaza Family Health Center</a>" ], "photo_reference": "AcnlKN26_l6MBDR-0P2QX2W82ut3p_8B-GvwY-Jsk_l9xfhACaA2Py9RFsoT5y33tMPGWxKYMrXcigQif7XR-9riKv6bx2dxDr-FFilajbieUjR4cdpzmevrqznyE2z_1pK6T4AuTiA6d2zaOwnajnN5VJL9v8q4EWpgLZu-r26O1MLVTzVxDWT81b06OHMVPquyPs_3lCNyYhnAghX9J5Ixz1FOb9wkTSkgOZFq7oseKzhUW5OSlX2E5cFzVJXiaHPiaHeTehzzISnJ_HLVCjH1FJhgECklakSAnrgKX8eE7uwV-nwxIiA", "width": 820 } ], "place_id": "ChIJLwTzELt2XUARPKttDPLQ8ms", "rating": 4.0, "reference": "ChIJLwTzELt2XUARPKttDPLQ8ms", "scope": "GOOGLE", "types": [ "doctor", "point_of_interest", "health", "establishment" ], "user_ratings_total": 63.0, "vicinity": "2533 W Cermak Rd, Chicago", "category": "Primary Care Center – Private / Non-profit", "source": "Google Places", "raw_types_str": "doctor, point_of_interest, health, establishment" }, "geometry": { "type": "Point", "coordinates": [ -87.6892404, 41.8507424 ] } },
{ "type": "Feature", "properties": { "business_status": "OPERATIONAL", "icon": "https://maps.gstatic.com/mapfiles/place_api/icons/v1/png_71/generic_business-71.png", "icon_background_color": "#7B9EB0", "icon_mask_base_uri": "https://maps.gstatic.com/mapfiles/place_api/icons/v2/generic_pinlet", "international_phone_number": "+1 773-522-1216", "name": "Holy Family Medical Center", "opening_hours": { "open_now": false }, "photos": null, "place_id": "ChIJQwvsg3syDogRniWbRHvF5G0", "rating": 5.0, "reference": "ChIJQwvsg3syDogRniWbRHvF5G0", "scope": "GOOGLE", "types": [ "hospital", "doctor", "point_of_interest", "health", "establishment" ], "user_ratings_total": 2.0, "vicinity": "3147 W Cermak Rd, Chicago", "category": "Primary Care Center – Private / Non-profit", "source": "Google Places", "raw_types_str": "hospital, doctor, point_of_interest, health, establishment" }, "geometry": { "type": "Point", "coordinates": [ -87.7046759, 41.8516145 ] } },
{ "type": "Feature", "properties": { "business_status": "OPERATIONAL", "icon": "https://maps.gstatic.com/mapfiles/place_api/icons/v1/png_71/hospital-71.png", "icon_background_color": "#F88181", "icon_mask_base_uri": "https://maps.gstatic.com/mapfiles/place_api/icons/v2/hospital-H_pinlet", "international_phone_number": "+1 773-254-1400", "name": "Alivio Medical Center", "opening_hours": { "open_now": false }, "photos": [ { "height": 2142, "html_attributions": [ "<a href=\"https://maps.google.com/maps/contrib/113397630493276893682\">Alivio Medical Center</a>" ], "photo_reference": "AcnlKN2FVGGkmJOpZOGlPWs0eYEgjHgGA39eHziRxkgTJnnM-1mG1tqMK411ROhAsVZ04JoFlJg5Hust_iThj3t2hsjUTM6vi0Q9qdF8pARSjGD6XBjIMLyRoNKpc8-mLPXWjm6t2jVAdqdsrdl51hAw5Y3HcN7feQ1K08-YAt20bTBaS9n_XgL6StnxyAqoi9wahCaKz8A8_FaKcQlxQ17SNFJ33u4G4CJ-LpCEs9gv6ABHpTffVAPOA7uI_TMEJQzQP_8xPLle2Qyc62Dq39blLoAuEqbLTdDHWz8pjSxSj0mQm4vU9Eo", "width": 2856 } ], "place_id": "ChIJe9HhslcsDogRn3KiwXU-KsU", "rating": 2.7, "reference": "ChIJe9HhslcsDogRn3KiwXU-KsU", "scope": "GOOGLE", "types": [ "hospital", "point_of_interest", "health", "establishment" ], "user_ratings_total": 159.0, "vicinity": "966 W 21st St, Chicago", "category": "Primary Care Center – Private / Non-profit", "source": "Google Places", "raw_types_str": "hospital, point_of_interest, health, establishment" }, "geometry": { "type": "Point", "coordinates": [ -87.6510359, 41.854149 ] } },
{ "type": "Feature", "properties": { "business_status": "OPERATIONAL", "icon": "https://maps.gstatic.com/mapfiles/place_api/icons/v1/png_71/generic_business-71.png", "icon_background_color": "#7B9EB0", "icon_mask_base_uri": "https://maps.gstatic.com/mapfiles/place_api/icons/v2/generic_pinlet", "international_phone_number": "+1 773-277-6589", "name": "ACCESS Servicios Médicos LaVillita", "opening_hours": { "open_now": true }, "photos": [ { "height": 791, "html_attributions": [ "<a href=\"https://maps.google.com/maps/contrib/113624944700410469196\">Access Servicios Médicos LaVillita</a>" ], "photo_reference": "AcnlKN3MuKd8FKoIko7lJCELESIxy1oYYmA2mo3EiLG6TvgoVobwvUa1PcBoYN_xcGU_su6iFX7ZydRMtGMIdAObgtxxEmFv_l9xtB0JHvJTpXaClw3WBoBKCDvwSVbQAkPacsCdzRkg5zTpqCzXCZ0PdMgfIJTTyXWS1hmGcFLPZ6WZXNwoBmiAz6y7K5gPSKsysEqXi2WrbtUQNFJ8seVSrmAQNQ4MzcPcNHi0NzCYM_rRvGVmSr3M_hliA-srsj2MCWCNDoV_ftHmKV3G5AQXQEPfM2L2Q-6EIVPNJZuKGhc16nDtwrU", "width": 820 } ], "place_id": "ChIJU8EyKm4yDogR0dTLXyr4NZ8", "rating": 2.7, "reference": "ChIJU8EyKm4yDogR0dTLXyr4NZ8", "scope": "GOOGLE", "types": [ "doctor", "point_of_interest", "health", "establishment" ], "user_ratings_total": 159.0, "vicinity": "3303 W 26th St, Chicago", "category": "Primary Care Center – Private / Non-profit", "source": "Google Places", "raw_types_str": "doctor, point_of_interest, health, establishment" }, "geometry": { "type": "Point", "coordinates": [ -87.7077343, 41.8439774 ] } },
{ "type": "Feature", "properties": { "business_status": "OPERATIONAL", "icon": "https://maps.gstatic.com/mapfiles/place_api/icons/v1/png_71/hospital-71.png", "icon_background_color": "#F88181", "icon_mask_base_uri": "https://maps.gstatic.com/mapfiles/place_api/icons/v2/hospital-H_pinlet", "international_phone_number": "+1 773-542-2000", "name": "Mount Sinai Hospital", "opening_hours": { "open_now": true }, "photos": [ { "height": 800, "html_attributions": [ "<a href=\"https://maps.google.com/maps/contrib/111841102276636135522\">Mount Sinai Hospital</a>" ], "photo_reference": "AcnlKN0hM2s5HIZ_wzn-9biICklxzjd3w0XxHIJP-bi32TDf2xQkabIxsI18NZA4wALPsy6YsuAs6BpBQV7PqTzetcMx8nbZ-fULMSWrc_PlZYRUa0-KxWTp9tr2L636l9pdX2Mu1zHAKHQoPoR6lX_b7WX8985yUgQX4e8zRp1kZ-6MqBYvCHBf6L9kDskGALCx-jOgr4b9veTUc6s4fHEB0UdPefCe0MdUtItyPRlvt8hNZwtfSWJEmpu6gOjkP71bSE98HwEr1S0t6zCQYFCE6A5ccITayAXpYfQVLScXYIGsWxskLZo", "width": 1500 } ], "place_id": "ChIJ5QTW934tDogRGQb13FQv_sI", "rating": 4.2, "reference": "ChIJ5QTW934tDogRGQb13FQv_sI", "scope": "GOOGLE", "types": [ "hospital", "point_of_interest", "health", "establishment" ], "user_ratings_total": 2025.0, "vicinity": "1500 S Fairfield Ave, Chicago", "category": "Hospital – Private / Non-profit", "source": "Google Places", "raw_types_str": "hospital, point_of_interest, health, establishment" }, "geometry": { "type": "Point", "coordinates": [ -87.6948368, 41.8612024 ] } },
{ "type": "Feature", "properties": { "business_status": "OPERATIONAL", "icon": "https://maps.gstatic.com/mapfiles/place_api/icons/v1/png_71/hospital-71.png", "icon_background_color": "#F88181", "icon_mask_base_uri": "https://maps.gstatic.com/mapfiles/place_api/icons/v2/hospital-H_pinlet", "international_phone_number": "+1 312-996-2901", "name": "Pilsen Family Health Center Lower West", "opening_hours": { "open_now": false }, "photos": [ { "height": 454, "html_attributions": [ "<a href=\"https://maps.google.com/maps/contrib/112714571353352435132\">Pilsen Family Health Center Lower West</a>" ], "photo_reference": "AcnlKN09y3NekoR7q5CrGktWO3vr98cYMLysas4buKEiF_-8gR_Jd6B-4gC26DF6zpwF5Fa59ElGPEaotnYwMImEN6OZu_be9pexYdncQnGMKOVHYQxvcOqJj9tCYClSGazgyh9xus6z340HUUMLW4DPHO1bqHsoF-bK115Ier53c8_oqN2OY4vUWbpzU5BOs2F4d9PMSXUiLIzOM-oiyqS0CLewy9jE6M11TsHwfYiMh-eD75wsXtazR7AUqaqq3mwVduqHg8RhKTYK5ms6Mt3vlI_vfGfrSzZrJg6c8NE3yHIpjJU_WNk", "width": 812 } ], "place_id": "ChIJA8DYqActDogRm8znNfdQBlw", "rating": 3.5, "reference": "ChIJA8DYqActDogRm8znNfdQBlw", "scope": "GOOGLE", "types": [ "hospital", "point_of_interest", "health", "establishment" ], "user_ratings_total": 21.0, "vicinity": "1713 S Ashland Ave, Chicago", "category": "Primary Care Center – Private / Non-profit", "source": "Google Places", "raw_types_str": "hospital, point_of_interest, health, establishment" }, "geometry": { "type": "Point", "coordinates": [ -87.6657655, 41.8583191 ] } },
{ "type": "Feature", "properties": { "business_status": "OPERATIONAL", "icon": "https://maps.gstatic.com/mapfiles/place_api/icons/v1/png_71/hospital-71.png", "icon_background_color": "#F88181", "icon_mask_base_uri": "https://maps.gstatic.com/mapfiles/place_api/icons/v2/hospital-H_pinlet", "international_phone_number": "+1 773-254-1400", "name": "Alivio Medical Center", "opening_hours": { "open_now": false }, "photos": [ { "height": 1067, "html_attributions": [ "<a href=\"https://maps.google.com/maps/contrib/116141029970038698622\">Alivio Medical Center</a>" ], "photo_reference": "AcnlKN1Oa6SSy7a7pTz0hu4jDGpq2_yY2W9Wc3RYA8l_w5IWYs2UQUFfK9LJOKD_jC7ZxSbq_6I9CtZA1w7oSIVnU-4_B1cspCeDnlG3IABWJNUv7W3QLEJVidGcI0wB7DUgXT7YFfLaJqSXvn163lMcPE0ljyf5yD02dxun1HyxP4nMNhdYxr0GQGAA5bc6E-DQv9HIq_r6S46WfWLXLi7y2moTQs4spduzkRDPeFmT7WiX_kyjYqn07lka2zJoRHLc_IYHsk_fTHqKSQ8ahUl_bWYOMYFg5IUNSKRRA7PbdNMUXDa6-a4", "width": 1600 } ], "place_id": "ChIJLRLfV5otDogRzJ7xeYDR-k8", "rating": 2.5, "reference": "ChIJLRLfV5otDogRzJ7xeYDR-k8", "scope": "GOOGLE", "types": [ "hospital", "point_of_interest", "health", "establishment" ], "user_ratings_total": 136.0, "vicinity": "2355 S Western Ave, Chicago", "category": "Primary Care Center – Private / Non-profit", "source": "Google Places", "raw_types_str": "hospital, point_of_interest, health, establishment" }, "geometry": { "type": "Point", "coordinates": [ -87.6852272, 41.8487182 ] } },
{ "type": "Feature", "properties": { "business_status": "OPERATIONAL", "icon": "https://maps.gstatic.com/mapfiles/place_api/icons/v1/png_71/hospital-71.png", "icon_background_color": "#F88181", "icon_mask_base_uri": "https://maps.gstatic.com/mapfiles/place_api/icons/v2/hospital-H_pinlet", "international_phone_number": "+1 708-222-9193", "name": "La Sagrada Familia Med Center LLC", "opening_hours": { "open_now": false }, "photos": [ { "height": 1024, "html_attributions": [ "<a href=\"https://maps.google.com/maps/contrib/112483652670027857085\">La Sagrada Familia Medical Clinic</a>" ], "photo_reference": "AcnlKN1gzyo1RfpM3L-lurmstCHeyr3V3vTkK-hxSGMF4e4ihefngTzNtClOhqaG1ukFk7xiWgfKgrhPWmM2HXFcMAPnR70j7XtK6NUcNTZAxZqWstDYQGuEMvXbMLsr0b5-LzJ9qeJMlpGy_NVq5pxnm4nG60UFSypnCl_6SbolqlGg9mABq79ub7ex13M1RHn0YHPYc0eWhvWfIVIZA1AfajFb0wjikoxtCklOi6sz2I3NK0QB23iASWWP-xUiQQAQul7NoFvNdftLkTHexd7CmhF0Yh9II8hW1MHgdWoII_WqCPIj", "width": 768 } ], "place_id": "ChIJ9WBdpoczDogR1PJpe_Z__o0", "rating": 4.2, "reference": "ChIJ9WBdpoczDogR1PJpe_Z__o0", "scope": "GOOGLE", "types": [ "hospital", "point_of_interest", "health", "establishment" ], "user_ratings_total": 14.0, "vicinity": "1868 S Blue Island Ave, Chicago", "category": "Primary Care Center – Private / Non-profit", "source": "Google Places", "raw_types_str": "hospital, point_of_interest, health, establishment" }, "geometry": { "type": "Point", "coordinates": [ -87.6627368, 41.8562486 ] } },
{ "type": "Feature", "properties": { "business_status": "OPERATIONAL", "icon": "https://maps.gstatic.com/mapfiles/place_api/icons/v1/png_71/generic_business-71.png", "icon_background_color": "#7B9EB0", "icon_mask_base_uri": "https://maps.gstatic.com/mapfiles/place_api/icons/v2/generic_pinlet", "international_phone_number": "+1 773-523-1000", "name": "ACCESS Cabrini Family Health Center", "opening_hours": { "open_now": true }, "photos": [ { "height": 820, "html_attributions": [ "<a href=\"https://maps.google.com/maps/contrib/117444162373171878172\">Access Cabrini Family Health Center</a>" ], "photo_reference": "AcnlKN3x0xFGQ-_bHau7mrrtEXTyjDeqc749-VLKq56Ke0xUZOrOxMrDrGZTwTuntTKiVVR5QRouwjWNR_v9bThi5yQWE_Cenw_sL8HCEJOwOGgnryKQg4m-Vkwwi_EcmVy294sw9j_ltiM4b0WG-PfvjOOttTqZOjkUX9MagpmiXIPVu8Ur311fU_7aglNaNUiurjMjgxOb7kaiP9u5H3DBgXEieXY3uTL6yHcBkknjM7VvZdiruMdj9Lv8FhSY5j4DCdvCknQP_MSr7mPCQLmaogQ1m-9SO41XcUNyl-pTDIDbgxMGBGY", "width": 820 } ], "place_id": "ChIJqaISC8QtDogRQsPWd8YmQB4", "rating": 4.2, "reference": "ChIJqaISC8QtDogRQsPWd8YmQB4", "scope": "GOOGLE", "types": [ "doctor", "point_of_interest", "health", "establishment" ], "user_ratings_total": 113.0, "vicinity": "3450 S Archer Ave, Chicago", "category": "Primary Care Center – Private / Non-profit", "source": "Google Places", "raw_types_str": "doctor, point_of_interest, health, establishment" }, "geometry": { "type": "Point", "coordinates": [ -87.676316899999989, 41.831518 ] } },
{ "type": "Feature", "properties": { "business_status": "OPERATIONAL", "icon": "https://maps.gstatic.com/mapfiles/place_api/icons/v1/png_71/generic_business-71.png", "icon_background_color": "#7B9EB0", "icon_mask_base_uri": "https://maps.gstatic.com/mapfiles/place_api/icons/v2/generic_pinlet", "international_phone_number": "+1 773-584-6200", "name": "Esperanza Health Centers California", "opening_hours": { "open_now": false }, "photos": [ { "height": 3840, "html_attributions": [ "<a href=\"https://maps.google.com/maps/contrib/114675700263689384910\">Esperanza Health Centers California</a>" ], "photo_reference": "AcnlKN0nTckfwBiVlK24iq8BKJbmAfI_Uup5LzUXo_UA_yIDaBGxF--1l3n4l14s1SuhneP6IGEs1Rdi6Y7lmgdCLX96TaLEHAlRCH3qAY7WZ3R-_9N9AhXkfrjncYV_EkV2QJqmdU81Sz6FItAGhQDOtaTK2pEDjqobvaxOWYh2tIl6ymzZeoBGtztmjr-f08z7Qyv3liG1bJwKsfI8m8Pq-ruxe-wgWbp_o1S9MYuakI0l4MSeoGHBrwKGFfl-mG2WKBJa4_WJ4HHz7deXbUp_9noe0qWv3f3HPe_Vv31KfAHrDAbnAxI", "width": 5760 } ], "place_id": "ChIJ82zgVYAtDogRjRsNcPjZEe8", "rating": 3.5, "reference": "ChIJ82zgVYAtDogRjRsNcPjZEe8", "scope": "GOOGLE", "types": [ "health", "point_of_interest", "establishment" ], "user_ratings_total": 140.0, "vicinity": "2001 S California Ave #100, Chicago", "category": "Primary Care Center – Private / Non-profit", "source": "Google Places", "raw_types_str": "health, point_of_interest, establishment" }, "geometry": { "type": "Point", "coordinates": [ -87.6952636, 41.8547314 ] } },
{ "type": "Feature", "properties": { "business_status": "OPERATIONAL", "icon": "https://maps.gstatic.com/mapfiles/place_api/icons/v1/png_71/generic_business-71.png", "icon_background_color": "#7B9EB0", "icon_mask_base_uri": "https://maps.gstatic.com/mapfiles/place_api/icons/v2/generic_pinlet", "international_phone_number": "+1 773-584-6200", "name": "Esperanza Health Centers Little Village", "opening_hours": { "open_now": false }, "photos": [ { "height": 679, "html_attributions": [ "<a href=\"https://maps.google.com/maps/contrib/110765189523527491337\">Nefi hr</a>" ], "photo_reference": "AcnlKN1eSjIaNUuFuce5WKYy6Bv8IKsZPLiI7T0_MODH5S1QRuIBcHMaAfr38zlIZDeFg9MZZJ8C0W6UAsCnqNR7Z-aXDcChVhLutTNWJdhtXjlBioi8Oe6HBKXBs9060GTKcU3Msxn9LNfOPqldJptC8cL76GeEgtXPOo6xuu5dtho8mInr-Bee6tAgNM2l9rZ_1siYVsFARNfPKN8yGk27Kz5xflFYw27xPwMog4bLbAXLSBiAP8HW5vd8Q0ga_s2B_iEg-C2_X2eUDk_9qs1rdAhZoI9oKrPgEULOebNq4c5A2GmLFt7omfBccB96V064VRkfgT2EKpIt1ZQh6KCyr9XKNzbsW6oB9w-6Fx-O8yTW9nXsHhcT9xHE77-yohRB6WgslwC-8xpB03baiCPDOcTUWT5ekaNJZUbrS-d74rdxL11BqZQ6HnfB_xrs_EdKK2P8Iv7CVw6M7x6h3TburvIytH2IoEkJ7zIgAHemCF9V02Osx2_LO2btLq9VfPoB4sqeVS02wzq3IR28th-NbPLuYNE9itZZp0aw2CaTov99GH8GTFyUl_8qwPcJ9Q2ckh_2tTbu", "width": 1266 } ], "place_id": "ChIJX2xt0HYyDogRO0z3nmoGyNc", "rating": 3.7, "reference": "ChIJX2xt0HYyDogRO0z3nmoGyNc", "scope": "GOOGLE", "types": [ "health", "point_of_interest", "establishment" ], "user_ratings_total": 81.0, "vicinity": "3059 W 26th St, Chicago", "category": "Primary Care Center – Private / Non-profit", "source": "Google Places", "raw_types_str": "health, point_of_interest, establishment" }, "geometry": { "type": "Point", "coordinates": [ -87.7018923, 41.8440228 ] } },
{ "type": "Feature", "properties": { "business_status": "OPERATIONAL", "icon": "https://maps.gstatic.com/mapfiles/place_api/icons/v1/png_71/generic_business-71.png", "icon_background_color": "#7B9EB0", "icon_mask_base_uri": "https://maps.gstatic.com/mapfiles/place_api/icons/v2/generic_pinlet", "international_phone_number": "+1 773-522-6100", "name": "ACCESS at Sinai", "opening_hours": { "open_now": true }, "photos": [ { "height": 1944, "html_attributions": [ "<a href=\"https://maps.google.com/maps/contrib/105524712527564058008\">Louis Khor</a>" ], "photo_reference": "AcnlKN3uhGYwKiALwVUcIXUBzdxyl0OybgpO5rOYFSYUYjZelcGAtOnVCusc2lLsQrWgNiqQ9pOH7s5kr7xvTXhQM18yAf8adoCLRNbQaywaMG7pyIpgMqt6NxPoBmsPPFcqZ3y5Oo3VoehdcOKatEDLBIzBrF2R0Xr3b8yigSMbQIuIWjFftWZUb7E5t7RCY2JTMOAN_YZCQ7AZemgJrLnbnyhmtZ1jpkfqWJPigQtnBXMEL_yYBwUfpMRLxsW_7I2u0fwG7AArz_S-DsrxiItzkxvn-db_jwqSA0Vy1ihh1HjqvDdMimKmYWOnzT1gngpJdUkARepJjkLvNGFYQWBN2gbV8beSmaxS4wSw_2Ug7lf-JAhq-OFSnyCVVuf0mLCyBRo6IgSk1Yp57slIy5aILqdzzI0KePfsW53wQxvrT8XQ1KJmXZQlXU2O3SyycgNpw_qM_kyA_GhXRnK1fZ9aAsXiqH5GPi8LXXkExxnbsDU6bAMHsfZYzBG5LnduZlVw-jRCu5CJFyfPppegtXxlZ8P-jm5d7-WeYl22361kXpsepYwh8yMq6RFWiz2-0Y7KZYIHYmsr", "width": 2592 } ], "place_id": "ChIJY4wrAXwtDogRcrC20w_HPaI", "rating": 3.2, "reference": "ChIJY4wrAXwtDogRcrC20w_HPaI", "scope": "GOOGLE", "types": [ "doctor", "health", "point_of_interest", "establishment" ], "user_ratings_total": 49.0, "vicinity": "2653 W Ogden Ave 3rd floor, Chicago", "category": "Primary Care Center – Private / Non-profit", "source": "Google Places", "raw_types_str": "doctor, health, point_of_interest, establishment" }, "geometry": { "type": "Point", "coordinates": [ -87.6931407, 41.8617063 ] } },
{ "type": "Feature", "properties": { "business_status": "OPERATIONAL", "icon": "https://maps.gstatic.com/mapfiles/place_api/icons/v1/png_71/generic_business-71.png", "icon_background_color": "#7B9EB0", "icon_mask_base_uri": "https://maps.gstatic.com/mapfiles/place_api/icons/v2/generic_pinlet", "international_phone_number": "+1 312-666-6511", "name": "ACCESS Pilsen Family Health Center", "opening_hours": { "open_now": false }, "photos": [ { "height": 820, "html_attributions": [ "<a href=\"https://maps.google.com/maps/contrib/116930860325128866517\">Access Pilsen Family Health Center</a>" ], "photo_reference": "AcnlKN18shYU5RurF43YwVwPfSA1lbQktmx8LTt1ZBP1radgH5dbkbQjQjUUYcVseADNuZvWt_WJix8zeuU8zkJJZCRoIjMGCBwSL2ab8FhxhwEP-p8Mh-JhAZ4aeyii7v7RKswqrKZWFmbACPncLUGKDLaZ372zEcoFzj4qXkGymwWvoFk81DGBvlmDYlRetZKZ9iLQD6biKTjZXMWH5QK2hb11RjGXUBFtZBHfhOBPjq9E05ECIpPYQQFJwCWQIdPHVPbMnfMN2mBTeHTs0xKI3OcOKaihTjjXQkkNZ4xYKItBabmzVqY", "width": 820 } ], "place_id": "ChIJUeSPjAAtDogRkoZRm6n83NQ", "rating": 4.2, "reference": "ChIJUeSPjAAtDogRkoZRm6n83NQ", "scope": "GOOGLE", "types": [ "doctor", "health", "point_of_interest", "establishment" ], "user_ratings_total": 109.0, "vicinity": "1817 S Loomis St, Chicago", "category": "Primary Care Center – Private / Non-profit", "source": "Google Places", "raw_types_str": "doctor, health, point_of_interest, establishment" }, "geometry": { "type": "Point", "coordinates": [ -87.660929, 41.857327 ] } },
{ "type": "Feature", "properties": { "business_status": "OPERATIONAL", "icon": "https://maps.gstatic.com/mapfiles/place_api/icons/v1/png_71/generic_business-71.png", "icon_background_color": "#7B9EB0", "icon_mask_base_uri": "https://maps.gstatic.com/mapfiles/place_api/icons/v2/generic_pinlet", "international_phone_number": "+1 773-940-2062", "name": "MEDTA Immediate Care Clinic", "opening_hours": { "open_now": false }, "photos": [ { "height": 597, "html_attributions": [ "<a href=\"https://maps.google.com/maps/contrib/100926170673776952622\">MEDTA Immediate Care Clinic</a>" ], "photo_reference": "AcnlKN195B6V96AsgaYQhWDSi4lNBVMgIYG6w19UN5XSepHePR_qisFcLkUX6K6BvDOtOmFCG1CoNLd73DjlBZA8ufwygKomrg3LTkcNje-qNFMPxKifylXPcCA5Ym-u8wgNhcyhL8IPlq_s2AWMQ1KECSrsDvfsl3rk6lD9GSCkjHFPLLd5Erig7KQ7ITKDMNPNIGJd6emhNxBdu_scbM4FYNAQw7ogvlmW-vsgsjEgTNzVRixIoaGeqd5I1h4zVM5lmL47g0BprS632lxw9k7o6VpRRZhiFSxm9QuUPe1dooakTSDB4kM", "width": 589 } ], "place_id": "ChIJ-WxNcsQtDogRfHY_AbP-IBg", "rating": 5.0, "reference": "ChIJ-WxNcsQtDogRfHY_AbP-IBg", "scope": "GOOGLE", "types": [ "spa", "health", "point_of_interest", "establishment" ], "user_ratings_total": 56.0, "vicinity": "1858 W 35th St Suite B, Chicago", "category": "Urgent Care / Walk-in Clinic", "source": "Google Places", "raw_types_str": "spa, health, point_of_interest, establishment" }, "geometry": { "type": "Point", "coordinates": [ -87.672657, 41.8306617 ] } },
{ "type": "Feature", "properties": { "business_status": "OPERATIONAL", "icon": "https://maps.gstatic.com/mapfiles/place_api/icons/v1/png_71/generic_business-71.png", "icon_background_color": "#7B9EB0", "icon_mask_base_uri": "https://maps.gstatic.com/mapfiles/place_api/icons/v2/generic_pinlet", "international_phone_number": "+1 773-289-0233", "name": "Cermak Immediate Care - Chicago", "opening_hours": { "open_now": true }, "photos": [ { "height": 3000, "html_attributions": [ "<a href=\"https://maps.google.com/maps/contrib/115058866993548994319\">Cermak Immediate Care - Chicago</a>" ], "photo_reference": "AcnlKN3wvMhtFssKd2WNWEYAachILFXgzuZDfxrnOk5J13e82sZ4TgsMCujNqEsVNEPkwhUP8ZYz9VnTv3lEuPjPB6Dlm9FjCgSUPjmvUdqP4uVQ1QKbFbzEQ017cqjxPg8PZASdL_KX6_IrmtaFtlqw7ZBDtFdjLkje3qyD5zJAeGYC57aIjv1yqAqhrmuIeG5LREXAQbSuSjrYX0LeTFTDJgrZnfXZlghBhOdJ9hByn5fZOQbzBeaq22j4NiUNKuMkUCYU34G1N784mRm9HNvVi0sEwinp6TCDE6QgVpFkzZoL_-XNPC0", "width": 4000 } ], "place_id": "ChIJ_1KSNtotDogRzMRPNyR0wWg", "rating": 4.7, "reference": "ChIJ_1KSNtotDogRzMRPNyR0wWg", "scope": "GOOGLE", "types": [ "doctor", "point_of_interest", "health", "establishment" ], "user_ratings_total": 350.0, "vicinity": "2408 W Cermak Rd, Chicago", "category": "Urgent Care / Walk-in Clinic", "source": "Google Places", "raw_types_str": "doctor, point_of_interest, health, establishment" }, "geometry": { "type": "Point", "coordinates": [ -87.6861358, 41.8522007 ] } },
{ "type": "Feature", "properties": { "business_status": "OPERATIONAL", "icon": "https://maps.gstatic.com/mapfiles/place_api/icons/v1/png_71/hospital-71.png", "icon_background_color": "#F88181", "icon_mask_base_uri": "https://maps.gstatic.com/mapfiles/place_api/icons/v2/hospital-H_pinlet", "international_phone_number": "+1 312-842-7117", "name": "Advocate Sykes Outpatient Center", "opening_hours": { "open_now": true }, "photos": null, "place_id": "ChIJYWlly4crDogRFGGtpEhtpB4", "rating": 3.3, "reference": "ChIJYWlly4crDogRFGGtpEhtpB4", "scope": "GOOGLE", "types": [ "hospital", "health", "point_of_interest", "establishment" ], "user_ratings_total": 81.0, "vicinity": "2535 S Martin Luther King Dr, Chicago", "category": "Primary Care Center – Private / Non-profit", "source": "Google Places", "raw_types_str": "hospital, health, point_of_interest, establishment" }, "geometry": { "type": "Point", "coordinates": [ -87.6155804, 41.8470738 ] } },
{ "type": "Feature", "properties": { "business_status": "OPERATIONAL", "icon": "https://maps.gstatic.com/mapfiles/place_api/icons/v1/png_71/generic_business-71.png", "icon_background_color": "#7B9EB0", "icon_mask_base_uri": "https://maps.gstatic.com/mapfiles/place_api/icons/v2/generic_pinlet", "international_phone_number": "+1 312-326-3200", "name": "People's Medical Center", "opening_hours": { "open_now": false }, "photos": [ { "height": 2540, "html_attributions": [ "<a href=\"https://maps.google.com/maps/contrib/116720880717038749736\">Bipul Pandey</a>" ], "photo_reference": "AcnlKN09Z63lkq_ZdiCmSs_uA81WJYfJ3qFbPcM4EdH9CMi2vwvKiZK6WMoKThowTHiWTZoa4uoeRpG9VRGzrTnNviFH7YDK61VPEje1AEe9D5eS9wWRIh35bqsLdpiPKDbW5feYcid9pX1im_OKkm_4i3YlNkDxJIox3pKPytDCLOW8B7wbUkb9pjR3SU3W-S2KG581kGrwn8C7nSssTb0APe3W2UGCsmEZWmEVf5zUPe67xZGByWtNBgNkSSKV9Y2Dp7aH5vLU92TRhPUkNCfOMXGB_jn4e2HxsvIBp3sQ1E78-0ZhiQtYAztjmwonijt87xw9IjfuCEf03ZJcOhVry2ie7B2mp3E54uMw-CcAxhuY5sq94bG8DmCeoWbR3ZiRMH29Q8Pcm7YOvSTjtPxFBg-GS9UJh3VkMI8OnnVgD1ZUoV0GZ0EPXDIOwVIvsaYGExoDCPNZIoPUNpfDly0fFUvNW4enxpWmoWRVRdcUiiko3rHUvWQOuZ-OPstrENk1qtodW5Jbl9bYiZH2BEOegwGaVh-5UgK1lD0UTud2pgYU1_WxbcT8ma3gtnFQvSgFLJEUjli1", "width": 3002 } ], "place_id": "ChIJoyVAgkAsDogRWt6nlSIDEIU", "rating": 4.1, "reference": "ChIJoyVAgkAsDogRWt6nlSIDEIU", "scope": "GOOGLE", "types": [ "health", "point_of_interest", "establishment" ], "user_ratings_total": 20.0, "vicinity": "3201 S Wallace St, Chicago", "category": "Primary Care Center – Private / Non-profit", "source": "Google Places", "raw_types_str": "health, point_of_interest, establishment" }, "geometry": { "type": "Point", "coordinates": [ -87.6411699, 41.8361275 ] } },
{ "type": "Feature", "properties": { "business_status": "OPERATIONAL", "icon": "https://maps.gstatic.com/mapfiles/place_api/icons/v1/png_71/hospital-71.png", "icon_background_color": "#F88181", "icon_mask_base_uri": "https://maps.gstatic.com/mapfiles/place_api/icons/v2/hospital-H_pinlet", "international_phone_number": "+1 312-567-2000", "name": "Insight Hospital & Medical Center Chicago", "opening_hours": { "open_now": true }, "photos": [ { "height": 2048, "html_attributions": [ "<a href=\"https://maps.google.com/maps/contrib/104291870633238827465\">Insight Hospital &amp; Medical Center Chicago</a>" ], "photo_reference": "AcnlKN1aP2ks_iZuBYw-0qKjeYDNqNfysx--qlTCozV13XxlwqK0tTCWNqyWQU9WYaxb21aeQabsUeMv72ELIT-Q5e3XJTEJJ49X1QSDGRQQIxbpXcWohqoWtSVMJY2b5YkkZKd4l_e9IjV0fIdq_SRsx9GmiKsK2npBNh5fikPwisR7wCdd2n3s73zABF7Sm8O1--HfQYGnTFpkkZ64IUS_JDq-Fyww2coMfYj4CqK9XWRq1Ww097NXMpeczHcxBxxFBgWMC0_hYrU04z_xJGhutkGHXYIzIEQY2oWgoODNba0IjnruFO0", "width": 1536 } ], "place_id": "ChIJGXT_XKQtDogRKD89oEI8Bjw", "rating": 3.3, "reference": "ChIJGXT_XKQtDogRKD89oEI8Bjw", "scope": "GOOGLE", "types": [ "hospital", "health", "point_of_interest", "establishment" ], "user_ratings_total": 823.0, "vicinity": "2525 S Michigan Ave, Chicago", "category": "Hospital – Private / Non-profit", "source": "Google Places", "raw_types_str": "hospital, health, point_of_interest, establishment" }, "geometry": { "type": "Point", "coordinates": [ -87.6218388, 41.846322 ] } },
{ "type": "Feature", "properties": { "business_status": "OPERATIONAL", "icon": "https://maps.gstatic.com/mapfiles/place_api/icons/v1/png_71/generic_business-71.png", "icon_background_color": "#7B9EB0", "icon_mask_base_uri": "https://maps.gstatic.com/mapfiles/place_api/icons/v2/generic_pinlet", "international_phone_number": "+1 312-842-7117", "name": "Advocate Medical Group Immediate Care Center", "opening_hours": { "open_now": true }, "photos": [ { "height": 3036, "html_attributions": [ "<a href=\"https://maps.google.com/maps/contrib/116804934947823113996\">Vipulsinh Vaghela</a>" ], "photo_reference": "AcnlKN33hO1mZN3xhiItBStU2BexlgdxSAEW244waLDybPGg8LKSTQ3DKdbmoOKIoRJl838HtejUk__jl9hk0CpJIe1s_Xx5yBhS8XZA5xNxuoKhefbv78pIYjcEW527oWXdyU9VcgPpm-Jkin6NL2UFdA-cp10nlAwAjF9nPagS0gLzNUAR6Jndl6grkpE4mfBRbs0FOQVS5ABRgXPHc2_kJGJKS70QpF2RT8RwDCgPmbb5wkBcmv3PB_1GQLZH_t341WLscdF6fmAxVAUusHlsDkzwr-wQVY8q9WF91ICyoANAVyjTI24QBMh8wPBLUXXlBZkkZZ3X39ucVgA6grPIbtO9kxjpYA14m8h6k_Lxwj3HemcpA_F0DRhkF1_pnBkm_ooMzebeFrsXh9p5n9tNivQ_e4t44tdsGOmi8nBYRbTFNTqiu9mdIKjEo6wPC3-OAUHThyNpmuVmaVyNMiGnh03duv10X4xex4YLu6_bKQdbJUrUWRxmle8t2SAnsWYhySOOBfcaTKlymWL4_eGyGADd3oN3JXT7Uhjpr1m4jsBXG80d8mbh4X6o_cNUXxygVlD1x-fd", "width": 4048 } ], "place_id": "ChIJYWlly4crDogRq6SfsrzVMu4", "rating": 3.3, "reference": "ChIJYWlly4crDogRq6SfsrzVMu4", "scope": "GOOGLE", "types": [ "health", "point_of_interest", "establishment" ], "user_ratings_total": 81.0, "vicinity": "2535 S Martin Luther King Dr, Chicago", "category": "Urgent Care / Walk-in Clinic", "source": "Google Places", "raw_types_str": "health, point_of_interest, establishment" }, "geometry": { "type": "Point", "coordinates": [ -87.6155125, 41.8470098 ] } },
{ "type": "Feature", "properties": { "business_status": "OPERATIONAL", "icon": "https://maps.gstatic.com/mapfiles/place_api/icons/v1/png_71/generic_business-71.png", "icon_background_color": "#7B9EB0", "icon_mask_base_uri": "https://maps.gstatic.com/mapfiles/place_api/icons/v2/generic_pinlet", "international_phone_number": "+1 312-864-8200", "name": "Cook County Health Bronzeville Health Center", "opening_hours": { "open_now": false }, "photos": [ { "height": 273, "html_attributions": [ "<a href=\"https://maps.google.com/maps/contrib/110699785021855524127\">Cook County Health Bronzeville Health Center</a>" ], "photo_reference": "AcnlKN1JgLvNMzMpkulpb-e_9yIT_VH0AnTw_GRzjJkI0S8MpfW3t_7kHTyZnqddU6cj5esTkuTEI2zNtr5--TkMkLZlqtRKssOFODO5uZDJzHsEouyYD25mkGv3HUkA8LbFsAMJqT3BZ_bRWjnSZj8RvzqBMUyLVfreQj1CMuPNhMzKlW262CTDqrXhzHSSm8fgi22lj8VY0DatBnKpiw1dc5k5v_ttYQ-oNWbtqKABFh6V40y4wUrurJq-c2JsjE8Mx8GyBin_4wuKnX_LeMHMXyrQam8u0425MguPmMoIaCEvMpVmRVk", "width": 500 } ], "place_id": "ChIJN7hZnOArDogRhdGCai8ztis", "rating": 4.6, "reference": "ChIJN7hZnOArDogRhdGCai8ztis", "scope": "GOOGLE", "types": [ "health", "point_of_interest", "establishment" ], "user_ratings_total": 12.0, "vicinity": "467 E 31st St, Chicago", "category": "Primary Care Center – Private / Non-profit", "source": "Google Places", "raw_types_str": "health, point_of_interest, establishment" }, "geometry": { "type": "Point", "coordinates": [ -87.614521, 41.8382255 ] } },
{ "type": "Feature", "properties": { "business_status": "OPERATIONAL", "icon": "https://maps.gstatic.com/mapfiles/place_api/icons/v1/png_71/generic_business-71.png", "icon_background_color": "#7B9EB0", "icon_mask_base_uri": "https://maps.gstatic.com/mapfiles/place_api/icons/v2/generic_pinlet", "international_phone_number": "+1 312-535-5770", "name": "CLEAR Immediate Care", "opening_hours": { "open_now": true }, "photos": [ { "height": 1080, "html_attributions": [ "<a href=\"https://maps.google.com/maps/contrib/112711646718137094689\">CLEAR Immediate Care</a>" ], "photo_reference": "AcnlKN3kc836iStVSnejSEe64ekyX6rJgWY0t7cxXsFHIWkaiWFtu1tPzrISxDp0Ul9fAP-O-GMIu7c2_qrZ7vOAqgjyWRFdZb7lMZCFrZTvdmM4ZA2xnRRdHG5kvdGe-30uH_ULJeDYY6JgMvSdnv_MTkdjEzogAjCHjc9YA8Bh3doLoJGz5kmRrqP2MTZ39Z4baI_aKaUZMpZJmXDQKuUimyPDlevPMIF_y3Hwok5UHzIg2idsNTRZWMIS-X6VZOtfUoXWQ65w5vZVbIP30eAg0O4-_qgB06J5-ZTU4CVB745xrYW8FF4", "width": 1080 } ], "place_id": "ChIJLfMv0s0tDogRmyUtaRGOqlI", "rating": 4.6, "reference": "ChIJLfMv0s0tDogRmyUtaRGOqlI", "scope": "GOOGLE", "types": [ "doctor", "health", "point_of_interest", "establishment" ], "user_ratings_total": 3188.0, "vicinity": "1605 S Michigan Ave, Chicago", "category": "Urgent Care / Walk-in Clinic", "source": "Google Places", "raw_types_str": "doctor, health, point_of_interest, establishment" }, "geometry": { "type": "Point", "coordinates": [ -87.6237943, 41.8600681 ] } },
{ "type": "Feature", "properties": { "business_status": "OPERATIONAL", "icon": "https://maps.gstatic.com/mapfiles/place_api/icons/v1/png_71/generic_business-71.png", "icon_background_color": "#7B9EB0", "icon_mask_base_uri": "https://maps.gstatic.com/mapfiles/place_api/icons/v2/generic_pinlet", "international_phone_number": "+1 773-521-8330", "name": "Pilsen Convenient Care", "opening_hours": { "open_now": true }, "photos": [ { "height": 1244, "html_attributions": [ "<a href=\"https://maps.google.com/maps/contrib/105602877523332677813\">SMG Pilsen - Sinai Convenient Care</a>" ], "photo_reference": "AcnlKN0DsGH8vygmVC9CAykW1vDGfdiK42pzOnt-2mlznEbkxXs1rfwpxnJUOW5mC1zKO5i5-0Df-72gbeoJYDdShfsi6jg0SPAiHhxoN4OomFN1NYWDrztvuNIyX3IaCXpY28h5SDq2B_nQ7CjnGtcA4lIIAwaFnXlDReM68WRKy9WrNPSjLMDmOqLURxIQD9kVB_0tTvsiHNEue7dYwrEi5tGm1X1M0bqUu88Ik2Qn3p6uBjELb4Le7VglXjuAbF667SkVKxOD5jdS8374yDechAfMv7hncPffbt5z7KN9LRljcz2AY6Y", "width": 2560 } ], "place_id": "ChIJY1aqoAAtDogRhN2MLYgytgk", "rating": 3.5, "reference": "ChIJY1aqoAAtDogRhN2MLYgytgk", "scope": "GOOGLE", "types": [ "health", "point_of_interest", "establishment" ], "user_ratings_total": 33.0, "vicinity": "1859 S Blue Island Ave, Chicago", "category": "Primary Care Center – Private / Non-profit", "source": "Google Places", "raw_types_str": "health, point_of_interest, establishment" }, "geometry": { "type": "Point", "coordinates": [ -87.6621101, 41.8562362 ] } },
{ "type": "Feature", "properties": { "business_status": "OPERATIONAL", "icon": "https://maps.gstatic.com/mapfiles/place_api/icons/v1/png_71/generic_business-71.png", "icon_background_color": "#7B9EB0", "icon_mask_base_uri": "https://maps.gstatic.com/mapfiles/place_api/icons/v2/generic_pinlet", "international_phone_number": "+1 888-992-0019", "name": "One Stop Medical Center (Chicago)", "opening_hours": null, "photos": null, "place_id": "ChIJqelEOCQtDogRcZoNWwVObP0", "rating": 5.0, "reference": "ChIJqelEOCQtDogRcZoNWwVObP0", "scope": "GOOGLE", "types": [ "health", "point_of_interest", "establishment" ], "user_ratings_total": 1.0, "vicinity": "3201 S Wallace St, Chicago", "category": "Primary Care Center – Private / Non-profit", "source": "Google Places", "raw_types_str": "health, point_of_interest, establishment" }, "geometry": { "type": "Point", "coordinates": [ -87.6411268, 41.8360619 ] } },
{ "type": "Feature", "properties": { "business_status": "OPERATIONAL", "icon": "https://maps.gstatic.com/mapfiles/place_api/icons/v1/png_71/generic_business-71.png", "icon_background_color": "#7B9EB0", "icon_mask_base_uri": "https://maps.gstatic.com/mapfiles/place_api/icons/v2/generic_pinlet", "international_phone_number": "+1 312-281-5355", "name": "MIMIT Health - South Loop Medical Center", "opening_hours": { "open_now": false }, "photos": [ { "height": 2009, "html_attributions": [ "<a href=\"https://maps.google.com/maps/contrib/102976623281036773044\">romi chopra</a>" ], "photo_reference": "AcnlKN2L3SeWkl1wTlwqoueNHGLI4339nVpnnjqMVYdIH4wfrT2uWFOHG_c0sFeiU1xXA2OdpPCbT_EYzdgHmXIJuHogqDoD1NFojaDq0LB4eKvpK8C6uKQc4mZLfB9bs43JMaMwsCKNdYIeOHd4dG1kEZ55-L3Mo0MoGOKEi2ZNQgJgqrY9DH4TWsaslJLbbcXedXStXADW4ViygZc6v-hHdP-5YKshbwkHV8s9RIG3ODulR6bKk_vt4hPskVkbXv4Pb7UEgNqfiPLoxYqH3NLreAl_cyriSKbaHJJWqmWNBk-ESAuNsIYWViLpWXVLJaVlRXFSHbrl5WlwMnp_n5CwvzQnriKe78m0UatRH5F2dUYJm4FLnNioUkAQxKC7F2xGijIQDepTQrvMg7WKpXSe-KRP8M9cv864mgIZS3zNmtWOWcqXNbs97a1eMKS-yOuUv7rntm41_I6Kgf0j23WQgzwPdB3-bNIpxjhs5_70vSAlKr_m3RqP1uyWhRhh64OBrlr8_xIy2xIzsoI4Vu1F-B_eltxWuoToRX-R5ChKKgC9g4gcis-lnkGVzUaoyeK4XFTzdA", "width": 3414 } ], "place_id": "ChIJmZp3ZHksDogRAdScklh_J14", "rating": 4.0, "reference": "ChIJmZp3ZHksDogRAdScklh_J14", "scope": "GOOGLE", "types": [ "doctor", "health", "point_of_interest", "establishment" ], "user_ratings_total": 10.0, "vicinity": "2415 S Michigan Ave, Chicago", "category": "Primary Care Center – Private / Non-profit", "source": "Google Places", "raw_types_str": "doctor, health, point_of_interest, establishment" }, "geometry": { "type": "Point", "coordinates": [ -87.623258299999989, 41.8488029 ] } },
{ "type": "Feature", "properties": { "business_status": "OPERATIONAL", "icon": "https://maps.gstatic.com/mapfiles/place_api/icons/v1/png_71/generic_business-71.png", "icon_background_color": "#7B9EB0", "icon_mask_base_uri": "https://maps.gstatic.com/mapfiles/place_api/icons/v2/generic_pinlet", "international_phone_number": "+1 773-523-9550", "name": "Saint Patrick's Family Health Center", "opening_hours": null, "photos": [ { "height": 2852, "html_attributions": [ "<a href=\"https://maps.google.com/maps/contrib/104197414107712900249\">Kyle Eldridge</a>" ], "photo_reference": "AcnlKN3yd1fSlZFHqZvqL_KeaQLM9gehMx9et1722VzDii3fZUp3gv7h7Ks3kz5ifjLm6H1yrCJAK0bifg3dl6LDAfztdNXhqNbTaoXvJiCUmvp32fwIMVlJOAwPH8TJL8Wob10SLED0l4aue7ItSlOyABH4SGTYiLnPAPNQEJ19b-7O_dBOUrp_f2NARKs5LUFEeiKhvJCyt2WmaB2wArlo39WIjpGG8GsvUn7eZkDPKCGY_hGDsTxaho_NoMGZgG07NQCgyv4nhPJcsVU6PefOHHs6qli8k7TFjliMXV-H7Izd-Sw4BhPdyKodnxImum9Hp9pBEAqU-vx6AayPivAMGqpLajedBLVSc4gonhnA2q3nWbyFuvC8BPGUNaheEC7n00OfMuV2L5BTaPXFQFMP1m4rPdmtOzNdreDoM399K4avH4vRcG3nCK7Ae3iLLxRWzHgX7rJHMwRTNy-kxDG3Q_jpBkveCIqHYHqcRo1V0LAutTIHvoGheZRp1yHCUIz84JXL1X0UNIp-vBfewNx0-7AQkhrhXrZQD0T1nIPzjEkT-LJhUuaTtrEHb_M9G82hqIw16RLe", "width": 3803 } ], "place_id": "ChIJU58-rTksDogRxzM1Gl3EyB4", "rating": 3.7, "reference": "ChIJU58-rTksDogRxzM1Gl3EyB4", "scope": "GOOGLE", "types": [ "doctor", "health", "point_of_interest", "establishment" ], "user_ratings_total": 3.0, "vicinity": "3344 S Halsted St, Chicago", "category": "Primary Care Center – Private / Non-profit", "source": "Google Places", "raw_types_str": "doctor, health, point_of_interest, establishment" }, "geometry": { "type": "Point", "coordinates": [ -87.6463113, 41.8334998 ] } },
{ "type": "Feature", "properties": { "business_status": "OPERATIONAL", "icon": "https://maps.gstatic.com/mapfiles/place_api/icons/v1/png_71/generic_business-71.png", "icon_background_color": "#7B9EB0", "icon_mask_base_uri": "https://maps.gstatic.com/mapfiles/place_api/icons/v2/generic_pinlet", "international_phone_number": "+1 312-492-0025", "name": "South Loop Physicians Group at UI Health", "opening_hours": { "open_now": false }, "photos": null, "place_id": "ChIJp7GfAHosDogRCiWHCtLpszM", "rating": 2.5, "reference": "ChIJp7GfAHosDogRCiWHCtLpszM", "scope": "GOOGLE", "types": [ "health", "point_of_interest", "establishment" ], "user_ratings_total": 10.0, "vicinity": "2600 S Michigan Ave suite 100, Chicago", "category": "Primary Care Center – Private / Non-profit", "source": "Google Places", "raw_types_str": "health, point_of_interest, establishment" }, "geometry": { "type": "Point", "coordinates": [ -87.6241989, 41.845375 ] } },
{ "type": "Feature", "properties": { "business_status": "OPERATIONAL", "icon": "https://maps.gstatic.com/mapfiles/place_api/icons/v1/png_71/generic_business-71.png", "icon_background_color": "#7B9EB0", "icon_mask_base_uri": "https://maps.gstatic.com/mapfiles/place_api/icons/v2/generic_pinlet", "international_phone_number": "+1 312-414-1088", "name": "Loop Medical Center: Pain Management and Varicose Vein Doctor in Chicago", "opening_hours": { "open_now": false }, "photos": [ { "height": 2560, "html_attributions": [ "<a href=\"https://maps.google.com/maps/contrib/109375016917348155747\">Loop Medical Center: Pain Management and Varicose Vein Doctor in Chicago</a>" ], "photo_reference": "AcnlKN0hgCdzH-bGefbmVU1NKrQ9DWlbByhR209Iyo-y8YjwOs-3KlNLaamtj-shLXQsRp0dJpXkAtSk5KuKi3wujRySaQ3MzdokZTlwuW1-W6VSfCv1SG1E3P450DjSUVzeUHzIU0dZuLW6Q9fpdVCHXbDIhDpdKP-Ir1YuIRyowiogBfRU2QSULEuqO4ax9iweYPpuXRsYt_mN-33nt-gAejJYOTPiTyhWBuFgapugDo2WzYuc_S-OhABXCngCAo2Ck56S_XGyfR9QtDJtRL80vcZd1hhmAU2Nr_ydBvqu4G5nuEmW7PQ", "width": 1920 } ], "place_id": "ChIJn9vt9rstDogRJJ0D_ob5x9o", "rating": 4.8, "reference": "ChIJn9vt9rstDogRJJ0D_ob5x9o", "scope": "GOOGLE", "types": [ "physiotherapist", "hospital", "doctor", "health", "point_of_interest", "establishment" ], "user_ratings_total": 1932.0, "vicinity": "1921 S Michigan Ave, Chicago", "category": "Primary Care Center – Private / Non-profit", "source": "Google Places", "raw_types_str": "physiotherapist, hospital, doctor, health, point_of_interest, establishment" }, "geometry": { "type": "Point", "coordinates": [ -87.6236861, 41.8560801 ] } },
{ "type": "Feature", "properties": { "business_status": "OPERATIONAL", "icon": "https://maps.gstatic.com/mapfiles/place_api/icons/v1/png_71/generic_business-71.png", "icon_background_color": "#7B9EB0", "icon_mask_base_uri": "https://maps.gstatic.com/mapfiles/place_api/icons/v2/generic_pinlet", "international_phone_number": "+1 866-389-2727", "name": "MinuteClinic at CVS", "opening_hours": { "open_now": true }, "photos": [ { "height": 608, "html_attributions": [ "<a href=\"https://maps.google.com/maps/contrib/107854470564352398844\">MinuteClinic at CVS</a>" ], "photo_reference": "AcnlKN138wB1EDTv0iQL4x7dhp6bHh_zBNC8b9P_qP88T_Bd93JdlSY2d5EW1dcHxWitgTDFTh1Nmnsm_tGZ1X45y8Gn683DoPlzMsBAlGmo4EIEbq-thBEWBD701fz8XTG-F3WLYwQmezJBCkfjL30YXfoiU34tj6UnDqzzGaQlf_Hj6QoRQTlfoH9GzuvikHFmho--dkU_J3m_wLQ3LRoIL7bbsrZxzgAVDGZKE28zBl6ReuGd1uKgzDLo1o_mEjW8fbSyB6nG1vFq_QQpG4LL2DfgO_-pIyNbEWtx3jpShLybX2nVKa0", "width": 1080 } ], "place_id": "ChIJe_D53HQtDogR7sCPacHGCXI", "rating": 3.7, "reference": "ChIJe_D53HQtDogR7sCPacHGCXI", "scope": "GOOGLE", "types": [ "health", "point_of_interest", "establishment" ], "user_ratings_total": 43.0, "vicinity": "741 W 31st St, Chicago", "category": "Primary Care Center – Private / Non-profit", "source": "Google Places", "raw_types_str": "health, point_of_interest, establishment" }, "geometry": { "type": "Point", "coordinates": [ -87.6453953, 41.8376549 ] } },
{ "type": "Feature", "properties": { "business_status": "OPERATIONAL", "icon": "https://maps.gstatic.com/mapfiles/place_api/icons/v1/png_71/hospital-71.png", "icon_background_color": "#F88181", "icon_mask_base_uri": "https://maps.gstatic.com/mapfiles/place_api/icons/v2/hospital-H_pinlet", "international_phone_number": "+1 630-527-3200", "name": "Endeavor Health | Health Center 1 – Elmhurst", "opening_hours": { "open_now": true }, "photos": [ { "height": 1251, "html_attributions": [ "<a href=\"https://maps.google.com/maps/contrib/106024458318976359996\">Greg Krawiec</a>" ], "photo_reference": "AcnlKN015OjUUIoWQjYidnc1I-QzD-b4Hsb5KEfllIAFtKPttq5Vzk-vkr7YBCdrJ83IY9zm2SzEKeMQm9Ga0YhOUlZBaz6KSc7DcsAT6GOKMnyY3-tQhWvJJwRmKFjbcxgy-dn2KYBMqnN0pzjA5fb9nw0xxJkxTQ97Mb3co4a2BI_W_jmMJwit-FYIY2zGd6lJUeM6j0TMw0Vh7FgIwRwLxbID8iryYxIuU5aarbS61VrzxRiOV1SY_xFCDN45CXNbtwCNwIy5ahGLLuClNCfNHPKd7tM99_FmIwUpHmSMWNjNkxsCXZDvfRDKujt3AjnD3rR_9SrHXI3i86j5MU2kiPj3bW5RBh-tvjSyktbFZ7X7fb2i9qxCQ0E7tkee6bywoSX-cUmUdtJ8FkXVHTK0arMMVpJ_DkqOcvaFPd9zUvVP6BKffqPneS_WINCJAne8p3uJgpKVH4FdQCIcmZk0DbiTK1GLU7iymqNdGY8urDps4td2E-dL2OHEjTbw47x8s-3zcvtFoGxJ50ttEwm9vJ1uv_o3yLWg1_Jl5eK6Ihwd3GuQrsqmTypDgb_K6ebMQGG0oVz17Mjz5A", "width": 2224 } ], "place_id": "ChIJn7_mQeJKDogRi9C-JWdoQzA", "rating": 4.7, "reference": "ChIJn7_mQeJKDogRi9C-JWdoQzA", "scope": "GOOGLE", "types": [ "hospital", "point_of_interest", "health", "establishment" ], "user_ratings_total": 824.0, "vicinity": "1200 S York St, Elmhurst", "category": "Primary Care Center – Private / Non-profit", "source": "Google Places", "raw_types_str": "hospital, point_of_interest, health, establishment" }, "geometry": { "type": "Point", "coordinates": [ -87.9349386, 41.8638542 ] } },
{ "type": "Feature", "properties": { "business_status": "OPERATIONAL", "icon": "https://maps.gstatic.com/mapfiles/place_api/icons/v1/png_71/hospital-71.png", "icon_background_color": "#F88181", "icon_mask_base_uri": "https://maps.gstatic.com/mapfiles/place_api/icons/v2/hospital-H_pinlet", "international_phone_number": "+1 331-221-9000", "name": "Edward-Elmhurst Health Center - Schiller Street", "opening_hours": { "open_now": false }, "photos": [ { "height": 2160, "html_attributions": [ "<a href=\"https://maps.google.com/maps/contrib/106024458318976359996\">Greg Krawiec</a>" ], "photo_reference": "AcnlKN3s65UiVHeG3IJ4_WFslfCmPNLT7Pqjj8BPtU-UtGgxrVONth_bOUWssv3NDhzcAUnmczhcwE8qbVhcBsPXC8ZdD54TXZR7t-k4Ypm9bCcaTJ1qepE2QULln-IdGneHN52GEga2b6AyYWmrGPbMquYMKmPM3UMpmMcjEEQNT6YuYGDmuaKqHCEuWfyPezsLtIEwTIpDIspl6ZqtOb1xt3ERq_B8nVeZnF4nJTJ0wwtNDhTGI9F0nqnQq-eb7cu4Ae5fj5cnBtF889Txxz31zELUM6s-I5Tc0Viz2ylF1TNQkTFMStNlAtHbPONmr-INOi4nD5pR1NzBVIzfd574zYZ2Pi2vN7fjWdmf2SJowu5cLnNl9OfGR8ZcISvfd9JkjZjIE1gmkxyQqlu2n2KSvI3Ff_lX5P90TclMPv3vZJlfU4QsPSbOxU4IzqsVmMYyzk8iIVjZwq9TT5R4tNjJw8l2zpB9z1NtuwZQZyhsfNjlhH6a2QdllAYpml1jX1KhxR8O8S9u2btZe8yI1meeX8KdvPHpNNE4n6agoJIJAlpfgfMljMNDWP_qjDgdLXopDyhcpbw1Bn0y3A", "width": 2880 } ], "place_id": "ChIJoaLzzIVNDogRHPEwVrTsC4M", "rating": 3.2, "reference": "ChIJoaLzzIVNDogRHPEwVrTsC4M", "scope": "GOOGLE", "types": [ "hospital", "point_of_interest", "health", "establishment" ], "user_ratings_total": 27.0, "vicinity": "172 Schiller St, Elmhurst", "category": "Primary Care Center – Private / Non-profit", "source": "Google Places", "raw_types_str": "hospital, point_of_interest, health, establishment" }, "geometry": { "type": "Point", "coordinates": [ -87.9367355, 41.9009047 ] } },
{ "type": "Feature", "properties": { "business_status": "OPERATIONAL", "icon": "https://maps.gstatic.com/mapfiles/place_api/icons/v1/png_71/generic_business-71.png", "icon_background_color": "#7B9EB0", "icon_mask_base_uri": "https://maps.gstatic.com/mapfiles/place_api/icons/v2/generic_pinlet", "international_phone_number": null, "name": "Elmhurst Memorial Medical Group", "opening_hours": null, "photos": null, "place_id": "ChIJx4ayM2lLDogR7fvU_vaaM8w", "rating": 4.0, "reference": "ChIJx4ayM2lLDogR7fvU_vaaM8w", "scope": "GOOGLE", "types": [ "point_of_interest", "health", "establishment" ], "user_ratings_total": 2.0, "vicinity": "1200 S York St, Elmhurst", "category": "Primary Care Center – Private / Non-profit", "source": "Google Places", "raw_types_str": "point_of_interest, health, establishment" }, "geometry": { "type": "Point", "coordinates": [ -87.932955299999989, 41.8640666 ] } },
{ "type": "Feature", "properties": { "business_status": "OPERATIONAL", "icon": "https://maps.gstatic.com/mapfiles/place_api/icons/v1/png_71/generic_business-71.png", "icon_background_color": "#7B9EB0", "icon_mask_base_uri": "https://maps.gstatic.com/mapfiles/place_api/icons/v2/generic_pinlet", "international_phone_number": "+1 630-359-8054", "name": "Midwest Express Clinic Urgent Care", "opening_hours": { "open_now": true }, "photos": [ { "height": 2967, "html_attributions": [ "<a href=\"https://maps.google.com/maps/contrib/111212554797105727854\">Midwest Express Clinic Urgent Care</a>" ], "photo_reference": "AcnlKN2_qUqb0quHTaHXbe6W5tiGWmDsQbTyPS6E2EankozvF-cxmVFn5A2nx0pJVNs1MXiReqlSxnpWjEkNY341CopbJKekBGy7hU8WNHDANq0N3XDpIsDXGVVUJrBGwRatJUt9e2p29flcHGHCXfQ9TTPVZYgRuwaWxJBWvAwmv3w_ZNMWQxserAlK0_AmMwuvPt8nzGzYZ3pcpyyDE34XOvVy9od9N5H8WYCHnQRxyrgmVuTlxgMFZ7bneMOcv2nYS_qdSeBP7OV3Y4rZ8rEv-1BoTNlF8hZUnDkWUAy5zBex9Qhuax4", "width": 3956 } ], "place_id": "ChIJQeqDkdlNDogRaxfmW1NkH_w", "rating": 4.9, "reference": "ChIJQeqDkdlNDogRaxfmW1NkH_w", "scope": "GOOGLE", "types": [ "doctor", "point_of_interest", "health", "establishment" ], "user_ratings_total": 687.0, "vicinity": "207 E Butterfield Rd, Elmhurst", "category": "Urgent Care / Walk-in Clinic", "source": "Google Places", "raw_types_str": "doctor, point_of_interest, health, establishment" }, "geometry": { "type": "Point", "coordinates": [ -87.934887, 41.8708183 ] } },
{ "type": "Feature", "properties": { "business_status": "OPERATIONAL", "icon": "https://maps.gstatic.com/mapfiles/place_api/icons/v1/png_71/generic_business-71.png", "icon_background_color": "#7B9EB0", "icon_mask_base_uri": "https://maps.gstatic.com/mapfiles/place_api/icons/v2/generic_pinlet", "international_phone_number": "+1 331-979-6267", "name": "Midwest Express Clinic Urgent Care", "opening_hours": { "open_now": true }, "photos": [ { "height": 4000, "html_attributions": [ "<a href=\"https://maps.google.com/maps/contrib/115835426476758697074\">Midwest Express Clinic Urgent Care</a>" ], "photo_reference": "AcnlKN34j3TTPP4gHuh2QyMaKb2u4euVcv0_6KK0KVbnLs5EGHvzaOvHTICOZwKbTtG9bRGF6hSrJEBFhU1e3ZgKanvfsjkiCK4qW7yN0eHS7eeePIe051HWSD9KI3OjwU2YSMBVCeL4gE4wrQF1N0NcJhvn1km7-bwAK_lq-ZEDydhU2qK1FOmr_pLfrlyyTDPY86atVn2afFtA_miTWtOPLCjsEBYEluubUGwdRcfnZNI7BNcHt7-mx67UV6yVBkCOb9vDXYE1mejoAP1rjMfwx0r9p3nPwJweH06FIuCDio4duLVt5jM", "width": 5495 } ], "place_id": "ChIJ8RPAVfWzD4gRMIpZFamFcBo", "rating": 4.8, "reference": "ChIJ8RPAVfWzD4gRMIpZFamFcBo", "scope": "GOOGLE", "types": [ "doctor", "health", "point_of_interest", "establishment" ], "user_ratings_total": 259.0, "vicinity": "305 N York St, Elmhurst", "category": "Urgent Care / Walk-in Clinic", "source": "Google Places", "raw_types_str": "doctor, health, point_of_interest, establishment" }, "geometry": { "type": "Point", "coordinates": [ -87.9394245, 41.9069671 ] } },
{ "type": "Feature", "properties": { "business_status": "OPERATIONAL", "icon": "https://maps.gstatic.com/mapfiles/place_api/icons/v1/png_71/generic_business-71.png", "icon_background_color": "#7B9EB0", "icon_mask_base_uri": "https://maps.gstatic.com/mapfiles/place_api/icons/v2/generic_pinlet", "international_phone_number": "+1 708-356-6341", "name": "Precision Immediate Care & Medical Center", "opening_hours": { "open_now": true }, "photos": [ { "height": 3024, "html_attributions": [ "<a href=\"https://maps.google.com/maps/contrib/112713110835413547943\">Precision Immediate Care &amp; Medical Center</a>" ], "photo_reference": "AcnlKN1UjqkjIP9SOH2EsgVY128d93uJY6zT4Cnq7Y7Iy1J7jO4e5p2NE7f2W4spIOJFdSm0P9t2QNgubA1X10cL0jteagoMq3qMLQg--piqq7ff1eD9D3gtB8H4mjSn4YEqFIZaeCabU5DHkOd89tkkL73Az9JQ9BLPPFxO6eMH19hHj-HWmGntpsz-LSNrSVwAXHn_aEgGICx7ICg0_0o0Lxm9VXKYVGc-6OfMA5s6Fv0H-W0Ox_UsSOiOVFMAcjdKth1qsiSjrBbGbdS_sdEeyzZd4xWz7GsmMbFjwcFiu7jvtSLGPNo", "width": 4032 } ], "place_id": "ChIJsX47YOq1D4gRSJPKSSXQy-w", "rating": 4.8, "reference": "ChIJsX47YOq1D4gRSJPKSSXQy-w", "scope": "GOOGLE", "types": [ "hospital", "doctor", "health", "point_of_interest", "establishment" ], "user_ratings_total": 107.0, "vicinity": "3520 W North Ave, Stone Park", "category": "Urgent Care / Walk-in Clinic", "source": "Google Places", "raw_types_str": "hospital, doctor, health, point_of_interest, establishment" }, "geometry": { "type": "Point", "coordinates": [ -87.8774304, 41.9071576 ] } },
{ "type": "Feature", "properties": { "business_status": "OPERATIONAL", "icon": "https://maps.gstatic.com/mapfiles/place_api/icons/v1/png_71/generic_business-71.png", "icon_background_color": "#7B9EB0", "icon_mask_base_uri": "https://maps.gstatic.com/mapfiles/place_api/icons/v2/generic_pinlet", "international_phone_number": "+1 708-345-8960", "name": "Broadway Medical Center", "opening_hours": { "open_now": false }, "photos": [ { "height": 4032, "html_attributions": [ "<a href=\"https://maps.google.com/maps/contrib/102227164031142005244\">Marta Vega</a>" ], "photo_reference": "AcnlKN20OnwX3QtgANeOELyt4hqmazO-Aaf57oJDeQoVFRnIzJcexliPGwUeXdDfbqNvfC_tV6gOBbgg67xCXFQx2b37n43U61bRzr7sisei4nHcSDhq5DXIOLZX5gU8JLEmLeb8DYTfjIIuPzKtLz5zc4WY1dRS94Asx9Kh95AgJRTP3VW6FznEEJftbnCfBEcakyQ75fsNp8UOAOaG1-sckq4YlN-vCoI25OO6c7wKhaZch3kOQ0HMPd1SqZVxB3vBk_AEBnoGp6udojbNT4_rFRvLH4Gv5B2860BU1ueDPmpnKnhLWDB1GbSFGcxkRCdGuk6RY7sAHORrh0nnO9pApsmM90Jg4X5WM2jcfm4xPij7ffCz2b50v3Lyz9C2xsMY67fpaNFyJmcjXdwsIawxTnbXlEVO6oLxYRhd5qFDeyvw2VaIs2yinWPq3CoJwx1OwCWdNs9dwNaVOqx467GqNUWZYjJ_51wOFEXZtwDbn2qzycBuManBCxPayGt0WLYLFA6R6kr6lR20ZVAewIv95YdV6gTY4wp6bnIXQL8yZUAzN3RPHsk-JvYt0cq5slU2bzdcFy8BeTyrL6oek1hPmOnuIE0", "width": 3024 } ], "place_id": "ChIJhaIcyKlKDogRcRgGG0eRLw8", "rating": 4.4, "reference": "ChIJhaIcyKlKDogRcRgGG0eRLw8", "scope": "GOOGLE", "types": [ "hospital", "doctor", "health", "point_of_interest", "establishment" ], "user_ratings_total": 319.0, "vicinity": "153 1/2 N 19th Ave, Melrose Park", "category": "Primary Care Center – Private / Non-profit", "source": "Google Places", "raw_types_str": "hospital, doctor, health, point_of_interest, establishment" }, "geometry": { "type": "Point", "coordinates": [ -87.8561925, 41.8929497 ] } },
{ "type": "Feature", "properties": { "business_status": "OPERATIONAL", "icon": "https://maps.gstatic.com/mapfiles/place_api/icons/v1/png_71/hospital-71.png", "icon_background_color": "#F88181", "icon_mask_base_uri": "https://maps.gstatic.com/mapfiles/place_api/icons/v2/hospital-H_pinlet", "international_phone_number": "+1 708-343-1300", "name": "Broadway Medical Center", "opening_hours": { "open_now": false }, "photos": [ { "height": 1619, "html_attributions": [ "<a href=\"https://maps.google.com/maps/contrib/103046637614382139572\">Broadway Medical Center</a>" ], "photo_reference": "AcnlKN3wg0WsxqUY-Vzt_QJ78OvGZydtVW2xIdXxvwVtCrKqfdMcvn-DfZDDIAZg7-Gx7By4dKI_FnWFG7lrp0LGMlEheFkf9vkBUqWEjCQtgtU8PexNrjpiymrMhDTRok-BrLQTYgM9VqknOEYXHydvjyOYR6TFr6x4o2berCzAPMlyI1kszN0upCV9POIH42XNE7lnAwYgIWtrMro2AZTDtCOzFX2d2AXH-CrRocLsl2zi9YkJ2qI3_ezG3gHovUyyZm5qjXtbWUBOzsHSzPgJviTd4ng9te7ALYXz6JDFdWYXp2GTxzo", "width": 4030 } ], "place_id": "ChIJI9cl2_BKDogR8CP6Isf6xq8", "rating": 4.3, "reference": "ChIJI9cl2_BKDogR8CP6Isf6xq8", "scope": "GOOGLE", "types": [ "hospital", "doctor", "health", "point_of_interest", "establishment" ], "user_ratings_total": 247.0, "vicinity": "4009 Warren Ave, Bellwood", "category": "Primary Care Center – Private / Non-profit", "source": "Google Places", "raw_types_str": "hospital, doctor, health, point_of_interest, establishment" }, "geometry": { "type": "Point", "coordinates": [ -87.8824128, 41.8789985 ] } },
{ "type": "Feature", "properties": { "business_status": "OPERATIONAL", "icon": "https://maps.gstatic.com/mapfiles/place_api/icons/v1/png_71/generic_business-71.png", "icon_background_color": "#7B9EB0", "icon_mask_base_uri": "https://maps.gstatic.com/mapfiles/place_api/icons/v2/generic_pinlet", "international_phone_number": "+1 708-681-2298", "name": "ACCESS Melrose Park Family Health Center", "opening_hours": { "open_now": true }, "photos": [ { "height": 2448, "html_attributions": [ "<a href=\"https://maps.google.com/maps/contrib/107664741701160969761\">Judith duque (ju)</a>" ], "photo_reference": "AcnlKN3fwxQD2-ndbB49ubgE0WeInY10mxbXz-3WbDr2IzPBoYwxyEbi3gSPpC_s4mZJooDHllNDDEktRdOd1PISi8JcqiMtq1TuJKSZGhWOBDhyOhFZKhnqKVYXDjSuei49K-VIit7zt_v7LBYgKA0crFdE44y5pvtNOPKCU8W_6C9_B4-LkNuIT6wq8uH41K-x2lTE_Ubcm1UCCbVyPhxQDits8YpiPBPUFi8gR03xHB0b8dCEK29mvPuHj6cPo76mmdHapDUsBrFr4KjPDUXIjb4ZkSgOgK7a9XkKYFBQJDxnBL2vXedM4DmE9YBiYncdgMO-5HacebnTBeyqfYoU5v3RYyV1RS8M2c7gfzpqr-tu2_kfmlyb4aABODINwGf2BdaRBzSx7CfAfVPomjjX5XOiIe0g_fir47hJMfrk9iwM3ljQdTcpQ-w7L9arTk0tLjlfzNrR5yBTVZKu7ehYgjP8PziV5tHdDOSyG--XnCrpfjrNwVLKyVUd3_liJsdOy7kuCL0LIl4FEhgWym05tlUTE5Rjz2th1DD9cznJN7zOLmdSw2chwZnbQGh26T36DB0bSbLDMPF5Kw", "width": 3264 } ], "place_id": "ChIJoYc8b8jKD4gREVByYYsIkoQ", "rating": 3.5, "reference": "ChIJoYc8b8jKD4gREVByYYsIkoQ", "scope": "GOOGLE", "types": [ "doctor", "health", "point_of_interest", "establishment" ], "user_ratings_total": 128.0, "vicinity": "8321 W North Ave, Melrose Park", "category": "Primary Care Center – Private / Non-profit", "source": "Google Places", "raw_types_str": "doctor, health, point_of_interest, establishment" }, "geometry": { "type": "Point", "coordinates": [ -87.833553099999989, 41.9069237 ] } },
{ "type": "Feature", "properties": { "business_status": "OPERATIONAL", "icon": "https://maps.gstatic.com/mapfiles/place_api/icons/v1/png_71/hospital-71.png", "icon_background_color": "#F88181", "icon_mask_base_uri": "https://maps.gstatic.com/mapfiles/place_api/icons/v2/hospital-H_pinlet", "international_phone_number": "+1 708-406-3040", "name": "PCC Melrose Park Family Health Center", "opening_hours": { "open_now": false }, "photos": [ { "height": 4000, "html_attributions": [ "<a href=\"https://maps.google.com/maps/contrib/101595624628234011929\">PCC Melrose Park Family Health Center</a>" ], "photo_reference": "AcnlKN2OqDLsKYtfZu1VsV-ID041pXhHY-CO-nDT0_FkBmSDbeuZzhrx1T46eRc7rJI7MRHuCptK4YAugsjCcnCjH5ZunrZw8K8uY-2SbsvdBEYemA58xqSIMLUV4jQnBcTBMOg98MNA1wTydbW9_jf_UhQk-Iv59vU991DqALhL7ScpFq-evngJD4CAW7Q09yNccNwZ2djleX3epItvNo4UkHysKoNBKAmufgpbS5pylVSIVUYYTNu7GvBfNBXfEQnDx0X2h732yOQIBRaQLJ4p6DYqICKM33wUUQfijxbA21WiVO2ircs", "width": 6000 } ], "place_id": "ChIJ_fO3r1E1DogRl7TiGdxKO6U", "rating": 2.0, "reference": "ChIJ_fO3r1E1DogRl7TiGdxKO6U", "scope": "GOOGLE", "types": [ "hospital", "health", "point_of_interest", "establishment" ], "user_ratings_total": 44.0, "vicinity": "1111 Superior St # 101, Melrose Park", "category": "Primary Care Center – Private / Non-profit", "source": "Google Places", "raw_types_str": "hospital, health, point_of_interest, establishment" }, "geometry": { "type": "Point", "coordinates": [ -87.8477331, 41.892779 ] } },
{ "type": "Feature", "properties": { "business_status": "OPERATIONAL", "icon": "https://maps.gstatic.com/mapfiles/place_api/icons/v1/png_71/generic_business-71.png", "icon_background_color": "#7B9EB0", "icon_mask_base_uri": "https://maps.gstatic.com/mapfiles/place_api/icons/v2/generic_pinlet", "international_phone_number": "+1 708-345-5272", "name": "James Medical Center", "opening_hours": { "open_now": false }, "photos": [ { "height": 4000, "html_attributions": [ "<a href=\"https://maps.google.com/maps/contrib/102100087905828040633\">Flo Sanchez</a>" ], "photo_reference": "AcnlKN3GrsPVFjiDuW-MzoZiJpQLxusb6NArtro_E9S4ZM9fs81AcK5b46phZfWNKDuuRwwT-7i-cfrGO-pFbWvC2NkcvPYLHQzyEL8J_Aj7wm9dEeTjm_rUvxI4ifHsnQVtfsHwxRvEy6l-2xjqjrjwhZM2dPuni98jLow24MNVHdLAGXPwssWFxwtZ2NuMgG--5V9MW2nl5Bxb6N7m0hqr9motQDjGLqVhUuxP8DdpWBMUboNfbHWqIRyQUrfrgi8cH7hY4_5M3GMCPxkZH24bqj_hLNs9YStJNBUnU9xrM7sVsSkQBLJnB3ByR05TJxv8BDsT3JQz_sY07gsaqkD1FL7fnDzF4Z406ULUDVjsv1qDe7qxArVI-siTfLsWr_9I0KMuJRBz6z-uZjoVTOtV3XNk8e4HPJ-Q7Zd5RybsnaZvGvIo0LhPSCp6u7hMhNt25ZFM7n9Gp7mobZTpXqLTkOxj7410s5OxjyQ2fnBaKsvBYtoUI6kKTDUn43AsGm7pGgHUgHrv-lPWLjb7gGZ17M33hiiEk4M-NmAiWUrV_mkIDH3lt_Oq10VOCO3lknk-6odsVaxc", "width": 3000 } ], "place_id": "ChIJg8Ezsle1D4gRJN3NaOlyfFE", "rating": 4.3, "reference": "ChIJg8Ezsle1D4gRJN3NaOlyfFE", "scope": "GOOGLE", "types": [ "health", "point_of_interest", "establishment" ], "user_ratings_total": 8.0, "vicinity": "1835 N 19th Ave, Melrose Park", "category": "Primary Care Center – Private / Non-profit", "source": "Google Places", "raw_types_str": "health, point_of_interest, establishment" }, "geometry": { "type": "Point", "coordinates": [ -87.856705, 41.9074205 ] } },
{ "type": "Feature", "properties": { "business_status": "OPERATIONAL", "icon": "https://maps.gstatic.com/mapfiles/place_api/icons/v1/png_71/generic_business-71.png", "icon_background_color": "#7B9EB0", "icon_mask_base_uri": "https://maps.gstatic.com/mapfiles/place_api/icons/v2/generic_pinlet", "international_phone_number": "+1 708-615-0738", "name": "Midwest Medical Clinic", "opening_hours": { "open_now": true }, "photos": null, "place_id": "ChIJe8rRx1lLDogRD3AJiHCrRb8", "rating": null, "reference": "ChIJe8rRx1lLDogRD3AJiHCrRb8", "scope": "GOOGLE", "types": [ "health", "point_of_interest", "establishment" ], "user_ratings_total": null, "vicinity": "106 Broadway Ave, Melrose Park", "category": "Primary Care Center – Private / Non-profit", "source": "Google Places", "raw_types_str": "health, point_of_interest, establishment" }, "geometry": { "type": "Point", "coordinates": [ -87.8568619, 41.8913376 ] } },
{ "type": "Feature", "properties": { "business_status": "OPERATIONAL", "icon": "https://maps.gstatic.com/mapfiles/place_api/icons/v1/png_71/hospital-71.png", "icon_background_color": "#F88181", "icon_mask_base_uri": "https://maps.gstatic.com/mapfiles/place_api/icons/v2/hospital-H_pinlet", "international_phone_number": "+1 708-531-5200", "name": "Loyola Family Practice Center", "opening_hours": { "open_now": true }, "photos": null, "place_id": "ChIJy1DghHk1DogRHcN2J-XlAFc", "rating": 3.3, "reference": "ChIJy1DghHk1DogRHcN2J-XlAFc", "scope": "GOOGLE", "types": [ "hospital", "health", "point_of_interest", "establishment" ], "user_ratings_total": 12.0, "vicinity": "1211 Roosevelt Rd, Maywood", "category": "Primary Care Center – Private / Non-profit", "source": "Google Places", "raw_types_str": "hospital, health, point_of_interest, establishment" }, "geometry": { "type": "Point", "coordinates": [ -87.8476354, 41.8648814 ] } },
{ "type": "Feature", "properties": { "business_status": "OPERATIONAL", "icon": "https://maps.gstatic.com/mapfiles/place_api/icons/v1/png_71/hospital-71.png", "icon_background_color": "#F88181", "icon_mask_base_uri": "https://maps.gstatic.com/mapfiles/place_api/icons/v2/hospital-H_pinlet", "international_phone_number": "+1 708-383-6200", "name": "West Suburban Medical Center", "opening_hours": { "open_now": true }, "photos": [ { "height": 2858, "html_attributions": [ "<a href=\"https://maps.google.com/maps/contrib/108353459830814226543\">West Suburban Medical Center</a>" ], "photo_reference": "AcnlKN1fFEIo2_Fbu9_WDE1CCcNH2aqaKQQCwTA8ClMVkzhagOB4gfrREAaxtEE2neF_-bVY4ZaVHSYLGktu8B_IvXl7T2rxb-q9aU02BoaU-7gZdqRqtTmzuwRmGEefCiiUIE0cn4uaioYKzwKbpTMPJoJ4mj_MJqxhxM-sKbzLEmMB9K-Ue6jPvKmk0_5VEQ3SEgEm8hzyKieetb2CSQr6G9Cesj6iScRvFyyQjk6EE1N1N86pAcMTKbcYSOeLmaYUs2DWF-2CgLvwTI6vjCTkYtsp7NT9sENvdRYDmK9VzGg8ThSVCaE", "width": 4368 } ], "place_id": "ChIJK8oTJ1YzDogRhNgEzOb4Fsk", "rating": 2.3, "reference": "ChIJK8oTJ1YzDogRhNgEzOb4Fsk", "scope": "GOOGLE", "types": [ "hospital", "doctor", "health", "point_of_interest", "establishment" ], "user_ratings_total": 499.0, "vicinity": "3 Erie St, Oak Park", "category": "Primary Care Center – Private / Non-profit", "source": "Google Places", "raw_types_str": "hospital, doctor, health, point_of_interest, establishment" }, "geometry": { "type": "Point", "coordinates": [ -87.7758865, 41.891189 ] } },
{ "type": "Feature", "properties": { "business_status": "OPERATIONAL", "icon": "https://maps.gstatic.com/mapfiles/place_api/icons/v1/png_71/hospital-71.png", "icon_background_color": "#F88181", "icon_mask_base_uri": "https://maps.gstatic.com/mapfiles/place_api/icons/v2/hospital-H_pinlet", "international_phone_number": "+1 630-527-3200", "name": "Edward-Elmhurst Health Center - Oak Park", "opening_hours": { "open_now": true }, "photos": [ { "height": 807, "html_attributions": [ "<a href=\"https://maps.google.com/maps/contrib/100553207721808217782\">Edward-Elmhurst Health Center - Oak Park</a>" ], "photo_reference": "AcnlKN2d85WeSDepZUw94YPIw-OM-D69sGB9g8OCBhtVZ9Foszye2Ai5XEZ6dCd7G5VRAKe43QGAdJ_7-MXQDwvVsLcw-HD_Yt-0CIExqmnCwLY4zOLaOrXuVbrloLwmojceTEp8PyYXeBIxeYwlFjXlbMPb9wedqbAQTJuJtu7bsnpJRUI_-rSgc4QLm9t4ySnU54ODqJyhbjP8zgFWTSCzaA9Yexq8JWnTpttLdkqZ2J8Kmwz0reac2MWDIVyGhpQscU_nMdlUOLJKR4NAKp8iETu7lydQcxfQJ46k25WTNElkRPE9kvg", "width": 1024 } ], "place_id": "ChIJG9ApKMY0DogR0sfULyuZQ_s", "rating": 3.8, "reference": "ChIJG9ApKMY0DogR0sfULyuZQ_s", "scope": "GOOGLE", "types": [ "hospital", "health", "point_of_interest", "establishment" ], "user_ratings_total": 86.0, "vicinity": "932 Lake St Ste 300, Oak Park", "category": "Primary Care Center – Private / Non-profit", "source": "Google Places", "raw_types_str": "hospital, health, point_of_interest, establishment" }, "geometry": { "type": "Point", "coordinates": [ -87.7997055, 41.8888015 ] } },
{ "type": "Feature", "properties": { "business_status": "OPERATIONAL", "icon": "https://maps.gstatic.com/mapfiles/place_api/icons/v1/png_71/hospital-71.png", "icon_background_color": "#F88181", "icon_mask_base_uri": "https://maps.gstatic.com/mapfiles/place_api/icons/v2/hospital-H_pinlet", "international_phone_number": "+1 708-660-9070", "name": "Associated Medical Centers of Illinois - Oak Park", "opening_hours": { "open_now": false }, "photos": [ { "height": 3024, "html_attributions": [ "<a href=\"https://maps.google.com/maps/contrib/115543296065744145501\">Associated Medical Centers of Illinois - Oak Park</a>" ], "photo_reference": "AcnlKN1mY6Ml8aKgIIPj5veimCrt2TvHJEc_XlK_gNgX9NpYQGRl5r7XR2fzhdJwtcg0kNKWcU-YL-KBc0bBtWB1vCf85wQhX9fJHrJvrWUTYRHSxRVLJqnCfsKUHzEGikBlkE3hfhulpsNh0fhLHXeIi6NMiMxCVAYi1RrltqPf5ljuYfmp6UCib0ZqeAgse5MivPoD-eDgiu6J2EeksIRMdBl8hI6vOs3VttFSictqd7NnawF9GxNnYeT-fOO3bugPTFTmPYe4x5vzQEeF75dt-uJ5RuGfOjuU-1u8d97XayZOE8tX", "width": 4032 } ], "place_id": "ChIJp6Odi1czDogR7sDoPM-rZI4", "rating": 4.9, "reference": "ChIJp6Odi1czDogR7sDoPM-rZI4", "scope": "GOOGLE", "types": [ "hospital", "health", "point_of_interest", "establishment" ], "user_ratings_total": 86.0, "vicinity": "6326 Roosevelt Rd, Oak Park", "category": "Primary Care Center – Private / Non-profit", "source": "Google Places", "raw_types_str": "hospital, health, point_of_interest, establishment" }, "geometry": { "type": "Point", "coordinates": [ -87.782884, 41.865447 ] } },
{ "type": "Feature", "properties": { "business_status": "OPERATIONAL", "icon": "https://maps.gstatic.com/mapfiles/place_api/icons/v1/png_71/generic_business-71.png", "icon_background_color": "#7B9EB0", "icon_mask_base_uri": "https://maps.gstatic.com/mapfiles/place_api/icons/v2/generic_pinlet", "international_phone_number": "+1 708-406-3929", "name": "PCC Walk-In Wellness Center", "opening_hours": { "open_now": true }, "photos": [ { "height": 2992, "html_attributions": [ "<a href=\"https://maps.google.com/maps/contrib/102672463892909403360\">joji abraham</a>" ], "photo_reference": "AcnlKN1SEwTverJphvDN83EN_0stQoJhq3UbD-gOPCWimOrW6dPDGBHsrShNiiw6xo1kzCR1b1CbB-7Du10N5M6Ctp049iBFWvJhqS-RieUP64s6FaFzeKyPxRC89KI8br1J0hjPr_Ube26Qle6psBmuypfSCrd0QsC6OrSRXyZYtXf5NQsuT4sZ8Z6YxRQ5jXgHJzJ24VwXZ61o3nzaYkHHtNxg9AoviffXqFYmY27KI6ZE-A8ZmKEFdHtFFwN4JdWxcHqpP02j30LPgUc6GaX9czGzo9RmbPDYvWEVegEcVE3RX7WeiDD6MWfB6O3NRyard2B-DYb2JUfQ4mZdYYXCyPiyS_NVFfEKG9iASlZ5hR02IDZ0d27C8yKpNYVtngDU3x2rcO5plbH0ePA71odD4tlrcS4HzbV0_USSWsziGQGGN4RgkcTILA1vCn0dbmAmqJ7bmrKyTeUuuJA20aTK2ITcWwb4xZOyGjp2UjnFRAqtJ7xPjisolmC3gfUgtrrwkgKGIUxjq0SKa4h8mIw_uM-R_7IRPNrO4H-VgdggvxkF7rrTXveF5pPtXuxVlPVT4g3dwmal", "width": 4000 } ], "place_id": "ChIJhbUyJlYzDogRsQxmzGqfBco", "rating": 2.7, "reference": "ChIJhbUyJlYzDogRsQxmzGqfBco", "scope": "GOOGLE", "types": [ "health", "point_of_interest", "establishment" ], "user_ratings_total": 74.0, "vicinity": "1 Erie St #1300, Oak Park", "category": "Primary Care Center – Private / Non-profit", "source": "Google Places", "raw_types_str": "health, point_of_interest, establishment" }, "geometry": { "type": "Point", "coordinates": [ -87.7757952, 41.891127 ] } },
{ "type": "Feature", "properties": { "business_status": "OPERATIONAL", "icon": "https://maps.gstatic.com/mapfiles/place_api/icons/v1/png_71/generic_business-71.png", "icon_background_color": "#7B9EB0", "icon_mask_base_uri": "https://maps.gstatic.com/mapfiles/place_api/icons/v2/generic_pinlet", "international_phone_number": "+1 708-386-0845", "name": "PCC South Family Health Center", "opening_hours": { "open_now": true }, "photos": [ { "height": 400, "html_attributions": [ "<a href=\"https://maps.google.com/maps/contrib/116009977361959971618\">PCC South Family Health Center</a>" ], "photo_reference": "AcnlKN1jV8LY68KeMcKSH3lHbrgkgPOQoR2sT0D7V5nMQ-G2KvFMAvxYAEiyWS_bfETYMwSBg5ITZLdZ94NwLfd9FWPFlp1-gB4QbC6mBe56-LPAL5SZJyPZJir5B9A5MgwgsuXDLLlG1-oKWLgs21JtWM3NTROb4NLtNni-XzeQNK0vxAPpy14b7XrefaN33wdexwOlMj3rnQvP4yf-BRAE53INCnTZ-EIAFoDJOECGbhV7cDRV75lx8XuD-6avEfbKfYYYW8_1z3sfAhbGEPF2hHeQuDJwCkY-3Hqu0A0VeTizzDMyP_E", "width": 600 } ], "place_id": "ChIJWaEmm30zDogRTj8nOmI4Nhg", "rating": 3.2, "reference": "ChIJWaEmm30zDogRTj8nOmI4Nhg", "scope": "GOOGLE", "types": [ "doctor", "health", "point_of_interest", "establishment" ], "user_ratings_total": 80.0, "vicinity": "6201 Roosevelt Rd, Berwyn", "category": "Primary Care Center – Private / Non-profit", "source": "Google Places", "raw_types_str": "doctor, health, point_of_interest, establishment" }, "geometry": { "type": "Point", "coordinates": [ -87.7793613, 41.8650652 ] } },
{ "type": "Feature", "properties": { "business_status": "OPERATIONAL", "icon": "https://maps.gstatic.com/mapfiles/place_api/icons/v1/png_71/generic_business-71.png", "icon_background_color": "#7B9EB0", "icon_mask_base_uri": "https://maps.gstatic.com/mapfiles/place_api/icons/v2/generic_pinlet", "international_phone_number": "+1 708-231-8908", "name": "Midwest Express Clinic Urgent Care", "opening_hours": { "open_now": true }, "photos": [ { "height": 3024, "html_attributions": [ "<a href=\"https://maps.google.com/maps/contrib/101064725673007017631\">L Deathray</a>" ], "photo_reference": "AcnlKN33qCiPDTUs7RpQpdt9uaA4EnFt3cKdLlK2h7zibISWoZvOSzcZTWJLoCRtHj-4p11ABFcTKk4CAZsHbb7H5aIuRF_AKoAMfnpRiBkVdV2gIfY8-0vULKodujsf23VNh7O_7j7fBVO_mPlI-U1disxW3p3aG1fQGTd3tcdJ6JWEaxhKcq72XtTGdHnrBrr3ItTrUFb7ybvzsyZMtziwp2_L1Mi1Fag_7GvCbbdficHJ1be7SX5xR59-v5AtHTX0V_2A3QVYU4-yebjItRAdJCfaKzVtSRYh4BnlS97gIhg5hzIDkX-nD7NzkH_6_rW53nQ4fzdrtIsnSLCWfDqNiwfPN-juQNLVt8q_4NDVvJH1ILjjpPVCn_Uq2hU1GimQE2R_c9tiuXc5Unu8xEIYHFFWzb_q3JVfcJ77eH6DLaa7DjPkJsmzPgSUo3KULmbLW_D6el0TmpFT3VI1YSuJXMuo0V2Jh1wRJd4KdIrFtkiAHNc7oTMSuwyIwGD4CxuaaTtEU3xcfu0R4RH-zbBQprMTwSQM2-JFQDwcfy5vNxg4sk2ymisbwZNoR8UdrYeCLS6QXbn9", "width": 4032 } ], "place_id": "ChIJLaKN0AY1DogRdJO5X9e-8Qo", "rating": 4.8, "reference": "ChIJLaKN0AY1DogRdJO5X9e-8Qo", "scope": "GOOGLE", "types": [ "doctor", "health", "point_of_interest", "establishment" ], "user_ratings_total": 2127.0, "vicinity": "7343 Lake St, River Forest", "category": "Urgent Care / Walk-in Clinic", "source": "Google Places", "raw_types_str": "doctor, health, point_of_interest, establishment" }, "geometry": { "type": "Point", "coordinates": [ -87.8079819, 41.888212200000012 ] } },
{ "type": "Feature", "properties": { "business_status": "OPERATIONAL", "icon": "https://maps.gstatic.com/mapfiles/place_api/icons/v1/png_71/generic_business-71.png", "icon_background_color": "#7B9EB0", "icon_mask_base_uri": "https://maps.gstatic.com/mapfiles/place_api/icons/v2/generic_pinlet", "international_phone_number": "+1 708-383-0400", "name": "Family Medical Care", "opening_hours": null, "photos": [ { "height": 4561, "html_attributions": [ "<a href=\"https://maps.google.com/maps/contrib/101305669261127877865\">Marty Vernon</a>" ], "photo_reference": "AcnlKN04cD2wI2NbQzuw0J2q6cwOIANK0J5LCIOy6w7pQGP27ocQx8ucGnLm3wz0JbOuMuIc2PQK4o_E9Tt0jcF-DVBQYHz3uc5RDzdnu17a1kkOzt4oI_kRLEdc2cG7Ih9FlfInsShWc1HtaTP4MkORZL1fsRbgoe513iVjtExkTfLaGOUiq3-N6VouKWH3Xk4BHAIDS6MhU40Q8m4RF46-eLWUvCXxMCInxQjtNXmwn_3Re1n3jT-PvvkIYyWsPBRDh7sSMufbxWqpZ9SQbFTMgraP8yHvMNm7pQxXoH8Rju3NUrhWi0gP1gd7Pm-hYiqp4YFCiigwmYpKPvUQzSwclgkdh8jFPzFT0mtxifatL5wxa19MaxQ1FR7wIGQ4bA32JShnVdf4E7PnjC-hguGiKk8YZpdnn24GGZfBzJpxnTW4JfItRgne4MMZmvOa7HltZ19tjAS9x48rid2I_Nro1VpXwIBbf1wr6O8I4iaK4GggRuwwZrrupIUEUb97v6gu2NU9JwSj8wAOFYCa1uNjKiDr--K6e6MF2tn1vbm17G0zJS6VKPWRoFUskrXbSvePET6cWZEX", "width": 3276 } ], "place_id": "ChIJA_X1dcg0DogRNIjrTXFJVcE", "rating": 4.5, "reference": "ChIJA_X1dcg0DogRNIjrTXFJVcE", "scope": "GOOGLE", "types": [ "doctor", "health", "point_of_interest", "establishment" ], "user_ratings_total": 17.0, "vicinity": "965 Lake St #2, Oak Park", "category": "Primary Care Center – Private / Non-profit", "source": "Google Places", "raw_types_str": "doctor, health, point_of_interest, establishment" }, "geometry": { "type": "Point", "coordinates": [ -87.8003183, 41.8885144 ] } },
{ "type": "Feature", "properties": { "business_status": "OPERATIONAL", "icon": "https://maps.gstatic.com/mapfiles/place_api/icons/v1/png_71/generic_business-71.png", "icon_background_color": "#7B9EB0", "icon_mask_base_uri": "https://maps.gstatic.com/mapfiles/place_api/icons/v2/generic_pinlet", "international_phone_number": "+1 708-383-0113", "name": "PCC Lake Street Family Health Center", "opening_hours": { "open_now": true }, "photos": [ { "height": 1530, "html_attributions": [ "<a href=\"https://maps.google.com/maps/contrib/105064764065855435672\">PCC Lake Street Family Health Center</a>" ], "photo_reference": "AcnlKN2d2SumRVcy_--3IWF2PtAYYtLGcGQ7XKoKDnAM2MBP09UcFB8p4RMD4lQubKuKsm6ROE3dhFVhXZITUB9ygLAqI-_IppN9LSJQd45IV2juH6ATjwGpvuFCzV4FWSPsqtzf5s2gQ_fxowqd0qJSa9wdppEJu7CQrMdqmf3WyTXtCnja6fmklU1NZSyvySM9LeKRC3CuV9pw6h4j3eCg5XGECX91mbybOVZuT4fgBlAq2lZuvZ7s1u0Wzx69NVVsoGkqb1c5mAmNM1XtxhjF71HKYfANkoRvMUbO7O697AE8tookFwo", "width": 2048 } ], "place_id": "ChIJP0zF91czDogRUkhI6gnl8CQ", "rating": 2.3, "reference": "ChIJP0zF91czDogRUkhI6gnl8CQ", "scope": "GOOGLE", "types": [ "health", "point_of_interest", "establishment" ], "user_ratings_total": 43.0, "vicinity": "14 Lake St, Oak Park", "category": "Primary Care Center – Private / Non-profit", "source": "Google Places", "raw_types_str": "health, point_of_interest, establishment" }, "geometry": { "type": "Point", "coordinates": [ -87.7756041, 41.888164499999988 ] } },
{ "type": "Feature", "properties": { "business_status": "OPERATIONAL", "icon": "https://maps.gstatic.com/mapfiles/place_api/icons/v1/png_71/generic_business-71.png", "icon_background_color": "#7B9EB0", "icon_mask_base_uri": "https://maps.gstatic.com/mapfiles/place_api/icons/v2/generic_pinlet", "international_phone_number": "+1 708-386-1301", "name": "PCC Dr. Tong Health Center", "opening_hours": { "open_now": true }, "photos": [ { "height": 2992, "html_attributions": [ "<a href=\"https://maps.google.com/maps/contrib/102672463892909403360\">joji abraham</a>" ], "photo_reference": "AcnlKN2Ase6kSVNpk88Zi2n_Spj-8JKJrW7nKzPARS6KmHBcMO2sG-daQfKU7794lRSUzWAadnMfufYjGRvP04m1OAamzNW4i-PNcTtdpw_3areJvBrM0orJPh8bVm-HLTKaf2AI7CDhIuCIPWl80XbujRFbtH_h7Q0pM17SJM-p_UwCX0DlSGLyl9PP8Xw1UDTxKxbWVdrXg36nFGtKWD51RPfEA0DnCfBdJapvFtWWtfLB67wYUJ0f39B-5sxLZtmI8O_8ZzAdkSjYV7j3MvZggI1s_6vXKVP6mZPLcMfi8HqLqnRKvXAA7-tNFPBBAsxVItwQXdFCndfJqpILFP7JJ42a_Fv4bJEH7dzN7I5AbY4Kt3kdPgurQQlgIEJTkRxz29gSi8CyY4TuNz9UHDeaRDdNu2LMqhs6qtLqUcw3ixdFhn4TFU1Fk31Vsw53ODOneLCC65722BMbmhUaTIevWmRzXqdNN3IAg9BvJlBOv_zckEOg7Nkw6TafC1hCpiJ7JwgVzzTjQRCcH5-LwV_0eJwQZQljyV4nbLT4L9mP9iwq0rKk6_f0R2CfAd3lve9rLXHad3Ep", "width": 4000 } ], "place_id": "ChIJo_aWwKk0DogRdrdp9sD-POs", "rating": 3.7, "reference": "ChIJo_aWwKk0DogRdrdp9sD-POs", "scope": "GOOGLE", "types": [ "health", "point_of_interest", "establishment" ], "user_ratings_total": 6.0, "vicinity": "1 Erie St #6040, Oak Park", "category": "Primary Care Center – Private / Non-profit", "source": "Google Places", "raw_types_str": "health, point_of_interest, establishment" }, "geometry": { "type": "Point", "coordinates": [ -87.7757952, 41.891127 ] } },
{ "type": "Feature", "properties": { "business_status": "OPERATIONAL", "icon": "https://maps.gstatic.com/mapfiles/place_api/icons/v1/png_71/generic_business-71.png", "icon_background_color": "#7B9EB0", "icon_mask_base_uri": "https://maps.gstatic.com/mapfiles/place_api/icons/v2/generic_pinlet", "international_phone_number": "+1 708-763-6747", "name": "West Suburban Medical Center Emergency Room", "opening_hours": { "open_now": true }, "photos": [ { "height": 3264, "html_attributions": [ "<a href=\"https://maps.google.com/maps/contrib/114206523194693671785\">Jorge Sandoval</a>" ], "photo_reference": "AcnlKN2fW32NR2eLYHhTmBvPQa6QHHWD2irvA_S5DEPKO_J2eb4CF3IeXmQxgA7KFXuqGsMAXAKBDiDlkS1OrzCPaKWDi8j2lB5NRhCaO-ZBnH_hhgiiEwh0iR6XYceBcEBhiAw_cObqWaDrEVf7QkFIrWW7BC_LV1nIsKVYOX_ZHtSru4mhFdOvXXa4IlpTK4VTCkZJgqvHnK0XFunucwltW6_mz5A7cobyQrx82ATwBolQeGyIWKydF_wL4k0nUVJ3MYJYBCu6uhvYINR9lKDQ9Xm2v8jYwBFMVbNCrF11d61dqcUFKXX4f6g0AKHS9B5-gyvqm-p1c_4QlmaFSC68oJlxpX5gzag_6NZpvHL9dgq6AfhGfcjgnXAzNcUb_Jm934Eg5morEyXE6LaJWsTlDR9QMXC6mKUcwwnuczyiDSfSA2tcad8YuqENwyi0OJfm-_P92_Gpj7Nxz56Yz4Lw2SkiZCKn-6vT5Cd8sJJCJsbEB4lr7rcca9yVQf1O18qFN-2bQZ-bTCGwBMw1lzq8UHEJgP0OVOIN90O5cIgXOzHFPBQR7BaB96x-fZ8qxawW6FxsV1xD", "width": 2448 } ], "place_id": "ChIJnypVMFYzDogRA7szXZM5aHI", "rating": 2.1, "reference": "ChIJnypVMFYzDogRA7szXZM5aHI", "scope": "GOOGLE", "types": [ "health", "point_of_interest", "establishment" ], "user_ratings_total": 41.0, "vicinity": "3 Erie St, Oak Park", "category": "Primary Care Center – Private / Non-profit", "source": "Google Places", "raw_types_str": "health, point_of_interest, establishment" }, "geometry": { "type": "Point", "coordinates": [ -87.7769606, 41.8911101 ] } },
{ "type": "Feature", "properties": { "business_status": "OPERATIONAL", "icon": "https://maps.gstatic.com/mapfiles/place_api/icons/v1/png_71/generic_business-71.png", "icon_background_color": "#7B9EB0", "icon_mask_base_uri": "https://maps.gstatic.com/mapfiles/place_api/icons/v2/generic_pinlet", "international_phone_number": "+1 630-527-3645", "name": "Endeavor Health Immediate Care - Oak Park", "opening_hours": { "open_now": true }, "photos": [ { "height": 3024, "html_attributions": [ "<a href=\"https://maps.google.com/maps/contrib/108605208461226983886\">Endeavor Health Immediate Care - Oak Park</a>" ], "photo_reference": "AcnlKN0J0Fb-JcHmhd8nOT0eCorrlxQ6yxH1BcD8onE5KvIRb9AaL5S-ru_L9enZdTG0e2IHrysTiIJMIa1HEtKXL3M7CcO8gwCygVdBJDojKnMHU2hep3F2Cq_fxhO6BS0NBtZFtbKsErJk5mEtaP-Z_WftOOWSlg8PHMQRD2-ey9Hl9efSs7vKU_8Cww0iM3puT5dEVONT9L5p2AyuQAXf2HrYcw05baxp4zExmdVJKVmkNKw-nYB8U_KGnAXsz7TIGNVBkqLwxrW5bpS8KqNxyMjUd1KdzbQeA5toGXqb-bQTLLtgi0I", "width": 4032 } ], "place_id": "ChIJG9ApKMY0DogRQ5eI4AGC6-I", "rating": 3.5, "reference": "ChIJG9ApKMY0DogRQ5eI4AGC6-I", "scope": "GOOGLE", "types": [ "health", "point_of_interest", "establishment" ], "user_ratings_total": 124.0, "vicinity": "932 Lake St Ste 300, Oak Park", "category": "Urgent Care / Walk-in Clinic", "source": "Google Places", "raw_types_str": "health, point_of_interest, establishment" }, "geometry": { "type": "Point", "coordinates": [ -87.7993075, 41.8889185 ] } },
{ "type": "Feature", "properties": { "business_status": "OPERATIONAL", "icon": "https://maps.gstatic.com/mapfiles/place_api/icons/v1/png_71/generic_business-71.png", "icon_background_color": "#7B9EB0", "icon_mask_base_uri": "https://maps.gstatic.com/mapfiles/place_api/icons/v2/generic_pinlet", "international_phone_number": "+1 708-763-1490", "name": "West Suburban Family Practice", "opening_hours": { "open_now": true }, "photos": null, "place_id": "ChIJhbUyJlYzDogRPQSw6uV_TOc", "rating": 2.5, "reference": "ChIJhbUyJlYzDogRPQSw6uV_TOc", "scope": "GOOGLE", "types": [ "doctor", "health", "point_of_interest", "establishment" ], "user_ratings_total": 4.0, "vicinity": "1 Erie St # 6160, Oak Park", "category": "Primary Care Center – Private / Non-profit", "source": "Google Places", "raw_types_str": "doctor, health, point_of_interest, establishment" }, "geometry": { "type": "Point", "coordinates": [ -87.7761758, 41.8911825 ] } },
{ "type": "Feature", "properties": { "business_status": "OPERATIONAL", "icon": "https://maps.gstatic.com/mapfiles/place_api/icons/v1/png_71/generic_business-71.png", "icon_background_color": "#7B9EB0", "icon_mask_base_uri": "https://maps.gstatic.com/mapfiles/place_api/icons/v2/generic_pinlet", "international_phone_number": "+1 708-338-7400", "name": "Madden Mental Health Center", "opening_hours": { "open_now": true }, "photos": null, "place_id": "ChIJgxHzIBU1DogRslDSZSrqyG0", "rating": 1.9, "reference": "ChIJgxHzIBU1DogRslDSZSrqyG0", "scope": "GOOGLE", "types": [ "health", "point_of_interest", "establishment" ], "user_ratings_total": 90.0, "vicinity": "1200 S 1st Ave, Hines", "category": "Primary Care Center – Private / Non-profit", "source": "Google Places", "raw_types_str": "health, point_of_interest, establishment" }, "geometry": { "type": "Point", "coordinates": [ -87.8355264, 41.863287799999988 ] } },
{ "type": "Feature", "properties": { "business_status": "OPERATIONAL", "icon": "https://maps.gstatic.com/mapfiles/place_api/icons/v1/png_71/generic_business-71.png", "icon_background_color": "#7B9EB0", "icon_mask_base_uri": "https://maps.gstatic.com/mapfiles/place_api/icons/v2/generic_pinlet", "international_phone_number": "+1 888-584-7888", "name": "Loyola Medicine North Riverside", "opening_hours": { "open_now": false }, "photos": [ { "height": 417, "html_attributions": [ "<a href=\"https://maps.google.com/maps/contrib/114167615384451408682\">Loyola Medicine North Riverside</a>" ], "photo_reference": "AcnlKN3jDWcymAgXqOIHvbUH59Pfs7QMMyczw3J3LYH9UrcZ6s3jCRqevtYcvaZSe4M_VY-mJmztREQqH4axqrvN8Vz-AUJotRYuJxV4i0dK8cBNqP_ngOO2qHPhBX-anQXJRn87NyWASsy-JkLjtHAyLCG6Urj6zCJww58hJZO-aoGFPSe_dxITFCmeDj-eBd5ATnjdENU27WTGAGtonEEBwvc2uH95O5PvBdOd4vP3IKbL2WjXAfwr6LlU1YR1h8FE6B9aJ2GHCR6ZMZlt_Q9EK-czuPOipNcqOhIcCMaqc-lUwfLF5ZU", "width": 741 } ], "place_id": "ChIJv1ZpMFo0DogRxRaTr-t9XJY", "rating": 2.6, "reference": "ChIJv1ZpMFo0DogRxRaTr-t9XJY", "scope": "GOOGLE", "types": [ "doctor", "health", "point_of_interest", "establishment" ], "user_ratings_total": 58.0, "vicinity": "1950 S Harlem Ave, North Riverside", "category": "Primary Care Center – Private / Non-profit", "source": "Google Places", "raw_types_str": "doctor, health, point_of_interest, establishment" }, "geometry": { "type": "Point", "coordinates": [ -87.8051488, 41.8533782 ] } },
{ "type": "Feature", "properties": { "business_status": "OPERATIONAL", "icon": "https://maps.gstatic.com/mapfiles/place_api/icons/v1/png_71/generic_business-71.png", "icon_background_color": "#7B9EB0", "icon_mask_base_uri": "https://maps.gstatic.com/mapfiles/place_api/icons/v2/generic_pinlet", "international_phone_number": "+1 708-303-9234", "name": "JenCare Senior Medical Center", "opening_hours": { "open_now": false }, "photos": [ { "height": 3456, "html_attributions": [ "<a href=\"https://maps.google.com/maps/contrib/113436810685017811365\">JenCare Senior Medical Center</a>" ], "photo_reference": "AcnlKN3hqEtayxO98aYMH-DlD_t4uN-7PJSmoSsDGajrvv7Gz0H4TpLxOosWC7JDSDwCFDfG1lgseujLa-om_STRFgFTem9eFwx3LoMGzNul1smSd4KZQ5YCLn5uS_PlbVjk7n70j37mLyD58SoQP4K9i8C4DohNgB0NtF_4DYKJLwCeEZteMEpp0ZFWdeDN2cDln-F94VMFzc8C7PAS9Pyf88OUthZZ0e0J7DFVKs4Vbsq2aXwNvMBftOxgYKgJQzjB5Rz_l5Sm3OqFySKacWgVO5lgj4TXwS8MJTWjHCgE3RVQSt0-3o4", "width": 5184 } ], "place_id": "ChIJ5VpASno0DogRzvYFwny8t8U", "rating": 4.3, "reference": "ChIJ5VpASno0DogRzvYFwny8t8U", "scope": "GOOGLE", "types": [ "health", "point_of_interest", "establishment" ], "user_ratings_total": 98.0, "vicinity": "6326 Cermak Rd, Berwyn", "category": "Primary Care Center – Private / Non-profit", "source": "Google Places", "raw_types_str": "health, point_of_interest, establishment" }, "geometry": { "type": "Point", "coordinates": [ -87.7825942, 41.8509294 ] } },
{ "type": "Feature", "properties": { "business_status": "OPERATIONAL", "icon": "https://maps.gstatic.com/mapfiles/place_api/icons/v1/png_71/generic_business-71.png", "icon_background_color": "#7B9EB0", "icon_mask_base_uri": "https://maps.gstatic.com/mapfiles/place_api/icons/v2/generic_pinlet", "international_phone_number": "+1 773-916-3846", "name": "Oak Street Health Berwyn Primary Care Clinic", "opening_hours": { "open_now": false }, "photos": [ { "height": 720, "html_attributions": [ "<a href=\"https://maps.google.com/maps/contrib/111832398367977219466\">Oak Street Health Berwyn Primary Care Clinic</a>" ], "photo_reference": "AcnlKN0FUzHMi-qSIbz5htA3CpWpF70Ym7YrezXQFU5a4nanWRtU-RIGXewJSTvl72Z05vlpsjOjQEo0wqsE6j5BzvnSdn48LHANQ3KAAVsCNMMrN1h2A64znATaNgdfTB0EoM2tooPrqA-t5BKHCRs3qFNkSpiPTYjiRJr3WRyg1ZdXwAtwUpn2zeRq9gdikz-j0nnZjOHHJuGIm1V6CaYVzKXD35ZTZ1uKuaytU1jbTv_cXaAT6iDbA4rSwIUfpRIXp0OHyHIi7Zz72RnazPsAt8mTRosfQq7aOzMsxkxWW4QTFDmRjcE", "width": 1280 } ], "place_id": "ChIJdRQm4lw0DogRga363vZPLGI", "rating": 4.4, "reference": "ChIJdRQm4lw0DogRga363vZPLGI", "scope": "GOOGLE", "types": [ "health", "point_of_interest", "establishment" ], "user_ratings_total": 63.0, "vicinity": "7000 Cermak Rd, Berwyn", "category": "Primary Care Center – Private / Non-profit", "source": "Google Places", "raw_types_str": "health, point_of_interest, establishment" }, "geometry": { "type": "Point", "coordinates": [ -87.7987818, 41.850755 ] } },
{ "type": "Feature", "properties": { "business_status": "OPERATIONAL", "icon": "https://maps.gstatic.com/mapfiles/place_api/icons/v1/png_71/hospital-71.png", "icon_background_color": "#F88181", "icon_mask_base_uri": "https://maps.gstatic.com/mapfiles/place_api/icons/v2/hospital-H_pinlet", "international_phone_number": "+1 708-383-9300", "name": "Rush Oak Park Hospital", "opening_hours": { "open_now": true }, "photos": [ { "height": 1125, "html_attributions": [ "<a href=\"https://maps.google.com/maps/contrib/118374895989160320356\">Rush Oak Park Hospital</a>" ], "photo_reference": "AcnlKN23okA168bM9N2avd1kY8X3oocQjRMmL9IIqF_yVzbdXlJ5fw7QpHwd9jlvz1lVE9qumavTHssHxHNJStQTrHpR5bOb4MomxqVR9UU3fqr49XhpDs_fVgdMgOrcEFyKxKNvZVVaYB-UZWjHkn3O10fKlkNIiYg_MVtbDqpOAoM7EREyDeVccqQcljLiu_t71E7Rh7T594YsEHeBT0qnM82z4TYEeMVfG91BzqQnKzyjjaKCEPPSn1hjnwaoHXzM4IcbG6YmN22LEe6NBkYRh4Kb2ctixijnmpa7ru17s_QE9-r6GQw", "width": 2000 } ], "place_id": "ChIJB3Wt1Ok0DogRUkVrZ8TMFDU", "rating": 2.5, "reference": "ChIJB3Wt1Ok0DogRUkVrZ8TMFDU", "scope": "GOOGLE", "types": [ "hospital", "health", "point_of_interest", "establishment" ], "user_ratings_total": 401.0, "vicinity": "520 S Maple Ave, Oak Park", "category": "Hospital – Private / Non-profit", "source": "Google Places", "raw_types_str": "hospital, health, point_of_interest, establishment" }, "geometry": { "type": "Point", "coordinates": [ -87.803008, 41.8785243 ] } },
{ "type": "Feature", "properties": { "business_status": "OPERATIONAL", "icon": "https://maps.gstatic.com/mapfiles/place_api/icons/v1/png_71/generic_business-71.png", "icon_background_color": "#7B9EB0", "icon_mask_base_uri": "https://maps.gstatic.com/mapfiles/place_api/icons/v2/generic_pinlet", "international_phone_number": "+1 708-681-0073", "name": "Ascension Illinois - Center for Mental Health Melrose Park", "opening_hours": { "open_now": true }, "photos": null, "place_id": "ChIJ6_DzXFc1DogRJnNUAOrqYfw", "rating": 2.7, "reference": "ChIJ6_DzXFc1DogRJnNUAOrqYfw", "scope": "GOOGLE", "types": [ "health", "point_of_interest", "establishment" ], "user_ratings_total": 15.0, "vicinity": "1414 Main St, Melrose Park", "category": "Primary Care Center – Private / Non-profit", "source": "Google Places", "raw_types_str": "health, point_of_interest, establishment" }, "geometry": { "type": "Point", "coordinates": [ -87.8510784, 41.8901733 ] } },
{ "type": "Feature", "properties": { "business_status": "OPERATIONAL", "icon": "https://maps.gstatic.com/mapfiles/place_api/icons/v1/png_71/generic_business-71.png", "icon_background_color": "#7B9EB0", "icon_mask_base_uri": "https://maps.gstatic.com/mapfiles/place_api/icons/v2/generic_pinlet", "international_phone_number": "+1 847-616-2000", "name": "Bright Light Medical Imaging", "opening_hours": { "open_now": true }, "photos": [ { "height": 1227, "html_attributions": [ "<a href=\"https://maps.google.com/maps/contrib/103013727016913529275\">Bright Light Medical Imaging</a>" ], "photo_reference": "AcnlKN1V9UE58M4j3_Jzfc_Gqbyq8-4eL105dSDojjuF0W836IGr9wX7lMvbDvlnzwb4l53ba0TFQNRkaLCcLtLOBe3KmqYXUvqRiubIbiYX1MrA0SHcLE7926QDMH1-Vue8n-qixLcbdxyvOTSOC79s1a1r3YJP_U2dB9L8DtiMdOrZRL5Vd-uwTujwbEO_PhsliVjxDqdwZ7wcSuWyt0kJ8xhg2o5huNcbx9ynDeDcR3m__-54CBE_TT2Uj7woFbJ4bPUraZFgRLjjiosds1QCd6ZtwqftvZuSCJJcZRrDcMnry0Ytwjs", "width": 2899 } ], "place_id": "ChIJMT__R8jKD4gRnCvcmsFWIqc", "rating": 4.7, "reference": "ChIJMT__R8jKD4gRnCvcmsFWIqc", "scope": "GOOGLE", "types": [ "health", "point_of_interest", "establishment" ], "user_ratings_total": 1402.0, "vicinity": "8319 W North Ave, Melrose Park", "category": "Primary Care Center – Private / Non-profit", "source": "Google Places", "raw_types_str": "health, point_of_interest, establishment" }, "geometry": { "type": "Point", "coordinates": [ -87.8334051, 41.9069266 ] } },
{ "type": "Feature", "properties": { "business_status": "OPERATIONAL", "icon": "https://maps.gstatic.com/mapfiles/place_api/icons/v1/png_71/generic_business-71.png", "icon_background_color": "#7B9EB0", "icon_mask_base_uri": "https://maps.gstatic.com/mapfiles/place_api/icons/v2/generic_pinlet", "international_phone_number": "+1 708-343-6450", "name": "Ten-O-One Medical Center", "opening_hours": { "open_now": false }, "photos": null, "place_id": "ChIJ7UxxjWA1DogR7Bc-3W77Z2Q", "rating": 4.6, "reference": "ChIJ7UxxjWA1DogR7Bc-3W77Z2Q", "scope": "GOOGLE", "types": [ "doctor", "dentist", "pharmacy", "health", "store", "point_of_interest", "establishment" ], "user_ratings_total": 31.0, "vicinity": "1516 Madison St, Maywood", "category": "Primary Care Center – Private / Non-profit", "source": "Google Places", "raw_types_str": "doctor, dentist, pharmacy, health, store, point_of_interest, establishment" }, "geometry": { "type": "Point", "coordinates": [ -87.8522425, 41.8785818 ] } },
{ "type": "Feature", "properties": { "business_status": "OPERATIONAL", "icon": "https://maps.gstatic.com/mapfiles/place_api/icons/v1/png_71/hospital-71.png", "icon_background_color": "#F88181", "icon_mask_base_uri": "https://maps.gstatic.com/mapfiles/place_api/icons/v2/hospital-H_pinlet", "international_phone_number": "+1 888-584-7888", "name": "Oral Health Center", "opening_hours": null, "photos": [ { "height": 417, "html_attributions": [ "<a href=\"https://maps.google.com/maps/contrib/101283274861498880794\">Oral Health Center</a>" ], "photo_reference": "AcnlKN3Iaa76iWKGnw9GwJSUiLZQ2NpfsSLDiX_rDreidFRcDJ5fMQQXb3rRcgJIG4A9pd_-4_UtYbt7_p0wj1d_2PLDLNiE0lUviInOy_j1Nh1bnT1YwWVsNLPHpG5qYPqil31YJyIZqqzTTqipZH88F57s0z1aBo0Aorp4N2cz6SSqBJKUDhJU6eN07uOkwHxXAEbw-RT_OzSvAXL7gcO_eQQ-zUC6oS2hDWhdRLFshYcPhYXFg6yu74SgB0RnOD08ZlcI0QjzamWgo-Lt8Qq_1bfjtcoQWEbDTL0llrfknJ38Q_YkfpU", "width": 741 } ], "place_id": "ChIJg7zXYgs1DogRNCKrxAZmn9k", "rating": 2.9, "reference": "ChIJg7zXYgs1DogRNCKrxAZmn9k", "scope": "GOOGLE", "types": [ "hospital", "health", "point_of_interest", "establishment" ], "user_ratings_total": 19.0, "vicinity": "2160 S 1st Ave, Maywood", "category": "Primary Care Center – Private / Non-profit", "source": "Google Places", "raw_types_str": "hospital, health, point_of_interest, establishment" }, "geometry": { "type": "Point", "coordinates": [ -87.8340916, 41.8584662 ] } },
{ "type": "Feature", "properties": { "business_status": "OPERATIONAL", "icon": "https://maps.gstatic.com/mapfiles/place_api/icons/v1/png_71/generic_business-71.png", "icon_background_color": "#7B9EB0", "icon_mask_base_uri": "https://maps.gstatic.com/mapfiles/place_api/icons/v2/generic_pinlet", "international_phone_number": "+1 708-763-4728", "name": "West Suburban Center-Breast Care", "opening_hours": { "open_now": true }, "photos": [ { "height": 4000, "html_attributions": [ "<a href=\"https://maps.google.com/maps/contrib/103961582046355008539\">Mel</a>" ], "photo_reference": "AcnlKN2gyR7T0agpsMNHfA4xyf1DqEx-rokFB6ehREXTiJ-sUZbmr6tJleB-iGvyCHcO8hzxDt4Xlm6NkKaOMmhHjzuSnXgtZdw2mck8lD9Q8ffeuwi0PbWXDO6aFLC-Mu0dnNIQWMUbQR605prrb-gidtasyeWeeyuvM0B7ER4Scaw9sEajkKPrj00PgM9TUryzvxKVrTOqsPqZHJaHPGewnmPWK-TjxWK75kuaH3LmPPQJiGBp3Jr6QBRG_HjPfX1R-0QfBfyYcYjTrsLRyGmXNvadUfr9RGxurfVfEP6OCIAmqLcE_9YAp5wwDT2ocq6mKx7sC3Cs3oXvp9nqUnL1suvQ5UI4Sp4r-RWNzCdLU747Qt3ino_g0u-MNuQ14x6PTljfgaSx-ZW3D3Z7Yb683apbPjyvfE4OaU9Up9pMHchKaTFvF3ioQw-iRhQvFRAY4pAkgaY6Ox9_ixteW6v1tKryFMld_yLPOuC6oh50GAG1UyxXX6QiilijrcnDBb19s7TWx58O_mRDUQ200CkV8KrWl4NjKPykN1XvaU-UPPVLQ3Ihcj8bfSegVluRdNVt3MfhYZHu", "width": 1800 } ], "place_id": "ChIJ54WXPto0DogR1dCTgKebVM4", "rating": 4.0, "reference": "ChIJ54WXPto0DogR1dCTgKebVM4", "scope": "GOOGLE", "types": [ "health", "point_of_interest", "establishment" ], "user_ratings_total": 4.0, "vicinity": "420 William St #100, River Forest", "category": "Primary Care Center – Private / Non-profit", "source": "Google Places", "raw_types_str": "health, point_of_interest, establishment" }, "geometry": { "type": "Point", "coordinates": [ -87.8099623, 41.8875149 ] } },
{ "type": "Feature", "properties": { "business_status": "OPERATIONAL", "icon": "https://maps.gstatic.com/mapfiles/place_api/icons/v1/png_71/generic_business-71.png", "icon_background_color": "#7B9EB0", "icon_mask_base_uri": "https://maps.gstatic.com/mapfiles/place_api/icons/v2/generic_pinlet", "international_phone_number": "+1 312-864-0200", "name": "Cook County Health Morton East Adolescent Health Center", "opening_hours": { "open_now": false }, "photos": [ { "height": 1079, "html_attributions": [ "<a href=\"https://maps.google.com/maps/contrib/105319572827074469121\">Cook County Health Morton East Adolescent Health Center</a>" ], "photo_reference": "AcnlKN2m1cgM3dqKNrcafbwhesyrC7gP6Tte8panAwRRCur29dxEHFzSmcLfdHWmBL9rVSCobNDBf8lzqsn501fpyj5aN1NQ1yIPWOgsWw-6GeFojc1_AEEim-Jl_LuK1Eylygk2CgVpMysYLCDiPeaZhn1kAlXyk_SKbFCXP6SDG-MK7qBi7HwVbRtdcOyUUgKgwL37ewCGp6-DRQU6L-EixbvUnsoQ1lCJqHrjZzViiNb7W5E_sNLfZm6Vf7cgbsHZHSn-Y3vBVpOJCGGsCbeNAozOKKSVH5vrR2bDowKU62PMdvFj", "width": 1920 } ], "place_id": "ChIJdyFz9IgzDogRe5A-RHWUS80", "rating": 3.7, "reference": "ChIJdyFz9IgzDogRe5A-RHWUS80", "scope": "GOOGLE", "types": [ "health", "point_of_interest", "establishment" ], "user_ratings_total": 7.0, "vicinity": "2423 S Austin Blvd, Cicero", "category": "Primary Care Center – Private / Non-profit", "source": "Google Places", "raw_types_str": "health, point_of_interest, establishment" }, "geometry": { "type": "Point", "coordinates": [ -87.7732702, 41.846466 ] } },
{ "type": "Feature", "properties": { "business_status": "OPERATIONAL", "icon": "https://maps.gstatic.com/mapfiles/place_api/icons/v1/png_71/hospital-71.png", "icon_background_color": "#F88181", "icon_mask_base_uri": "https://maps.gstatic.com/mapfiles/place_api/icons/v2/hospital-H_pinlet", "international_phone_number": "+1 708-488-2300", "name": "RIVER FOREST CAMPUS", "opening_hours": null, "photos": null, "place_id": "ChIJyYktINo0DogR8tc4kakWvBY", "rating": 3.8, "reference": "ChIJyYktINo0DogR8tc4kakWvBY", "scope": "GOOGLE", "types": [ "hospital", "health", "point_of_interest", "establishment" ], "user_ratings_total": 20.0, "vicinity": "420 William St, River Forest", "category": "Primary Care Center – Private / Non-profit", "source": "Google Places", "raw_types_str": "hospital, health, point_of_interest, establishment" }, "geometry": { "type": "Point", "coordinates": [ -87.8103332, 41.8880996 ] } },
{ "type": "Feature", "properties": { "business_status": "OPERATIONAL", "icon": "https://maps.gstatic.com/mapfiles/place_api/icons/v1/png_71/generic_business-71.png", "icon_background_color": "#7B9EB0", "icon_mask_base_uri": "https://maps.gstatic.com/mapfiles/place_api/icons/v2/generic_pinlet", "international_phone_number": "+1 708-795-5020", "name": "Pro Salud Medical Center", "opening_hours": { "open_now": false }, "photos": null, "place_id": "ChIJz_qegnk0DogRZyLfa52vDXA", "rating": 3.3, "reference": "ChIJz_qegnk0DogRZyLfa52vDXA", "scope": "GOOGLE", "types": [ "doctor", "health", "point_of_interest", "establishment" ], "user_ratings_total": 4.0, "vicinity": "6238 Cermak Rd, Berwyn", "category": "Primary Care Center – Private / Non-profit", "source": "Google Places", "raw_types_str": "doctor, health, point_of_interest, establishment" }, "geometry": { "type": "Point", "coordinates": [ -87.7805314, 41.8509657 ] } },
{ "type": "Feature", "properties": { "business_status": "OPERATIONAL", "icon": "https://maps.gstatic.com/mapfiles/place_api/icons/v1/png_71/hospital-71.png", "icon_background_color": "#F88181", "icon_mask_base_uri": "https://maps.gstatic.com/mapfiles/place_api/icons/v2/hospital-H_pinlet", "international_phone_number": "+1 312-864-0200", "name": "Cook County Health Austin Health Center", "opening_hours": { "open_now": false }, "photos": [ { "height": 653, "html_attributions": [ "<a href=\"https://maps.google.com/maps/contrib/109823546802907181689\">Raul Chavez</a>" ], "photo_reference": "AcnlKN2zYTER5Fo9OxOqk2jB_uaijcdm1bis3Kk4NCCthGSx-ZLA5aYhix83QKcBJic9UPmOHoJ_fZM9eyB2VXVdh-32Ag7Hpofl82LNukfeAbx18qgeLr8E4foCD9YqkJSLRddJ6R0xkdRuxBUqYXhMjGx4HrynMmvsFCcg-nz07EiLNMaKpVn3mOBdyala6yx9F6CNu3T7A7TjiqOvfZe_Np_p5kVbNI3FmSyU8OhSruHchigfUbEqJ8ImWxIYjWVvXwSjNyOYxv45ldJ0LazafcvnSaki7AxDAmYnKkbl8QpHzqmzT0FcpD8BCUlNg7YKsZG2-UqcY6Xtsyy1ehmZvDUpxV1r0iE6CXNGJC9eVTIhQSVKbEoWk5biiClNpiBJ_m4b5FMWRfWLWwhaMbqLI8PegJRf1SU9ooJFcXm0KYWMA5Lwd--XF3CkjZUL3ENHR496Tg_rM3NKZv7irIFP3MkZGifuRejlksbeLkkS3pMHc3wcAyvXB_DzAQykV3B-76zJRwO03IKjx-Pnpw14cC2H-Tw_l0z_2vj5DHnCZsQ4vfTGnKgJTbc3M9sunJ3gMSYUGhcBFXHAIw", "width": 980 } ], "place_id": "ChIJe_2Edy0zDogROHHp8TeTYLA", "rating": 3.2, "reference": "ChIJe_2Edy0zDogROHHp8TeTYLA", "scope": "GOOGLE", "types": [ "hospital", "health", "point_of_interest", "establishment" ], "user_ratings_total": 70.0, "vicinity": "4800 W Chicago Ave, Chicago", "category": "Primary Care Center – Private / Non-profit", "source": "Google Places", "raw_types_str": "hospital, health, point_of_interest, establishment" }, "geometry": { "type": "Point", "coordinates": [ -87.7462043, 41.89532 ] } },
{ "type": "Feature", "properties": { "business_status": "OPERATIONAL", "icon": "https://maps.gstatic.com/mapfiles/place_api/icons/v1/png_71/generic_business-71.png", "icon_background_color": "#7B9EB0", "icon_mask_base_uri": "https://maps.gstatic.com/mapfiles/place_api/icons/v2/generic_pinlet", "international_phone_number": "+1 773-378-3347", "name": "PCC Austin Family Health Center", "opening_hours": { "open_now": true }, "photos": [ { "height": 1200, "html_attributions": [ "<a href=\"https://maps.google.com/maps/contrib/117743723260743116132\">PCC Austin Family Health Center</a>" ], "photo_reference": "AcnlKN0dq0BcRMFGYNe9pQ9QXiUIwZiP_Fpfb_rEmoxx-XCMu6oZs7alRKErk99VdhJWZNM6w1_fajCplTaB8DVaF3JPuhOVbWuNVRamGUA5JG7du28u9BGu5I5ITKEVz5AfBKEMUJjOv30IASeL5j3GiGWN0Gw0mqEvsKkfYB2kVSwZUm9AFqpC1br8MfIQKQme2x2tcjzG-4ZweWs1By8T7nAdLBODMgrRJTVpniTyeXW3Gs5stwL9FqEvQ3nGpEbU96zaXbGbNP5xIdR8JJPzAB0e_AsbiIEtWuRWUnmpIIXRdUjFwvA", "width": 1600 } ], "place_id": "ChIJdazHC0YzDogRwnbBKFrvBCg", "rating": 2.7, "reference": "ChIJdazHC0YzDogRwnbBKFrvBCg", "scope": "GOOGLE", "types": [ "health", "point_of_interest", "establishment" ], "user_ratings_total": 97.0, "vicinity": "5461 W Lake St, Chicago", "category": "Primary Care Center – Private / Non-profit", "source": "Google Places", "raw_types_str": "health, point_of_interest, establishment" }, "geometry": { "type": "Point", "coordinates": [ -87.7623678, 41.8873317 ] } },
{ "type": "Feature", "properties": { "business_status": "OPERATIONAL", "icon": "https://maps.gstatic.com/mapfiles/place_api/icons/v1/png_71/generic_business-71.png", "icon_background_color": "#7B9EB0", "icon_mask_base_uri": "https://maps.gstatic.com/mapfiles/place_api/icons/v2/generic_pinlet", "international_phone_number": null, "name": "Family Medical Center", "opening_hours": { "open_now": false }, "photos": null, "place_id": "ChIJMR3HO-8yDogRTxUHdRekHKk", "rating": 3.0, "reference": "ChIJMR3HO-8yDogRTxUHdRekHKk", "scope": "GOOGLE", "types": [ "health", "point_of_interest", "establishment" ], "user_ratings_total": 10.0, "vicinity": "732 S Pulaski Rd, Chicago", "category": "Primary Care Center – Private / Non-profit", "source": "Google Places", "raw_types_str": "health, point_of_interest, establishment" }, "geometry": { "type": "Point", "coordinates": [ -87.7255222, 41.871569 ] } },
{ "type": "Feature", "properties": { "business_status": "OPERATIONAL", "icon": "https://maps.gstatic.com/mapfiles/place_api/icons/v1/png_71/hospital-71.png", "icon_background_color": "#F88181", "icon_mask_base_uri": "https://maps.gstatic.com/mapfiles/place_api/icons/v2/hospital-H_pinlet", "international_phone_number": "+1 872-588-3510", "name": "Lawndale Christian Health Center Homan Square", "opening_hours": { "open_now": false }, "photos": [ { "height": 2576, "html_attributions": [ "<a href=\"https://maps.google.com/maps/contrib/108548600666199424508\">Dr. Larry Frisby</a>" ], "photo_reference": "AcnlKN1OStTgzPh7eaqpoxjB646jIHTYBklKsUns62dcE73PUcFLNAayUpNrNmqk7-ca1e6cLntBKaLb2vmi-nCtiwvIODrehVUNgVI0TUxcVOU8FGIvqUyuFYYJqBFP8eI-E2uFcRS4WtL2niiWYxuWfz0toNfVX_tlx_kc5Oc7KUUMSX2VCfmVJRbw-Relp_VwEMT_qW3jhdMc4kErvfecQQwxma2F0oXtqT_PU1R96NsLg3H8JiovFFoQu5hGpPOjuLeP0qUee5wQUYpAZ-fKH8SsegmawDLHriAM7rAo1Qyf1uVzLJDvasLuK3hBvNoebyo7JAkfcUl9faQ6P1NcEDAvs9o2v5k3vPzNn81bXURohsaH0Q0cVqEYX9-4cbmRdlKszFO-JcsJ5qU2jEyBDQUwvMEOb3W59n_NbPUI6-22GZ4Kx-oyjzVz804aGBlk9MmUFx50mVniYqjl3kXpIWlcG_rofyCfPek0QB8--Hq6yxlb0PhIUdtMFjldXZXkWEwbmp6Wj9Qg_rT760mriO3j8j-wyKi7AgWYLOyHX3nDGk4g56qQK-EWqVPDSVaCoAbZDX9u", "width": 1932 } ], "place_id": "ChIJybF6NpIyDogR0hm5VSfOMtc", "rating": 3.7, "reference": "ChIJybF6NpIyDogR0hm5VSfOMtc", "scope": "GOOGLE", "types": [ "hospital", "health", "point_of_interest", "establishment" ], "user_ratings_total": 60.0, "vicinity": "3517 W Arthington St, Chicago", "category": "Primary Care Center – Private / Non-profit", "source": "Google Places", "raw_types_str": "hospital, health, point_of_interest, establishment" }, "geometry": { "type": "Point", "coordinates": [ -87.713764, 41.8694047 ] } },
{ "type": "Feature", "properties": { "business_status": "OPERATIONAL", "icon": "https://maps.gstatic.com/mapfiles/place_api/icons/v1/png_71/hospital-71.png", "icon_background_color": "#F88181", "icon_mask_base_uri": "https://maps.gstatic.com/mapfiles/place_api/icons/v2/hospital-H_pinlet", "international_phone_number": "+1 773-533-1417", "name": "Lawndale Medical Center", "opening_hours": { "open_now": false }, "photos": [ { "height": 1080, "html_attributions": [ "<a href=\"https://maps.google.com/maps/contrib/101840519889449049182\">LAWNDALE MEDICAL CENTER</a>" ], "photo_reference": "AcnlKN1a1raWgQo8G9R0K3XtjCJ1Bglnizo7gWbNGnjatkGgiebt5ot3F_5SE7RKoF3t2wxeKFQpfE08jfD7nEFJo-Ik4fpqgGB51LuHAYLb5KvOK4-TQcoQAgCRXM_L_opNfSfuXLZYt9hnhbpND3Ov9P49Fip-Fhda4rAeTgM6nqT-cvw3R5QJms6hvbB-ed1Xx7A_CrnpWQ1F9Vb7OIXKdzkYo_01RuuUK6gILodLhEHrPI0AxLe69hW4CFmRgiUJ1SiQMeBiUKG0aE6g2Mq6AIDZ-4wkyVMXVG1Nvoo4XQ2OThf1uxM", "width": 1920 } ], "place_id": "ChIJZ68Vb40yDogRr39_Ga8SmTc", "rating": 2.0, "reference": "ChIJZ68Vb40yDogRr39_Ga8SmTc", "scope": "GOOGLE", "types": [ "hospital", "health", "point_of_interest", "establishment" ], "user_ratings_total": 7.0, "vicinity": "3600 W Roosevelt Rd, Chicago", "category": "Primary Care Center – Private / Non-profit", "source": "Google Places", "raw_types_str": "hospital, health, point_of_interest, establishment" }, "geometry": { "type": "Point", "coordinates": [ -87.715654, 41.8665291 ] } },
{ "type": "Feature", "properties": { "business_status": "OPERATIONAL", "icon": "https://maps.gstatic.com/mapfiles/place_api/icons/v1/png_71/hospital-71.png", "icon_background_color": "#F88181", "icon_mask_base_uri": "https://maps.gstatic.com/mapfiles/place_api/icons/v2/hospital-H_pinlet", "international_phone_number": "+1 773-379-2304", "name": "Madison Parkside Medical Center", "opening_hours": null, "photos": null, "place_id": "ChIJizayLl0zDogR_gePDHRexcw", "rating": 5.0, "reference": "ChIJizayLl0zDogR_gePDHRexcw", "scope": "GOOGLE", "types": [ "hospital", "health", "point_of_interest", "establishment" ], "user_ratings_total": 1.0, "vicinity": "5650 W Madison St, Chicago", "category": "Primary Care Center – Private / Non-profit", "source": "Google Places", "raw_types_str": "hospital, health, point_of_interest, establishment" }, "geometry": { "type": "Point", "coordinates": [ -87.766899, 41.8804875 ] } },
{ "type": "Feature", "properties": { "business_status": "OPERATIONAL", "icon": "https://maps.gstatic.com/mapfiles/place_api/icons/v1/png_71/generic_business-71.png", "icon_background_color": "#7B9EB0", "icon_mask_base_uri": "https://maps.gstatic.com/mapfiles/place_api/icons/v2/generic_pinlet", "international_phone_number": "+1 773-287-0751", "name": "GSK Medical Center", "opening_hours": { "open_now": false }, "photos": [ { "height": 588, "html_attributions": [ "<a href=\"https://maps.google.com/maps/contrib/105341875185720454200\">GSK Medical Center</a>" ], "photo_reference": "AcnlKN3-KaT9b2PdS63hN7-W1t3WXi-XbgQKGFdj_mHmSk1s8inuvh9TExZ3O-IIbmchkGzQf1pJU3cN2SwvAR_Jt5jH5d6FtELhmtb6JJ1u2JxCgLgEq1EtWs-TrwTS8r1ct4GrPIEZZ9K4Cbjq0ZgH96HOdJCizDnr5dBJiQJBPaOdhON77q4zMeFYU79iDKQsVxp1scprEB3Kw_hFbMjazN5f51hHG48LVCvJ2BwUsBs-Gm4Ep9FczCpO__27wThZQz7m97a-TWKMkDlX3EK4YBfBibSmzbNDaFYSI4X1f9hYQCBQrOg", "width": 882 } ], "place_id": "ChIJY-pTrzUzDogRKjaYl0IZ-Oc", "rating": 4.6, "reference": "ChIJY-pTrzUzDogRKjaYl0IZ-Oc", "scope": "GOOGLE", "types": [ "health", "point_of_interest", "establishment" ], "user_ratings_total": 10.0, "vicinity": "5140 W Chicago Ave, Chicago", "category": "Primary Care Center – Private / Non-profit", "source": "Google Places", "raw_types_str": "health, point_of_interest, establishment" }, "geometry": { "type": "Point", "coordinates": [ -87.7548618, 41.8950853 ] } },
{ "type": "Feature", "properties": { "business_status": "OPERATIONAL", "icon": "https://maps.gstatic.com/mapfiles/place_api/icons/v1/png_71/generic_business-71.png", "icon_background_color": "#7B9EB0", "icon_mask_base_uri": "https://maps.gstatic.com/mapfiles/place_api/icons/v2/generic_pinlet", "international_phone_number": "+1 773-940-1648", "name": "Madison Medical Center", "opening_hours": { "open_now": false }, "photos": null, "place_id": "ChIJTZtBOLszDogRor23Zrrgoes", "rating": 5.0, "reference": "ChIJTZtBOLszDogRor23Zrrgoes", "scope": "GOOGLE", "types": [ "health", "point_of_interest", "establishment" ], "user_ratings_total": 1.0, "vicinity": "3900 W Madison St Suite 13, Chicago", "category": "Primary Care Center – Private / Non-profit", "source": "Google Places", "raw_types_str": "health, point_of_interest, establishment" }, "geometry": { "type": "Point", "coordinates": [ -87.7235391, 41.8810641 ] } },
{ "type": "Feature", "properties": { "business_status": "OPERATIONAL", "icon": "https://maps.gstatic.com/mapfiles/place_api/icons/v1/png_71/generic_business-71.png", "icon_background_color": "#7B9EB0", "icon_mask_base_uri": "https://maps.gstatic.com/mapfiles/place_api/icons/v2/generic_pinlet", "international_phone_number": "+1 312-666-3494", "name": "Erie Westside Health Center", "opening_hours": { "open_now": false }, "photos": [ { "height": 1816, "html_attributions": [ "<a href=\"https://maps.google.com/maps/contrib/104030503271325588373\">Eric Moore</a>" ], "photo_reference": "AcnlKN0I7vZLLZ9AaUSH9m_dVaP24SgUS3T2rSHWmEr1gMYvVqqLoMRfFtK1CHM36a6cwe_hKUruqdNvqugkq0SGijkPxkPVpFcZnkzmhk6xf5VYzRzVLUAdcCiBKbEFbQCFn5Yl0vAMZNqxqvpDcs0YuQqtLPOjgCiEO3vN2py0olYalWy8xLlp-7TqscPcu4TPUmOUkW7UBfveZl_p6K-Sly9xvNa1CX7qgKHmaWWzeezkU4ELnO0Prmj8-H0GkgME95xvQATo0Wl7kVUN321mQdVBP5S69VDRIqwZjg3g59CoJ28iUywZ3V_DmWmeu_Y5DCIvkYdf0tbunw88DUSXZMxT1fj7RnFx_fACCUoao4DnhodatNOF0F9crgOBypWScUPLNYQLnpaExwQWOxnYMFF_qGFi-F65LMZcepgV4UMiy3Z8NN3WZ5eCOw6qs7dJInSqwPleg5qmCXYcfMXAEA-fiqbX3PmTB6iJqYNGFV3238ZNjLNjqP_vEOUwYFfCITBQSdYF0rUe4_TTXJCCjxnLtAUoIsbbBbJTWit-jR9OQ_4gO5EAxh8fzhQ9vBc9yjIAGc5689kHLw", "width": 4032 } ], "place_id": "ChIJnSAfI8oyDogRAl4IZv1_P9M", "rating": 3.8, "reference": "ChIJnSAfI8oyDogRAl4IZv1_P9M", "scope": "GOOGLE", "types": [ "health", "point_of_interest", "establishment" ], "user_ratings_total": 6.0, "vicinity": "646 N Lawndale Ave, Chicago", "category": "Primary Care Center – Private / Non-profit", "source": "Google Places", "raw_types_str": "health, point_of_interest, establishment" }, "geometry": { "type": "Point", "coordinates": [ -87.7196173, 41.893223 ] } },
{ "type": "Feature", "properties": { "business_status": "OPERATIONAL", "icon": "https://maps.gstatic.com/mapfiles/place_api/icons/v1/png_71/generic_business-71.png", "icon_background_color": "#7B9EB0", "icon_mask_base_uri": "https://maps.gstatic.com/mapfiles/place_api/icons/v2/generic_pinlet", "international_phone_number": "+1 773-826-6600", "name": "ACCESS Madison Family Health Center", "opening_hours": { "open_now": false }, "photos": [ { "height": 696, "html_attributions": [ "<a href=\"https://maps.google.com/maps/contrib/116270961913655349414\">Access Madison Family Health Center</a>" ], "photo_reference": "AcnlKN1G5SQsGOIghPVBaVTkVJEfAitl5EQpinGV8AEpwYwswpMRqWsGaTLu0I0XUaDbAjPxJnbbzkv-Z2JGH3VlcHvrSkrka5hQ9cqRAPKe8aJPQ7gyqyLkwf5jk-wpv4jLP123cM4UcFOkRCtCouQ5VcKzPcdLwRZF9iRiatA4pmh-Hn38CEI9JhGAkLRtBHYZwS1eiheEhan_UJTJzre17iBJtdgRbMU1eg-DfWB2dqvDZThUsvrsZ9Y6O2rcR0cEMT_Y0vNBY4bKmPvdFW92-KAb0QWdkBB3xBeKsT378NXLbxync20", "width": 820 } ], "place_id": "ChIJoRPIQcEyDogR19l_CIvGhMw", "rating": 3.5, "reference": "ChIJoRPIQcEyDogR19l_CIvGhMw", "scope": "GOOGLE", "types": [ "doctor", "health", "point_of_interest", "establishment" ], "user_ratings_total": 26.0, "vicinity": "3800 W Madison St, Chicago", "category": "Primary Care Center – Private / Non-profit", "source": "Google Places", "raw_types_str": "doctor, health, point_of_interest, establishment" }, "geometry": { "type": "Point", "coordinates": [ -87.7210483, 41.8809864 ] } },
{ "type": "Feature", "properties": { "business_status": "OPERATIONAL", "icon": "https://maps.gstatic.com/mapfiles/place_api/icons/v1/png_71/generic_business-71.png", "icon_background_color": "#7B9EB0", "icon_mask_base_uri": "https://maps.gstatic.com/mapfiles/place_api/icons/v2/generic_pinlet", "international_phone_number": "+1 773-537-0020", "name": "PCC West Suburban Family Health Center", "opening_hours": { "open_now": false }, "photos": null, "place_id": "ChIJi6PVL1YzDogRlTN0MHUUsKA", "rating": 3.1, "reference": "ChIJi6PVL1YzDogRlTN0MHUUsKA", "scope": "GOOGLE", "types": [ "health", "point_of_interest", "establishment" ], "user_ratings_total": 12.0, "vicinity": "1 Erie St #7120, Oak Park", "category": "Primary Care Center – Private / Non-profit", "source": "Google Places", "raw_types_str": "health, point_of_interest, establishment" }, "geometry": { "type": "Point", "coordinates": [ -87.775947, 41.8913518 ] } },
{ "type": "Feature", "properties": { "business_status": "OPERATIONAL", "icon": "https://maps.gstatic.com/mapfiles/place_api/icons/v1/png_71/hospital-71.png", "icon_background_color": "#F88181", "icon_mask_base_uri": "https://maps.gstatic.com/mapfiles/place_api/icons/v2/hospital-H_pinlet", "international_phone_number": "+1 312-942-5000", "name": "Rush University Medical Center", "opening_hours": { "open_now": true }, "photos": [ { "height": 3024, "html_attributions": [ "<a href=\"https://maps.google.com/maps/contrib/109010098494647589986\">Kendall H</a>" ], "photo_reference": "AcnlKN2xAHQTbOUGrXB5gh4a64DdVxiiBPyIijatZgGI735bzAdqFQ1oJM-8JtMmupX72Q36SQesy4XDGcSvkg5oFf9CDr66M49CrNZXnciIo-NFTC8rceQ3qp07xZzQIyB9FAWgai6RpHm7eCSdSxDK3tYvO0H90S0uWNdosdOmRqERCzlXc-wqGjV7uAWxsxjKfwTN7Aovp8dxb4v4aevPpfJGtIRQHazsQdmKxsw7SzVkOT0NaHRfe73V2WGsx25KVi-sumMJD_uFEuJaRjqE5HWgaci-OoDQaQ7q1P2WfrVKIGyZA_PNkSp56y_Q_JMyRsFJPvOqY8qxffkTrtu9vUVkvAif-hy8rfAqEUhtX73njc5dKNDlqbK1nCqsdgEp9-S3hZbCFA5yw6i_AN8jGvqC72M-Lz67gH78v1G93gWro-nTrDLRd_ET9R6vZLA0Iz9U0tzBlUOJoUvzFqVtIESLfEqlm3XXc-3gjoV-f9fbHWYqHMfI8gxSZ1zkJTAOvlWhsdSN_wz_SZhQZGKHZxIFQN_1ph2_gZQ7bLd1UEVakZAA2QesHVxL0xUq-2Fr1QdogxEyw_CUnw", "width": 4032 } ], "place_id": "ChIJ7WVzcxctDogRq1Sz3zzFoUY", "rating": 3.4, "reference": "ChIJ7WVzcxctDogRq1Sz3zzFoUY", "scope": "GOOGLE", "types": [ "hospital", "health", "point_of_interest", "establishment" ], "user_ratings_total": 1147.0, "vicinity": "1620 W Harrison St, Chicago", "category": "Primary Care Center – Private / Non-profit", "source": "Google Places", "raw_types_str": "hospital, health, point_of_interest, establishment" }, "geometry": { "type": "Point", "coordinates": [ -87.668836, 41.8745746 ] } },
{ "type": "Feature", "properties": { "business_status": "OPERATIONAL", "icon": "https://maps.gstatic.com/mapfiles/place_api/icons/v1/png_71/generic_business-71.png", "icon_background_color": "#7B9EB0", "icon_mask_base_uri": "https://maps.gstatic.com/mapfiles/place_api/icons/v2/generic_pinlet", "international_phone_number": "+1 773-342-1090", "name": "Health Direction Medical Center", "opening_hours": { "open_now": false }, "photos": [ { "height": 3024, "html_attributions": [ "<a href=\"https://maps.google.com/maps/contrib/101983584692105709533\">Health Direction Medical Center</a>" ], "photo_reference": "AcnlKN0JGR-BAA53C_XHHoZldcG2VMNrDEGEWaKI_pUTp8RlsydFm5AFyfBHC059_YXd1N1kbdPyJKO1lc02_l4VRaY3p4Nj6V7JzZmSjyxFytUbj723fgyrEPdS8cCkQ6VciuunRuqD7M_ubdnF7b556fo3RM9F0qS5ARdc1LqoSR1x-jC9Pe910fA-UwL31aFWq6dhn1y4aHjQXMW3krcM4V2TDvunLJh9Hl4juQwHAUR-kzyd-007ZZyC1Cfr10f0n-M3A9LXOM2vcwng_u_Nv-rIwRKlcB-JK-ImqqazFxeynEc0VYM", "width": 4032 } ], "place_id": "ChIJCYqefHjTD4gROuc6FDJMOPw", "rating": 4.2, "reference": "ChIJCYqefHjTD4gROuc6FDJMOPw", "scope": "GOOGLE", "types": [ "health", "point_of_interest", "establishment" ], "user_ratings_total": 63.0, "vicinity": "1656 W Chicago Ave, Chicago", "category": "Primary Care Center – Private / Non-profit", "source": "Google Places", "raw_types_str": "health, point_of_interest, establishment" }, "geometry": { "type": "Point", "coordinates": [ -87.6694766, 41.896277 ] } },
{ "type": "Feature", "properties": { "business_status": "OPERATIONAL", "icon": "https://maps.gstatic.com/mapfiles/place_api/icons/v1/png_71/generic_business-71.png", "icon_background_color": "#7B9EB0", "icon_mask_base_uri": "https://maps.gstatic.com/mapfiles/place_api/icons/v2/generic_pinlet", "international_phone_number": "+1 312-947-0100", "name": "Rush University Medical Center Emergency Department", "opening_hours": { "open_now": true }, "photos": [ { "height": 1800, "html_attributions": [ "<a href=\"https://maps.google.com/maps/contrib/114854096510352363607\">Alex Hansum</a>" ], "photo_reference": "AcnlKN350MfpQPrnO4-TVG4fS-9I538D3Pfp5cGVaB5ypT8s4jXI_4cerIx88iqkz9pme2wJC2ZUut1ZGtuLf3A5r9jvyaWURrH5PFKJ0bTPfRNuyI7MCGnZGNngk5XAohyUe6PUj1fpXt2MIRc4Txirx1FTBTSkijO4-Q7CCfnqTtD_txCy1aXfDW_l2ImR2m42McnJtGfVcWPXvjweuYOgi529dHwrKZHvYTm8I6WThYpu8WWyNbdZawsM1vYNPlXwihwmFKq6k4Wj_7bCsUG_aykyt4H9BVIlGmb2v76KwvRhpShqB-yit6mfaUIaC80R-Bf6nUJ9w5CFc_M3nZ5wLx6CzjAc6Bg1m5OKj1QDNS5re2eybZOIxEKzi8DzDfXuIkthctcKUDgvXWvuXSvro7Ee0Ecs19qN1W334Roi6Y1OLeFPd9JC78MnHRS2YRLOJESzWDCURYWo2h0YyTnEr2HE8d6MumLduGZ4gqug9vTYevt5_CYA3JA51zy02Mkbm_POjh4zZKU-VHO8U6SOrR-EmT8gAnr3iBts0tMeuWOBtkLYAZnz8oQt3AFK2rjDjNVfbdaCSE1CBg", "width": 4000 } ], "place_id": "ChIJYaJbSxYtDogR7LW_LmwbSms", "rating": 2.0, "reference": "ChIJYaJbSxYtDogR7LW_LmwbSms", "scope": "GOOGLE", "types": [ "health", "point_of_interest", "establishment" ], "user_ratings_total": 278.0, "vicinity": "1653 W Congress Pkwy, Chicago", "category": "Primary Care Center – Private / Non-profit", "source": "Google Places", "raw_types_str": "health, point_of_interest, establishment" }, "geometry": { "type": "Point", "coordinates": [ -87.6680368, 41.8750993 ] } },
{ "type": "Feature", "properties": { "business_status": "OPERATIONAL", "icon": "https://maps.gstatic.com/mapfiles/place_api/icons/v1/png_71/civic_building-71.png", "icon_background_color": "#7B9EB0", "icon_mask_base_uri": "https://maps.gstatic.com/mapfiles/place_api/icons/v2/civic-bldg_pinlet", "international_phone_number": "+1 312-569-8387", "name": "Jesse Brown VA Medical Center", "opening_hours": { "open_now": true }, "photos": [ { "height": 4032, "html_attributions": [ "<a href=\"https://maps.google.com/maps/contrib/108840915735686260771\">MJ Kim</a>" ], "photo_reference": "AcnlKN3zL1x0kMX7qvmAAiwtWjGqWsjANCNPVWJKK1cF9SlcE3xMFqzI-DjJeKQclJBDpbHyXau9CqgCezX_BG5Xx6RxB2j3xaFm1nN3V6ZUtryPj4Nhi0RMVqhp4-rdU-KelbcgW70IcWoLyHBc8uChjsEOs38aAEdgxi3JWhjlzkNbCMg0cueiOH4VkAIcJ3brZXeZZCYIh3HdFh2lSFmqAcQ66TbselpSIe8KaPeqisbsieaGC5Ny4fNzbQebdaeuXZFSzYp4D5Yy3SzzmYsMDRx3CSL_TWnbZ1QaTPfgccTCfis23J656LLX2CWZ4ShLeKiX1-YanDXpk_BiupggNQRPsOeeYQiyj5HPYIW7Ut7zrBG3nDgIysNp6NFqEK1TmDF5B64ldQejYEBH7I7gr9JQOAMJwonnKt0De-6VIZnNRtwpUdwf0FpqELrRdnKd8KJXxCCaifPKFQDMd1wgFrxSDKNZJTV84Sl2QwIZVujlu690DuEZSkxhWdieRIzlDzrSZalrzjGh5E9YTydgFSa8dg6dsaDEMOOyWInxcu1zWkDqUqx4yUu-EPdIjwLVILfKwnU9lxGn3g", "width": 3024 } ], "place_id": "ChIJBSLP3WwtDogRwLHZUxAWtXA", "rating": 3.9, "reference": "ChIJBSLP3WwtDogRwLHZUxAWtXA", "scope": "GOOGLE", "types": [ "hospital", "health", "point_of_interest", "establishment" ], "user_ratings_total": 437.0, "vicinity": "820 S Damen Ave, Chicago", "category": "Primary Care Center – Private / Non-profit", "source": "Google Places", "raw_types_str": "hospital, health, point_of_interest, establishment" }, "geometry": { "type": "Point", "coordinates": [ -87.6774996, 41.8705356 ] } },
{ "type": "Feature", "properties": { "business_status": "OPERATIONAL", "icon": "https://maps.gstatic.com/mapfiles/place_api/icons/v1/png_71/generic_business-71.png", "icon_background_color": "#7B9EB0", "icon_mask_base_uri": "https://maps.gstatic.com/mapfiles/place_api/icons/v2/generic_pinlet", "international_phone_number": "+1 312-996-2000", "name": "Mile Square Health Center", "opening_hours": { "open_now": false }, "photos": [ { "height": 725, "html_attributions": [ "<a href=\"https://maps.google.com/maps/contrib/107465533478004547109\">Mile Square Health Center</a>" ], "photo_reference": "AcnlKN1NJJG-SLb5J5gFE7M9zQp2ljwrdQlsLvrIPZ3TGcrc210rivp8pw-gR8HAUOV2jHZd-XoHpc0TlnkYIGtjNTIMWFtojPDy3cX-l7ugnybcjbeD5aBg0whqnTN-TI0O7MflatFPhjvFdtARbDGAIePBygFMqEN0ZKlRUc0lFrgwebqnYH4hh_RPnH1ZdJuACYPd77Jv05Je16BIYQCabqWYeRmGOp1ZEysqYki-3oU_qQUSLuhOvEbkh4wMsFiKqC8jc97AyZRE5fm6_NmjIfCaacU2cp0xayJOxw6MDDNGfckdGsY", "width": 900 } ], "place_id": "ChIJEXVKZEctDogRtAot83bvhYQ", "rating": 3.3, "reference": "ChIJEXVKZEctDogRtAot83bvhYQ", "scope": "GOOGLE", "types": [ "doctor", "health", "point_of_interest", "establishment" ], "user_ratings_total": 92.0, "vicinity": "1220 S Wood St, Chicago", "category": "Primary Care Center – Private / Non-profit", "source": "Google Places", "raw_types_str": "doctor, health, point_of_interest, establishment" }, "geometry": { "type": "Point", "coordinates": [ -87.6720537, 41.8663797 ] } },
{ "type": "Feature", "properties": { "business_status": "OPERATIONAL", "icon": "https://maps.gstatic.com/mapfiles/place_api/icons/v1/png_71/hospital-71.png", "icon_background_color": "#F88181", "icon_mask_base_uri": "https://maps.gstatic.com/mapfiles/place_api/icons/v2/hospital-H_pinlet", "international_phone_number": "+1 312-770-2000", "name": "Saint Mary of Nazareth Hospital", "opening_hours": { "open_now": true }, "photos": [ { "height": 4000, "html_attributions": [ "<a href=\"https://maps.google.com/maps/contrib/106774220179069377966\">James Bowman</a>" ], "photo_reference": "AcnlKN3l-x4m2dfetKtGM6KpGp81EfdCqxafRt_bC7UGMzIPuTOftKVydTgSE2fSUv2pwR5-2-xjJB5VP_3FYiHCTNG3lyvH8s8IJOG-5-tgHBrvbhhRPCtyd66C9jij7bihi4ejQVw9L5X1ZjGCZwmW35xIYVu1JcCfYgbgfDo052p7MeiYlQjbJiZ5utXcMOzQOJdw7tLV3JGwLVyMI7mG05AFRri88fE6bDLRnsEUf73q9gEczoZ7hjWhGLEXrrGgBQE0CuCxxzx4oyF9s_tVlEQ5NFl18vyqs05ytzkJFdW08GzLf4PMqz4B1VOotPmwNvtu5cZAm-qNvF6D60QYATWwFa52ZXfCqvRseS5a08cci4ZeP84FQpvfLfDASsNZlwKldjSKpRKdFrpzb1H8EMZdzCQ-arDWD7YZos1iNKP-sp4UHdPnGKNmXabqohvNAWunIlubqf2NYHYBR6xO3Y1cO0VRWJnEzD85O-T_yAL8f5FLMBel1ZAa3FH5w-Lz8h0adejtT7z1ewBdES--3bshlGI-PwiYdg0INGqL2neHMSrxU2KhkFatMbVy7AQcJgSonw", "width": 3000 } ], "place_id": "ChIJQ9nfR7HSD4gRZ-vNMGN2V_0", "rating": 3.3, "reference": "ChIJQ9nfR7HSD4gRZ-vNMGN2V_0", "scope": "GOOGLE", "types": [ "hospital", "health", "point_of_interest", "establishment" ], "user_ratings_total": 855.0, "vicinity": "2233 W Division St, Chicago", "category": "Hospital – Private / Non-profit", "source": "Google Places", "raw_types_str": "hospital, health, point_of_interest, establishment" }, "geometry": { "type": "Point", "coordinates": [ -87.6834577, 41.9024955 ] } },
{ "type": "Feature", "properties": { "business_status": "OPERATIONAL", "icon": "https://maps.gstatic.com/mapfiles/place_api/icons/v1/png_71/generic_business-71.png", "icon_background_color": "#7B9EB0", "icon_mask_base_uri": "https://maps.gstatic.com/mapfiles/place_api/icons/v2/generic_pinlet", "international_phone_number": "+1 312-666-3494", "name": "Erie Division Street Health Center", "opening_hours": { "open_now": false }, "photos": [ { "height": 1400, "html_attributions": [ "<a href=\"https://maps.google.com/maps/contrib/109141233983024488139\">Erie Division Street Health Center</a>" ], "photo_reference": "AcnlKN10YMwOi_2vvTTJDEPJTtK3RrDoaeMad-ro41WikcSi2RETgMHyalDjiMmHxL8d_WKqaDJ8o1KvQZ9TbVKnDp2T8P3fksAKqmutU8w5DIasY1HF23I3BBz29OJZEk30PDKh8TIflrGulI5ZXimugp_nJWQttZxbRCZF6D3ACuK-ngJCPhsrHlHMOmLWFtzPlgXdpaYBfDUQafobdf9bg-X6L0Rd_kXzNubkghga0Zc5WsAoYd1uyvDPoU0lylEzhDo_20cj3nQ1if_A3U6Ac5XWfnHNhqpVyrt4tJisNCMbABFEsQ0", "width": 2100 } ], "place_id": "ChIJOwnoJq7SD4gR-hLWVWZGSrU", "rating": 3.6, "reference": "ChIJOwnoJq7SD4gR-hLWVWZGSrU", "scope": "GOOGLE", "types": [ "health", "point_of_interest", "establishment" ], "user_ratings_total": 88.0, "vicinity": "2418 W Division St, Chicago", "category": "Primary Care Center – Private / Non-profit", "source": "Google Places", "raw_types_str": "health, point_of_interest, establishment" }, "geometry": { "type": "Point", "coordinates": [ -87.6877703, 41.9033647 ] } },
{ "type": "Feature", "properties": { "business_status": "OPERATIONAL", "icon": "https://maps.gstatic.com/mapfiles/place_api/icons/v1/png_71/generic_business-71.png", "icon_background_color": "#7B9EB0", "icon_mask_base_uri": "https://maps.gstatic.com/mapfiles/place_api/icons/v2/generic_pinlet", "international_phone_number": "+1 773-278-2000", "name": "Saint Mary of Nazareth Hospital Emergency Room", "opening_hours": { "open_now": true }, "photos": [ { "height": 4032, "html_attributions": [ "<a href=\"https://maps.google.com/maps/contrib/101169090375178092147\">Kevin Ramos</a>" ], "photo_reference": "AcnlKN2IuBH2d4XqcqXu2wpoxzxx2c70ag817Eau2r5xnH_FAwjB5VJ0t4x8_-wCq1oH8vnP-OEnMJWLpl1ReZliikonGRNM0GzeIYp0WJHJcZaptSbbRDWXrF3Kq4s5U8DeJheCvBQbP3ko2IPQVUIqTRNh2iDxkiV_46RBxMX8c4CICcsnMrxxtD0m-Uz6ftuJMw2AwaoyJJUBASO2AHCTIJApSE6ZC7Ue8TQ35ctBzc64zUbO4gnt69NDUggDNIFOrtCmuTolFDohnzr2Hjgz4F_BzjNccqfzzWhjQI1o4JTNuIK-WAp0mmcW_7OzboK6F3ftWbanvssnVYrt37e0skM6_b10cqA_tnMsGdoKL3ydLonroL-xDhCAoCZWnXu5eKPhPLsu1CLOwQ_f3tzMOLRKZvLd4yfqDPGGp8Mjz0dnOdrzvEjXz8rC_u-AZOBbrCQh0TFq8cmJHCTA5ELQiK_h_CMnrs3bU3fEr2MiZSrShMOpjhDMfD3U2WOL10BfLcHCYvRcUzqzb3_f_gqazfqgN2o33eO3WL2OThppWDG2v9FI_GRgHk4PGWOfwnxfe6aDwNLr", "width": 3024 } ], "place_id": "ChIJG4H3kbrSD4gR4vDRqBiYzog", "rating": 3.9, "reference": "ChIJG4H3kbrSD4gR4vDRqBiYzog", "scope": "GOOGLE", "types": [ "health", "point_of_interest", "establishment" ], "user_ratings_total": 416.0, "vicinity": "2233 W Division St, Chicago", "category": "Primary Care Center – Private / Non-profit", "source": "Google Places", "raw_types_str": "health, point_of_interest, establishment" }, "geometry": { "type": "Point", "coordinates": [ -87.6836145, 41.9026995 ] } },
{ "type": "Feature", "properties": { "business_status": "OPERATIONAL", "icon": "https://maps.gstatic.com/mapfiles/place_api/icons/v1/png_71/hospital-71.png", "icon_background_color": "#F88181", "icon_mask_base_uri": "https://maps.gstatic.com/mapfiles/place_api/icons/v2/hospital-H_pinlet", "international_phone_number": "+1 866-600-2273", "name": "UI Health", "opening_hours": { "open_now": true }, "photos": [ { "height": 2988, "html_attributions": [ "<a href=\"https://maps.google.com/maps/contrib/100996811073681206949\">Alicia Lemos</a>" ], "photo_reference": "AcnlKN1fXZT4tEe-QgaPFP9UFjeSzU3x_Chz5unc2hlDsHyi5JAgfrXuBGxSk863QMhrQbK3NxaCk4zEQndRHOUpBwm0cp3_NsX7VUDNLWRI1w9RZ--APGDpMykPnkVzqoof--eSpZIGA1KNSdwr-LJeUYQOkCTCu4_AYzJz5pYCHdTVPFxhc1t4ZBYqFKJoXG4lO9bWSpf8sD4aPM3pNRIN4f6_pCEfpEmVA0k9nKZlDtkhy_YgKW8poefiGgvzxDrwmWOWfKrBPyfVTgLBZAPbGAY91fzZNwcE95YqyMkZAT9-hYDbd0oCLsA-zYWEf_VH0R5KWrEKI1pnLpvMGCb_e3LiAifLCoME4IlXYCWxG2DToWwuQqLDg-mYS3k6Ch7s3-LCo_2vx6naSmMp-XivIWmagD0w7yEHhcf7o18Gu1-U_qhfuPtYiynBrp5Kl0SWDK2jylGx3UTOwDkEuBweOsJ8bpARbpnyN8NnOH17-atPmg138bWjTNlS59fBkL9065eMnCcE96IjBp9T8YFO_gG2yc2O6v-CbFwubOrtP4Q0fQPL9nOeRvqBkaJYwtP5TUWR6Auu", "width": 5312 } ], "place_id": "ChIJ2WakSxctDogR4lw3MjoBhgE", "rating": 2.9, "reference": "ChIJ2WakSxctDogR4lw3MjoBhgE", "scope": "GOOGLE", "types": [ "hospital", "health", "point_of_interest", "establishment" ], "user_ratings_total": 696.0, "vicinity": "1740 W Taylor St, Chicago", "category": "Primary Care Center – Private / Non-profit", "source": "Google Places", "raw_types_str": "hospital, health, point_of_interest, establishment" }, "geometry": { "type": "Point", "coordinates": [ -87.6705817, 41.8694785 ] } },
{ "type": "Feature", "properties": { "business_status": "OPERATIONAL", "icon": "https://maps.gstatic.com/mapfiles/place_api/icons/v1/png_71/generic_business-71.png", "icon_background_color": "#7B9EB0", "icon_mask_base_uri": "https://maps.gstatic.com/mapfiles/place_api/icons/v2/generic_pinlet", "international_phone_number": "+1 312-829-1134", "name": "Union Medical Center", "opening_hours": { "open_now": false }, "photos": null, "place_id": "ChIJsdk2698tDogRpG1_LUINnbo", "rating": 4.1, "reference": "ChIJsdk2698tDogRpG1_LUINnbo", "scope": "GOOGLE", "types": [ "doctor", "health", "store", "point_of_interest", "establishment" ], "user_ratings_total": 17.0, "vicinity": "1657 W Adams St, Chicago", "category": "Primary Care Center – Private / Non-profit", "source": "Google Places", "raw_types_str": "doctor, health, store, point_of_interest, establishment" }, "geometry": { "type": "Point", "coordinates": [ -87.6689932, 41.8787338 ] } },
{ "type": "Feature", "properties": { "business_status": "OPERATIONAL", "icon": "https://maps.gstatic.com/mapfiles/place_api/icons/v1/png_71/generic_business-71.png", "icon_background_color": "#7B9EB0", "icon_mask_base_uri": "https://maps.gstatic.com/mapfiles/place_api/icons/v2/generic_pinlet", "international_phone_number": "+1 312-996-2000", "name": "UI Health Urgent Care at Mile Square", "opening_hours": { "open_now": true }, "photos": [ { "height": 720, "html_attributions": [ "<a href=\"https://maps.google.com/maps/contrib/108448510398174078424\">UI Health Urgent Care at Mile Square</a>" ], "photo_reference": "AcnlKN1Kbdq5NNqYDySPx8iKZEqM19FL0rTRilGyyXlVbN9HLfiZGjrex9jVwmTFyQuDe1hMXo6PTvOTK5CBEkNem3UT4HKF9Z6_UlRjTzJJXNJXPdbfTldm4UNawdCf9wBjMoVT7oo5UIMTVVwZBG5lw-uZ8ZKnhUmB43W6THO6U5Aa83wZtK9WE1OMVZMsC1KiGOC-3PI_OOeKD5KOa2Y4arEhGWvRW9kusEvfyidg7dxtPnCYqmIs42ctGmM2SwFb9kC71W0c0WvE46RW8fmCQNNU8C52456S9ln6iiAVXwJBGOCoyNo", "width": 1080 } ], "place_id": "ChIJPyGvJg4tDogRV0ymcdTXRrU", "rating": 2.9, "reference": "ChIJPyGvJg4tDogRV0ymcdTXRrU", "scope": "GOOGLE", "types": [ "health", "point_of_interest", "establishment" ], "user_ratings_total": 128.0, "vicinity": "1220 S Wood St, Chicago", "category": "Urgent Care / Walk-in Clinic", "source": "Google Places", "raw_types_str": "health, point_of_interest, establishment" }, "geometry": { "type": "Point", "coordinates": [ -87.6716525, 41.8664947 ] } },
{ "type": "Feature", "properties": { "business_status": "OPERATIONAL", "icon": "https://maps.gstatic.com/mapfiles/place_api/icons/v1/png_71/generic_business-71.png", "icon_background_color": "#7B9EB0", "icon_mask_base_uri": "https://maps.gstatic.com/mapfiles/place_api/icons/v2/generic_pinlet", "international_phone_number": "+1 866-600-2273", "name": "Outpatient Care Center", "opening_hours": { "open_now": true }, "photos": [ { "height": 1864, "html_attributions": [ "<a href=\"https://maps.google.com/maps/contrib/112927440111156218830\">DAYEDAY4</a>" ], "photo_reference": "AcnlKN1Lab0x3YGcmS_WEQU__PixRWINbaKWuebjbL6Y8wB3QCToyC7Yz1LGjgwkSinuHcTU0nrPiFvJUQ0moUTWkb3M3ID3MHhEPADoWpHK_WFP3rov_e-MFybDXflwbeNqiaIowDKvart_djJeOz1AOIrojXY1Cdf2XRrl96a1K8RRBNJ7OSPVsKetzLWbinzYRiTcUZa9LMtCwnqI6ZoIq0HOY87emqq83ye13UwoMVf53cHzKXEa9dVx81AhOjioEtyurSGqgjwAY0qpHDw9Vy3uJYXygHv6TPSmJu7mOAvzYFo6pw1EvAiy0KL8q8d_Mu751X3KQWSxXUf4CbzmjPIHBC-T0f7wJsqSj5PNy_AF6NMvzCKLLjvQmSVFomDtCDs5RH4IQseebHAoumDa5IHa5cOeimaFAV2PGlbSK4VtxsD1lK1phw3Uce0_afpnQ9jhVJaqzo4Ch_k56VbJdHPaltd2hvzSVDrvjqfIKhTofGb5QKI1RKk-ILRIm9cgTzH6WG6J9ejwIxI-N5V0d6gb374Q6hGw0xj5p7s51QqKiVTsIh_Cuw-JUzMA8Uq2m4_uI8qV", "width": 2206 } ], "place_id": "ChIJX5j0bOQsDogRtzQxbow6_vY", "rating": 3.9, "reference": "ChIJX5j0bOQsDogRtzQxbow6_vY", "scope": "GOOGLE", "types": [ "physiotherapist", "doctor", "health", "point_of_interest", "establishment" ], "user_ratings_total": 138.0, "vicinity": "1801 W Taylor St, Chicago", "category": "Primary Care Center – Private / Non-profit", "source": "Google Places", "raw_types_str": "physiotherapist, doctor, health, point_of_interest, establishment" }, "geometry": { "type": "Point", "coordinates": [ -87.6717725, 41.8690869 ] } },
{ "type": "Feature", "properties": { "business_status": "OPERATIONAL", "icon": "https://maps.gstatic.com/mapfiles/place_api/icons/v1/png_71/hospital-71.png", "icon_background_color": "#F88181", "icon_mask_base_uri": "https://maps.gstatic.com/mapfiles/place_api/icons/v2/hospital-H_pinlet", "international_phone_number": "+1 888-352-7874", "name": "Rush University Medical Center", "opening_hours": null, "photos": null, "place_id": "ChIJGU7DihctDogRodhyZWPHmas", "rating": 2.2, "reference": "ChIJGU7DihctDogRodhyZWPHmas", "scope": "GOOGLE", "types": [ "hospital", "doctor", "health", "point_of_interest", "establishment" ], "user_ratings_total": 10.0, "vicinity": "1653 W Congress Pkwy, Chicago", "category": "Primary Care Center – Private / Non-profit", "source": "Google Places", "raw_types_str": "hospital, doctor, health, point_of_interest, establishment" }, "geometry": { "type": "Point", "coordinates": [ -87.6680906, 41.8749026 ] } },
{ "type": "Feature", "properties": { "business_status": "OPERATIONAL", "icon": "https://maps.gstatic.com/mapfiles/place_api/icons/v1/png_71/generic_business-71.png", "icon_background_color": "#7B9EB0", "icon_mask_base_uri": "https://maps.gstatic.com/mapfiles/place_api/icons/v2/generic_pinlet", "international_phone_number": "+1 312-733-4475", "name": "ACCESS Warren Family Health Center", "opening_hours": { "open_now": false }, "photos": [ { "height": 757, "html_attributions": [ "<a href=\"https://maps.google.com/maps/contrib/110063329746140759578\">Access Warren Family Health Center</a>" ], "photo_reference": "AcnlKN0xNRCqa5xCR2_8GFf9G9PHNUKo4En_ZgO_EaLX34rpD4iuOgzFaZLQtZPDdAHUYlDw9i6OJqYiBu1CpZ1Ab6mBnpr7-owGxcMOs4Q-fFOkv49w0XhiYRvxzkrAMLtspaPBC_fghFdYnIVMBStehfrk7NkTAiZ2e953G1blN3jkfSyJC-iP9Nb_65Unv6K9xEYJ7uyfSqEz5hRdssUpJQKTAGT6QFKEmRlJ6punnL4jwdzgQfnqbwoQIHSyrnDqV_ODD_gqua2KfBkGW9rpVH4HT9qAuRypoeWt2xOg0_78OJY5DIU", "width": 820 } ], "place_id": "ChIJNyqEpkQtDogR0ZfocFxWSkY", "rating": 4.5, "reference": "ChIJNyqEpkQtDogR0ZfocFxWSkY", "scope": "GOOGLE", "types": [ "doctor", "health", "point_of_interest", "establishment" ], "user_ratings_total": 71.0, "vicinity": "2409 W Warren Blvd, Chicago", "category": "Primary Care Center – Private / Non-profit", "source": "Google Places", "raw_types_str": "doctor, health, point_of_interest, establishment" }, "geometry": { "type": "Point", "coordinates": [ -87.6868557, 41.8819979 ] } },
{ "type": "Feature", "properties": { "business_status": "OPERATIONAL", "icon": "https://maps.gstatic.com/mapfiles/place_api/icons/v1/png_71/hospital-71.png", "icon_background_color": "#F88181", "icon_mask_base_uri": "https://maps.gstatic.com/mapfiles/place_api/icons/v2/hospital-H_pinlet", "international_phone_number": "+1 773-276-2655", "name": "Augusta & Damen Medical Center", "opening_hours": null, "photos": [ { "height": 3036, "html_attributions": [ "<a href=\"https://maps.google.com/maps/contrib/104197414107712900249\">Kyle Eldridge</a>" ], "photo_reference": "AcnlKN3iY0z1YMW9uHH2oZtkNZRMl_BSFY7zMiR_LXul5hbN-tuRGI2yuAfRaFBgTF5Gd6wfZzDjVcTUCHE0Y647NKaDJWsOqotnc0uQr4WtE0GeMYFqEY5fC92xBOTV9T4GSznTwnSwWXRb3kJX8N9fTCJewSNlFOFe644mNUk2cwrYMgUl8y9sA52K4SmUJaqAmT7Jww8bP780BsipwDICRX_a3LE9mCbp0J1UoUcrfDlnZbY3Bnjhsrpr5dYM032Nxw5tX3IhAqV959qA8sNSJ58JQ4Hq28g8gweaV-XYrdNnBTw5_e3KLrelC_KAju05cUn_rWs7e5LcFpLORzJbyklsUQaPU6nYbRAp7K1iGS_6aSEbdcdlXi9QbAgtjKl1AGI3znp60tyoyY_apl-8ZQC_eFPmqaWMGdheOrQXKCP3SpQmzqUsZrd1pIr69ZqNuMNAzRP4YlHA2oS8DX4yPjNBz_DSyUkJ3Y6xWnvbe0tNRuMV6DY0NZfrJ_exNYupd2sAzLrDV47Sl7XxaMcr0lJCSUYtAy22Ejw1zgyoilK_yRKRNXmG56-5UzYre7YdgDNCPw", "width": 4048 } ], "place_id": "ChIJv1RHZcrSD4gRhGgEcaTmQr8", "rating": 1.0, "reference": "ChIJv1RHZcrSD4gRhGgEcaTmQr8", "scope": "GOOGLE", "types": [ "hospital", "doctor", "health", "point_of_interest", "establishment" ], "user_ratings_total": 1.0, "vicinity": "948 N Damen Ave, Chicago", "category": "Primary Care Center – Private / Non-profit", "source": "Google Places", "raw_types_str": "hospital, doctor, health, point_of_interest, establishment" }, "geometry": { "type": "Point", "coordinates": [ -87.6772774, 41.8991185 ] } },
{ "type": "Feature", "properties": { "business_status": "OPERATIONAL", "icon": "https://maps.gstatic.com/mapfiles/place_api/icons/v1/png_71/hospital-71.png", "icon_background_color": "#F88181", "icon_mask_base_uri": "https://maps.gstatic.com/mapfiles/place_api/icons/v2/hospital-H_pinlet", "international_phone_number": "+1 312-864-0200", "name": "Cook County Health", "opening_hours": null, "photos": [ { "height": 608, "html_attributions": [ "<a href=\"https://maps.google.com/maps/contrib/102647441224305142282\">Cook County Health</a>" ], "photo_reference": "AcnlKN1J7jK_pZFY8yo9k9hiJ04QI8H8YdOUyL-WfYxLCmBeNt_o50FJjBg6KrLMxb1Wxy1pxh5IjE4fI3UM72HBix-pc8916NzjSWKpdEcLH8Tvat4ZOeMGTy9bqmn66Ft_t1W88SR9_vbwCsy3CLqzXY0dt5mjPpsXl-oaf-s5whDbe1KYLmtDM3VvS8JR56tEG8sCkT3k3RZ-57eLvvKkgM6MuJ0ZB_872pCCSQiCTl_A0PIUeXL9gM19E3bP7jAvLdcOE5a4fBziL3Gv5eVB2r4DDgl2goxbMtDj0KY1BtftkiwHKMo", "width": 1079 } ], "place_id": "ChIJB-gwzfctDogRl4hLJRn4w9g", "rating": 2.8, "reference": "ChIJB-gwzfctDogRl4hLJRn4w9g", "scope": "GOOGLE", "types": [ "hospital", "health", "point_of_interest", "establishment" ], "user_ratings_total": 42.0, "vicinity": "1901 W Harrison St, Chicago", "category": "Primary Care Center – Private / Non-profit", "source": "Google Places", "raw_types_str": "hospital, health, point_of_interest, establishment" }, "geometry": { "type": "Point", "coordinates": [ -87.6745871, 41.8724578 ] } },
{ "type": "Feature", "properties": { "business_status": "OPERATIONAL", "icon": "https://maps.gstatic.com/mapfiles/place_api/icons/v1/png_71/generic_business-71.png", "icon_background_color": "#7B9EB0", "icon_mask_base_uri": "https://maps.gstatic.com/mapfiles/place_api/icons/v2/generic_pinlet", "international_phone_number": "+1 312-666-3494", "name": "Erie West Town Health Center", "opening_hours": { "open_now": false }, "photos": [ { "height": 1729, "html_attributions": [ "<a href=\"https://maps.google.com/maps/contrib/115212263054787436209\">Erie Family Health Health Center - West Town</a>" ], "photo_reference": "AcnlKN1AApP38_aIXKjjfDlSmJEIu5nyiwu4SOJRPENbr3H-RFDNxHGF29ebCLGaKXqdT6F9vN10tyiecnniatGkDUTmr9llDx2CbYXdxRgYG6CXUnI2w-N5yrXOJSeBvZW4o7MxXT-kwyoPvJiQ_Hx9vc2ikvS-II78U3q0l3AsRT_KuLVEQrPN04lFzhaRZvTqvihrFCml8m1Elf2g5IL16BStaSv0Dc5v1QsCO6Sw4MJxDBgIRpT58RC2IMwXYhUgKLRy10fuu0SOjsfMz7gIbtbxCcYOdeWLVYE8mopb6j__dlMsHys", "width": 3000 } ], "place_id": "ChIJi9P53TItDogRA9VOeU2WvC8", "rating": 3.3, "reference": "ChIJi9P53TItDogRA9VOeU2WvC8", "scope": "GOOGLE", "types": [ "health", "point_of_interest", "establishment" ], "user_ratings_total": 127.0, "vicinity": "1701 W Superior St, Chicago", "category": "Primary Care Center – Private / Non-profit", "source": "Google Places", "raw_types_str": "health, point_of_interest, establishment" }, "geometry": { "type": "Point", "coordinates": [ -87.669841, 41.8950061 ] } },
{ "type": "Feature", "properties": { "business_status": "OPERATIONAL", "icon": "https://maps.gstatic.com/mapfiles/place_api/icons/v1/png_71/hospital-71.png", "icon_background_color": "#F88181", "icon_mask_base_uri": "https://maps.gstatic.com/mapfiles/place_api/icons/v2/hospital-H_pinlet", "international_phone_number": "+1 312-864-6000", "name": "John H. Stroger, Jr. Hospital of Cook County", "opening_hours": { "open_now": true }, "photos": [ { "height": 600, "html_attributions": [ "<a href=\"https://maps.google.com/maps/contrib/109823546802907181689\">Raul Chavez</a>" ], "photo_reference": "AcnlKN3UdJqUOyoYJHwOcUyjqbYNLkJJCoKf-6MXUFjtqinJhbiHtjQvU0cUOYoS1lK4xOba60NwqbTPf4tyFQKMM-JFmOGS4zgYY3y_BxBJIaeWceD2ABaJ1HQRbb3lcDbVBkXqvvKlXoQNgUHklJVjnwTKtP2HMIf-PMlLq-TGMBs1WgIQ2P2MnNq_fCYuXmiFpxcyJpaBD8uFCjtA_wyTRcx_B8yBZL6fCjhOm5f1g7JDjV_1csfkLyxtQRzg0yddCKy8gI2WVT2sfqtCSPgvsrKf1Rd1djUZJUHb1jqxSA-AWidYvEXJd0Pv5DRAJx2_ClZcj3_2xRYADf9CJ23jJiT2rcQjWwqpfiWop2xmLRUl71bLTkzyNl4r7LwM-63AuEOg1OhZ6PU5R5eDUhHnztwV9IU0KRNaasY-2eeD5AmFR-MmQRHv_8-HzxGXI8hlnyls_ix086aqdAID01C4Dj_OZlRdvYUk4DfGRy3r_ClsSGJIpVdoScbIC9vhe6iIFURZthN4eHhwsSfIEgeEvRrklUMx3nl92UWTvYyRv9yjbRpfseQqAMfzlfFQyoGY0KmLaqQs", "width": 800 } ], "place_id": "ChIJ0SOhshUtDogRNrP4WfHRTrE", "rating": 3.1, "reference": "ChIJ0SOhshUtDogRNrP4WfHRTrE", "scope": "GOOGLE", "types": [ "hospital", "health", "point_of_interest", "establishment" ], "user_ratings_total": 1229.0, "vicinity": "1969 W Ogden Ave, Chicago", "category": "Hospital – Public", "source": "Google Places", "raw_types_str": "hospital, health, point_of_interest, establishment" }, "geometry": { "type": "Point", "coordinates": [ -87.6737256, 41.8727197 ] } },
{ "type": "Feature", "properties": { "business_status": "OPERATIONAL", "icon": "https://maps.gstatic.com/mapfiles/place_api/icons/v1/png_71/generic_business-71.png", "icon_background_color": "#7B9EB0", "icon_mask_base_uri": "https://maps.gstatic.com/mapfiles/place_api/icons/v2/generic_pinlet", "international_phone_number": "+1 773-722-2712", "name": "Lawndale Plaza", "opening_hours": { "open_now": false }, "photos": [ { "height": 3280, "html_attributions": [ "<a href=\"https://maps.google.com/maps/contrib/102048197086282351177\">SMG Lawndale Plaza</a>" ], "photo_reference": "AcnlKN1BEXVskYllLT6mAcx8sLRRI-mZtFl6zDyMxunqawAiWvuXJZKF3vwXQ6KZ0bqoxPFINZ_mXwT-ZJhRo-aK6iRxFNC74y5bOtRlDbrh8dJO5Tfhe_kIkma04HFWj0Skn1zKG7u9qDBf92Xs1lW8Rm9SOubORCgppwBiTi2xMK5gMKBQOlL3_7UF0BvAeD1aWrDp-xvaoWyDTR2BHNEn1EmUjCLc1Z6CoR77NZQzZsR9rnHJAhMAH2Myl9U0puBOTTz9wBttu0sMV-kPjMEe696EpPdbO4hRTr4cPJRiKzCj1pzpfkw", "width": 4928 } ], "place_id": "ChIJu0oExJoyDogRCl8W1JX9S6c", "rating": 3.0, "reference": "ChIJu0oExJoyDogRCl8W1JX9S6c", "scope": "GOOGLE", "types": [ "health", "point_of_interest", "establishment" ], "user_ratings_total": 20.0, "vicinity": "1108 S Kedzie Ave, Chicago", "category": "Primary Care Center – Private / Non-profit", "source": "Google Places", "raw_types_str": "health, point_of_interest, establishment" }, "geometry": { "type": "Point", "coordinates": [ -87.706317, 41.8678725 ] } },
{ "type": "Feature", "properties": { "business_status": "OPERATIONAL", "icon": "https://maps.gstatic.com/mapfiles/place_api/icons/v1/png_71/generic_business-71.png", "icon_background_color": "#7B9EB0", "icon_mask_base_uri": "https://maps.gstatic.com/mapfiles/place_api/icons/v2/generic_pinlet", "international_phone_number": "+1 312-864-0200", "name": "Cook County Health Professional Building", "opening_hours": null, "photos": [ { "height": 4032, "html_attributions": [ "<a href=\"https://maps.google.com/maps/contrib/104881920351017778468\">Dharmik Patel</a>" ], "photo_reference": "AcnlKN1g8k5rTBx0vABnzj3nXUU7pGJHh9xPU9ft43LxHHktToOxE9np3TUbEWrmwAaJGNFdm-JEYk_ZipAcGQ5Qo26rUqfUsBXm74gnzUNWY_1XlOaI8qifnacRyUay-eeZtYhbl-AChEnxMWexluySGXHJ58j3SMvtyGKkeSSC9glBGFAmGT7YDwhrJQWnxiQP6Rq5c6eoBCMlfDX0wmC0eyy_SvzGUlt3OcfwNHIqldPAK7vK56oj7qNRK8bSLGYEx4tlkqZncSqNZUQw27lBY61YzN--rbnhkrzINmoH4IOxYVUCXYN_uCc_rcvUYYpJm74x3xfte3JNhzo5Xnxsx4tdTmiZWdUJ6qYXTa-MQWS400rR_Be_93TddM7FT7w2yo0ZM5Eoqw_S5aw7v0NEqzkOlprlJDc6nx-O5e3wlq0-hZA5ec0Od9zCwPS3YyjpDwU3MLOQ9N4qZGpJsEV1bSFI2g3EXHaredQXten8bdW70nVv2Mmpr9zAAWXtynsPWN7Hnh9dpIl_4gAyqnSGB8PBZUjAa4NM7Wze2idG_tgg3ydIINksjjU-1eHE2fJiRBz9-pfYvcl-xA", "width": 3024 } ], "place_id": "ChIJhVExFYwtDogR7tvD7VqC88g", "rating": 4.4, "reference": "ChIJhVExFYwtDogR7tvD7VqC88g", "scope": "GOOGLE", "types": [ "health", "point_of_interest", "establishment" ], "user_ratings_total": 507.0, "vicinity": "1950 W Polk St, Chicago", "category": "Primary Care Center – Private / Non-profit", "source": "Google Places", "raw_types_str": "health, point_of_interest, establishment" }, "geometry": { "type": "Point", "coordinates": [ -87.6750134, 41.8716898 ] } },
{ "type": "Feature", "properties": { "business_status": "OPERATIONAL", "icon": "https://maps.gstatic.com/mapfiles/place_api/icons/v1/png_71/generic_business-71.png", "icon_background_color": "#7B9EB0", "icon_mask_base_uri": "https://maps.gstatic.com/mapfiles/place_api/icons/v2/generic_pinlet", "international_phone_number": "+1 773-533-5523", "name": "Harrison Medical Center", "opening_hours": { "open_now": false }, "photos": [ { "height": 1288, "html_attributions": [ "<a href=\"https://maps.google.com/maps/contrib/104908892865438885472\">Harrison Medical Center</a>" ], "photo_reference": "AcnlKN3o7M-ryZVXOMId5FKCWac_xg1T-GWWZIs0GA2aieTk80tSCx6G_gJBkdwUBTWQw5Y-Yoovfy6OSKkjZC7eocyzv3pFM0uBK19slVdgw128aDGC_miKoA5DwMTE0KSAqj81PoQ8IO0NWHc4K82pJeB3iM1jgri2GW8hCTlEkQb6ZopjyFadOpfrMpZ7QJPeUCr0VAZ24vvRrB-Pmdy5POegVtGWqFbqYltFrbPLZRbbZHDUPp_BBTF0zbA5qWHY-eQrfT87c2gf5ALI6Un76oeYQVEwaJc-qMUq5nWA8x29RgOAWv0", "width": 1179 } ], "place_id": "ChIJ-2cByGEtDogRiMx1BtYsW1Q", "rating": 4.5, "reference": "ChIJ-2cByGEtDogRiMx1BtYsW1Q", "scope": "GOOGLE", "types": [ "health", "point_of_interest", "establishment" ], "user_ratings_total": 8.0, "vicinity": "2803 W Harrison St, Chicago", "category": "Primary Care Center – Private / Non-profit", "source": "Google Places", "raw_types_str": "health, point_of_interest, establishment" }, "geometry": { "type": "Point", "coordinates": [ -87.6963502, 41.873691099999988 ] } },
{ "type": "Feature", "properties": { "business_status": "OPERATIONAL", "icon": "https://maps.gstatic.com/mapfiles/place_api/icons/v1/png_71/generic_business-71.png", "icon_background_color": "#7B9EB0", "icon_mask_base_uri": "https://maps.gstatic.com/mapfiles/place_api/icons/v2/generic_pinlet", "international_phone_number": "+1 773-826-3450", "name": "Louise Landau Health Center", "opening_hours": { "open_now": false }, "photos": [ { "height": 2336, "html_attributions": [ "<a href=\"https://maps.google.com/maps/contrib/111561518958142907256\">Louise Landau Health Center</a>" ], "photo_reference": "AcnlKN2mJKz2E1t5XqOMpcFIOPJx5LaG0HZJPqNTRoK6nOwe9nEJMTypYjVy0ZHBRvrAnsYeQVxlcVh0F2mvPXq7l_w-SK_FkBltSya-ifV6sexkCVahw8sFSo_5yiZdLLQdgF8ezIWKaGgPwX9lZ2TJv293ZZa_9yIDQXqX7r51tiitwNHo3gcbnX8QskwWIt-hP75CNVTy9GQPZ9QYzTKRIsJ_8wxP3BQSq0NgvOqPloLBCJ3s1_kn357cKg2eul7GG0KCKLzOzlw9u0SBZhUPJioTvXhays0242ksRj_DS_NkEi62r4mJ7ekLfs98gtnd9ZqbDPyDZjctEoQYtVuBh5MNiJOnlpkfUeLbH8MNrl-A2Fns41-vZHJJI-ZCYy8n7Kpga3PABHOhp1lmNiQ7ki3nGhGKiPewMSapOZM4DCYlP6JcM-gtPKrsJdYzhKdBZBFAotR6-c8nMW8YxckgjQeRnqMAIdehJolF_cmtQmN9kiEHjEtreQ_G_Jf20gR9ezFrchlBVkd31ycG-eKIbCSDhlOZIrJl4BXpudm145yGs_WG0r_22b9W_t9yfIVCu6sH8lex", "width": 3326 } ], "place_id": "ChIJ3Z_-XzfTD4gRxUBf12_DVWw", "rating": 4.5, "reference": "ChIJ3Z_-XzfTD4gRxUBf12_DVWw", "scope": "GOOGLE", "types": [ "point_of_interest", "health", "establishment" ], "user_ratings_total": 24.0, "vicinity": "800 N Kedzie Ave, Chicago", "category": "Primary Care Center – Private / Non-profit", "source": "Google Places", "raw_types_str": "point_of_interest, health, establishment" }, "geometry": { "type": "Point", "coordinates": [ -87.7083282, 41.895908299999988 ] } },
{ "type": "Feature", "properties": { "business_status": "OPERATIONAL", "icon": "https://maps.gstatic.com/mapfiles/place_api/icons/v1/png_71/generic_business-71.png", "icon_background_color": "#7B9EB0", "icon_mask_base_uri": "https://maps.gstatic.com/mapfiles/place_api/icons/v2/generic_pinlet", "international_phone_number": "+1 312-770-3444", "name": "Nazareth Family Health Center", "opening_hours": { "open_now": false }, "photos": null, "place_id": "ChIJcfLJFrHSD4gRpLnUFJfhLlE", "rating": 2.7, "reference": "ChIJcfLJFrHSD4gRpLnUFJfhLlE", "scope": "GOOGLE", "types": [ "hospital", "doctor", "point_of_interest", "health", "establishment" ], "user_ratings_total": 11.0, "vicinity": "1127 N Oakley Blvd, Chicago", "category": "Primary Care Center – Private / Non-profit", "source": "Google Places", "raw_types_str": "hospital, doctor, point_of_interest, health, establishment" }, "geometry": { "type": "Point", "coordinates": [ -87.684302, 41.901691 ] } },
{ "type": "Feature", "properties": { "business_status": "OPERATIONAL", "icon": "https://maps.gstatic.com/mapfiles/place_api/icons/v1/png_71/hospital-71.png", "icon_background_color": "#F88181", "icon_mask_base_uri": "https://maps.gstatic.com/mapfiles/place_api/icons/v2/hospital-H_pinlet", "international_phone_number": "+1 312-413-7500", "name": "University Of Illinois Medical Center - Obstetrics And Gynecology", "opening_hours": null, "photos": null, "place_id": "ChIJy3hgAhEtDogRsmy0Oq2CdcY", "rating": 4.3, "reference": "ChIJy3hgAhEtDogRsmy0Oq2CdcY", "scope": "GOOGLE", "types": [ "hospital", "point_of_interest", "health", "establishment" ], "user_ratings_total": 6.0, "vicinity": "1801 W Taylor St, Chicago", "category": "Primary Care Center – Private / Non-profit", "source": "Google Places", "raw_types_str": "hospital, point_of_interest, health, establishment" }, "geometry": { "type": "Point", "coordinates": [ -87.6717725, 41.8690869 ] } },
{ "type": "Feature", "properties": { "business_status": "OPERATIONAL", "icon": "https://maps.gstatic.com/mapfiles/place_api/icons/v1/png_71/generic_business-71.png", "icon_background_color": "#7B9EB0", "icon_mask_base_uri": "https://maps.gstatic.com/mapfiles/place_api/icons/v2/generic_pinlet", "international_phone_number": "+1 773-533-3553", "name": "A & D Medical Center", "opening_hours": null, "photos": null, "place_id": "ChIJ7xTZIu8yDogRPaoE_e4Uk_0", "rating": 3.0, "reference": "ChIJ7xTZIu8yDogRPaoE_e4Uk_0", "scope": "GOOGLE", "types": [ "doctor", "point_of_interest", "health", "establishment" ], "user_ratings_total": 2.0, "vicinity": "743 S Pulaski Rd, Chicago", "category": "Primary Care Center – Private / Non-profit", "source": "Google Places", "raw_types_str": "doctor, point_of_interest, health, establishment" }, "geometry": { "type": "Point", "coordinates": [ -87.7252238, 41.8712576 ] } },
{ "type": "Feature", "properties": { "business_status": "OPERATIONAL", "icon": "https://maps.gstatic.com/mapfiles/place_api/icons/v1/png_71/generic_business-71.png", "icon_background_color": "#7B9EB0", "icon_mask_base_uri": "https://maps.gstatic.com/mapfiles/place_api/icons/v2/generic_pinlet", "international_phone_number": "+1 866-600-2273", "name": "UIC Clinic Building", "opening_hours": { "open_now": true }, "photos": [ { "height": 3120, "html_attributions": [ "<a href=\"https://maps.google.com/maps/contrib/113172711099722857742\">Azhar</a>" ], "photo_reference": "AcnlKN2_-qYQSrDhZ5HpFFbPA3YFFgbzuoa2J-lrmmZVBbQyVYVjP-ExUGbHx-KkpCk3u4ZmHs_D95ZlHmX8jGMsWQ884R2mKzruZQ7mFhqLAwknmMQ56IsIvhngJSBYc51HyPm_0gh05lLMcY4KjmfCP4uqiBPSKulL8COtZ4TL97v3C2l_pxMoM4bsCR_XQbrB5W0w6RAPsGWqDEX0471pr1H35-F0U4CF0hRDk5y3XnkQ-5F2B0oI_kNqVDsWdR1iuekPAztWbLkXV_Y_n2PempOCW-A1vgojjxH5uMNTcPA0MIxWZ1dO5fXC6bch7ep0jgHi1aVJ4vCVZ9LTD4cor58k6qwkpjZHLD3cv7YTrPWGzmaaREp8l9pQPJLTDJR5OLOQlwtDm79WgaUgPX29Eae5eWa2YIbsBW4DdGEoLYpFo96GxJm5LpDWkr0fhGxsV5ExHuV_46DDrTxEz4FL_g7-nOFi887Af9Scb8EUBUlCsKMYZFbzJqzVry1iwqP94gw1oMGIiXr_46kprtCJcaQsnbq3PKHKjPm90ehyG_X3c9rIp-IEx8pPx210QjUhMG4EJQ", "width": 4160 } ], "place_id": "ChIJkbi4AhEtDogRUPRqo6aOyOg", "rating": 2.6, "reference": "ChIJkbi4AhEtDogRUPRqo6aOyOg", "scope": "GOOGLE", "types": [ "point_of_interest", "health", "establishment" ], "user_ratings_total": 28.0, "vicinity": "1801 W Taylor St, Chicago", "category": "Primary Care Center – Private / Non-profit", "source": "Google Places", "raw_types_str": "point_of_interest, health, establishment" }, "geometry": { "type": "Point", "coordinates": [ -87.6717725, 41.8690869 ] } },
{ "type": "Feature", "properties": { "business_status": "OPERATIONAL", "icon": "https://maps.gstatic.com/mapfiles/place_api/icons/v1/png_71/generic_business-71.png", "icon_background_color": "#7B9EB0", "icon_mask_base_uri": "https://maps.gstatic.com/mapfiles/place_api/icons/v2/generic_pinlet", "international_phone_number": "+1 773-252-4848", "name": "Body and Mind Medical Center: Dominic Gaziano, MD", "opening_hours": { "open_now": false }, "photos": [ { "height": 450, "html_attributions": [ "<a href=\"https://maps.google.com/maps/contrib/111370957756919439679\">Body and Mind Medical Center: Dominic Gaziano, MD</a>" ], "photo_reference": "AcnlKN3sGnvDNJmOyk6_OwESXQjYTTa2KRhhU4kcPuEEV-N5JeitRziHr1-HtdzhGzOkrRiEUKKvAzllp8vSbJGzZ9gagL77oijcFl5FW_FIa-or9ITL5BDYCCE9fsG9CTygJEO0pSoHJrLD9QJVuw9yk2RGMR240rmynwag2TP5bT3Odo4bfNKKZ5yQaCJudUv7eaKbwwNwv3ippy8VhSfiBygQhKBobFG6KjZ-76Uze2i_fpM709AEPIUd4j5rg-IAsHdNAAUtMQCWo2K5o3ZimwC4RWTTDeFhzxio8cwbfEFt1i6YdOgRbwZ4ybzbgsabT5RN5xCn8_Jjp3o9KjKoTDzXjeCjNvR-zyCoc8Dis9MFAj4PCUfnnvjTnWFn7D0wLmp15cVMfd6yyDSpqPgDXbi_F_4J_79Ww6hO0GsCskf_F76zCyson1k96e1-tYUSJ8USs50gKhNU4xGtZogB22AQhDI9ehcttXuUnqdSpXXZ5mr2Nobd-uzNUYyMK0SnYjS0MjcxjyRUZpnXbb8GPKZP7im85NyBtEtno2-UgNchR_NWXP93LSJ6rbxIkHGYZw6zdVrbA73f_w", "width": 675 } ], "place_id": "ChIJETWJL7HSD4gRlDwwZ8VrpW4", "rating": 2.7, "reference": "ChIJETWJL7HSD4gRlDwwZ8VrpW4", "scope": "GOOGLE", "types": [ "hospital", "doctor", "point_of_interest", "health", "establishment" ], "user_ratings_total": 18.0, "vicinity": "2222 W Division St Ste 110, Chicago", "category": "Primary Care Center – Private / Non-profit", "source": "Google Places", "raw_types_str": "hospital, doctor, point_of_interest, health, establishment" }, "geometry": { "type": "Point", "coordinates": [ -87.6832094, 41.9035212 ] } },
{ "type": "Feature", "properties": { "business_status": "OPERATIONAL", "icon": "https://maps.gstatic.com/mapfiles/place_api/icons/v1/png_71/generic_business-71.png", "icon_background_color": "#7B9EB0", "icon_mask_base_uri": "https://maps.gstatic.com/mapfiles/place_api/icons/v2/generic_pinlet", "international_phone_number": "+1 312-996-7312", "name": "University Illinois Medical Center Pth", "opening_hours": null, "photos": null, "place_id": "ChIJy3hgAhEtDogRPNSGxjqfrzw", "rating": 5.0, "reference": "ChIJy3hgAhEtDogRPNSGxjqfrzw", "scope": "GOOGLE", "types": [ "point_of_interest", "health", "establishment" ], "user_ratings_total": 1.0, "vicinity": "1740 W Taylor St, Chicago", "category": "Primary Care Center – Private / Non-profit", "source": "Google Places", "raw_types_str": "point_of_interest, health, establishment" }, "geometry": { "type": "Point", "coordinates": [ -87.670495699999989, 41.8693026 ] } },
{ "type": "Feature", "properties": { "business_status": "OPERATIONAL", "icon": "https://maps.gstatic.com/mapfiles/place_api/icons/v1/png_71/generic_business-71.png", "icon_background_color": "#7B9EB0", "icon_mask_base_uri": "https://maps.gstatic.com/mapfiles/place_api/icons/v2/generic_pinlet", "international_phone_number": "+1 872-588-3580", "name": "Lawndale Christian Health Center - Breakthrough", "opening_hours": { "open_now": false }, "photos": null, "place_id": "ChIJS11Q_a8yDogRaZ6K6oXeiag", "rating": 3.2, "reference": "ChIJS11Q_a8yDogRaZ6K6oXeiag", "scope": "GOOGLE", "types": [ "point_of_interest", "health", "establishment" ], "user_ratings_total": 53.0, "vicinity": "3219 W Carroll Ave, Chicago", "category": "Primary Care Center – Private / Non-profit", "source": "Google Places", "raw_types_str": "point_of_interest, health, establishment" }, "geometry": { "type": "Point", "coordinates": [ -87.707132, 41.887409700000013 ] } },
{ "type": "Feature", "properties": { "business_status": "OPERATIONAL", "icon": "https://maps.gstatic.com/mapfiles/place_api/icons/v1/png_71/generic_business-71.png", "icon_background_color": "#7B9EB0", "icon_mask_base_uri": "https://maps.gstatic.com/mapfiles/place_api/icons/v2/generic_pinlet", "international_phone_number": "+1 773-364-4600", "name": "ACCESS Austin Family Health Center", "opening_hours": { "open_now": false }, "photos": [ { "height": 820, "html_attributions": [ "<a href=\"https://maps.google.com/maps/contrib/102561879987237114360\">Access Austin Family Health Center</a>" ], "photo_reference": "AcnlKN1ZiwGsqYPar1blWqOYNFbLLRcFY-80AWYbnGeJNMQeFv1v2_RELKpCmqbMWvBB2soxm6IKfYioAtyAKZ59UwlqGn9hvo7bXKRSibiKax2p0I6uhHbMpWuB0gFJsi0V0Gl783GS6JPpw4tqLMa_uCec6RdAOttYstDo7shCXQLd6LEfcTOedOxHcmzQCdKO2TMWktBxVbebsfYPJcf4A6g6zq5xOnVhNj2x79k9AHxtkc_eYtiHiwoTbiiq7W59BYZgAxYicZuOIzVYChbqFklwDApFLSnUNlWU59ymRy93Br76u5o5lIxwDsZUeblnf4MrNrPB7KJ5wJcSDACvW_8cGfZSmqNGB0pKv6v-PuRMaTQFHSyBB20AH6nr4LdN-tlgTbkMACVMwBbSlW9AUU6n0d9tkfQi4MuXHP1pNQ9K16TSgL4hKnEDWuCE0IH1uXSXQuwBPZ6zKpJudcTuoxJmRvuvbCQOByD1X-foaQgKmZiNnAVJFxvefYFM0es4GsnEJnSGGLljDxCHu5kLnWt7EzE4rIpatGL-kR6GKvlj2xFFMbKBn4JCu_XUfck9HqQAFg57d5bZmMUfTlhbjxEYXQXjDw", "width": 820 } ], "place_id": "ChIJ40dUzc3MD4gRcjSWv8n33p0", "rating": 3.5, "reference": "ChIJ40dUzc3MD4gRcjSWv8n33p0", "scope": "GOOGLE", "types": [ "doctor", "point_of_interest", "health", "establishment" ], "user_ratings_total": 16.0, "vicinity": "4909 W Division St Ste 508, Chicago", "category": "Primary Care Center – Private / Non-profit", "source": "Google Places", "raw_types_str": "doctor, point_of_interest, health, establishment" }, "geometry": { "type": "Point", "coordinates": [ -87.749227499999989, 41.9019651 ] } },
{ "type": "Feature", "properties": { "business_status": "OPERATIONAL", "icon": "https://maps.gstatic.com/mapfiles/place_api/icons/v1/png_71/generic_business-71.png", "icon_background_color": "#7B9EB0", "icon_mask_base_uri": "https://maps.gstatic.com/mapfiles/place_api/icons/v2/generic_pinlet", "international_phone_number": "+1 773-584-4178", "name": "PCC West Town Family Health Center", "opening_hours": { "open_now": false }, "photos": null, "place_id": "ChIJR0zIxVXND4gRiuf4J5YnBuY", "rating": 3.8, "reference": "ChIJR0zIxVXND4gRiuf4J5YnBuY", "scope": "GOOGLE", "types": [ "point_of_interest", "health", "establishment" ], "user_ratings_total": 16.0, "vicinity": "2434 W Division St, Chicago", "category": "Primary Care Center – Private / Non-profit", "source": "Google Places", "raw_types_str": "point_of_interest, health, establishment" }, "geometry": { "type": "Point", "coordinates": [ -87.6885379, 41.9031701 ] } },
{ "type": "Feature", "properties": { "business_status": "OPERATIONAL", "icon": "https://maps.gstatic.com/mapfiles/place_api/icons/v1/png_71/hospital-71.png", "icon_background_color": "#F88181", "icon_mask_base_uri": "https://maps.gstatic.com/mapfiles/place_api/icons/v2/hospital-H_pinlet", "international_phone_number": "+1 312-996-7030", "name": "UIC Medical Center Ophthalmology", "opening_hours": null, "photos": [ { "height": 3000, "html_attributions": [ "<a href=\"https://maps.google.com/maps/contrib/101868854207884233522\">Steven Ohren</a>" ], "photo_reference": "AcnlKN1NHYblfeM81D1ZptK3TfDL6M5jhaaNBg-byJnxPqJsjeBANeYG0Q4ww8nlGx3Hh_qt_C4nJr16P3AZBUFnc2aYRwX0F9KApKFQKclU_WWZORycfm2I77j7hNrJPmzRAYiEjCxju7BSIAqkvxTHkLUC5rPIwDPU_9093ahDB0gsyMF8om0XXkDrgH3tgR0JWewSgRFaR4__Lz1Nclz8u7bME3Sa6YVac75O-v9EQyFAS4j2vuyHAL1RKpij_nBv40znStiz85g5v4k54ofhw-mvuNlr8QvNldYAfDE_uPvteLxtZ_8tU3XglK8Ufmx4GRzjoLq3J4zbJKibE9iC2RHk6hhTVDZon99wc3VAsw0kAG3Jo2dapbQkbVoRL0sYYJi_y2NPu4j-HPZJCYy7_MWKb2QIdbKENrFSndSxbFsxl0y_LWjLf2eweKruEB1GkiA5kU2zxUrGke8w0OrKT1NvTa7g6ap_qdyAwrX1WQBYcH_3DQQKHEIGLVicSI8votNOQIcNIVrttuIJtvA-bp0obZ53gzM9d8rSRtWCbZBLxDJs5VwBCCXptyBFaPnkv4DY2cC4", "width": 4000 } ], "place_id": "ChIJZUr-1BMtDogR9Ny1oKjCMFE", "rating": 2.6, "reference": "ChIJZUr-1BMtDogR9Ny1oKjCMFE", "scope": "GOOGLE", "types": [ "hospital", "doctor", "point_of_interest", "health", "establishment" ], "user_ratings_total": 14.0, "vicinity": "1855 W Taylor St, Chicago", "category": "Primary Care Center – Private / Non-profit", "source": "Google Places", "raw_types_str": "hospital, doctor, point_of_interest, health, establishment" }, "geometry": { "type": "Point", "coordinates": [ -87.6729844, 41.868780699999988 ] } },
{ "type": "Feature", "properties": { "business_status": "OPERATIONAL", "icon": "https://maps.gstatic.com/mapfiles/place_api/icons/v1/png_71/generic_business-71.png", "icon_background_color": "#7B9EB0", "icon_mask_base_uri": "https://maps.gstatic.com/mapfiles/place_api/icons/v2/generic_pinlet", "international_phone_number": "+1 312-666-3494", "name": "Erie Johnson Health Center", "opening_hours": { "open_now": false }, "photos": [ { "height": 3712, "html_attributions": [ "<a href=\"https://maps.google.com/maps/contrib/112881117875837566873\">Eran Dromy</a>" ], "photo_reference": "AcnlKN299tPUd0hJ4cR52pEn-odAOTjrJJkIFIhB9vqyWirjRHU4P2n4oypLPhjKyvuY1QRBozqGN1P4RY_Jq44In3_Pdcl58-JONCStm-n-DDJyNbutVaQnkklixmvpTyIas-pvI8u-tNk_DCPU37QR9hJHNCVtaxvGjXkaLpg81omzQqVlRyYCjxez-2HxQXawdu9Y9JsVZe0TMeQ-0fhmk_lB3RNA89KS8du89JtZCyBRokytwk1wj10Mum4A8B4Lf3YHuKhztEho7sYsrlVbogmMWMf0nt0SIN6b-54Vl286AYip6wUAhltmc9fH_Y0nzhK-nFJTJ6Eha7-N0YPkz9c7pRY90hvxfqfJggac0C-ng4fmzlyXb-GJYgzQ3x0D3nTnOtmKXyVU4IrUTFT9KEIf0nAyhXW-948HH0SdPOxmgaO0MsYvl-VpwfcNVkFth4SntxECqjucvrAov9zTxclzsEc_GYBY2j-ogTyhYgggvCVQO8PhmhjNJOtpe2xOb4Fim8BeXL7UMX498O6-QN2LON1DLEClzUMRyCDEsGedhEemC3IJTpeHSIPzIFN0pgV66f4vA8ZXqg", "width": 2784 } ], "place_id": "ChIJQx8WsIYyDogRZDe0Hk-zePg", "rating": 5.0, "reference": "ChIJQx8WsIYyDogRZDe0Hk-zePg", "scope": "GOOGLE", "types": [ "point_of_interest", "health", "establishment" ], "user_ratings_total": 7.0, "vicinity": "1504 S Albany Ave # 103, Chicago", "category": "Primary Care Center – Private / Non-profit", "source": "Google Places", "raw_types_str": "point_of_interest, health, establishment" }, "geometry": { "type": "Point", "coordinates": [ -87.703679799999989, 41.8611763 ] } },
{ "type": "Feature", "properties": { "business_status": "OPERATIONAL", "icon": "https://maps.gstatic.com/mapfiles/place_api/icons/v1/png_71/hospital-71.png", "icon_background_color": "#F88181", "icon_mask_base_uri": "https://maps.gstatic.com/mapfiles/place_api/icons/v2/hospital-H_pinlet", "international_phone_number": "+1 872-588-3540", "name": "Lawndale Christian Health Center at Farragut Career Academy", "opening_hours": { "open_now": false }, "photos": null, "place_id": "ChIJgaC5AlwyDogRZuiZ9oXPP6k", "rating": 3.9, "reference": "ChIJgaC5AlwyDogRZuiZ9oXPP6k", "scope": "GOOGLE", "types": [ "hospital", "doctor", "point_of_interest", "health", "establishment" ], "user_ratings_total": 29.0, "vicinity": "3256 W 24th St, Chicago", "category": "Primary Care Center – Private / Non-profit", "source": "Google Places", "raw_types_str": "hospital, doctor, point_of_interest, health, establishment" }, "geometry": { "type": "Point", "coordinates": [ -87.7084724, 41.8483448 ] } },
{ "type": "Feature", "properties": { "business_status": "OPERATIONAL", "icon": "https://maps.gstatic.com/mapfiles/place_api/icons/v1/png_71/generic_business-71.png", "icon_background_color": "#7B9EB0", "icon_mask_base_uri": "https://maps.gstatic.com/mapfiles/place_api/icons/v2/generic_pinlet", "international_phone_number": "+1 312-243-1574", "name": "Concentra Urgent Care", "opening_hours": { "open_now": true }, "photos": [ { "height": 3000, "html_attributions": [ "<a href=\"https://maps.google.com/maps/contrib/100701313420765390434\">Pete Horvath</a>" ], "photo_reference": "AcnlKN2CmMeGa6w9YKJeQd8UIIUx_JUvbqhVT_RtS4ks8LS3HNuhsRDrvsUZfwNScclP2f83nFXK0rxsB1unFWp_jeC6wvjbDy-9O9qpKDU1-knUtFIt67IIyYDKWRMaHNl9-RVnoAJ9OfTiQIlsoysThFJfVgov6eSLqAw-MgnstfPXmlvQC3TCVv7k3U2ymO7kbpKYsU7kgRQduPephsTBqWgy8JFQl-vFHzYfcGbva-x7CJ_F5GDQGSPYPcqRif9rocM3ZsBbDwyQBMWIgdRc9atVGrk03dCb3EUO1ZTBON1O6M47Zkfcqvn71MOEecyF1-IM-UaRMd9Tk4O8AvB_ll_v3vIVmY1QUe_N-qYK4-mDIEPTFfSN26bkjkul9mYm5OygBhxyKxuTK98SFZk4W4VXPvQOviuHrNOlzn7d4lqsktncz3SIDZwfY_Lwx6-AJz04JDJgpjjPxgD_yZuMngOyFDV_cwZTc0tW1ffBCtgFJQDt8hPrpLzXbU5Cvx4KJes5rl0033eiRUkq8OliWyWH7CMfYwrjR6bXzVb_cNljQSz7bnC2e-9_75RSFW7XOgf_8S6D", "width": 4000 } ], "place_id": "ChIJM7UpRivTD4gRkAMvb87SHew", "rating": 4.1, "reference": "ChIJM7UpRivTD4gRkAMvb87SHew", "scope": "GOOGLE", "types": [ "physiotherapist", "health", "point_of_interest", "establishment" ], "user_ratings_total": 1575.0, "vicinity": "1030 W Chicago Ave, Chicago", "category": "Urgent Care / Walk-in Clinic", "source": "Google Places", "raw_types_str": "physiotherapist, health, point_of_interest, establishment" }, "geometry": { "type": "Point", "coordinates": [ -87.654081, 41.8965164 ] } },
{ "type": "Feature", "properties": { "business_status": "OPERATIONAL", "icon": "https://maps.gstatic.com/mapfiles/place_api/icons/v1/png_71/generic_business-71.png", "icon_background_color": "#7B9EB0", "icon_mask_base_uri": "https://maps.gstatic.com/mapfiles/place_api/icons/v2/generic_pinlet", "international_phone_number": "+1 312-694-2273", "name": "Northwestern Medicine Immediate Care West Loop", "opening_hours": { "open_now": true }, "photos": [ { "height": 1000, "html_attributions": [ "<a href=\"https://maps.google.com/maps/contrib/110682731578549236147\">Northwestern Medicine Immediate Care West Loop</a>" ], "photo_reference": "AcnlKN1lZDHQEmU2ebAPm16swPrIFBf_mWpkF570gg6vDmL_8XPqt9TUarkjSvuKynF3UybjK1trnL2G-4e8PxaW4egEDVOU74FF_f2WlsExM8BVR7veQPdF6X3vm3J_8Ks8wcM2IxUtgNw1oaSALlv_uS4rx-vzcxUo5ufyFnOs9AJTL1QbbHg0lzymiSboPqw-y2p6XL5NDa51of2ju2Ildm6sHy5frtO9hojWgKR7TSvRuKzAdUskFYpDM8PJVP9MXm44XTsP0i_teyautJWn4h-57cCGfNISGyT_Y979FthafSRrgh4", "width": 1500 } ], "place_id": "ChIJTYXiZIgtDogR1FdlfbFf_wM", "rating": 3.1, "reference": "ChIJTYXiZIgtDogR1FdlfbFf_wM", "scope": "GOOGLE", "types": [ "health", "point_of_interest", "establishment" ], "user_ratings_total": 92.0, "vicinity": "171 N Aberdeen St Ste 100, Chicago", "category": "Urgent Care / Walk-in Clinic", "source": "Google Places", "raw_types_str": "health, point_of_interest, establishment" }, "geometry": { "type": "Point", "coordinates": [ -87.6541779, 41.8852638 ] } },
{ "type": "Feature", "properties": { "business_status": "OPERATIONAL", "icon": "https://maps.gstatic.com/mapfiles/place_api/icons/v1/png_71/generic_business-71.png", "icon_background_color": "#7B9EB0", "icon_mask_base_uri": "https://maps.gstatic.com/mapfiles/place_api/icons/v2/generic_pinlet", "international_phone_number": "+1 312-770-2040", "name": "PrimeCare Wicker Park Health Center", "opening_hours": { "open_now": true }, "photos": [ { "height": 6720, "html_attributions": [ "<a href=\"https://maps.google.com/maps/contrib/107550212516853441957\">PrimeCare Wicker Park Health Center</a>" ], "photo_reference": "AcnlKN1pa4XP2CuoS_wLHqhA2y27WA_OoKww3tZDqPamOCv83btP1av6gS6uFkX70e_KMD4Sc34Z0PJypqJPUvV1s4ukBDNy1GF422tlHAJ1LwdusEcgIGsWWDUaHt4GhqqFLU8FNVziuDZ_AMv7BYJrDYXgKd4Hjmb7PerMM4ic8zGEP5kFIN8eGFCGV-OUqHQeCQXoRXQRuEfps_AZgIBn6q4pZr_Rok9CblGP-Mm9cRYXSpLVq2IQiSszhMNtqdw64DhQAGWrcCtWi5PhrfW-iti7sckx7mSqR1K3dWaWQ_tx1_OXb58", "width": 4480 } ], "place_id": "ChIJ0UMaZLHSD4gRQzKk4ufzjQ4", "rating": 2.8, "reference": "ChIJ0UMaZLHSD4gRQzKk4ufzjQ4", "scope": "GOOGLE", "types": [ "health", "point_of_interest", "establishment" ], "user_ratings_total": 40.0, "vicinity": "1127 North Oakley Boulevard 2nd Floor, 1127 N Oakley Blvd FL 3, Chicago", "category": "Primary Care Center – Private / Non-profit", "source": "Google Places", "raw_types_str": "health, point_of_interest, establishment" }, "geometry": { "type": "Point", "coordinates": [ -87.6842742, 41.9016124 ] } },
{ "type": "Feature", "properties": { "business_status": "OPERATIONAL", "icon": "https://maps.gstatic.com/mapfiles/place_api/icons/v1/png_71/hospital-71.png", "icon_background_color": "#F88181", "icon_mask_base_uri": "https://maps.gstatic.com/mapfiles/place_api/icons/v2/hospital-H_pinlet", "international_phone_number": "+1 888-824-0200", "name": "UChicago Medicine Dearborn Station", "opening_hours": { "open_now": true }, "photos": [ { "height": 2826, "html_attributions": [ "<a href=\"https://maps.google.com/maps/contrib/111929145087239449356\">UChicago Medicine Dearborn Station</a>" ], "photo_reference": "AcnlKN0QCOb3iovvo51tzsmEvCvPcUVudcJFy8pJmIAcjaNuG3VCl8nEL3ZAHzWqVphMaXPU-FdjgnwXfDTrg7z2SVMpNLBUgoOeIFivwIk-WOn7pr6dBPTIJJLPr_9a6OXPHWz33kSNR7WURVljcaBruPi1jNmnpE-ZGB9FSv3qFyZkehMusUE096SIASJfo9PDs0V-PCmzMAnKDg9ywhziypqsy9_6L0kgbcCoKeuWJLepqhfPraql8qmpGX6HRU1xoEmqDrQsiyeETi69wv1z0DPp1ZWOxB_M6w4byPIje9tjuMEXE2I", "width": 2954 } ], "place_id": "ChIJ1-AobJcsDogR6YPQ4HmCKic", "rating": 2.4, "reference": "ChIJ1-AobJcsDogR6YPQ4HmCKic", "scope": "GOOGLE", "types": [ "hospital", "health", "point_of_interest", "establishment" ], "user_ratings_total": 54.0, "vicinity": "47 W Polk St # G-1, Chicago", "category": "Primary Care Center – Private / Non-profit", "source": "Google Places", "raw_types_str": "hospital, health, point_of_interest, establishment" }, "geometry": { "type": "Point", "coordinates": [ -87.6293913, 41.872055 ] } },
{ "type": "Feature", "properties": { "business_status": "OPERATIONAL", "icon": "https://maps.gstatic.com/mapfiles/place_api/icons/v1/png_71/generic_business-71.png", "icon_background_color": "#7B9EB0", "icon_mask_base_uri": "https://maps.gstatic.com/mapfiles/place_api/icons/v2/generic_pinlet", "international_phone_number": "+1 312-567-2200", "name": "Insight Hospital and Medical Center - Emergency Room", "opening_hours": { "open_now": true }, "photos": null, "place_id": "ChIJoakHynksDogRHD4PXSghd24", "rating": 3.4, "reference": "ChIJoakHynksDogRHD4PXSghd24", "scope": "GOOGLE", "types": [ "health", "point_of_interest", "establishment" ], "user_ratings_total": 107.0, "vicinity": "2509 S Michigan Ave, Chicago", "category": "Primary Care Center – Private / Non-profit", "source": "Google Places", "raw_types_str": "health, point_of_interest, establishment" }, "geometry": { "type": "Point", "coordinates": [ -87.622711, 41.846573 ] } },
{ "type": "Feature", "properties": { "business_status": "OPERATIONAL", "icon": "https://maps.gstatic.com/mapfiles/place_api/icons/v1/png_71/hospital-71.png", "icon_background_color": "#F88181", "icon_mask_base_uri": "https://maps.gstatic.com/mapfiles/place_api/icons/v2/hospital-H_pinlet", "international_phone_number": "+1 888-824-0200", "name": "UChicago Medicine River East", "opening_hours": { "open_now": false }, "photos": [ { "height": 412, "html_attributions": [ "<a href=\"https://maps.google.com/maps/contrib/114710716786071190622\">Not my business</a>" ], "photo_reference": "AcnlKN3CixyrkPRJ2m1Stp_ytbU-Zm5usahMB_0OsYSkHpiUqD19UQtaOW-pKXd99QBGSp69AKLuCsaMT2Xu-QqYFZ7zRHrLfu6icLEEtrcccGTXpDGMoqRiCsMMmHmz9DCzkvHQ5UWDBGzkH13xdbvFTE5rHA6fWopKSxgBtA2SrbBTChp9qRZrCpT0enSjAymRTzatUQtLgmj5MnsE2OoYnsqC6TeWN9cn2lfID1VQX67SLz67vqc09vBOwA6pvqTPkqV_OEuZhcPB_TEWCtzZ1lABeguVPm_z4yYotAdl858iysV8", "width": 666 } ], "place_id": "ChIJpS8PE4YrDogRSBDp6o9OIu8", "rating": 2.9, "reference": "ChIJpS8PE4YrDogRSBDp6o9OIu8", "scope": "GOOGLE", "types": [ "hospital", "doctor", "health", "point_of_interest", "establishment" ], "user_ratings_total": 67.0, "vicinity": "355 E Grand Ave, Chicago", "category": "Primary Care Center – Private / Non-profit", "source": "Google Places", "raw_types_str": "hospital, doctor, health, point_of_interest, establishment" }, "geometry": { "type": "Point", "coordinates": [ -87.6179301, 41.8916383 ] } },
{ "type": "Feature", "properties": { "business_status": "OPERATIONAL", "icon": "https://maps.gstatic.com/mapfiles/place_api/icons/v1/png_71/hospital-71.png", "icon_background_color": "#F88181", "icon_mask_base_uri": "https://maps.gstatic.com/mapfiles/place_api/icons/v2/hospital-H_pinlet", "international_phone_number": "+1 877-336-5667", "name": "UChicago Medicine - South Loop", "opening_hours": { "open_now": false }, "photos": [ { "height": 3024, "html_attributions": [ "<a href=\"https://maps.google.com/maps/contrib/104197414107712900249\">Kyle Eldridge</a>" ], "photo_reference": "AcnlKN2wU75L5H3YZS2SrERXSiiMmWV2CisNaKv0DeVWeXAa2zw06m3Zi7AbCOXoHuFIlb75v9vwbglHjJL-Peqv1J0xoNFIKjO1zPuiiiltRiGwCp3eOilfzCcmONcCIXXanYBPnjVkvQ7L_vNlsr1NfUbxYWmbRNkTSKJPKKX4OaMEVWPtzTvD5IJrMf6zVMDOXbJV3FhG_Ii6G4EfK-mf7caAadWriu7N1x0qPncqViW8QcBhl5DTOCRi3-pANlaoCJrVANDE8MZK7cxA7wHdUAQdjJrTKC9RDSdeHvQE-9gy3-_hE3E9rJ9zCh4SxgIIaZMDEwRR1dSdG3vkNpAlXrE_YKmrH52kpCQjyUeSy_RWKPBqR7VAnHyMU7lH4sSCs-gZSGKOuUz5JP4lDV5XHbfERsNlfPGPnfNhUKpB5RpkUK3UDdf2_dOa39eQaw6ybpW7dugcbyrjWNkMvIxhqlz9qMFlnSEbHz1YqXt8d_LrC5iDtlKiLWM_ljxSPb_K8uTT1Z95NoXVB_DT2DHslEXEFduiDpUMtKHXYleBTmTLIKZS1c8k0tHQs24o5MKKAs5O79K3", "width": 4032 } ], "place_id": "ChIJTVXuz-wsDogRpMhQOvCtOzM", "rating": 3.5, "reference": "ChIJTVXuz-wsDogRpMhQOvCtOzM", "scope": "GOOGLE", "types": [ "hospital", "doctor", "health", "point_of_interest", "establishment" ], "user_ratings_total": 33.0, "vicinity": "1101 S Canal St Suite 201-202, Chicago", "category": "Primary Care Center – Private / Non-profit", "source": "Google Places", "raw_types_str": "hospital, doctor, health, point_of_interest, establishment" }, "geometry": { "type": "Point", "coordinates": [ -87.6388939, 41.868296699999988 ] } },
{ "type": "Feature", "properties": { "business_status": "OPERATIONAL", "icon": "https://maps.gstatic.com/mapfiles/place_api/icons/v1/png_71/generic_business-71.png", "icon_background_color": "#7B9EB0", "icon_mask_base_uri": "https://maps.gstatic.com/mapfiles/place_api/icons/v2/generic_pinlet", "international_phone_number": "+1 888-663-6331", "name": "One Medical Primary Care Clinic - River North", "opening_hours": { "open_now": false }, "photos": [ { "height": 4032, "html_attributions": [ "<a href=\"https://maps.google.com/maps/contrib/101612149350519171386\">Fergie Liang</a>" ], "photo_reference": "AcnlKN14rs_Vsh5-X1IXpEEmZ5MM4mgOIAS0uC22JJsWe2ZOLehGhc2noUdCZGS708mPf4FYaPURYb988H7_RPJbm8T8-0OT7ex8sqkC2P1m-T-ioUptJMnqRLVUyWdpAqVGWsKUW3MnHvMIhTAgGTgK1UIgaLzKAQZlQx3-g3zccrvU9lZUjcqQnxZYp27AeUH0GAs8OlXw7AsHotOSymM51EgB6FxsWRf3a3IjNdAAN0N_dbDmrcicJetFcUlRb1eNKEXPYFekiqNDT9M_2zQ0Venwldhxr_w6QX61U3T7YwyZRSpQ_w90Plq_GWl1heCGbJng1Q600CuOX-eH6U5RyGbWUUSyDJYvpSBOTZMudNaZQO4WioAsBpL9wvWJaQn_ySD_ph0PcLdOU5Ze63GS1acLf36WtS1FYpHbmEqdpctrDJV1cVah-evedvDO88DSRVEWmvwHN1fCIKhKdjRHyZnUPif6LVy2GkmNdTmBYDQ1lSbHrCFOaAsF9HWgb-zojSjRIQ0qquESGv9uR_XP1R8Jvbyk2aRkTdJF1GV9v17gFV4ywRaXShX5NAGi92_qnG4l276SMJa4zA", "width": 3024 } ], "place_id": "ChIJX2rEQrEsDogRA3tr9lUKDrA", "rating": 4.5, "reference": "ChIJX2rEQrEsDogRA3tr9lUKDrA", "scope": "GOOGLE", "types": [ "hospital", "doctor", "health", "point_of_interest", "establishment" ], "user_ratings_total": 45.0, "vicinity": "415 N La Salle Dr Suite 100, Chicago", "category": "Primary Care Center – Private / Non-profit", "source": "Google Places", "raw_types_str": "hospital, doctor, health, point_of_interest, establishment" }, "geometry": { "type": "Point", "coordinates": [ -87.6321331, 41.8898119 ] } },
{ "type": "Feature", "properties": { "business_status": "OPERATIONAL", "icon": "https://maps.gstatic.com/mapfiles/place_api/icons/v1/png_71/generic_business-71.png", "icon_background_color": "#7B9EB0", "icon_mask_base_uri": "https://maps.gstatic.com/mapfiles/place_api/icons/v2/generic_pinlet", "international_phone_number": "+1 773-254-1400", "name": "Alivio Medical Center", "opening_hours": { "open_now": false }, "photos": [ { "height": 683, "html_attributions": [ "<a href=\"https://maps.google.com/maps/contrib/116974166980217908267\">Alivio Medical Center</a>" ], "photo_reference": "AcnlKN0dAcY_gqJ2V47V5GGVVBM3SVs1wknmhNCvVKablI6o2LNV1FHrWJeEKv0XCDmARMusCyVWli36-wJyLDRtr7kuMmRLK9gtJqvRZ3QiUqh4lpff2Oq5Vy91VXMOXFDedTpuce9xpGiqgCb2XqOI5jKOmuJ3W9krrT8ydFVSdSVcdPRZo03ruopzrmMStmXec_efLHaIZG4IklW_q8e_1akCdpU8uYAUhWFpVUO6cer_6PBBeFusNcRKZmOEKvrmi2adA3N_rfMWsv8LU0dxWNOQQQ-wTugiF2yiUBtzXRP9rGZVoKM", "width": 1024 } ], "place_id": "ChIJD2BGWQotDogRBdHnSsU-9tY", "rating": 2.4, "reference": "ChIJD2BGWQotDogRBdHnSsU-9tY", "scope": "GOOGLE", "types": [ "health", "point_of_interest", "establishment" ], "user_ratings_total": 5.0, "vicinity": "1940 W 18th St, Chicago", "category": "Primary Care Center – Private / Non-profit", "source": "Google Places", "raw_types_str": "health, point_of_interest, establishment" }, "geometry": { "type": "Point", "coordinates": [ -87.6755009, 41.8578548 ] } },
{ "type": "Feature", "properties": { "business_status": "OPERATIONAL", "icon": "https://maps.gstatic.com/mapfiles/place_api/icons/v1/png_71/generic_business-71.png", "icon_background_color": "#7B9EB0", "icon_mask_base_uri": "https://maps.gstatic.com/mapfiles/place_api/icons/v2/generic_pinlet", "international_phone_number": "+1 312-567-2000", "name": "Insight Hospital & Medical Center - Emergency Room", "opening_hours": { "open_now": true }, "photos": [ { "height": 5504, "html_attributions": [ "<a href=\"https://maps.google.com/maps/contrib/111888299678283730956\">Insight Hospital &amp; Medical Center - Emergency Room</a>" ], "photo_reference": "AcnlKN3rTMuCvrwCsw5A_BRMY86yU8fhUduUW12QTzq-nBnp9_tfGoO5gbLkif5MXSqgTSo98dZtoMsoVD8ZOGScsRadFyIFZWYEBKJpNZJl5Yiw7n3CjJHy-RbC4PP5aQ6Nid1BMIceeIyLfRucFn_we_F2-WdqIs4ilk6NdbC2ODTRib6zix_c87RdNn7z6F3-ObrL74NnfLCKdgKwOlg8ks2DSRrsLzBPWE8bHfWfkY-UV_0dopDKH2q_Sb50at-ixu_OyWHuBZim1L4cE5VJFg4Myov80qapnYjG5LGLX-MQ4zi1i-4", "width": 8256 } ], "place_id": "ChIJB3sRFLstDogRXGzHPp0Te80", "rating": 3.7, "reference": "ChIJB3sRFLstDogRXGzHPp0Te80", "scope": "GOOGLE", "types": [ "health", "point_of_interest", "establishment" ], "user_ratings_total": 6.0, "vicinity": "2525 S Michigan Ave, Chicago", "category": "Primary Care Center – Private / Non-profit", "source": "Google Places", "raw_types_str": "health, point_of_interest, establishment" }, "geometry": { "type": "Point", "coordinates": [ -87.6213364, 41.8467816 ] } },
{ "type": "Feature", "properties": { "business_status": "OPERATIONAL", "icon": "https://maps.gstatic.com/mapfiles/place_api/icons/v1/png_71/generic_business-71.png", "icon_background_color": "#7B9EB0", "icon_mask_base_uri": "https://maps.gstatic.com/mapfiles/place_api/icons/v2/generic_pinlet", "international_phone_number": "+1 773-254-1400", "name": "Alivio Medical Center", "opening_hours": { "open_now": false }, "photos": [ { "height": 683, "html_attributions": [ "<a href=\"https://maps.google.com/maps/contrib/102995246691069151100\">Alivio Medical Center</a>" ], "photo_reference": "AcnlKN21Jqvvspx_dqBrcNOvI0Yqt4Q_tH52QKnwe2D1P5A2yxx5qSZRIb0eFSCE7LWYfwfPQlXIpFhKvs_s1osR7LOiGv-9zfQbrh0DkvkWLOtcWqUC2ES5mibp1aB1aXW8n_-Pd-nLPxx4fFaCJ48eSVXcF7abM6BlPFbDmN5Sb--hNvmzJUtN6QyADrW0cRXcm0EiNVXloOyO2QQB2K1gSixJrLDtB85yKNobXafaO_fQaGaINRGjESCx0IrG9ALBR2BOw84sryskza6Kh28EBZuZgasDXbz66mVN6blYfMLwk5ycwig", "width": 1024 } ], "place_id": "ChIJQajbE6ktDogRH8p2ptzNMhg", "rating": 1.8, "reference": "ChIJQajbE6ktDogRH8p2ptzNMhg", "scope": "GOOGLE", "types": [ "doctor", "health", "point_of_interest", "establishment" ], "user_ratings_total": 5.0, "vicinity": "1450 W Cermak Rd, Chicago", "category": "Primary Care Center – Private / Non-profit", "source": "Google Places", "raw_types_str": "doctor, health, point_of_interest, establishment" }, "geometry": { "type": "Point", "coordinates": [ -87.6642485, 41.8525691 ] } },
{ "type": "Feature", "properties": { "business_status": "OPERATIONAL", "icon": "https://maps.gstatic.com/mapfiles/place_api/icons/v1/png_71/generic_business-71.png", "icon_background_color": "#7B9EB0", "icon_mask_base_uri": "https://maps.gstatic.com/mapfiles/place_api/icons/v2/generic_pinlet", "international_phone_number": "+1 312-770-2317", "name": "Presence Saints Mary and Elizabeth Medical Center - Behavioral Health", "opening_hours": null, "photos": [ { "height": 3264, "html_attributions": [ "<a href=\"https://maps.google.com/maps/contrib/103097816064361198688\">Crystal “Crystal”</a>" ], "photo_reference": "AcnlKN1ZVRnZoVWUoInES4Zfd1ouurBT3h7cGl3HFRCPYYfQgv3kMF4el6kTx_X4GlsqOvJr1rRh1DLgVIl22xdyqujHMt5eHvveVX7IVzh9gR66mhXd4FjyFg2G4yq3OSTtEl5Kc5F8l-mW3J1Ul27sSEjc8rXqCBdlFbH9ykm4dVghVKju-wZaRDN5pqZIgAQ1IqW_4ZWiqfiQ3rYNyVrXDA4q6v0kq_SalpTOl9ud7wlc6DouqBMiWb9OEC15DDWp3ScLa4xojzouCvSDzoYo6-qerImxLEx8xG9HWU30mKurMHFlPzNa0E5DPb80BHvoT_g_l4Nps24JTLcH5Z5_WnackcSHPEZZdkbAmKnh5LZ2doWPQk-ymDrgkh0eB3udrIXVP0ZjVYX9F6eGeTIv9WuSWuW3nErnMOe1EPknX5vapSqhTuZyLNoHtZZsd6j32IaqB2gtINEOidht7Ohlps1lgYxoPuRvQhyNRmre4dkY6W1agFbJjgynPOwuwH3qTNmhaqiazZ8bOKOY2WXKYxTz6yT6X9XQbmjWQ0wAw3-73JFB9yqk1TcrrfQzhmaa5ei3Yv1lRLK3x5bEvsEX0OF8AZ5F6g", "width": 2448 } ], "place_id": "ChIJFUSXO7HSD4gRkMPb0fi6jYk", "rating": 2.5, "reference": "ChIJFUSXO7HSD4gRkMPb0fi6jYk", "scope": "GOOGLE", "types": [ "health", "point_of_interest", "establishment" ], "user_ratings_total": 29.0, "vicinity": "1127 N Oakley Blvd #3, Chicago", "category": "Primary Care Center – Private / Non-profit", "source": "Google Places", "raw_types_str": "health, point_of_interest, establishment" }, "geometry": { "type": "Point", "coordinates": [ -87.6843209, 41.9015486 ] } },
{ "type": "Feature", "properties": { "business_status": "OPERATIONAL", "icon": "https://maps.gstatic.com/mapfiles/place_api/icons/v1/png_71/generic_business-71.png", "icon_background_color": "#7B9EB0", "icon_mask_base_uri": "https://maps.gstatic.com/mapfiles/place_api/icons/v2/generic_pinlet", "international_phone_number": "+1 312-942-5000", "name": "Triangle Office Building at Rush", "opening_hours": { "open_now": false }, "photos": [ { "height": 3753, "html_attributions": [ "<a href=\"https://maps.google.com/maps/contrib/107309854798187760465\">Triangle Office Building at Rush</a>" ], "photo_reference": "AcnlKN1cx8SP9IerFzfDVKnPkEetvGSUeRhges473PUSRqZecxv54dYFsLvoGUOcCSPkeVRBExwQ0qTATgl_sMWL33kuGIG8UOd_ff4h5pugDxnHoJPeT31BPVf78QFHsCTApAORM0y1VVHSgTKuhVSaDLMlJeJ0tehL4yaeufO1u57ay8GInmAOTUoKwRwrBInWLGg4cKvobISHKCIbgTe536f4r5uxKvl26oWbMAioQvAQ7i2chirwAGh_fdEIxPfaQRM6Dh5evC-RBSJDLYgPFtbLtangmKDa8mK9PzkRgH5YPY28d0rYrDhZot63DIUp23ldnuxXOxXR5IURlRT9WkNHFd-0Nb8079o8ZuNSkft9IrIII8GFihJbLchkWEcqd867_ipK6j-2whF1-UO-zpwpkiwjbIvS7CS3htLZIQqL5OOKrtmu2P3keOoSjg93cWyM6l6PZ-6nUL6EDl2xKDxQg_grCfAEqfpSQ00YOXriNI1-V0jfurQ2fGntAmXYQUXeJSEatxDJR8eDdVfUa5YiDbLMEXkVkdSGDVAwFfYmxUPc6vYWLnP79ZI5ga1IqELQ8Q", "width": 5629 } ], "place_id": "ChIJYURuPxYtDogRfLZInpgtvoA", "rating": 3.8, "reference": "ChIJYURuPxYtDogRfLZInpgtvoA", "scope": "GOOGLE", "types": [ "doctor", "health", "point_of_interest", "establishment" ], "user_ratings_total": 18.0, "vicinity": "1700 W Van Buren St, Chicago", "category": "Primary Care Center – Private / Non-profit", "source": "Google Places", "raw_types_str": "doctor, health, point_of_interest, establishment" }, "geometry": { "type": "Point", "coordinates": [ -87.6702538, 41.8765291 ] } },
{ "type": "Feature", "properties": { "business_status": "OPERATIONAL", "icon": "https://maps.gstatic.com/mapfiles/place_api/icons/v1/png_71/generic_business-71.png", "icon_background_color": "#7B9EB0", "icon_mask_base_uri": "https://maps.gstatic.com/mapfiles/place_api/icons/v2/generic_pinlet", "international_phone_number": "+1 773-227-3770", "name": "St Mary & Elizabeth Med Center: Jabr Ayman M MD", "opening_hours": { "open_now": false }, "photos": null, "place_id": "ChIJETWJL7HSD4gRu6EN4pCnqTY", "rating": 3.6, "reference": "ChIJETWJL7HSD4gRu6EN4pCnqTY", "scope": "GOOGLE", "types": [ "doctor", "health", "point_of_interest", "establishment" ], "user_ratings_total": 20.0, "vicinity": "Medical Office Building, 2222 W Division St Suite 260, Chicago", "category": "Primary Care Center – Private / Non-profit", "source": "Google Places", "raw_types_str": "doctor, health, point_of_interest, establishment" }, "geometry": { "type": "Point", "coordinates": [ -87.6831819, 41.9034224 ] } },
{ "type": "Feature", "properties": { "business_status": "OPERATIONAL", "icon": "https://maps.gstatic.com/mapfiles/place_api/icons/v1/png_71/generic_business-71.png", "icon_background_color": "#7B9EB0", "icon_mask_base_uri": "https://maps.gstatic.com/mapfiles/place_api/icons/v2/generic_pinlet", "international_phone_number": "+1 312-326-1850", "name": "Cermak Medical Center", "opening_hours": null, "photos": null, "place_id": "ChIJ81KhD3ssDogRXw1Pi5RrjKM", "rating": 1.0, "reference": "ChIJ81KhD3ssDogRXw1Pi5RrjKM", "scope": "GOOGLE", "types": [ "doctor", "health", "point_of_interest", "establishment" ], "user_ratings_total": 1.0, "vicinity": "2413 S State St, Chicago", "category": "Primary Care Center – Private / Non-profit", "source": "Google Places", "raw_types_str": "doctor, health, point_of_interest, establishment" }, "geometry": { "type": "Point", "coordinates": [ -87.6267898, 41.848695 ] } },
{ "type": "Feature", "properties": { "business_status": "OPERATIONAL", "icon": "https://maps.gstatic.com/mapfiles/place_api/icons/v1/png_71/pharmacy-71.png", "icon_background_color": "#F88181", "icon_mask_base_uri": "https://maps.gstatic.com/mapfiles/place_api/icons/v2/pharmacy_pinlet", "international_phone_number": "+1 312-280-1220", "name": "Carnegie Sargent's Pharmacy and Health Center", "opening_hours": { "open_now": false }, "photos": [ { "height": 960, "html_attributions": [ "<a href=\"https://maps.google.com/maps/contrib/110891142908491023872\">Carnegie Sargent&#39;s Pharmacy and Health Center</a>" ], "photo_reference": "AcnlKN3QKOgOcfIpFegXHx7vRr2KI3JaVSojBXoWQLxCQKs0FpVJ1fQd9UC0C0O4ItuHvIljdYAcWbREQL5jAsbn45Mf4ziMF4SzpJ4uI89ixRACTUIbUnxztSHm4NZs_gKcQlLsffOjUvy1xvOqNh7iwuVGZohtfBilw6WXhBdvE4ERRtsb93eH3d00HH6FWfqFYSBlCNvBthwkefslNf9KrWgzq1J0uCGQHSxX_bgKZ6e8fJKNcqdMEy0v9h-e-yamlobykvtqUvfztfnC4zW6KxNtQ92JtnTnFeTzXZqyLe1FISBv7hxkfl0Adit4HXMAOnq8eCxiOb0hgtaCPvqZOzXuz-9xANJ81vMY774tvZveqrTXKOwAr4keZd62jbflVZFolRWYLqEaUmIxliEH20d6ukU8AFfQ72pmy7YcOUhlIB85FtqLGrxDCfPVanIKBVPh9eWtI7R_-cuNYFYzZOSn55ygY4Z-JBEKS_GaFv4XkPkN1Hq4VKg9uKL3yVnrNkpSobz9Hztmh61tH7WWPMc14wKcuVpULqVG3hDPZDnWEKjlpZaSKQ-2KaU8yKK5-4tDJLvL", "width": 1280 } ], "place_id": "ChIJqdKvhVPTD4gRXnzF4U9tovA", "rating": 2.9, "reference": "ChIJqdKvhVPTD4gRXnzF4U9tovA", "scope": "GOOGLE", "types": [ "pharmacy", "health", "point_of_interest", "store", "establishment" ], "user_ratings_total": 93.0, "vicinity": "845 N Michigan Ave #902W, Chicago", "category": "Primary Care Center – Private / Non-profit", "source": "Google Places", "raw_types_str": "pharmacy, health, point_of_interest, store, establishment" }, "geometry": { "type": "Point", "coordinates": [ -87.623097199999989, 41.8980814 ] } },
{ "type": "Feature", "properties": { "business_status": "OPERATIONAL", "icon": "https://maps.gstatic.com/mapfiles/place_api/icons/v1/png_71/pharmacy-71.png", "icon_background_color": "#F88181", "icon_mask_base_uri": "https://maps.gstatic.com/mapfiles/place_api/icons/v2/pharmacy_pinlet", "international_phone_number": "+1 877-737-4636", "name": "Saints Mary and Elizabeth Medical Center - Pharmacy", "opening_hours": null, "photos": null, "place_id": "ChIJFUSXO7HSD4gRHjAfyc8GS1o", "rating": 2.0, "reference": "ChIJFUSXO7HSD4gRHjAfyc8GS1o", "scope": "GOOGLE", "types": [ "pharmacy", "health", "point_of_interest", "store", "establishment" ], "user_ratings_total": 3.0, "vicinity": "2233 W Division St, Chicago", "category": "Primary Care Center – Private / Non-profit", "source": "Google Places", "raw_types_str": "pharmacy, health, point_of_interest, store, establishment" }, "geometry": { "type": "Point", "coordinates": [ -87.6833919, 41.9024816 ] } },
{ "type": "Feature", "properties": { "business_status": "OPERATIONAL", "icon": "https://maps.gstatic.com/mapfiles/place_api/icons/v1/png_71/parking-71.png", "icon_background_color": "#7B9EB0", "icon_mask_base_uri": "https://maps.gstatic.com/mapfiles/place_api/icons/v2/parking_pinlet", "international_phone_number": "+1 312-569-8387", "name": "Jesse Brown VA Medical Center", "opening_hours": null, "photos": [ { "height": 3024, "html_attributions": [ "<a href=\"https://maps.google.com/maps/contrib/117914353846183276632\">svnreyn</a>" ], "photo_reference": "AcnlKN2eVcIurpqQ5tZ_xqondMwdzueLHzlydFmPovJvdOmyGWJIYJoGMONQvbiXdC-KcEf184jSTKwOlCWmzOkHLkPMiOchaZ-J6eFhLpleaaaxvS2Vqbw4TzHf7bjBizI7tXFspYeE1GyyQcMiVP9wFPRB5YQKYfxCp4fh0QlLuRj3BJiUW7bgktqPgz5eaLGyTdRbEXCGnD4ainxeUeE5zhEI0MTv2RdLDmGH0Fw8K5CC5ue5m6w7mN228a7v6RxNREplNhy2XQUlvHBqwU0xfGRpQHhhI2ukApOvvVBh4zrhc_J93dfQMwuNX1T8ohuFwfF60hlkyty7eYdo6gU6C59JFbxaPtbub9wnKscLiviG0FrSov_l55ytnV3UynGDXhlEKdUUt-8xsaRpL4hLL0jbcjYprC3vQvwNBD_ByuQFXA3JF4CU7lj46za7gvdaSaE97OwNRWi0uAEmayzp2yAlxx-4UTySs1ym309ycqxQgwXXIpLLGp0VROuF_mE36GfjOobeo5ULwH5nSyeTDn-c6N2sCC5uGFIAeWZod3F8Jnd5c-gmj2rS3YjskHepF0YfVe8qDnc4yg", "width": 4032 } ], "place_id": "ChIJ2atsxWwtDogRAxjkr6aG0ik", "rating": 4.9, "reference": "ChIJ2atsxWwtDogRAxjkr6aG0ik", "scope": "GOOGLE", "types": [ "parking", "point_of_interest", "establishment" ], "user_ratings_total": 10.0, "vicinity": "820 S Damen Ave, Chicago", "category": "Primary Care Center – Private / Non-profit", "source": "Google Places", "raw_types_str": "parking, point_of_interest, establishment" }, "geometry": { "type": "Point", "coordinates": [ -87.6773905, 41.8706023 ] } },
{ "type": "Feature", "properties": { "business_status": "OPERATIONAL", "icon": "https://maps.gstatic.com/mapfiles/place_api/icons/v1/png_71/generic_business-71.png", "icon_background_color": "#7B9EB0", "icon_mask_base_uri": "https://maps.gstatic.com/mapfiles/place_api/icons/v2/generic_pinlet", "international_phone_number": "+1 312-996-7000", "name": "University of Il Medical Center", "opening_hours": null, "photos": null, "place_id": "ChIJy3hgAhEtDogRx-ZGxSjTtFA", "rating": 5.0, "reference": "ChIJy3hgAhEtDogRx-ZGxSjTtFA", "scope": "GOOGLE", "types": [ "doctor", "health", "point_of_interest", "establishment" ], "user_ratings_total": 1.0, "vicinity": "1740 W Taylor St, Chicago", "category": "Primary Care Center – Private / Non-profit", "source": "Google Places", "raw_types_str": "doctor, health, point_of_interest, establishment" }, "geometry": { "type": "Point", "coordinates": [ -87.670447400000015, 41.8696656 ] } },
{ "type": "Feature", "properties": { "business_status": "OPERATIONAL", "icon": "https://maps.gstatic.com/mapfiles/place_api/icons/v1/png_71/generic_business-71.png", "icon_background_color": "#7B9EB0", "icon_mask_base_uri": "https://maps.gstatic.com/mapfiles/place_api/icons/v2/generic_pinlet", "international_phone_number": "+1 773-847-7878", "name": "Apollo Family Medical Center", "opening_hours": { "open_now": false }, "photos": null, "place_id": "ChIJr7rj_ZwtDogRv0y2JbmnKhY", "rating": 5.0, "reference": "ChIJr7rj_ZwtDogRv0y2JbmnKhY", "scope": "GOOGLE", "types": [ "doctor", "health", "point_of_interest", "establishment" ], "user_ratings_total": 1.0, "vicinity": "2017 S Western Ave, Chicago", "category": "Primary Care Center – Private / Non-profit", "source": "Google Places", "raw_types_str": "doctor, health, point_of_interest, establishment" }, "geometry": { "type": "Point", "coordinates": [ -87.685396, 41.8541821 ] } },
{ "type": "Feature", "properties": { "business_status": "OPERATIONAL", "icon": "https://maps.gstatic.com/mapfiles/place_api/icons/v1/png_71/generic_business-71.png", "icon_background_color": "#7B9EB0", "icon_mask_base_uri": "https://maps.gstatic.com/mapfiles/place_api/icons/v2/generic_pinlet", "international_phone_number": "+1 773-254-1400", "name": "Alivio Medical Center: Van Aalst John J MD", "opening_hours": null, "photos": null, "place_id": "ChIJhQhBWJotDogRlN2MMvmlu5k", "rating": 3.0, "reference": "ChIJhQhBWJotDogRlN2MMvmlu5k", "scope": "GOOGLE", "types": [ "doctor", "health", "point_of_interest", "establishment" ], "user_ratings_total": 2.0, "vicinity": "2355 S Western Ave, Chicago", "category": "Primary Care Center – Private / Non-profit", "source": "Google Places", "raw_types_str": "doctor, health, point_of_interest, establishment" }, "geometry": { "type": "Point", "coordinates": [ -87.6851854, 41.8487555 ] } },
{ "type": "Feature", "properties": { "business_status": "OPERATIONAL", "icon": "https://maps.gstatic.com/mapfiles/place_api/icons/v1/png_71/generic_business-71.png", "icon_background_color": "#7B9EB0", "icon_mask_base_uri": "https://maps.gstatic.com/mapfiles/place_api/icons/v2/generic_pinlet", "international_phone_number": "+1 312-695-5620", "name": "Northwestern Medicine Digestive Health Center", "opening_hours": { "open_now": false }, "photos": [ { "height": 384, "html_attributions": [ "<a href=\"https://maps.google.com/maps/contrib/112944291575108522681\">Northwestern Medicine Digestive Health Center</a>" ], "photo_reference": "AcnlKN1VsipiImPKVWlKuwm4WBLmRrxvjDOR2dcwzv-JsOxq_3Ui2HS1b2AuFcztyiLxohYFM_ZXaPAznMG2jAANabYjRnx3ukOB04I4Ni9VY4unrZxkVVJ84H3Ca0efrIupvcjMsReyUQweJo5whHPHusOGHT5ItuhkAVQn-6-3IOAyl4XoRuxkjYARKOwkwA2_0Fw6tdpTjLalxjDzf84Q-jsTx7qFIcG4e4CpiNvSqKhtF9d5p_PFC_1bw5MFDzNOrNHze0k9Gci_Y-RePP2VgaiejRQ33Svgobsc_UT0-0GS9WLs91bAi9O0A0r-DzN4YkrBsHy0IfE65DC0Rj9HrdpekJoU4z60_evqpZYkklDp6_WDuIB7j2AOjpD55rRWP7HLIPxHVuZSJlw9YRHZSAbLiA_Egpe8HMv1uVn83wyqq11PXdtelr_PezQUFAHJfmiprOSfBBWTfxXT_HrDI1S49i83TgV2oMfY_cTdnf_VI45WmCR8nOJ50Es2jZcOVlhIO7RHLGULMMxpr-tfBiooYqobUkR1sIRSflDVW1gE3i5KKFQtWZLMXGWdrb8JvxdsE9PSsWG6tQ", "width": 650 } ], "place_id": "ChIJHwhP56osDogR-wE5h3cbsII", "rating": 3.1, "reference": "ChIJHwhP56osDogR-wE5h3cbsII", "scope": "GOOGLE", "types": [ "doctor", "health", "point_of_interest", "establishment" ], "user_ratings_total": 31.0, "vicinity": "259 E Erie St 16th Floor, Chicago", "category": "Primary Care Center – Private / Non-profit", "source": "Google Places", "raw_types_str": "doctor, health, point_of_interest, establishment" }, "geometry": { "type": "Point", "coordinates": [ -87.6205882, 41.893907899999988 ] } },
{ "type": "Feature", "properties": { "business_status": "OPERATIONAL", "icon": "https://maps.gstatic.com/mapfiles/place_api/icons/v1/png_71/generic_business-71.png", "icon_background_color": "#7B9EB0", "icon_mask_base_uri": "https://maps.gstatic.com/mapfiles/place_api/icons/v2/generic_pinlet", "international_phone_number": null, "name": "UNIVERSITY OF ILLINOIS MEDICAL CENTER-RADIOLOGY", "opening_hours": null, "photos": null, "place_id": "ChIJyVGNAhEtDogRGXvob3PUaz0", "rating": null, "reference": "ChIJyVGNAhEtDogRGXvob3PUaz0", "scope": "GOOGLE", "types": [ "health", "point_of_interest", "establishment" ], "user_ratings_total": null, "vicinity": "1740 W Taylor St, Chicago", "category": "Primary Care Center – Private / Non-profit", "source": "Google Places", "raw_types_str": "health, point_of_interest, establishment" }, "geometry": { "type": "Point", "coordinates": [ -87.6705172, 41.8693027 ] } },
{ "type": "Feature", "properties": { "business_status": "OPERATIONAL", "icon": "https://maps.gstatic.com/mapfiles/place_api/icons/v1/png_71/generic_business-71.png", "icon_background_color": "#7B9EB0", "icon_mask_base_uri": "https://maps.gstatic.com/mapfiles/place_api/icons/v2/generic_pinlet", "international_phone_number": "+1 312-942-2356", "name": "Fernando Hernandez, MD", "opening_hours": null, "photos": null, "place_id": "ChIJmZCUBhctDogRKr12WtbIzyU", "rating": 3.0, "reference": "ChIJmZCUBhctDogRKr12WtbIzyU", "scope": "GOOGLE", "types": [ "doctor", "health", "point_of_interest", "establishment" ], "user_ratings_total": 4.0, "vicinity": "1725 W Harrison St #843, Chicago", "category": "Primary Care Center – Private / Non-profit", "source": "Google Places", "raw_types_str": "doctor, health, point_of_interest, establishment" }, "geometry": { "type": "Point", "coordinates": [ -87.6701171, 41.8734005 ] } },
{ "type": "Feature", "properties": { "business_status": "OPERATIONAL", "icon": "https://maps.gstatic.com/mapfiles/place_api/icons/v1/png_71/generic_business-71.png", "icon_background_color": "#7B9EB0", "icon_mask_base_uri": "https://maps.gstatic.com/mapfiles/place_api/icons/v2/generic_pinlet", "international_phone_number": "+1 312-842-7117", "name": "Advocate Health Center Sykes: Wozniak Jerry D MD", "opening_hours": null, "photos": [ { "height": 4032, "html_attributions": [ "<a href=\"https://maps.google.com/maps/contrib/113424314030676940237\">A Google User</a>" ], "photo_reference": "AcnlKN2scySMc3tVJKHpMv2Qs9L5D6S4X0-3PLKdAEPu7n7j1d9LkAEtgczllM-ULSWHqtvc-qIBJXmMTpmu-Gs4fsIjIcJHKvLdvZiHBUFLwP5hqtv60aFg5OzDRVy0dkChL7O2oadHlZpqz68Gi_2khmOBQz2j2NoHrxXTt8pvN-SrUhgv907PkTSE-cEVRNRXBe3-QJ-uh3yiadmL8lgcWd_Fm7whIQ1F95dl3fjUufUtEo-qEEWuXpCuSzLXrMme6MYTTi_nK7ZDRVYzEdlYBkaDmE0lkP2g-RlgizD00ZlLlTKaeJcidmYpL60zoXbpK0YBph-yVomGEZ7X-00BQ7pmlcHFHA_VmyJdsJK_S6AqcPuvmZjwa-m1iDUVWDwaf8ob7xEu1ITlIy7GblHRpEJwNnyWAy_loqW2cGMlUrQa-N-jLPOkpF1u8Woshkshk3nI80kfNs3q61CCexDTDnyAZvm8AIsYbOpu2Wfk1ajwhg2r18u7i6tJgNtNUUpDHVsIPLNM5ua3qyaOdKV_AYn7FeaJnM1CUJSL-V2msP_2_3DwgGdoAGB3qprzqltljNqrekSq-3Ujiw", "width": 3024 } ], "place_id": "ChIJX_V53ocrDogRNCMHK9kBTBs", "rating": 2.5, "reference": "ChIJX_V53ocrDogRNCMHK9kBTBs", "scope": "GOOGLE", "types": [ "doctor", "health", "point_of_interest", "establishment" ], "user_ratings_total": 2.0, "vicinity": "2535 S Martin Luther King Dr, Chicago", "category": "Primary Care Center – Private / Non-profit", "source": "Google Places", "raw_types_str": "doctor, health, point_of_interest, establishment" }, "geometry": { "type": "Point", "coordinates": [ -87.61588, 41.846213 ] } },
{ "type": "Feature", "properties": { "business_status": "OPERATIONAL", "icon": "https://maps.gstatic.com/mapfiles/place_api/icons/v1/png_71/generic_business-71.png", "icon_background_color": "#7B9EB0", "icon_mask_base_uri": "https://maps.gstatic.com/mapfiles/place_api/icons/v2/generic_pinlet", "international_phone_number": "+1 773-890-0800", "name": "Knapp Medical", "opening_hours": null, "photos": [ { "height": 916, "html_attributions": [ "<a href=\"https://maps.google.com/maps/contrib/113604607547499243668\">Dennis Knapp</a>" ], "photo_reference": "AcnlKN0R1j7yuBSEiV72nNK73qZn9DRtYtIfqt5hpRWYuIWbaot4tIq0yB6bEaT3e_01T54ahgzQlM038liWfEoNM4T6tKV_DGfVy_AtTB45Ke8ZZnNWKCN0zTZdIPnQtrQKtCdUgjCMI_n7n2WII0qII8o059lbmSOrCegMie6IVkKhmgUE0c_LPBwjAzafwatPIKu1E0t-ULK3c64wigd6FjwGKvdEaYdMZSTNXiGWxefqGpvodJzxyjL90yaH6hfroAsmuHGi8OM7ET-YCNW_CkmBTNa75bLCpzpllSmJFggBRA3NvOx4aezsXb8bNwp3aE9eJIlDC6UVU3cU7TNiYLQeorSXuncb3ezqN_RrbZc8-66axAhApmXbpBQcDQzrSFfcD3BOS5dG4eTwikU4PXK3cGWJCmBXdIXiT1QL3fjQWYP1IOQIs2pzO-O3R5KjNXhtHidhWjTr62vwu7CgmenihQUOs2HSr6S9eOiPfi__537OhKrsbuGBs5BEYcoTQYvB6CHSienjbvwH4xrltdoDtfTGz7AfUm8IYYAAWPdThI_-X3GfhW-yNfw2wxx50Po1MUZvIzmLLw", "width": 1211 } ], "place_id": "ChIJJ0g4rTksDogRR3usf_f5GxY", "rating": 3.7, "reference": "ChIJJ0g4rTksDogRR3usf_f5GxY", "scope": "GOOGLE", "types": [ "doctor", "health", "point_of_interest", "establishment" ], "user_ratings_total": 9.0, "vicinity": "3303 S Halsted St, Chicago", "category": "Primary Care Center – Private / Non-profit", "source": "Google Places", "raw_types_str": "doctor, health, point_of_interest, establishment" }, "geometry": { "type": "Point", "coordinates": [ -87.6459173, 41.8341232 ] } },
{ "type": "Feature", "properties": { "business_status": "OPERATIONAL", "icon": "https://maps.gstatic.com/mapfiles/place_api/icons/v1/png_71/hospital-71.png", "icon_background_color": "#F88181", "icon_mask_base_uri": "https://maps.gstatic.com/mapfiles/place_api/icons/v2/hospital-H_pinlet", "international_phone_number": "+1 858-455-9726", "name": "Full Spectrum Health Integrative Medical Center", "opening_hours": null, "photos": null, "place_id": "ChIJ-3VkUWsH3IAR6q_LGU7Rzyc", "rating": 4.0, "reference": "ChIJ-3VkUWsH3IAR6q_LGU7Rzyc", "scope": "GOOGLE", "types": [ "hospital", "health", "point_of_interest", "establishment" ], "user_ratings_total": 4.0, "vicinity": "122 S. Michigan Ave #1441 Chicago, 60603, 1441 Michigan Ave 122 S, Chicago", "category": "Primary Care Center – Private / Non-profit", "source": "Google Places", "raw_types_str": "hospital, health, point_of_interest, establishment" }, "geometry": { "type": "Point", "coordinates": [ -87.625001, 41.8855975 ] } },
{ "type": "Feature", "properties": { "business_status": "OPERATIONAL", "icon": "https://maps.gstatic.com/mapfiles/place_api/icons/v1/png_71/generic_business-71.png", "icon_background_color": "#7B9EB0", "icon_mask_base_uri": "https://maps.gstatic.com/mapfiles/place_api/icons/v2/generic_pinlet", "international_phone_number": "+1 312-942-5000", "name": "Rush Day Hospital - Rush University Medical Center", "opening_hours": null, "photos": null, "place_id": "ChIJVVUV92otDogRf8MBUBkQNFM", "rating": 5.0, "reference": "ChIJVVUV92otDogRf8MBUBkQNFM", "scope": "GOOGLE", "types": [ "health", "point_of_interest", "establishment" ], "user_ratings_total": 1.0, "vicinity": "Second floor, 2150 W Harrison St, Chicago", "category": "Primary Care Center – Private / Non-profit", "source": "Google Places", "raw_types_str": "health, point_of_interest, establishment" }, "geometry": { "type": "Point", "coordinates": [ -87.6800717, 41.8746624 ] } },
{ "type": "Feature", "properties": { "business_status": "OPERATIONAL", "icon": "https://maps.gstatic.com/mapfiles/place_api/icons/v1/png_71/hospital-71.png", "icon_background_color": "#F88181", "icon_mask_base_uri": "https://maps.gstatic.com/mapfiles/place_api/icons/v2/hospital-H_pinlet", "international_phone_number": "+1 312-996-7000", "name": "University of Illinois at Chicago Medical Center Parking", "opening_hours": null, "photos": [ { "height": 400, "html_attributions": [ "<a href=\"https://maps.google.com/maps/contrib/101167750154498671718\">S. R.</a>" ], "photo_reference": "AcnlKN2V8h5FWkUe88PMqvfIiKfuzX_1Fu9z2luPjO6d0PHIhBbNLhreacFFtMJIerOY5kQGN-wJ3y_E93J3LfF82AXMCMdJE6BYRaRQXuSt6qhWDz4EOPPW3tj9i9X1KkV3HOjRpZzty9Hy_n7Wms1VU5_0LACNKXbSN1DeWzK8BaeaJ3MNPpZAKf09U8lfhAhHXQKHIPl5x_X1wy8IN3-iuBd_Z1pu3f-RzqQlDXZsy1NxPqw8hpKIBBipD38lnri3dzYY8f35sUEtpTNEOPjJe2M5i4L6fxrLCNc1O4OpqcHIoSDAhmVajB4tD5434YPsPYosthgcS4iU3cKddfxomeSfnE3g2RXP8o0ysWlWFdelM1cMDtEmWH-tMqlriOj9E7CbvyGWILjdmGBBL7zOUGP_OdEbdyay4Yo7sCOedw8zRcpI3RiRa_NMoyyTGAwElgpsH4nx2iUcuNg8DjhiBjNUAyeS2nDI2_v9i-rV91lQKK2HQHwLM384Agybtgip7Piz7WWdlmzDNsqNMX98AW-CTUtKHplXJrRUqUgsKIBduaynorlfgaM9YUl_VfbDBIshp_U6", "width": 540 } ], "place_id": "ChIJ2WakSxctDogRo6pNLJlSP2A", "rating": null, "reference": "ChIJ2WakSxctDogRo6pNLJlSP2A", "scope": "GOOGLE", "types": [ "hospital", "health", "point_of_interest", "establishment" ], "user_ratings_total": null, "vicinity": "808 S Wood St #471, Chicago", "category": "Primary Care Center – Private / Non-profit", "source": "Google Places", "raw_types_str": "hospital, health, point_of_interest, establishment" }, "geometry": { "type": "Point", "coordinates": [ -87.6703649, 41.8696584 ] } },
{ "type": "Feature", "properties": { "business_status": "OPERATIONAL", "icon": "https://maps.gstatic.com/mapfiles/place_api/icons/v1/png_71/generic_business-71.png", "icon_background_color": "#7B9EB0", "icon_mask_base_uri": "https://maps.gstatic.com/mapfiles/place_api/icons/v2/generic_pinlet", "international_phone_number": "+1 888-352-7874", "name": "Rush University Medical Center", "opening_hours": null, "photos": null, "place_id": "ChIJGU7DihctDogRXgXEDsZqix8", "rating": null, "reference": "ChIJGU7DihctDogRXgXEDsZqix8", "scope": "GOOGLE", "types": [ "health", "point_of_interest", "establishment" ], "user_ratings_total": null, "vicinity": "1653 W Congress Pkwy, Chicago", "category": "Primary Care Center – Private / Non-profit", "source": "Google Places", "raw_types_str": "health, point_of_interest, establishment" }, "geometry": { "type": "Point", "coordinates": [ -87.6680906, 41.8749026 ] } },
{ "type": "Feature", "properties": { "business_status": "OPERATIONAL", "icon": "https://maps.gstatic.com/mapfiles/place_api/icons/v1/png_71/generic_business-71.png", "icon_background_color": "#7B9EB0", "icon_mask_base_uri": "https://maps.gstatic.com/mapfiles/place_api/icons/v2/generic_pinlet", "international_phone_number": "+1 312-382-8308", "name": "Midwest Express Clinic Urgent Care", "opening_hours": { "open_now": true }, "photos": [ { "height": 4000, "html_attributions": [ "<a href=\"https://maps.google.com/maps/contrib/113653131131515436404\">Midwest Express Clinic Urgent Care</a>" ], "photo_reference": "AcnlKN3zPnKVwkBZSs9vYjZF73OdXpqdFSpL2T_iHWxr7U-Gcl4cT0jQQ0Yqnd6hUXj1vfFyV2lkyTggPk5MQk_Zx9sGZhS8OPhVr23PyvJryHb976bSmRLd_zV9CMzWyxuAu_Q5YSW-mCRoyEUoDPlndK3r6HySHc-uZPedSUxlDfdzh-GqWqUB0wNlv2kdFX58uLbRvi5-uvNvo2xBKHwUtBVtGt2-TlnpYoBoBYxFVjWSydFZlm1sPdk2M-tg1Pueev8uVo2rBgAxSjEnnwKJmnex1tO2b9Ixb0iJLJMRPKfIOZi74co", "width": 6000 } ], "place_id": "ChIJE_HkFcMsDogRD7vNmdDlEEI", "rating": 4.7, "reference": "ChIJE_HkFcMsDogRD7vNmdDlEEI", "scope": "GOOGLE", "types": [ "doctor", "health", "point_of_interest", "establishment" ], "user_ratings_total": 1494.0, "vicinity": "779 W Adams St, Chicago", "category": "Urgent Care / Walk-in Clinic", "source": "Google Places", "raw_types_str": "doctor, health, point_of_interest, establishment" }, "geometry": { "type": "Point", "coordinates": [ -87.6471035, 41.879131 ] } },
{ "type": "Feature", "properties": { "business_status": "OPERATIONAL", "icon": "https://maps.gstatic.com/mapfiles/place_api/icons/v1/png_71/generic_business-71.png", "icon_background_color": "#7B9EB0", "icon_mask_base_uri": "https://maps.gstatic.com/mapfiles/place_api/icons/v2/generic_pinlet", "international_phone_number": "+1 312-566-9510", "name": "Physicians Immediate Care", "opening_hours": { "open_now": true }, "photos": [ { "height": 575, "html_attributions": [ "<a href=\"https://maps.google.com/maps/contrib/105791598263413391853\">Physicians Immediate Care</a>" ], "photo_reference": "AcnlKN23cN4ZRPTtiWst_SktMNO_Uf2uzy5Rey2nC_uuJ4UucTuDR2sbq2QHDQ8o3QUbWM66eO1ssJ89qbwR1X4L2uMz5KFHSKmSdZ0zi6KW-59B5RoJMBdZKHWf5SQ42cAt1SMVpjpS7YzyYmvEsyXT3Zfgqib-78L_Cs8TRSkjteeIVKGLKjmYDYK5yjjT_I9XaIHHNnEILf0CARd7o8zR_6gBtlgx-FKYwdrWBWJCFrSmldc4rqqxs5q70Kfgl1AhSoRTxN3WvW71NuthxDgEP9RIIVSaA9g4Rpk2yEeVjhluD5OUiTs", "width": 1022 } ], "place_id": "ChIJGYD89JksDogRF8tlQj2rvDA", "rating": 4.3, "reference": "ChIJGYD89JksDogRF8tlQj2rvDA", "scope": "GOOGLE", "types": [ "doctor", "health", "point_of_interest", "establishment" ], "user_ratings_total": 1055.0, "vicinity": "825 S State St, Chicago", "category": "Urgent Care / Walk-in Clinic", "source": "Google Places", "raw_types_str": "doctor, health, point_of_interest, establishment" }, "geometry": { "type": "Point", "coordinates": [ -87.6273212, 41.8710701 ] } },
{ "type": "Feature", "properties": { "business_status": "OPERATIONAL", "icon": "https://maps.gstatic.com/mapfiles/place_api/icons/v1/png_71/generic_business-71.png", "icon_background_color": "#7B9EB0", "icon_mask_base_uri": "https://maps.gstatic.com/mapfiles/place_api/icons/v2/generic_pinlet", "international_phone_number": "+1 312-878-1945", "name": "Midwest Express Clinic Urgent Care", "opening_hours": { "open_now": true }, "photos": [ { "height": 2573, "html_attributions": [ "<a href=\"https://maps.google.com/maps/contrib/109669855484647094723\">David Johnsen</a>" ], "photo_reference": "AcnlKN2NNxFg7850ENyJzl7oGbZU2t6JpO0Baw4Kn931DcMqM584OE6TtCHYUV4o9deXy0V0A2nuZJ84KZp51eT6q1XGg4HRUTFYDKTNODCLcXHjtO9gmRyz_R0PeBLzJmpY3kTwVBVdGTH-iV0MATlkNy2K-vvjuy_m9OJphKvvy4bKES_eklVMSWFEhJ9HhaCy_-8ze0vGanaKEyPvfhqwWnnpxt7z0ugt0he0WBv_2Grknb4nItuRkINXs2Q6N3u6uFRhXr4-0TZAJrHwE0N2eVspkZCl-zQpEvmsXH_vsm3ijlswp93AMFDEJKl2QpkwJR1AKWaMt0l9zx33-LgQ-4rJeJ8j_DvsYFYdKO1SZI2vaHlf7Qsm9tH-JYHHcYxakKTmkMIxqHg2ltpFb6wZ2NbL4pZX3Q-4JB6w0uT7-wK31qTAgoUopxquHPN0EGEJJ8t7DNTpKLJauIcbrSynJMSsoMlX8H-z9aBDBw6dUjlAyvDYJB2ORb8YZTZ_2Hv7TgV0dXaIwHpZumPgwH7bjYO-CbpS3w6A3Wf5A1HT4tzxyy0xpJnFweD4k6D3ax0J1Ckb8UaIgxjb4Q", "width": 3409 } ], "place_id": "ChIJH6xCPEvTD4gRWooKEO9N-kk", "rating": 4.7, "reference": "ChIJH6xCPEvTD4gRWooKEO9N-kk", "scope": "GOOGLE", "types": [ "doctor", "health", "point_of_interest", "establishment" ], "user_ratings_total": 1300.0, "vicinity": "219 W Chicago Ave, Chicago", "category": "Urgent Care / Walk-in Clinic", "source": "Google Places", "raw_types_str": "doctor, health, point_of_interest, establishment" }, "geometry": { "type": "Point", "coordinates": [ -87.6350393, 41.8964729 ] } },
{ "type": "Feature", "properties": { "business_status": "OPERATIONAL", "icon": "https://maps.gstatic.com/mapfiles/place_api/icons/v1/png_71/generic_business-71.png", "icon_background_color": "#7B9EB0", "icon_mask_base_uri": "https://maps.gstatic.com/mapfiles/place_api/icons/v2/generic_pinlet", "international_phone_number": "+1 773-702-2273", "name": "Urgent Care at UChicago Medicine River East", "opening_hours": { "open_now": true }, "photos": [ { "height": 822, "html_attributions": [ "<a href=\"https://maps.google.com/maps/contrib/108441450570999253084\">Urgent Care at River East</a>" ], "photo_reference": "AcnlKN2cHfMGJlNymc3c0OFCzJtlUOsDtuHpb2BQK4HILSeyWCXG4lxFXwWjH6kndf7Y1Td34-_LmyathrVMzrZn3mJJlP-fVXhZ1rLQ-3dZsVwdvjLQv_rX9R3VOKCkAt3aE5LVeJiEBKlKY3KhqCBoDu3njdWveRL6BJytW23kHpETTKtwQCn0oXDh5L-uBMdVC0MoUrpxwCz3q1i4da7MyYo-BRGcNcrR1PYrBCUq2ckeh5MCZNu5ih0W7Ibn-TY3rR6fk6kYDdqVdkrKzyQQErpAEOEOy9UzpieBZZ63TmRnci5gwZY", "width": 1334 } ], "place_id": "ChIJK3a_cJsrDogRvlSv21kn9hU", "rating": 3.0, "reference": "ChIJK3a_cJsrDogRvlSv21kn9hU", "scope": "GOOGLE", "types": [ "health", "point_of_interest", "establishment" ], "user_ratings_total": 31.0, "vicinity": "339 E Grand Ave # 1, Chicago", "category": "Urgent Care / Walk-in Clinic", "source": "Google Places", "raw_types_str": "health, point_of_interest, establishment" }, "geometry": { "type": "Point", "coordinates": [ -87.6186906, 41.8916826 ] } },
{ "type": "Feature", "properties": { "business_status": "OPERATIONAL", "icon": "https://maps.gstatic.com/mapfiles/place_api/icons/v1/png_71/generic_business-71.png", "icon_background_color": "#7B9EB0", "icon_mask_base_uri": "https://maps.gstatic.com/mapfiles/place_api/icons/v2/generic_pinlet", "international_phone_number": "+1 312-506-0900", "name": "Physicians Immediate Care", "opening_hours": { "open_now": true }, "photos": [ { "height": 1080, "html_attributions": [ "<a href=\"https://maps.google.com/maps/contrib/103504224846803909789\">Yessie Susanto</a>" ], "photo_reference": "AcnlKN21rRIQxwgcjTC3Xy2rPlBmDW5HMXYACJMIuPUXB8xbEbCkWbiZ8eDmKDXBH8LYt6KlHuvB3UDHYosJZCj9K6eQapnLIL9XOxcMeJGSguhF8eeR-IIWd6yLV-Scl_cIesPyNwWPP2QKDZEmPVDHy_JKw2vhYb5TjRIsj0vZUvgDsYX20qt80UeIa-yB9DQxLLerD3t1XiaA9JEPZza8-JbVW4XI654V7Tfy7yN9zVZFgQ_Xj_hoFBkMPSfszftdvHaoitzt42DFiOWRxRclCx-NVI6hXqQ-JlpcMk5NVHI56a9gu-HwpudxzTK5sKS2NkKJl1wff4pgIJJcpmQDYuORAJMzcSTPdzldFdBRtP1vWvKV2NVqsoaMhpGVEti-MMUP8Chtfdg459lU3q-FF8-e0kH72nhMon3LH5qu6d-dJN8nvd1mxmVk5uqihhoJpq0Teq1CufT8IN2sJIzcZ6kXESc-N9nsPW-BKadPWAO5s2usyqxIzA8zsBAMyvUhEqf5E77eHnWDd3VS5y3NqfiLLhNgeZa39J5EzdHaR06yCGegdNixITWEmPA28dlxFnQWZX2X", "width": 1920 } ], "place_id": "ChIJqZmbZ8EsDogRN1_MBvJSIHw", "rating": 4.4, "reference": "ChIJqZmbZ8EsDogRN1_MBvJSIHw", "scope": "GOOGLE", "types": [ "doctor", "health", "point_of_interest", "establishment" ], "user_ratings_total": 1158.0, "vicinity": "600 W Adams St, Chicago", "category": "Urgent Care / Walk-in Clinic", "source": "Google Places", "raw_types_str": "doctor, health, point_of_interest, establishment" }, "geometry": { "type": "Point", "coordinates": [ -87.6427536, 41.8793983 ] } },
{ "type": "Feature", "properties": { "business_status": "OPERATIONAL", "icon": "https://maps.gstatic.com/mapfiles/place_api/icons/v1/png_71/generic_business-71.png", "icon_background_color": "#7B9EB0", "icon_mask_base_uri": "https://maps.gstatic.com/mapfiles/place_api/icons/v2/generic_pinlet", "international_phone_number": "+1 312-694-2273", "name": "Northwestern Medicine Immediate Care Streeterville", "opening_hours": { "open_now": true }, "photos": [ { "height": 1622, "html_attributions": [ "<a href=\"https://maps.google.com/maps/contrib/109390889823223038529\">Cameron</a>" ], "photo_reference": "AcnlKN2XSkAk_Mhx6BLnyfhhtm06VwU1HjDHATRErWK56AOgFvN_9lGqqRNloVDkuzBQzzBLlvIXDzINlBqs0YlyPvJQj-zNIQhVaYnYEoXJ6pIKX4AWDK9a4Kz6q0Wh4fAyFmE0Yo3H90bujnFqxiBAwAJX374oWwO4tRZPfnk1Li7ox-XixlFFtjS2DeRhe4lZt4XzS6BV5uIs8C5J7VqYvDVRXJFjOk5PhCVUU6PHNW5HdnpGJL1V_MNAkqT8Co1te-cvqbYtu--f6rt30AO02Ds4gRnAhrWEFBu0udgFK-ON4A0BYix29H-HqsebafFLHgQuoHq8866uHki4YfX4t0e6wSiIx5iFwmVYPqGY4YCP_o7PaO4WvPIAAUkvYJbTDdL-Cu4DnktLnxkVIDiOFmiEX3KqwcSJIZ9duhF0GA14sgq9QRanMjz_N6mWgddc-MimHfkozBrxlVTYaH860a25Q50GV7dyXeUFo2n7b8rzcA6qCOk_eI5zHsskdDQTsc_7m1bMXv9lUzecfX_EnuVYa7ZgmzguMbeHXIxtdCNx_ZtySb5FSWItJn7fSObx78tcEw", "width": 2884 } ], "place_id": "ChIJHeRZ6qosDogRLJP0URhja2I", "rating": 3.0, "reference": "ChIJHeRZ6qosDogRLJP0URhja2I", "scope": "GOOGLE", "types": [ "health", "point_of_interest", "establishment" ], "user_ratings_total": 89.0, "vicinity": "635 N Fairbanks Ct, Chicago", "category": "Urgent Care / Walk-in Clinic", "source": "Google Places", "raw_types_str": "health, point_of_interest, establishment" }, "geometry": { "type": "Point", "coordinates": [ -87.619992, 41.8937955 ] } },
{ "type": "Feature", "properties": { "business_status": "OPERATIONAL", "icon": "https://maps.gstatic.com/mapfiles/place_api/icons/v1/png_71/generic_business-71.png", "icon_background_color": "#7B9EB0", "icon_mask_base_uri": "https://maps.gstatic.com/mapfiles/place_api/icons/v2/generic_pinlet", "international_phone_number": "+1 312-694-2273", "name": "Northwestern Medicine Immediate Care South Loop", "opening_hours": { "open_now": true }, "photos": [ { "height": 1192, "html_attributions": [ "<a href=\"https://maps.google.com/maps/contrib/116381080858405923986\">Northwestern Medicine Immediate Care South Loop</a>" ], "photo_reference": "AcnlKN16dvYGYKVwYjwUvVXHKoZKw-UpGne2ntChMkZf2pq6g3jnA1DmrBGx9dXPE6A1c3O0eTHF7avG7qE_uvGlNRec1pQU3KdvsY7rHBOWFIViQPE0oYfKUrzm1gklottHkQnJTbGJ_hBernIgyZnbRbSPU9783Icl13AWwxiLUG5uCfMKCayKiKdcnh2YJenKTnfaUmYJUXofVFafZ9VE5e2WYzE9wuPUamKAzIJpTJYJ6fJRKyhnyKnBaqkLTRuusIoxX_TB1ICDHR7FOje8eCqSowtadwjJvCWB-cZtQqNbIvJ543c", "width": 2119 } ], "place_id": "ChIJcw0JrbktDogR6p_0LdKfssw", "rating": 3.2, "reference": "ChIJcw0JrbktDogR6p_0LdKfssw", "scope": "GOOGLE", "types": [ "health", "point_of_interest", "establishment" ], "user_ratings_total": 65.0, "vicinity": "1135 S Delano Ct Ste B201, Chicago", "category": "Urgent Care / Walk-in Clinic", "source": "Google Places", "raw_types_str": "health, point_of_interest, establishment" }, "geometry": { "type": "Point", "coordinates": [ -87.6320553, 41.8682329 ] } },
{ "type": "Feature", "properties": { "business_status": "OPERATIONAL", "icon": "https://maps.gstatic.com/mapfiles/place_api/icons/v1/png_71/generic_business-71.png", "icon_background_color": "#7B9EB0", "icon_mask_base_uri": "https://maps.gstatic.com/mapfiles/place_api/icons/v2/generic_pinlet", "international_phone_number": "+1 312-694-2273", "name": "Northwestern Medicine Immediate Care River North", "opening_hours": { "open_now": true }, "photos": [ { "height": 540, "html_attributions": [ "<a href=\"https://maps.google.com/maps/contrib/101535166501994357216\">Northwestern Medicine Immediate Care River North</a>" ], "photo_reference": "AcnlKN1stQ6-4PUaMXIDwGFVXSvZwaA2laVGEj6gaiUXpDI0fU87mg-ulkbBZdk-5ibGulzfUp2Wdc6khEbgiQP6q8Bq_VktFcbjOIYY69oEAyO1WqwPm9KXs7MQFGjbL-7mC-3ZEM98L6nQVv55lNrLB54huxRM-lgPI4agyssw9bm-8Dm0i4GpBokxC1SCkNEXkioyi7qeNn7wG0luFa-cxp9jR1tDXtHXPDVU71X-OLJwrDRDZQ75o1I8ICf7zWBuda7boKGpJxcWHEnOYyVjddEmaJMUHfvC5SKUcnK_BGOYCukYzyA", "width": 960 } ], "place_id": "ChIJV_gR3w7QD4gR11GrjUaSCc8", "rating": 3.6, "reference": "ChIJV_gR3w7QD4gR11GrjUaSCc8", "scope": "GOOGLE", "types": [ "health", "point_of_interest", "establishment" ], "user_ratings_total": 171.0, "vicinity": "635 N Dearborn St Ste 100, Chicago", "category": "Urgent Care / Walk-in Clinic", "source": "Google Places", "raw_types_str": "health, point_of_interest, establishment" }, "geometry": { "type": "Point", "coordinates": [ -87.6293631, 41.8935215 ] } },
{ "type": "Feature", "properties": { "business_status": "OPERATIONAL", "icon": "https://maps.gstatic.com/mapfiles/place_api/icons/v1/png_71/generic_business-71.png", "icon_background_color": "#7B9EB0", "icon_mask_base_uri": "https://maps.gstatic.com/mapfiles/place_api/icons/v2/generic_pinlet", "international_phone_number": "+1 773-702-2273", "name": "Urgent Care at UChicago Medicine Dearborn Station", "opening_hours": { "open_now": true }, "photos": [ { "height": 1334, "html_attributions": [ "<a href=\"https://maps.google.com/maps/contrib/115165546994891303048\">Urgent Care at UChicago Medicine Dearborn Station</a>" ], "photo_reference": "AcnlKN3Y787QNfT-VEwP6RTdtQ7N2V5z3d8YcXZkunWcdjo4rd4GpSe2qNuK3LGyatysQGWFtbXSTl8MVn4jcUtYEuVClDP4hxMTIzeH6qwvbX9_KBUp7_I5eheTQL4ALiyTEVFAhBUDiMnNZxI5z6I9bJra5B4_UXNG82_87N5bKi1FGy5ASAmPWY_CJBWeJrzNaqu35UDTDBNZGI4uV2hBpFVroAtZhQPKtJ4J63r5K01cGmxkbT2nKej1iWJ7miykOGCMe__YzlQVsr9AoHhZFF1-pkK5qXAxKwEEWfubO2Hc5dhKX2w", "width": 1406 } ], "place_id": "ChIJhYZhKAstDogRcfhlYJnFXv4", "rating": 3.2, "reference": "ChIJhYZhKAstDogRcfhlYJnFXv4", "scope": "GOOGLE", "types": [ "health", "point_of_interest", "establishment" ], "user_ratings_total": 30.0, "vicinity": "47 W Polk St # G-1, Chicago", "category": "Urgent Care / Walk-in Clinic", "source": "Google Places", "raw_types_str": "health, point_of_interest, establishment" }, "geometry": { "type": "Point", "coordinates": [ -87.629109, 41.8718193 ] } },
{ "type": "Feature", "properties": { "business_status": "OPERATIONAL", "icon": "https://maps.gstatic.com/mapfiles/place_api/icons/v1/png_71/generic_business-71.png", "icon_background_color": "#7B9EB0", "icon_mask_base_uri": "https://maps.gstatic.com/mapfiles/place_api/icons/v2/generic_pinlet", "international_phone_number": "+1 312-663-3522", "name": "South Loop Urgent Care", "opening_hours": { "open_now": true }, "photos": [ { "height": 400, "html_attributions": [ "<a href=\"https://maps.google.com/maps/contrib/106097331925041605570\">South Loop Urgent Care</a>" ], "photo_reference": "AcnlKN1c9nSgdoIjqGJwFSHxhLIAGOyKqibUWBWsddYGuSBYzXWfFcnOSFjwdRu8md07kpgUBpEr6zbtvMOQ6D-N2K4aNzCVPgqOiV6_Md5iL5q2vEWFTuVvbAppYBZBwCtaFROvQNQEH7e1KH8TabfKxwzhQR28PVS8Cv2LjdKM-JJJ9pVp8mV299thHUbvObuvY9V-EjXukZrvgIpJT_8mTtEvfcJV7o65AMVBMegpDGCF9J4k14c_XrYzgssia7fB6rNwxEGkilkbMrCF5EhiQLOeWUjkO775CBg5ThAgEYZSAKTopAQ", "width": 533 } ], "place_id": "ChIJ6ytaoYYsDogRZNxHlcOpBYI", "rating": 4.2, "reference": "ChIJ6ytaoYYsDogRZNxHlcOpBYI", "scope": "GOOGLE", "types": [ "health", "point_of_interest", "establishment" ], "user_ratings_total": 122.0, "vicinity": "1430 S Michigan Ave, Chicago", "category": "Urgent Care / Walk-in Clinic", "source": "Google Places", "raw_types_str": "health, point_of_interest, establishment" }, "geometry": { "type": "Point", "coordinates": [ -87.6242365, 41.863206 ] } },
{ "type": "Feature", "properties": { "business_status": "OPERATIONAL", "icon": "https://maps.gstatic.com/mapfiles/place_api/icons/v1/png_71/generic_business-71.png", "icon_background_color": "#7B9EB0", "icon_mask_base_uri": "https://maps.gstatic.com/mapfiles/place_api/icons/v2/generic_pinlet", "international_phone_number": "+1 312-454-2700", "name": "Rush South Loop", "opening_hours": { "open_now": true }, "photos": [ { "height": 4480, "html_attributions": [ "<a href=\"https://maps.google.com/maps/contrib/108888820327646811569\">Milan Makelarski</a>" ], "photo_reference": "AcnlKN3qBakzQYV5tcd0AiqgqFLRdwZ6LmZf0x90S1WfuHCMYQqHOynJpQjZSUViPpjOj_Vw8I-QRiY6DQF41wiLT-jyYxb0mLGfwjFB7qGkL2017hocCj5vraB0OPpVTzhAXi_rVB57JG0w1HuQNEtSz4EMAOFbfidpILQRwTQGGi8pFrDav_my-TWwKSpeK0H63h_9WbYyIVaVHEiXqnP85vQf7czO5IbFMVsTK8VZ8jJBzo6vquYROvFXqCdfGEGvk4KiyejatBjXyAARRMguRfcSkWO-ps9xhxZfYy4dK07Iy_-ns2TaL9BjOmJeJEMPq-cD3cH2poQVyNWQfHM1qv0_h3_8FY0jZj3Uc12OPcGxsNGam7Yh2YmD1C4Ty4sNFH6gGZcvGoMYJm5GwX53BC9RtMWFpOInwxNlUqNwQdG4KN4aBGx5SDDcivUNuVrKgGFnaocKD9M7CYuPUiOx5gFjgA33iZWFuPkioaqgJDnhR57FIuYZ9hnLOsOidsojw65vXT5p0syE6nnaqYtMJskSR9lOUvqqpum21sj9CpM1Y-t74B8R8Ecs04z654PUSCAjGoDR", "width": 6720 } ], "place_id": "ChIJ1fIW55ktDogRZX42a0ZsA0k", "rating": 4.3, "reference": "ChIJ1fIW55ktDogRZX42a0ZsA0k", "scope": "GOOGLE", "types": [ "health", "point_of_interest", "establishment" ], "user_ratings_total": 265.0, "vicinity": "1411 S Michigan Ave, Chicago", "category": "Primary Care Center – Private / Non-profit", "source": "Google Places", "raw_types_str": "health, point_of_interest, establishment" }, "geometry": { "type": "Point", "coordinates": [ -87.62361, 41.8637299 ] } },
{ "type": "Feature", "properties": { "business_status": "OPERATIONAL", "icon": "https://maps.gstatic.com/mapfiles/place_api/icons/v1/png_71/hospital-71.png", "icon_background_color": "#F88181", "icon_mask_base_uri": "https://maps.gstatic.com/mapfiles/place_api/icons/v2/hospital-H_pinlet", "international_phone_number": "+1 312-977-1185", "name": "Millennium Park Medical Associates", "opening_hours": { "open_now": false }, "photos": [ { "height": 2592, "html_attributions": [ "<a href=\"https://maps.google.com/maps/contrib/116020771058560723111\">David Chad</a>" ], "photo_reference": "AcnlKN154qFMG7dk0vw_D33UtRA3IlkHapPrUnmYeDrrKgzenvrZmifJC-X8BjoqyEdaLn6qyuBupmEcxLJ0euAFnA6FgV502JDneDZIksu-TXtwW4k0l6_dR18ocNwFNjfmBKHhzms0e6B-0oCJrmZJoBdBHnJlEBJfuHjNnDuBTMvgYNKLm4T4Thvh2flI8jvRbJOobikUTS5CGI1q_9Ehltf5m1yIUg8w-thL7Nk8PfsHrqGrJa6eM6-w7DDzCYvkgRyUaSc8Ar6K6LVBp10fscGCWMQ5A6DYLalCHEONgTU8DnhdrWWpL7rlwogEvH2W51P8BKP3csK6ma5vLeJcTSvtMkFpolJV8SyaJGl5gNPaGb4HZDeiauiOLoCJpws_RMulYlcK8TLsN4192d5NRBgiFXGpnAxSOCU9AsFYsLbM3Q7NvPwD_SJS9N3leLJW8CHhUu9v5EmknGrebQWBib_ZZNl9sChLJ1wOvDJNoJZyFNvRhuH6fTU2I-AoFE1ILxpnuB-GBa197uJxc81zMyJkB_lVHIfNTI1AZyA6OLawVS3OJ7yPSB6NNpOeCIsdQ5CmXVV95qXAyA", "width": 1944 } ], "place_id": "ChIJg4i4E6QsDogRDZuXGXG_Ipg", "rating": 4.0, "reference": "ChIJg4i4E6QsDogRDZuXGXG_Ipg", "scope": "GOOGLE", "types": [ "hospital", "doctor", "health", "point_of_interest", "establishment" ], "user_ratings_total": 76.0, "vicinity": "30 S Michigan Ave Ste 500, Chicago", "category": "Primary Care Center – Private / Non-profit", "source": "Google Places", "raw_types_str": "hospital, doctor, health, point_of_interest, establishment" }, "geometry": { "type": "Point", "coordinates": [ -87.6246719, 41.8811416 ] } },
{ "type": "Feature", "properties": { "business_status": "OPERATIONAL", "icon": "https://maps.gstatic.com/mapfiles/place_api/icons/v1/png_71/generic_business-71.png", "icon_background_color": "#7B9EB0", "icon_mask_base_uri": "https://maps.gstatic.com/mapfiles/place_api/icons/v2/generic_pinlet", "international_phone_number": "+1 312-926-2000", "name": "Northwestern Memorial Hospital Arkes Pavilion", "opening_hours": { "open_now": true }, "photos": [ { "height": 1836, "html_attributions": [ "<a href=\"https://maps.google.com/maps/contrib/102721268970555070650\">Scotty Zacher</a>" ], "photo_reference": "AcnlKN0pgm_LW9yjL6zyiLD-2F9dT3P-ey6_x5o6BR6WWDt1kPOrRG5rm59-zx_d3L_0H1y2GTfOX5kt5hyTxw5NJDKRNL-rEYdLhPV74baQYQkCeccPMEQdB5xAtHK1XQe1iSfB8RYrbwgRqI9WNX4T-hMtYu1iFLxhKFpV1k25hDPXD6OlzV23R_gtXzvVS5IU_JP5GHAabRRZU5Dk4l0DDb5SevVnbhwoH-KKsj3lJ557zE_7b-rrmiQ9K2ABT4jyUMO-TKmnq9oaY_ozet4B4PQy5HkooQKn470DomIuVLmx2RiawNWkGIrMHUDIhivPjZ4jR9CR7XHXcySd24HvcbZlyByKtB-kP3oUYcGva_g9P2cJsRkQU4FjxhjTP-u5OLNuTrwVR1PUQeJKRz8LqUI9W8qiSyhW5RJjKWx3oslRxaYY4WAa_jMBuTlPqQ0Qj2EF28FYgElDflJZ75cvEFyqizAw5yzjVrkout67B-Nb_Tqqj3TDvgvSEndK8EpthjNZfOb8o76YMInYzsV3r0V8H--eA8V_oFcmAGRa70ehwj2Dh1V1JTPHPUFbTGsmIA3fFYevX0j89g", "width": 3264 } ], "place_id": "ChIJOR8JT6ssDogRXnSplDn0F8c", "rating": 3.4, "reference": "ChIJOR8JT6ssDogRXnSplDn0F8c", "scope": "GOOGLE", "types": [ "health", "point_of_interest", "establishment" ], "user_ratings_total": 43.0, "vicinity": "676 N St Clair St, Chicago", "category": "Primary Care Center – Private / Non-profit", "source": "Google Places", "raw_types_str": "health, point_of_interest, establishment" }, "geometry": { "type": "Point", "coordinates": [ -87.622954, 41.894598599999988 ] } },
{ "type": "Feature", "properties": { "business_status": "OPERATIONAL", "icon": "https://maps.gstatic.com/mapfiles/place_api/icons/v1/png_71/generic_business-71.png", "icon_background_color": "#7B9EB0", "icon_mask_base_uri": "https://maps.gstatic.com/mapfiles/place_api/icons/v2/generic_pinlet", "international_phone_number": "+1 312-926-2000", "name": "Northwestern Memorial Hospital Galter Pavilion", "opening_hours": { "open_now": true }, "photos": [ { "height": 1512, "html_attributions": [ "<a href=\"https://maps.google.com/maps/contrib/107379592718253800810\">Scott Bright</a>" ], "photo_reference": "AcnlKN32hz0ldPXtQj0xQXhNK-XkJNG6KPMeE5ejd-r74mDTqjQ-J-95IzvcJHSWueJX3QED8GshSnJyuhrvMdgo5OwMnE8che6s9iROLH0_rQfe6k7NG5-5qgFI163QYF9lgcKWn2VQxFdYbFskhcTXXkMcHwGB_KyA9PAo04juP1DohXtIu8u2MzfP7CugZGLbWYRIgvuqdVfV3-nfrZCm16rWSh7BMRIcvN8BDKvnsA2_0gVVXWC6Cl4ZQGHfPqN5o6AqAYuNYM_t9uyQIDCHc68iqO2eJI8zdv-J86kDMcOsrh-5GomevHbY_DoHFFD5ZqxPQog8J_jpmnnDOoUafIw3XNKUQ6We98oZAi7i6wUe8hOLtpdTnx6FABZnR8SWILD0S-HTKtDrHT_NVBxcU61XaDSU6wozxllEzvk_AlnAprlePP17acgh0_Z6FVM8bbr33BzDv8_ZJBka9yztbVhzq4v8xrVa2aZcywbUZIEZ0AA6M-KagcyoDGOYZHWLwjX-1Ye5OumGeAHiB67ObJ2AZhwrCAbCyvL0D8rAxrV7PQkQ6vIeD9Wn1kbSfwe0L6Ru4Kh4", "width": 2688 } ], "place_id": "ChIJYQwLN6ssDogRzzvxTr-5AXs", "rating": 3.9, "reference": "ChIJYQwLN6ssDogRzzvxTr-5AXs", "scope": "GOOGLE", "types": [ "health", "point_of_interest", "establishment" ], "user_ratings_total": 79.0, "vicinity": "675 N St Clair St, Chicago", "category": "Primary Care Center – Private / Non-profit", "source": "Google Places", "raw_types_str": "health, point_of_interest, establishment" }, "geometry": { "type": "Point", "coordinates": [ -87.622299, 41.894519 ] } },
{ "type": "Feature", "properties": { "business_status": "OPERATIONAL", "icon": "https://maps.gstatic.com/mapfiles/place_api/icons/v1/png_71/generic_business-71.png", "icon_background_color": "#7B9EB0", "icon_mask_base_uri": "https://maps.gstatic.com/mapfiles/place_api/icons/v2/generic_pinlet", "international_phone_number": "+1 312-201-1234", "name": "Michigan Avenue Immediate Care", "opening_hours": { "open_now": false }, "photos": [ { "height": 250, "html_attributions": [ "<a href=\"https://maps.google.com/maps/contrib/109002236014017459213\">Michigan Avenue Immediate Care</a>" ], "photo_reference": "AcnlKN011qTjsXlcrjEv2ywUWCDsJLsa2ryS6CepkqWqqyjnvGhBDZw3sXwYKNsMnGnKHQ__QdsFJ_eKnLLTbJWMe8b1HDvLKo11Sms8fw_12TeCRsixb4zBgy6BbeTCp9AiV9gJUYqc3rR60TGKTVPEdSaa3tb3EdFTSwf63fz1a7Yolx5e61A9btD4dCoc1HbzHDrtLVHvYn9UJlgKzIFizSz0bijTlQuXj8fHTeJzpjIjAmTPLEcqpimZSu4RO7ba-lGW1g4cLKsiY01SLKNAy23IsF4fe43qQY5kOkwE5O9jOSRUY1U", "width": 250 } ], "place_id": "ChIJYYypDqQsDogRI1Uv8oN0QLU", "rating": 4.6, "reference": "ChIJYYypDqQsDogRI1Uv8oN0QLU", "scope": "GOOGLE", "types": [ "health", "point_of_interest", "establishment" ], "user_ratings_total": 873.0, "vicinity": "180 N Michigan Ave #1605, Chicago", "category": "Urgent Care / Walk-in Clinic", "source": "Google Places", "raw_types_str": "health, point_of_interest, establishment" }, "geometry": { "type": "Point", "coordinates": [ -87.6249235, 41.885512 ] } },
{ "type": "Feature", "properties": { "business_status": "OPERATIONAL", "icon": "https://maps.gstatic.com/mapfiles/place_api/icons/v1/png_71/hospital-71.png", "icon_background_color": "#F88181", "icon_mask_base_uri": "https://maps.gstatic.com/mapfiles/place_api/icons/v2/hospital-H_pinlet", "international_phone_number": "+1 312-926-2000", "name": "Northwestern Memorial Hospital", "opening_hours": { "open_now": true }, "photos": [ { "height": 2988, "html_attributions": [ "<a href=\"https://maps.google.com/maps/contrib/104645979653557471567\">Matt Howard</a>" ], "photo_reference": "AcnlKN3OtFQgwUXDe7pGQ_FyFPGsYpcE8fkR6wbzhZlnf-zqnO5SMjaW1m6MTtfVWahV-kpDhAgiyAmtA9_WkGXD8LWBSqLHIMWFI9fE0ImcP9NHuGJsiZ7fJda0BS_20en6iUhmOsSsZrX_x8G2M9bdmbxVywPQJE8DdYO8B9Ooxu-lco0V2LHk_GVoYT-3PXdZ9D6oC5f_IMvuGWCbnniI0BhFcrwc1P24F7Zu4QNxeV3mIaEk_ZDc00AKYLtZ-wLrjdLAqO8XDBIG0H2OuQ0qkKfTyrQITFTjxy2JlgADt3S6zHCtouHrF0Y0GPhR4yvvFVz7DbR0lJhS_9zCwJ-ft7KMT8hX43uBIDqAX0drRMU0Lod84fGUm5XOIbDfyuoRQ-mS3dWzr7WNL3MwAyFypAmK0zwdIa8_s0AiwTQfoAM7ohkTFS3yrtTRUs4uQOCOSUJBrKURh0kP6g4pEG-Bt8AIudsu3-oeYWN5xP6fMSx3J4znBhGB6miKbzbVN-omDsNBNYFdcoVf5-ZHJV0wQOdzJSNN8hP3daJmNqIAPadOq9rukaxknAmv1fQH_85GIoo4in4iRi60Fg", "width": 5312 } ], "place_id": "ChIJa7pTLKssDogRN-wo98jjo6A", "rating": 3.5, "reference": "ChIJa7pTLKssDogRN-wo98jjo6A", "scope": "GOOGLE", "types": [ "hospital", "health", "point_of_interest", "establishment" ], "user_ratings_total": 1092.0, "vicinity": "251 E Huron St, Chicago", "category": "Hospital – Private / Non-profit", "source": "Google Places", "raw_types_str": "hospital, health, point_of_interest, establishment" }, "geometry": { "type": "Point", "coordinates": [ -87.621438, 41.8949406 ] } },
{ "type": "Feature", "properties": { "business_status": "OPERATIONAL", "icon": "https://maps.gstatic.com/mapfiles/place_api/icons/v1/png_71/generic_business-71.png", "icon_background_color": "#7B9EB0", "icon_mask_base_uri": "https://maps.gstatic.com/mapfiles/place_api/icons/v2/generic_pinlet", "international_phone_number": "+1 312-994-3000", "name": "Michigan Avenue Primary Care", "opening_hours": { "open_now": false }, "photos": [ { "height": 2048, "html_attributions": [ "<a href=\"https://maps.google.com/maps/contrib/112683740247147410274\">Yolanda Mendieta</a>" ], "photo_reference": "AcnlKN1bmoK59lMXh_2lQl7Dr13d5uBZUU8Ll1mQOZfHIffOWBcCueHVum42579CvocrCB9U6cacSlEGqAAY-9JsYEXkHbiEPzPadTZT1gY_Z34_nfBuZemDhWOr9Vjq94TW-8LCWqmLsuuxFUEx-conIxwhl44b1ZMQjcreUpx0lcOXKmgsTAkiMzxfaF2yjOWvYURtjElIqGmcp1MHCHIAalkZUPT7gUDdmSdCHBLymdRBbWINZ8tvxyIjOeERUeuE4_TdlFZxJTscaGzacK97sXS38cgNGptaTY-aZz6oNJD4pqDRY0Ehk9KtDw9-SOjK9Y1z9Eks8Z07160NKKUmFZLj6WDoKxwCjuxzct_UvZS2_mU5THf50Ps0jLke-vtKuFlVpUxRng56FGkTIhsYVaEoCjipxWe5JB6y47xPwjI1pYP52UNRkDxQxYmsycin8v_rU48mSOYJ5SragIcD7ldck45yVbLA2zQdXWceZdb_TroG0VGCjAJLZ8bNC1WOCtKGzMpWvULJhrXO6h_soP7Pa33gVJhxsmScfc9gt0Z0BTJoguFgx8dDw2CLk0aYsh2dIcvZ5v8UjiY1DO8JEPU3g0o", "width": 1536 } ], "place_id": "ChIJk22ADKQsDogRseb1F38GGrs", "rating": 4.6, "reference": "ChIJk22ADKQsDogRseb1F38GGrs", "scope": "GOOGLE", "types": [ "doctor", "health", "point_of_interest", "establishment" ], "user_ratings_total": 1101.0, "vicinity": "180 N Michigan Ave Suite 1720, Chicago", "category": "Primary Care Center – Private / Non-profit", "source": "Google Places", "raw_types_str": "doctor, health, point_of_interest, establishment" }, "geometry": { "type": "Point", "coordinates": [ -87.624903, 41.8855186 ] } },
{ "type": "Feature", "properties": { "business_status": "OPERATIONAL", "icon": "https://maps.gstatic.com/mapfiles/place_api/icons/v1/png_71/generic_business-71.png", "icon_background_color": "#7B9EB0", "icon_mask_base_uri": "https://maps.gstatic.com/mapfiles/place_api/icons/v2/generic_pinlet", "international_phone_number": "+1 312-926-2000", "name": "Chicago Lake Shore Medical Associates", "opening_hours": { "open_now": false }, "photos": null, "place_id": "ChIJjTP5T6ssDogRnahuaUpcnO4", "rating": 4.2, "reference": "ChIJjTP5T6ssDogRnahuaUpcnO4", "scope": "GOOGLE", "types": [ "point_of_interest", "health", "establishment" ], "user_ratings_total": 6.0, "vicinity": "251 E Huron St, Chicago", "category": "Primary Care Center – Private / Non-profit", "source": "Google Places", "raw_types_str": "point_of_interest, health, establishment" }, "geometry": { "type": "Point", "coordinates": [ -87.62138, 41.8946565 ] } },
{ "type": "Feature", "properties": { "business_status": "OPERATIONAL", "icon": "https://maps.gstatic.com/mapfiles/place_api/icons/v1/png_71/generic_business-71.png", "icon_background_color": "#7B9EB0", "icon_mask_base_uri": "https://maps.gstatic.com/mapfiles/place_api/icons/v2/generic_pinlet", "international_phone_number": "+1 312-926-2000", "name": "Northwestern Memorial Hospital Feinberg Pavilion", "opening_hours": { "open_now": false }, "photos": [ { "height": 2269, "html_attributions": [ "<a href=\"https://maps.google.com/maps/contrib/102689001184186681754\">Roxanne W.</a>" ], "photo_reference": "AcnlKN23mCOk5S6WaO24zsLd9ZgSW72hVU6h3qj-hE7Uj9BCK7tGlXOd7U73ymybX4iIjgEj7urQRlkvou4U1jhRVYRjevpefHwLXAwVRqBxe8tzOtK4eNEByeYCvw_uDMQvNZtl487EFKhXgJzNRSGp8BpqKlOKZ715y938fj8qB3W-HjvO1vb_iPnOCVc9aGPQ09ogCAsp-johcxVx3Bpt9PnLt735K4dJesexYWuTz-VYhC9vLIlEc8rEsTXExejOPQvUIuFS8NKOnKU1jZRPWq0YsEL9wCq66va3oivUumChrGEohm3zC_QWuyDgGC-6EzQ0TGP85d_sR57zyI7Pg20qVk5Fo2n3TADfxTEgb9-sOpvsr5p2OQXgWFH3fpiIPN3Qqwnfp1Q2rGPPBk1H7zoa3JYuyQbnDPJONmlyd39YufK66jZYJO6aQC2Zg7injEdmlXGovuw5tULmJSeY0mGfjXX4Z8b5ArphYpnYOtVPDzSFyMn2yCS0QbcE_Hycxriv6KmAyMz7i8nyuK82yaEA_HibxaY7R9ObWWQLNVYNe5S8_fq6byz1ksMM_MaQ93n7LFe0FmC3Hg", "width": 4033 } ], "place_id": "ChIJPeovOKssDogRF8fXiLsQcuo", "rating": 4.2, "reference": "ChIJPeovOKssDogRF8fXiLsQcuo", "scope": "GOOGLE", "types": [ "point_of_interest", "health", "establishment" ], "user_ratings_total": 48.0, "vicinity": "251 E Huron St Fifth Floor, Suite 704, Chicago", "category": "Primary Care Center – Private / Non-profit", "source": "Google Places", "raw_types_str": "point_of_interest, health, establishment" }, "geometry": { "type": "Point", "coordinates": [ -87.6210491, 41.894624 ] } },
{ "type": "Feature", "properties": { "business_status": "OPERATIONAL", "icon": "https://maps.gstatic.com/mapfiles/place_api/icons/v1/png_71/generic_business-71.png", "icon_background_color": "#7B9EB0", "icon_mask_base_uri": "https://maps.gstatic.com/mapfiles/place_api/icons/v2/generic_pinlet", "international_phone_number": "+1 312-926-2000", "name": "Northwestern Memorial Hospital Olson Pavilion", "opening_hours": { "open_now": true }, "photos": [ { "height": 4032, "html_attributions": [ "<a href=\"https://maps.google.com/maps/contrib/111979177856203832559\">Steven Balke</a>" ], "photo_reference": "AcnlKN05oZoL3lVrVxGO4KSMhCSBI4qt9XpMB4S3WCpkbEhivqFPiN-z0yOneTzO1K2znYeQj_zBpIV8ycV71zZwavBlzDL4v_f0UgVDyMdl_uHBwQF1JYYJxJI7xa4_kwzfF4DOx4XHgSbpe-cxsC6T-mNnTLm2sM9kotRpbnVMYIvVsfuRH5DUgvdAuF5buNgnOBs9ytqr6Egy07WUsGiwaMi2xR4ETysHAuL4oB67CIIyv6dDfidVDeo6OEzB-q2tAenKX1GRW2nKcdby9pdDfZfHYByE8Wfurff4Ukcftl2ympZH2sknehrox_gxKhlhA3FNPBz9quwjonb_dKaU-ToCr8jYx_Vcl39kFSfvY_faub8LF7F76dVm8Ol4S5LqkeXhYw7DDBlJgCn5QPeGrhbfYS-dMyEdJqy4Dv7g3TvKtGhiUPEFsREDjM1x8_ZL1QvwYSfZpW_EjZQ4dmU50Nu-r5lStx6IpNKTCcsYGblEjUTfVbu0jsTt_3ertLzZghZa91rf2LMgc_dS6ni-OJ0kTQaOthUD51FIGz0xBLkSpRIu689xhra-fugK2Rm1JdakoE8MqzPO7g", "width": 2268 } ], "place_id": "ChIJQVXnLlXTD4gRxJ4K6DJA2SM", "rating": 3.6, "reference": "ChIJQVXnLlXTD4gRxJ4K6DJA2SM", "scope": "GOOGLE", "types": [ "point_of_interest", "health", "establishment" ], "user_ratings_total": 8.0, "vicinity": "710 N Fairbanks Ct, Chicago", "category": "Primary Care Center – Private / Non-profit", "source": "Google Places", "raw_types_str": "point_of_interest, health, establishment" }, "geometry": { "type": "Point", "coordinates": [ -87.6207202, 41.8955286 ] } },
{ "type": "Feature", "properties": { "business_status": "OPERATIONAL", "icon": "https://maps.gstatic.com/mapfiles/place_api/icons/v1/png_71/generic_business-71.png", "icon_background_color": "#7B9EB0", "icon_mask_base_uri": "https://maps.gstatic.com/mapfiles/place_api/icons/v2/generic_pinlet", "international_phone_number": "+1 773-834-4150", "name": "University Of Chicago Medicine", "opening_hours": null, "photos": [ { "height": 4000, "html_attributions": [ "<a href=\"https://maps.google.com/maps/contrib/106550245055113710309\">Sarah Smith</a>" ], "photo_reference": "AcnlKN2BZmRszFZHUzepe9ttF-c3RZiBq91SkeklG9PtECZlCkYjj6SqBpddSj463Dr8-sYMpuX7FoWAGvgnmtxIJ3p-zud0UEjAIThbU5qnkDvvWN5LtYC0FqYlxGS7VUexKBLyWLpANjKWOsHAztHgwy5pS5QLBYixqLLacNBCWahcfVP_a6ZxxKermXyyDIqfimSwSTJCOmloO43xNI3VLymbAqD3CB0Ja85jDYHSWGPRDPBcWenLJk8cRYJRMgBCbCY1vyqwdUmY5D2oVsiiPqOXxUypvvpTomMGlVd5jfNRn04F2hdhw_jNCPgL-scxShGPr2BQL9nH5xRwLB6ni97uFrDYTClqafnCbhrZmbkqiJz0mgNHH1o5g-29YWgMdL5Kzjgz08dcXzLkkrkuSk_OQaYmSxNK94UAXhFs4iKjcLc_NPlrPAgzpZJOJj8_ItTg23huDhZXue-vlKMODKNg9lxIgMVZmI5I6O5uNj7EeqW1AinL6NQkp6TEI-h3xEDxOQEQF4_MWT76DNfcp1S2pEYe67f01I74wSCWHQBQE2BPbrJavdGjv1KptVm5QS2Gwg", "width": 3000 } ], "place_id": "ChIJwW-sVassDogRPYp6z2BSK78", "rating": 3.4, "reference": "ChIJwW-sVassDogRPYp6z2BSK78", "scope": "GOOGLE", "types": [ "hospital", "point_of_interest", "health", "establishment" ], "user_ratings_total": 5.0, "vicinity": "355 E Grand Ave, Chicago", "category": "Primary Care Center – Private / Non-profit", "source": "Google Places", "raw_types_str": "hospital, point_of_interest, health, establishment" }, "geometry": { "type": "Point", "coordinates": [ -87.6179301, 41.8916383 ] } },
{ "type": "Feature", "properties": { "business_status": "OPERATIONAL", "icon": "https://maps.gstatic.com/mapfiles/place_api/icons/v1/png_71/hospital-71.png", "icon_background_color": "#F88181", "icon_mask_base_uri": "https://maps.gstatic.com/mapfiles/place_api/icons/v2/hospital-H_pinlet", "international_phone_number": "+1 312-276-1212", "name": "Raby Institute for Integrative Medicine", "opening_hours": { "open_now": false }, "photos": [ { "height": 2592, "html_attributions": [ "<a href=\"https://maps.google.com/maps/contrib/110703520038261397481\">Raby Institute for Integrative Medicine</a>" ], "photo_reference": "AcnlKN0-lU3aEMVAI__YEh8e3wkxm4gBUIL1lGfWKZo8pYAGmKxbuV7NSkhJsPf5QBey5_VhrFXhH9NXBEj8OnGzsu65OBdqil6V0UJJhBi4nz1dkUsuJUTfD4coRx16rZKh-EOixL5ZMggd6x_M3exQZ0uSpKsIrcQrHLjTkBZ66BZDWoDTAVTdTPvQnvMgal99tGpr7D9sdKvOF6vrwfQ3lPSOz_UEN-07aQhiu_CwGypbfCfY1LwKhuljlRTU69P2iFtO0kTn9_qONVQlqU1D4gGz0QcfQRWGRz4ZDhHmY28onRS-NqA", "width": 3872 } ], "place_id": "ChIJB2YtIqssDogR5N5ZlKExCLA", "rating": 4.2, "reference": "ChIJB2YtIqssDogR5N5ZlKExCLA", "scope": "GOOGLE", "types": [ "hospital", "point_of_interest", "health", "establishment" ], "user_ratings_total": 214.0, "vicinity": "500 N Michigan Ave #2100, Chicago", "category": "Primary Care Center – Private / Non-profit", "source": "Google Places", "raw_types_str": "hospital, point_of_interest, health, establishment" }, "geometry": { "type": "Point", "coordinates": [ -87.6244354, 41.891090299999988 ] } },
{ "type": "Feature", "properties": { "business_status": "OPERATIONAL", "icon": "https://maps.gstatic.com/mapfiles/place_api/icons/v1/png_71/hospital-71.png", "icon_background_color": "#F88181", "icon_mask_base_uri": "https://maps.gstatic.com/mapfiles/place_api/icons/v2/hospital-H_pinlet", "international_phone_number": "+1 888-584-7888", "name": "Loyola Hepatology Clinic - Mercy Medical at Dearborn Station", "opening_hours": null, "photos": null, "place_id": "ChIJFakjbJcsDogRIHpr-3byfxk", "rating": 1.0, "reference": "ChIJFakjbJcsDogRIHpr-3byfxk", "scope": "GOOGLE", "types": [ "hospital", "point_of_interest", "health", "establishment" ], "user_ratings_total": 1.0, "vicinity": "47 W Polk St # G-1, Chicago", "category": "Primary Care Center – Private / Non-profit", "source": "Google Places", "raw_types_str": "hospital, point_of_interest, health, establishment" }, "geometry": { "type": "Point", "coordinates": [ -87.6290497, 41.8717626 ] } },
{ "type": "Feature", "properties": { "business_status": "OPERATIONAL", "icon": "https://maps.gstatic.com/mapfiles/place_api/icons/v1/png_71/school-71.png", "icon_background_color": "#7B9EB0", "icon_mask_base_uri": "https://maps.gstatic.com/mapfiles/place_api/icons/v2/school_pinlet", "international_phone_number": "+1 312-503-7975", "name": "McGaw Medical Center of Northwestern University", "opening_hours": null, "photos": [ { "height": 4032, "html_attributions": [ "<a href=\"https://maps.google.com/maps/contrib/111979177856203832559\">Steven Balke</a>" ], "photo_reference": "AcnlKN25SV8gKCkGGhUfX7K8cLIdZCEAE6MpiGBcnV4fVCBgeKcjOliauU4VwKlHbGZkKvMa6oYRPVTM4QlC8mn7dJOrYyiIV1XS-POQ9AG1WjjX-cgXkjJdbtxYiFMqR7KqGmhiTr4JA94Oj-klw6a5_7iGCXpJvgpqxdAQFtZbFrZmnxlQ7r77ir9CDT47nXV2lk3YPG_H8nIGMDA_xsRIyp2cnIzHpEHuv5GjEvVEUok84mUJaSQ9xDjDg0jRtbvZVUE0BCUN-KORWnsaMmHGJXB1Yl89dZzvIAnM3ehVPxaglniv1DqR87cKVhXwJdaL7gCm2rTEuaULBvIbi9X8zbAokkRe8wel82kikHMo4p4MEZR2gU055ERiB7C54cJfxHwtYRItRH80qjH4TZ88TXMhsbEkeJuTlpR2veDF_FaX2jAb560t0m9nxyQH38rfgkAFe1Th1CoOEM5R21tm7bMifwgK0ABq_wV5cFzWeO_uyCUdeb7Hp7-Icf7hhiyp74ypFHgrFkj9-SX98bLsuJxffnFvgM8nFNDAEQXkTV-Yrj6JMxSnSMnYEf-cCNmEp-zlPIC7", "width": 2268 } ], "place_id": "ChIJl0W7xKrUD4gRV90fAz2Z-_c", "rating": 5.0, "reference": "ChIJl0W7xKrUD4gRV90fAz2Z-_c", "scope": "GOOGLE", "types": [ "point_of_interest", "health", "establishment" ], "user_ratings_total": 3.0, "vicinity": "420 E Superior St STE 9-900, Chicago", "category": "Primary Care Center – Private / Non-profit", "source": "Google Places", "raw_types_str": "point_of_interest, health, establishment" }, "geometry": { "type": "Point", "coordinates": [ -87.6168732, 41.8961098 ] } },
{ "type": "Feature", "properties": { "business_status": "OPERATIONAL", "icon": "https://maps.gstatic.com/mapfiles/place_api/icons/v1/png_71/generic_business-71.png", "icon_background_color": "#7B9EB0", "icon_mask_base_uri": "https://maps.gstatic.com/mapfiles/place_api/icons/v2/generic_pinlet", "international_phone_number": "+1 872-215-3198", "name": "Rush Urgent Care - River North", "opening_hours": { "open_now": true }, "photos": [ { "height": 1125, "html_attributions": [ "<a href=\"https://maps.google.com/maps/contrib/108197938438366429426\">Rush Urgent Care - River North</a>" ], "photo_reference": "AcnlKN28IdkgVT36O_aoJU_-vFnyhoipPDvoomW3PTzjIWb8-vlmoLxmgKx3tuCRBHEQTuBPvnkVFRDM836TjxpGFrun6CnfXkhUueQjPvC6Y4Y4SUYZzB8LBmO3saohwipV6sd6qiR0S26Vtqz2nln4VeZz3QN6X1P4QlN-JCZjJo6AupQyU1A2xvyH7q6QKVNlbqHm2jRFe0CFvs-kIijr8Xah8c3gYzyw4HVT-URta6SNhyA0FOXqYC_dIiOq9bU9MUYviJ0sMz8iPnonBr69dlCplF4JXfEqlQyVYNCCGvjtEx_KJ1g", "width": 1999 } ], "place_id": "ChIJAdOLqUUtDogR_QlFdnwlz7A", "rating": 2.6, "reference": "ChIJAdOLqUUtDogR_QlFdnwlz7A", "scope": "GOOGLE", "types": [ "point_of_interest", "health", "establishment" ], "user_ratings_total": 33.0, "vicinity": "539 N Dearborn St, Chicago", "category": "Urgent Care / Walk-in Clinic", "source": "Google Places", "raw_types_str": "point_of_interest, health, establishment" }, "geometry": { "type": "Point", "coordinates": [ -87.6294418, 41.8918946 ] } },
{ "type": "Feature", "properties": { "business_status": "OPERATIONAL", "icon": "https://maps.gstatic.com/mapfiles/place_api/icons/v1/png_71/generic_business-71.png", "icon_background_color": "#7B9EB0", "icon_mask_base_uri": "https://maps.gstatic.com/mapfiles/place_api/icons/v2/generic_pinlet", "international_phone_number": "+1 866-389-2727", "name": "MinuteClinic at CVS", "opening_hours": { "open_now": true }, "photos": [ { "height": 608, "html_attributions": [ "<a href=\"https://maps.google.com/maps/contrib/101646759717175666791\">MinuteClinic at CVS</a>" ], "photo_reference": "AcnlKN2OWshdbVeFqFhnIlTlfsRHHtC-s8JJ7nUEy65XyMNfGzkvzVMbWBccJ61Bn2nufnVhB1u45qX0Xnx--xq8pakQthfZUXCoufEIQDh3ayR89lbB5d0MHnUWl1S4okOzdqhuQTOAGTgxI2IOS27qqI0IbPk9fIMmTsQ4OHuWKKyKH0ZA5LVa9HPdCa3n50HljcTnEW9Pwi8tF39oA66QDFe9MJ4jO0aX_UmrdhlyYK6UqGBa6vuQhr_76DUzYhZqr3zO2TAhuxyhgennyGk5DWLVs4t2EurWA_7BbKC9zzOHAJNzZsY", "width": 1080 } ], "place_id": "ChIJ546PDk_TD4gR4Ww7NJPkst0", "rating": 3.6, "reference": "ChIJ546PDk_TD4gR4Ww7NJPkst0", "scope": "GOOGLE", "types": [ "point_of_interest", "health", "establishment" ], "user_ratings_total": 32.0, "vicinity": "1165 N Clark St, Chicago", "category": "Primary Care Center – Private / Non-profit", "source": "Google Places", "raw_types_str": "point_of_interest, health, establishment" }, "geometry": { "type": "Point", "coordinates": [ -87.6311686, 41.9036296 ] } },
{ "type": "Feature", "properties": { "business_status": "OPERATIONAL", "icon": "https://maps.gstatic.com/mapfiles/place_api/icons/v1/png_71/generic_business-71.png", "icon_background_color": "#7B9EB0", "icon_mask_base_uri": "https://maps.gstatic.com/mapfiles/place_api/icons/v2/generic_pinlet", "international_phone_number": "+1 866-389-2727", "name": "MinuteClinic", "opening_hours": { "open_now": true }, "photos": [ { "height": 608, "html_attributions": [ "<a href=\"https://maps.google.com/maps/contrib/115810182647953443952\">MinuteClinic</a>" ], "photo_reference": "AcnlKN118baFJHp9yTAUNiS3vlIuYap7ywEqDyBGGimZswdFObH8uvmpzuVjlRDnPlxrVFipe3Fox0VYKH_jESczW0hQUhbXmsutXYK72rsbfSTfe2BZSbdSBx7ypoO5GBFshlb1eIPgSnebSoQEwUcNH89hErX7NyTap6wzxzCHviEOAGq5xm5zJDDRvktIv9lZzlg56fXzqRHy4vmqZuvGY5xSt40VXlQzIh9g_VQfIieoSkrPBOSaJ6Zw3V7Rcs57Ky4TTBSz0UvTE1qynNiGbQ0LnGQAP7AWtSq36PAKo22KOVdlm3s", "width": 1080 } ], "place_id": "ChIJQcCKTZAsDogRfKQ3pzMg98w", "rating": 2.8, "reference": "ChIJQcCKTZAsDogRfKQ3pzMg98w", "scope": "GOOGLE", "types": [ "point_of_interest", "health", "establishment" ], "user_ratings_total": 45.0, "vicinity": "1154 S Clark St, Chicago", "category": "Primary Care Center – Private / Non-profit", "source": "Google Places", "raw_types_str": "point_of_interest, health, establishment" }, "geometry": { "type": "Point", "coordinates": [ -87.6311449, 41.8681654 ] } },
{ "type": "Feature", "properties": { "business_status": "OPERATIONAL", "icon": "https://maps.gstatic.com/mapfiles/place_api/icons/v1/png_71/generic_business-71.png", "icon_background_color": "#7B9EB0", "icon_mask_base_uri": "https://maps.gstatic.com/mapfiles/place_api/icons/v2/generic_pinlet", "international_phone_number": "+1 630-527-3645", "name": "Endeavor Health Walk-In Clinic - Elmhurst", "opening_hours": { "open_now": true }, "photos": [ { "height": 2240, "html_attributions": [ "<a href=\"https://maps.google.com/maps/contrib/103116805771632570600\">Chris Bolinao</a>" ], "photo_reference": "AcnlKN04JvbYJnXp_EQARi_K0OjMszanotcGXnMZ8uqldEY5DJCA7-dT0UdUo3-CKeNKv05bwvJ5ZcnCD4fNYZl0YMrCbxU-ABUF5rr8wZBbT3gpg2tHPrDqYVXNmmSAMKbz9PbaYvrDwoZ6-UHC06mp9rfkZuvuhIemOCcwIQpOuGxohJgfHjz0sScKAKgErEXMn-IRE8HV7EzpWXZEOEk3b0XlzgTFmphMEWPVIcDR1w1NME8pGNCaZxB0KGI5G6AU9ebNS98oOC5TuAj9Dhq_F3IewVxdRnmXaBuGWwTabAkVtdI05KLd3Nj22yYPllIvdNLfVtEQaylAJBOWiWVr7JM99S2JqhLsCVmB3SIK8XF8cA-hxmjzsUACE29h1mYqsD59kwJ05c5nu0z-t36sybkV_h4Pus3vQIpm0oDsFkuvZB_G1jZ_jxJBE-JolbYjwBi5kcKFTddfk543GlTyGRialqN20LvfVJV2dw4Y1BlLYUbG4WQPtTPhvs9ByDHXLtOOMyh77CoFIiMrw-2MK88Bw3Y8_mg-bzGxUulcpj8122WSua_OeQKO_-wD6k9SRdNSw4hQ", "width": 3360 } ], "place_id": "ChIJmTB57FazD4gRnqA3vBFrWQ0", "rating": 4.5, "reference": "ChIJmTB57FazD4gRnqA3vBFrWQ0", "scope": "GOOGLE", "types": [ "point_of_interest", "health", "establishment" ], "user_ratings_total": 176.0, "vicinity": "755 N York St, Elmhurst", "category": "Primary Care Center – Private / Non-profit", "source": "Google Places", "raw_types_str": "point_of_interest, health, establishment" }, "geometry": { "type": "Point", "coordinates": [ -87.939366, 41.9220238 ] } },
{ "type": "Feature", "properties": { "business_status": "OPERATIONAL", "icon": "https://maps.gstatic.com/mapfiles/place_api/icons/v1/png_71/generic_business-71.png", "icon_background_color": "#7B9EB0", "icon_mask_base_uri": "https://maps.gstatic.com/mapfiles/place_api/icons/v2/generic_pinlet", "international_phone_number": "+1 331-221-9001", "name": "Edward-Elmhurst Health Center - 429 N York", "opening_hours": { "open_now": true }, "photos": [ { "height": 4000, "html_attributions": [ "<a href=\"https://maps.google.com/maps/contrib/117345708500704748392\">John Schuster</a>" ], "photo_reference": "AcnlKN2JFb9P3_naDgfJk89Qy_2Qo1BtWTfc16C8F0N-sNdi5iRLC2HaPPBnOtzwwhMZY3qu4Uof-joD865SgVJq-1jfeXDZuwow9wE24Abu72lIdhZaRCRIEcOnfxJvawHvB1jhjU7QVXotLa6zjsPAFvZIbknDaafjlwtXO2cXXUJ78NFZ8l0BeYWLoP8FFZhgmY8QcC8kQ0FfHK84-wgmdEwyWEsUXoMQAR64iLQeU-o_ewBJZ2L8Q1J2ba8GwT8OfGGJtvCCA8cb68xcFf0xHEGSbtIZ-8FO60nxGAqZ4g52vHJt6NJq1h9-n4bEnlZBaLU2gQUjecY249j0QyNhHJNN5Xq25YqEv1lK62H_Jet9doOa3ealciLh4XG2_vv4WsjEc4665RBs7SRuZGU4KW1yJn-l1v7hBZ1AMbRnLJZ0VnT4NZM2VOKeyd-6I3makme9n-EFSi9wLuvSUZ0UStdTHF0CKDZXI-pmoi8fYV7iU19NsQtnIAiIwBz9z8T74wtUe9z-nuFC8sQGcUocDLxwFvGUjVaaBMFboTfjE5sQAkAMEdw9KCKSwny07o30ES1752tUXcwBwg", "width": 6000 } ], "place_id": "ChIJyU6ap1CzD4gRGDhX0qKsK2I", "rating": 4.3, "reference": "ChIJyU6ap1CzD4gRGDhX0qKsK2I", "scope": "GOOGLE", "types": [ "point_of_interest", "health", "establishment" ], "user_ratings_total": 33.0, "vicinity": "429 N York St, Elmhurst", "category": "Primary Care Center – Private / Non-profit", "source": "Google Places", "raw_types_str": "point_of_interest, health, establishment" }, "geometry": { "type": "Point", "coordinates": [ -87.9395589, 41.911082 ] } },
{ "type": "Feature", "properties": { "business_status": "OPERATIONAL", "icon": "https://maps.gstatic.com/mapfiles/place_api/icons/v1/png_71/hospital-71.png", "icon_background_color": "#F88181", "icon_mask_base_uri": "https://maps.gstatic.com/mapfiles/place_api/icons/v2/hospital-H_pinlet", "international_phone_number": "+1 708-681-3200", "name": "Gottlieb Memorial Hospital", "opening_hours": { "open_now": true }, "photos": [ { "height": 380, "html_attributions": [ "<a href=\"https://maps.google.com/maps/contrib/115560348649136438676\">Gottlieb Memorial Hospital</a>" ], "photo_reference": "AcnlKN2GhEatl15J9FfSxnzKFCHaKylyTe9aC9nDhrbs3mf4Htnai59EC55E7t-gFFGXcUKWBmQQi6Y1oi3vV4J-gH2wrxJM8AUSInEzFuJ7JwYoZuZi3sT1qOJBgrkdtsDsEt8RdiHUZYP6ow3az7zApfhhxW_jhwt3Bqi4Y-iR46GAbZKMxKyCSaC7aifxvUk3EN0nGv2xvke2-nYxt79eERktuXqQdK0C3fIvDmACO7YL91gYvUMSjr3-FH8pzfG4TI4wAbPwEo6M4VYqlxgkNFgVvvZY66EihtTc---oL7NRdD_MVHY", "width": 677 } ], "place_id": "ChIJ60HjYrrKD4gRZRNlVVAIi0o", "rating": 2.4, "reference": "ChIJ60HjYrrKD4gRZRNlVVAIi0o", "scope": "GOOGLE", "types": [ "hospital", "point_of_interest", "health", "establishment" ], "user_ratings_total": 503.0, "vicinity": "701 W North Ave, Melrose Park", "category": "Hospital – Private / Non-profit", "source": "Google Places", "raw_types_str": "hospital, point_of_interest, health, establishment" }, "geometry": { "type": "Point", "coordinates": [ -87.842350599999989, 41.9103701 ] } },
{ "type": "Feature", "properties": { "business_status": "OPERATIONAL", "icon": "https://maps.gstatic.com/mapfiles/place_api/icons/v1/png_71/hospital-71.png", "icon_background_color": "#F88181", "icon_mask_base_uri": "https://maps.gstatic.com/mapfiles/place_api/icons/v2/hospital-H_pinlet", "international_phone_number": "+1 844-599-3700", "name": "Greater Family Health", "opening_hours": { "open_now": true }, "photos": [ { "height": 4000, "html_attributions": [ "<a href=\"https://maps.google.com/maps/contrib/117794978381161507331\">Greater Family Health</a>" ], "photo_reference": "AcnlKN058nR8j46GesqZgmoK0bOy71RApd9BjvF6oICUy8NhNYLy24Ekb3OWM2aWRpCpURs3Iqzy7nfUPSge4Nts_v7I1uoDHGAatpdMFtOVi_H9sllkE97tCyU7e7C-ac8QP-QZPPZ2IiFrPSAhbUJjPig-3FIjv6ZK_C7M6WtAyMJ6auAjKEv3_2nz7GtXXtHP3r1dFgMrAMZNqVLEDlm0CGI9xxIrURmi1YDraG_vKH9RG9sWgtJ7cE6aSBTZ_sylVRrmEBJifFrW3PLdTKeElGFju_hxQQ4tNVJx4jQ36t_B7icjw3k", "width": 6000 } ], "place_id": "ChIJf59QtUi1D4gRWcN6sOEvK7g", "rating": 4.9, "reference": "ChIJf59QtUi1D4gRWcN6sOEvK7g", "scope": "GOOGLE", "types": [ "hospital", "point_of_interest", "health", "establishment" ], "user_ratings_total": 583.0, "vicinity": "10225 Grand Ave, Franklin Park", "category": "Primary Care Center – Private / Non-profit", "source": "Google Places", "raw_types_str": "hospital, point_of_interest, health, establishment" }, "geometry": { "type": "Point", "coordinates": [ -87.8822458, 41.9286928 ] } },
{ "type": "Feature", "properties": { "business_status": "OPERATIONAL", "icon": "https://maps.gstatic.com/mapfiles/place_api/icons/v1/png_71/generic_business-71.png", "icon_background_color": "#7B9EB0", "icon_mask_base_uri": "https://maps.gstatic.com/mapfiles/place_api/icons/v2/generic_pinlet", "international_phone_number": "+1 708-345-8255", "name": "NorthPark Medical Group", "opening_hours": { "open_now": false }, "photos": [ { "height": 4000, "html_attributions": [ "<a href=\"https://maps.google.com/maps/contrib/112913815229635671153\">NorthPark Medical Group</a>" ], "photo_reference": "AcnlKN1-Dhl_-E49EqmnNwFNB7HuJMVNOYbOyvrldlTWFLtgNKlgvbrgK9BSechUp0gr76EhjQ3gi2xjht5NkkHWYS8ASrOVbisLIeSm4k8nUB5haiXzQhaT6y1LNZ3RIdfXZ4OFI1xdPwt8hJjwofNFTXWeaiOyTt6W1L_RYcEDi34r1ysWsX-sm8qQtP0DeigXtoOOzrBMZa5bEmkbT5JRLo6A4-JUphEHWn0d216cKgmVMCBCPnUkq6I90H17fVDgTfgkZofjPnzlPpq4I2bXsV0x9vf41SLkGcmb4FXI2RiUzPPFWqY", "width": 2252 } ], "place_id": "ChIJJYQklFC1D4gR3d1Njm4KtEk", "rating": 4.9, "reference": "ChIJJYQklFC1D4gR3d1Njm4KtEk", "scope": "GOOGLE", "types": [ "point_of_interest", "health", "establishment" ], "user_ratings_total": 47.0, "vicinity": "2225 W North Ave Ste I, Melrose Park", "category": "Primary Care Center – Private / Non-profit", "source": "Google Places", "raw_types_str": "point_of_interest, health, establishment" }, "geometry": { "type": "Point", "coordinates": [ -87.8609498, 41.9083557 ] } },
{ "type": "Feature", "properties": { "business_status": "OPERATIONAL", "icon": "https://maps.gstatic.com/mapfiles/place_api/icons/v1/png_71/generic_business-71.png", "icon_background_color": "#7B9EB0", "icon_mask_base_uri": "https://maps.gstatic.com/mapfiles/place_api/icons/v2/generic_pinlet", "international_phone_number": "+1 708-345-8968", "name": "Midwest Express Clinic Urgent Care", "opening_hours": { "open_now": true }, "photos": [ { "height": 1667, "html_attributions": [ "<a href=\"https://maps.google.com/maps/contrib/106024458318976359996\">Greg Krawiec</a>" ], "photo_reference": "AcnlKN0MNP2-9-nObTZ2jXoncAoBT5kmmWQ-TX1s_hw7S4Fq8mkuLBgGhmH-cV4uU0dyptzYyJXos5QPC_CpgdqhGC2P8q02nj8UjQTcMXjBmRmbB9_kSDvr2ogGs53t0iNpjrQ_KTaiFx0pB9J-Z0GMPV-6grsisTZb89znQifNHnvPkk3t6mVeawOBwaofKupojgMQJbmoCgyquESQFDhvlDclwUfbJiRfTiLlnuqLOJy8aTJDHOpcdgv7m-6jBBXyU0FBOtt-Im6iLD1NAfTpwF_4txOjtwwmr9eZLpoBBWDYt4H3uCqCmyRRN9qzoYxcmQbHyohpBqxykpWfHGJkcKBVa7vR7IidDVIJHlC8x5NQDXnNgahokDunxpEDALzdBKSTxuxZYncn89pJZPxeEKIS03sgTe26Z9g3Xeu8NSoc7vfoc80V6B9qk4jEWylAzO1z83L3S3k3COQp8af6CbrxfFn6Rkz4xf2EWafCq2MuaxmvHH241s2Mm2n11ojBQsDmUjsHuDOYIv9FmDz1U0QovQq-jkJVBAo6zrWiR24jRMVNOrGfMf6XVYFI9t92lIiMiQ", "width": 2223 } ], "place_id": "ChIJIeaVLmG1D4gRAXJZppbOOQw", "rating": 4.8, "reference": "ChIJIeaVLmG1D4gRAXJZppbOOQw", "scope": "GOOGLE", "types": [ "doctor", "point_of_interest", "health", "establishment" ], "user_ratings_total": 813.0, "vicinity": "2601 W North Ave, Melrose Park", "category": "Urgent Care / Walk-in Clinic", "source": "Google Places", "raw_types_str": "doctor, point_of_interest, health, establishment" }, "geometry": { "type": "Point", "coordinates": [ -87.8673336, 41.9083612 ] } },
{ "type": "Feature", "properties": { "business_status": "OPERATIONAL", "icon": "https://maps.gstatic.com/mapfiles/place_api/icons/v1/png_71/generic_business-71.png", "icon_background_color": "#7B9EB0", "icon_mask_base_uri": "https://maps.gstatic.com/mapfiles/place_api/icons/v2/generic_pinlet", "international_phone_number": "+1 888-584-7888", "name": "Loyola Center for Health at Gottlieb", "opening_hours": null, "photos": [ { "height": 417, "html_attributions": [ "<a href=\"https://maps.google.com/maps/contrib/101081775994273506787\">Loyola Center for Health at Gottlieb</a>" ], "photo_reference": "AcnlKN3XZuKVQOFmr6sj_rUJJiJ7R4dZJ94AuRnV1DYHnZGnYY7ktSMGTqTqjWsx0J8VpKMZHVNnB0mTsKkSBggUiwa-h6goGgLMiejyq8H26F3fYr5sBwiYsKR1HEeGg1by4SshHd8nZuD8AneaUP7iUGnGpauVEYRKoljxPKUc8giuV2TCpXtgai-QYrFrBOnvBwK5inie3iO-VHryovZ0X0M9okHdmf6Qm-a5BaBvrDeOODltR944SfD6okG7rDJE3yijjKvTfZeoM6zztw3ePGCZYBQHy-2QGyS5cuk8iAOLPHLs7BY", "width": 741 } ], "place_id": "ChIJBRLpubDKD4gRzD3LFHKxwiM", "rating": 2.5, "reference": "ChIJBRLpubDKD4gRzD3LFHKxwiM", "scope": "GOOGLE", "types": [ "doctor", "point_of_interest", "health", "establishment" ], "user_ratings_total": 17.0, "vicinity": "Professional Office Building, 675 W North Ave, Melrose Park", "category": "Primary Care Center – Private / Non-profit", "source": "Google Places", "raw_types_str": "doctor, point_of_interest, health, establishment" }, "geometry": { "type": "Point", "coordinates": [ -87.8423372, 41.910323299999988 ] } },
{ "type": "Feature", "properties": { "business_status": "OPERATIONAL", "icon": "https://maps.gstatic.com/mapfiles/place_api/icons/v1/png_71/generic_business-71.png", "icon_background_color": "#7B9EB0", "icon_mask_base_uri": "https://maps.gstatic.com/mapfiles/place_api/icons/v2/generic_pinlet", "international_phone_number": "+1 847-451-7590", "name": "Concentra Urgent Care", "opening_hours": { "open_now": true }, "photos": [ { "height": 3024, "html_attributions": [ "<a href=\"https://maps.google.com/maps/contrib/104376725969339735854\">B Y</a>" ], "photo_reference": "AcnlKN2DyuNH3ZLP5ktCcnRTupYahMNG3hKrI5DJ3H8YvHex4gqv2kMT5593CFq1RqgA4L_MyHPlCpIFzN2Z6DAjXQnp5gmL5_H_CO9LvWfBhqvx402sLg3x4iLRyg2aaZSJkcgyYgYSJzyiNtmflhjX8Ggh7E2R8XPMmKfZZ-7V5MGhwYCYb8i7cDCsmoncQMrU_TlTTl4eQtl7uR5vq-BwKEJQt_qynqTWUTgR7Daclo5wf1FLDJK-aKWxI318KKH3TRGwbGkh8uqxGA1T05tmwsB6csJM7g2aQOWjtMVAqDpKbssaWF3YpDpGjzpQAI4SPFyNPIBIO4LMHoWIF_0OpPACepfxP1RJrWKbISJPUtGzDqcMhLCCQLPjJTbbLMNbJf7zvA_DWwxs-e8HGPeBAdfbaAQFm4gHJNKyjQzZn_ERt15UMkF1OQMwjCC5L6_F6SURc7EummdIgxZ802ThhJu839Y8T5NGMNGpCF_DaUOdRaSvqtUH8-9hp7JTWRNVNCGoSX07ZkFdN3maDUTgAf1rRE5IOzXYrhqPyukOtQxH3bx7OMksGYbemfq7EqrdikioD-uu", "width": 4032 } ], "place_id": "ChIJ2-8V9w21D4gR3hgQnVp3Gew", "rating": 4.1, "reference": "ChIJ2-8V9w21D4gR3hgQnVp3Gew", "scope": "GOOGLE", "types": [ "physiotherapist", "point_of_interest", "health", "establishment" ], "user_ratings_total": 2096.0, "vicinity": "10137 W Grand Ave, Franklin Park", "category": "Urgent Care / Walk-in Clinic", "source": "Google Places", "raw_types_str": "physiotherapist, point_of_interest, health, establishment" }, "geometry": { "type": "Point", "coordinates": [ -87.8794536, 41.9299461 ] } },
{ "type": "Feature", "properties": { "business_status": "OPERATIONAL", "icon": "https://maps.gstatic.com/mapfiles/place_api/icons/v1/png_71/generic_business-71.png", "icon_background_color": "#7B9EB0", "icon_mask_base_uri": "https://maps.gstatic.com/mapfiles/place_api/icons/v2/generic_pinlet", "international_phone_number": "+1 708-304-3390", "name": "Local MD Urgent Care", "opening_hours": { "open_now": true }, "photos": [ { "height": 3024, "html_attributions": [ "<a href=\"https://maps.google.com/maps/contrib/101122613288786016251\">Local MD Urgent Care</a>" ], "photo_reference": "AcnlKN2XmY2rCXoZNiM-h834vz_bOLGD92blSFkGXTPux6cNKI102rKwaG0wFScK8hLKjX-FlWCg-DMQWiCH1c0X1mz7f6TqBEq7_lIf0AFWDXPlX_yMUGONH3PkBbDXGdx7oOQO71LUVJxXLKfU1RbtD85JRSB-AejRo1BzqiZR2afGkfEkl6HCZvtk_fIbwdSyNpxQfoTAaJ-d1qp_9KWAgKXLoiS5rjxA-KJHurz8aLIQ4emNQQX7uqA9o7uK0bxl5Nm11glwg40KSaHI_yZ23Wy5EAP_COoO5bJMCXbTzZuu-jwQPS4", "width": 4032 } ], "place_id": "ChIJjQe5jK7LD4gRWV2A_RrmWNs", "rating": 4.4, "reference": "ChIJjQe5jK7LD4gRWV2A_RrmWNs", "scope": "GOOGLE", "types": [ "health", "point_of_interest", "establishment" ], "user_ratings_total": 32.0, "vicinity": "600 W North Ave, Melrose Park", "category": "Urgent Care / Walk-in Clinic", "source": "Google Places", "raw_types_str": "health, point_of_interest, establishment" }, "geometry": { "type": "Point", "coordinates": [ -87.8411634, 41.9077263 ] } },
{ "type": "Feature", "properties": { "business_status": "OPERATIONAL", "icon": "https://maps.gstatic.com/mapfiles/place_api/icons/v1/png_71/generic_business-71.png", "icon_background_color": "#7B9EB0", "icon_mask_base_uri": "https://maps.gstatic.com/mapfiles/place_api/icons/v2/generic_pinlet", "international_phone_number": "+1 847-451-7590", "name": "Concentra Immediate Care", "opening_hours": { "open_now": true }, "photos": null, "place_id": "ChIJM8AT2mW1D4gR5aNvsa7aFZE", "rating": 1.9, "reference": "ChIJM8AT2mW1D4gR5aNvsa7aFZE", "scope": "GOOGLE", "types": [ "health", "point_of_interest", "establishment" ], "user_ratings_total": 22.0, "vicinity": "10137 W Grand Ave, Franklin Park", "category": "Urgent Care / Walk-in Clinic", "source": "Google Places", "raw_types_str": "health, point_of_interest, establishment" }, "geometry": { "type": "Point", "coordinates": [ -87.8791778, 41.9299826 ] } },
{ "type": "Feature", "properties": { "business_status": "OPERATIONAL", "icon": "https://maps.gstatic.com/mapfiles/place_api/icons/v1/png_71/generic_business-71.png", "icon_background_color": "#7B9EB0", "icon_mask_base_uri": "https://maps.gstatic.com/mapfiles/place_api/icons/v2/generic_pinlet", "international_phone_number": "+1 773-622-2876", "name": "Medical Center", "opening_hours": { "open_now": false }, "photos": null, "place_id": "ChIJIxUBPAjLD4gRWBGZAJiziOk", "rating": 4.1, "reference": "ChIJIxUBPAjLD4gRWBGZAJiziOk", "scope": "GOOGLE", "types": [ "health", "point_of_interest", "establishment" ], "user_ratings_total": 24.0, "vicinity": "7107 W Belmont Ave #7, Chicago", "category": "Primary Care Center – Private / Non-profit", "source": "Google Places", "raw_types_str": "health, point_of_interest, establishment" }, "geometry": { "type": "Point", "coordinates": [ -87.8044127, 41.9379189 ] } },
{ "type": "Feature", "properties": { "business_status": "OPERATIONAL", "icon": "https://maps.gstatic.com/mapfiles/place_api/icons/v1/png_71/generic_business-71.png", "icon_background_color": "#7B9EB0", "icon_mask_base_uri": "https://maps.gstatic.com/mapfiles/place_api/icons/v2/generic_pinlet", "international_phone_number": "+1 708-386-9600", "name": "Procare Medical Center of Oak Park", "opening_hours": { "open_now": false }, "photos": null, "place_id": "ChIJlXSGK0bLD4gRtCDynhX-gSY", "rating": 4.3, "reference": "ChIJlXSGK0bLD4gRtCDynhX-gSY", "scope": "GOOGLE", "types": [ "doctor", "health", "point_of_interest", "establishment" ], "user_ratings_total": 18.0, "vicinity": "6715 W North Ave, Oak Park", "category": "Primary Care Center – Private / Non-profit", "source": "Google Places", "raw_types_str": "doctor, health, point_of_interest, establishment" }, "geometry": { "type": "Point", "coordinates": [ -87.7933532, 41.9088096 ] } },
{ "type": "Feature", "properties": { "business_status": "OPERATIONAL", "icon": "https://maps.gstatic.com/mapfiles/place_api/icons/v1/png_71/generic_business-71.png", "icon_background_color": "#7B9EB0", "icon_mask_base_uri": "https://maps.gstatic.com/mapfiles/place_api/icons/v2/generic_pinlet", "international_phone_number": "+1 773-836-3000", "name": "Advocate Medical Group Primary Care", "opening_hours": { "open_now": true }, "photos": [ { "height": 4000, "html_attributions": [ "<a href=\"https://maps.google.com/maps/contrib/116915590941306703631\">Svitlana Varakuta</a>" ], "photo_reference": "AcnlKN3efBDIhTmSqfcos6sAwNge9BZDhh7joH7A1N53PMCWiwa2K_Kmv5Kk1CNJQixhEp0D-t_0ldBAdqagUNONd0b06tU8DDp7lAWkOPdxmhFYJCJofghXTrWAEP9YNAofcF6Lx-fEdMcuN9lIUkgsq4qmXTAb9ykEu09-L8Klsno6BvmyHr6uCVQMevRymbGEAVbtw8yao7l-hE-ZdjqoN627uFcJrQ6MFCTIko9v11-KZFHbO0myexIG1rYrrj0MLgHQiYH3Q_w6p3DosYZrvOPIOsjI9DJt0pE2dQ9bGcTHv8EaltUDMn1MqKeHhajr6oiCpbpN7q3ydqwGmiBWNXJwmHysbEJe2T3APMkKUBkP7ibO79llC1R8HP7u5Io9gQdVJyinNe8gYmZF3tuUG8izsjYC_nwCOIWa24VupEEHxPgC05ZneUtpGTb0xOaHTjNRJrDdSMo2fIiTUui4KOJaHXXjdVSqMIsgLqTohirgRHIik4Igm4j4nRDOERr0YGi5pHDByZBJWqz3hgO6CKjRl18JxAO-SQ_bxB6R5hSgZe3EGnZlqSbXf6fyWHYq_CIt1Fjw8JBqsJ396nWzbqcJ9IULXg", "width": 3000 } ], "place_id": "ChIJASRmylrLD4gRZRaq1OXaP3Y", "rating": 2.8, "reference": "ChIJASRmylrLD4gRZRaq1OXaP3Y", "scope": "GOOGLE", "types": [ "doctor", "health", "point_of_interest", "establishment" ], "user_ratings_total": 42.0, "vicinity": "6434 W North Ave, Chicago", "category": "Primary Care Center – Private / Non-profit", "source": "Google Places", "raw_types_str": "doctor, health, point_of_interest, establishment" }, "geometry": { "type": "Point", "coordinates": [ -87.7856331, 41.9096097 ] } },
{ "type": "Feature", "properties": { "business_status": "OPERATIONAL", "icon": "https://maps.gstatic.com/mapfiles/place_api/icons/v1/png_71/generic_business-71.png", "icon_background_color": "#7B9EB0", "icon_mask_base_uri": "https://maps.gstatic.com/mapfiles/place_api/icons/v2/generic_pinlet", "international_phone_number": "+1 708-452-1220", "name": "Grand - Harlem Medical Center", "opening_hours": { "open_now": false }, "photos": [ { "height": 3000, "html_attributions": [ "<a href=\"https://maps.google.com/maps/contrib/100858242554929940698\">Paul Jarvis</a>" ], "photo_reference": "AcnlKN1IRJvEbYzhf_s18UQeJJQG35fdMXDth8h5LgYoFjpIgB_t9WW4CEjLgQRqgYnL1n2RijWV2nsoW3x4RFnd7OinyjR9Za5yvSUAdlNT5s73vOALS11kfUOfMWO3nHhUM2VUH5Ce3hloYEYVQEFZuikYp1aX8Mh7hfyqnQdX7Ih9TQkyD15qEQzK1W3XBFpA49XjkonYfwIZTVC3eDJSf8-_e5N8NVoHagIHptZmbovgWukoLO2bYhVFSjrBGru6F5pIf7gGYnfg0faRoze5OKQIdf871dl3oZRAfmzNrCAYt5M9Ia_il_Z5ckviw4BPwJ_Woyi2NoQbqnTjLEufwmPQBX3whO1ETDpb1UZeIuLmYCc5raqyHQCBWdfb9EIf0wbEjscSJmo7WUyqI_hWBpVrgjda--BhKId8S82Z8uGC5Mih_-wH8egVGY0I9qKyfae35q22-z3k_XLUDWIs2zIbF2pSbj4ONwnlhCq-b4h2kLIJQ9KDphMfvhpZzeNt_I1j62BlYC3Kn80hx2v7-o-CjekaB0o5SOU2aUd9dOYBGlyYL1Hr04x0BTpHvjOmfmgw-_zM", "width": 4000 } ], "place_id": "ChIJM7NoZBrLD4gR7hveuzSqbs8", "rating": 3.7, "reference": "ChIJM7NoZBrLD4gR7hveuzSqbs8", "scope": "GOOGLE", "types": [ "doctor", "health", "point_of_interest", "establishment" ], "user_ratings_total": 3.0, "vicinity": "2502 N Harlem Ave, Elmwood Park", "category": "Primary Care Center – Private / Non-profit", "source": "Google Places", "raw_types_str": "doctor, health, point_of_interest, establishment" }, "geometry": { "type": "Point", "coordinates": [ -87.8064538, 41.9256927 ] } },
{ "type": "Feature", "properties": { "business_status": "OPERATIONAL", "icon": "https://maps.gstatic.com/mapfiles/place_api/icons/v1/png_71/generic_business-71.png", "icon_background_color": "#7B9EB0", "icon_mask_base_uri": "https://maps.gstatic.com/mapfiles/place_api/icons/v2/generic_pinlet", "international_phone_number": "+1 773-637-2333", "name": "Elmwood Park Health Care Center", "opening_hours": { "open_now": false }, "photos": null, "place_id": "ChIJLeBU5xnLD4gRGtCQfB_WGjw", "rating": 4.4, "reference": "ChIJLeBU5xnLD4gRGtCQfB_WGjw", "scope": "GOOGLE", "types": [ "doctor", "health", "point_of_interest", "establishment" ], "user_ratings_total": 9.0, "vicinity": "2333 N Harlem Ave, Chicago", "category": "Primary Care Center – Private / Non-profit", "source": "Google Places", "raw_types_str": "doctor, health, point_of_interest, establishment" }, "geometry": { "type": "Point", "coordinates": [ -87.8059746, 41.9218591 ] } },
{ "type": "Feature", "properties": { "business_status": "OPERATIONAL", "icon": "https://maps.gstatic.com/mapfiles/place_api/icons/v1/png_71/generic_business-71.png", "icon_background_color": "#7B9EB0", "icon_mask_base_uri": "https://maps.gstatic.com/mapfiles/place_api/icons/v2/generic_pinlet", "international_phone_number": "+1 708-298-0540", "name": "Physicians Immediate Care", "opening_hours": { "open_now": true }, "photos": [ { "height": 575, "html_attributions": [ "<a href=\"https://maps.google.com/maps/contrib/116882445215580051367\">Physicians Immediate Care</a>" ], "photo_reference": "AcnlKN0ZSQWP3j4LFArCbFme8ZZaetSl4k6NGXkmZ6GJXrO8WTpNeXX57PgCbPfuE6M7ueaUKg_m6M2sF5WVMjTUDHs-mnDGz6dNybhYSPmc3mZ0a0PzP6q7pFWeHyYwaxW4CXYoQLaQzd7R0pgyhWClHgmpfS3FsULIqzuxwVnqGTSmAzGj2ATzhcXMbGGHn0LGQBpc0o56BCdVGQ0Wj9DuqLgYaWfIadPX6-7eLiBuzmTG1UE4mqmO8XjvqYo4ppAFO7BChBXDD8hTJL6GhKsGDXkzuhS2GN2Minm8-DCqrRjFKDx_aac", "width": 1022 } ], "place_id": "ChIJG1lR7KfLD4gRQ7B8MsU61qA", "rating": 4.5, "reference": "ChIJG1lR7KfLD4gRQ7B8MsU61qA", "scope": "GOOGLE", "types": [ "doctor", "point_of_interest", "health", "establishment" ], "user_ratings_total": 421.0, "vicinity": "6831 W North Ave, Oak Park", "category": "Urgent Care / Walk-in Clinic", "source": "Google Places", "raw_types_str": "doctor, point_of_interest, health, establishment" }, "geometry": { "type": "Point", "coordinates": [ -87.7967446, 41.908764 ] } },
{ "type": "Feature", "properties": { "business_status": "OPERATIONAL", "icon": "https://maps.gstatic.com/mapfiles/place_api/icons/v1/png_71/generic_business-71.png", "icon_background_color": "#7B9EB0", "icon_mask_base_uri": "https://maps.gstatic.com/mapfiles/place_api/icons/v2/generic_pinlet", "international_phone_number": "+1 708-312-0592", "name": "Rush Urgent Care - North & Harlem", "opening_hours": { "open_now": true }, "photos": [ { "height": 1067, "html_attributions": [ "<a href=\"https://maps.google.com/maps/contrib/100267058291914002587\">Rush Urgent Care - North &amp; Harlem</a>" ], "photo_reference": "AcnlKN0fXMZFxzLSbc5emiGu-SmThj_dWKPx9sjXLsjYpaz6q02jy9UqwvHQhxjkJnUMZXoYSs6D9L1xl20iFXMJXGmqew8pF_Egj4egiJu4B-u81Y44aqeyJcOvMTij_zXvIH2LhcbdlGQKZ0SXg35h79o7HcXQHEWtTKaemTCRISM-0SC9EK3WZwLqFsJUBrrtRIAzsTGFLYCFTb_QFtISijKmWVgR9mo0i6tewctv3RxNmj5IKBCZz3q4qZvvCxEMKW0C2Z-kgZS-MYCboRQUcjW7LBnF2kr2IrDsKj_IH8JqaEA_Byc", "width": 1900 } ], "place_id": "ChIJb1Was_7LD4gRuB8YTv2u2wM", "rating": 2.0, "reference": "ChIJb1Was_7LD4gRuB8YTv2u2wM", "scope": "GOOGLE", "types": [ "point_of_interest", "health", "establishment" ], "user_ratings_total": 8.0, "vicinity": "1625 N Harlem Ave, Chicago", "category": "Urgent Care / Walk-in Clinic", "source": "Google Places", "raw_types_str": "point_of_interest, health, establishment" }, "geometry": { "type": "Point", "coordinates": [ -87.8053587, 41.9093862 ] } },
{ "type": "Feature", "properties": { "business_status": "OPERATIONAL", "icon": "https://maps.gstatic.com/mapfiles/place_api/icons/v1/png_71/generic_business-71.png", "icon_background_color": "#7B9EB0", "icon_mask_base_uri": "https://maps.gstatic.com/mapfiles/place_api/icons/v2/generic_pinlet", "international_phone_number": "+1 888-584-7888", "name": "Loyola Medicine | Immediate Care - River Forest", "opening_hours": { "open_now": true }, "photos": [ { "height": 417, "html_attributions": [ "<a href=\"https://maps.google.com/maps/contrib/114283545431855539548\">Loyola Medicine | Immediate Care - River Forest</a>" ], "photo_reference": "AcnlKN0vVo3b6YV5yAbco8nVdpSSBESu5Xo1kXxTwqGl8hI97SXFzQFsm7KidextrOIMWSGLvAyCYrUHs5VJsLl-6kxVRXKaRXNJzUWUukoPnEXzOoyBXXJIYIiMkqJkCA2FxuAsVK4rFt-dBbOHhWURzU1Wf6jmJzZysDuKwBgpDon0MsLfknUhkBnsZNo6iEguHp2mGNlny8M6zrY3NGGZ5dB-0sxDpGLN1j2eg93iScQMVIlBHDsnX8QU-PkVCk5yhl5E0exeGaicuM-3S_CocnurEW_a0Bv02mYBO7sVIL2M4M9nB7A", "width": 677 } ], "place_id": "ChIJr7NxkkPLD4gRLQ9Qq1Omqzo", "rating": 2.4, "reference": "ChIJr7NxkkPLD4gRLQ9Qq1Omqzo", "scope": "GOOGLE", "types": [ "point_of_interest", "health", "establishment" ], "user_ratings_total": 80.0, "vicinity": "7617 W North Ave 1st Floor, River Forest", "category": "Urgent Care / Walk-in Clinic", "source": "Google Places", "raw_types_str": "point_of_interest, health, establishment" }, "geometry": { "type": "Point", "coordinates": [ -87.8166668, 41.9084102 ] } },
{ "type": "Feature", "properties": { "business_status": "OPERATIONAL", "icon": "https://maps.gstatic.com/mapfiles/place_api/icons/v1/png_71/hospital-71.png", "icon_background_color": "#F88181", "icon_mask_base_uri": "https://maps.gstatic.com/mapfiles/place_api/icons/v2/hospital-H_pinlet", "international_phone_number": "+1 773-282-7000", "name": "Community First Medical Center", "opening_hours": { "open_now": true }, "photos": [ { "height": 3840, "html_attributions": [ "<a href=\"https://maps.google.com/maps/contrib/117182010432952793198\">Greg McDonnell</a>" ], "photo_reference": "AcnlKN1jpPGcayhLUC4tm5xz3H9z-ncbNKDOg4Arzg5m07NyrGD4BYQXAsTZcfiukbrhWdCW_DeiW3GNhLLYb37kWxseUMoEuYufxsynx7Uidcun0XKXP6wka929EJQJdhPRcsM3dVyUFliai3bk9CxlOA-VJLDFGn5Xotdwi3IzbjzUZhfHL_-KkgUBegGWZ7O2tc0GGdbrFV15Ui6Po0YkNdTEt4S6aNRrUoO6bE0lyZ1PnNjBjXotyzm3wdm3Wr9Kt7PN474fxq5d7n2WgtxBMQdZIjuYV5NKcBoM49f5wAvm8VjSyMWMHd6bbUjsQ0_Dta8lIfq2_hyCcWnMUv0VQ1ivZ_HjFpkDfrlsThDvdTiSvazK5NeKMZs-0hf4WhKJZWaJLDuAJFy766vl6D9i_WQ6uVlqdKv0uklmJnFQv7tDKxb7q7NGBZYPuvL_H7w62DNKD-I4o-R5Cr7zPQcQdhwIme_tFc8wU8flu81VKUiHnA8PETUCmCt27hhd7M7GUlwnhpdBCCla97ALKSZC6PkRNVTLsQxcP_UdXPxKwbuSfKk86pVCNSMhc3jtB0qa15vDaAMQ", "width": 5760 } ], "place_id": "ChIJPVN3JHvMD4gR4RvFsg9lj2c", "rating": 2.4, "reference": "ChIJPVN3JHvMD4gR4RvFsg9lj2c", "scope": "GOOGLE", "types": [ "hospital", "health", "point_of_interest", "establishment" ], "user_ratings_total": 799.0, "vicinity": "5645 W Addison St, Chicago", "category": "Primary Care Center – Private / Non-profit", "source": "Google Places", "raw_types_str": "hospital, health, point_of_interest, establishment" }, "geometry": { "type": "Point", "coordinates": [ -87.7679481, 41.9455006 ] } },
{ "type": "Feature", "properties": { "business_status": "OPERATIONAL", "icon": "https://maps.gstatic.com/mapfiles/place_api/icons/v1/png_71/generic_business-71.png", "icon_background_color": "#7B9EB0", "icon_mask_base_uri": "https://maps.gstatic.com/mapfiles/place_api/icons/v2/generic_pinlet", "international_phone_number": "+1 773-836-2785", "name": "PCC Salud Family Health Center", "opening_hours": { "open_now": true }, "photos": [ { "height": 4000, "html_attributions": [ "<a href=\"https://maps.google.com/maps/contrib/113914476643474961792\">PCC Salud Family Health Center</a>" ], "photo_reference": "AcnlKN1eUO2R4QfaRdPqe5SXoFvxQjHRSKwu0HwcnoOOAiP6WxsPsAnyX5Y2nExE_Y1vBacQ6NvJpPgNYxkc1lq_M-Firj2iBHEHK_RwuAp8zKoSRw-l9BreRg0vl9l14TWRxxzsvTfd4IXjau_sY-X2RJAapWqsFbRoMaWbBdA_3Vrun-o_dfUq6plxhkRaoZyP-JdWlJSL5Z8K65QwbuE6mdNzBU7qNvtMFl-Yur7BDleV2KP1L60EnGxP-JTKhbtpsPVobJIX8WfEUzDl-qFERnEF7OrmdXAqJ2XvJ6sUVF6Nvro_MhI", "width": 6000 } ], "place_id": "ChIJa4D-6ZPMD4gRrzf__ud-AHI", "rating": 2.2, "reference": "ChIJa4D-6ZPMD4gRrzf__ud-AHI", "scope": "GOOGLE", "types": [ "health", "point_of_interest", "establishment" ], "user_ratings_total": 112.0, "vicinity": "5359 W Fullerton Ave, Chicago", "category": "Primary Care Center – Private / Non-profit", "source": "Google Places", "raw_types_str": "health, point_of_interest, establishment" }, "geometry": { "type": "Point", "coordinates": [ -87.7608524, 41.9238297 ] } },
{ "type": "Feature", "properties": { "business_status": "OPERATIONAL", "icon": "https://maps.gstatic.com/mapfiles/place_api/icons/v1/png_71/hospital-71.png", "icon_background_color": "#F88181", "icon_mask_base_uri": "https://maps.gstatic.com/mapfiles/place_api/icons/v2/hospital-H_pinlet", "international_phone_number": "+1 312-864-0200", "name": "Cook County Health Belmont Cragin Health Center", "opening_hours": { "open_now": false }, "photos": [ { "height": 2269, "html_attributions": [ "<a href=\"https://maps.google.com/maps/contrib/117914609936704511504\">Cook County Health Belmont Cragin Health Center</a>" ], "photo_reference": "AcnlKN1echHQ6biX7WrgOk7JNNNx5lzDyIr7hgdQUZAQT5V8uSACe5xcnHpQAA3xVW072Nawd6jVtlHArWtcG74fNLz-UKvVaMApH50dcwV-H9iiP9UeDTT1yRKQrAWch36fers1K05-DuKDKpRZAxqS_9dr2yIVaoStTenWUrH-JAZTwQ-cT3jMxhSwr3OdXXpMjVZzeQEwhdQw5ytyCkhHTfORuQiEqYNdzpoZk_Enj6KutjkzsjSHb0cI8kQ2CgXbHDDdJiO_yget1PTUENu59h7IOX4o77jS-JJTWRbtem14f1qXSLs", "width": 4032 } ], "place_id": "ChIJkatacffND4gRcH4LP-T668c", "rating": 3.9, "reference": "ChIJkatacffND4gRcH4LP-T668c", "scope": "GOOGLE", "types": [ "hospital", "health", "point_of_interest", "establishment" ], "user_ratings_total": 50.0, "vicinity": "5501 W Fullerton Ave, Chicago", "category": "Primary Care Center – Private / Non-profit", "source": "Google Places", "raw_types_str": "hospital, health, point_of_interest, establishment" }, "geometry": { "type": "Point", "coordinates": [ -87.763716, 41.9236687 ] } },
{ "type": "Feature", "properties": { "business_status": "OPERATIONAL", "icon": "https://maps.gstatic.com/mapfiles/place_api/icons/v1/png_71/generic_business-71.png", "icon_background_color": "#7B9EB0", "icon_mask_base_uri": "https://maps.gstatic.com/mapfiles/place_api/icons/v2/generic_pinlet", "international_phone_number": "+1 773-736-1830", "name": "PrimeCare Belmont Cragin Health Center", "opening_hours": { "open_now": true }, "photos": [ { "height": 4480, "html_attributions": [ "<a href=\"https://maps.google.com/maps/contrib/114259153556493492529\">PrimeCare Belmont Cragin Health Center</a>" ], "photo_reference": "AcnlKN2onlx5E0GU_NJiriRdLN96sXWGIEPJ3ANr452g9WNL1J8jVBWm4JL1J3pOqW3DruV9kN-pnFKRIRWgg1vRJEkuDiSUy-Ip95VrMb-1ERWZGKX1Mki8SxLvLEb1QfyK4AlJZD3uCIp6PhxBtIL-bfUkwdx7cOTqfzcjJ1kNKIhHjFwIrwA2u9kJCNkPdXLrRur3WgpNhc_gQ6a18uMk9ALlCZWOuwLCMG4m0lqF0TcFjzDrrnKHTr2vzqm3qCK7VFwqCYbtrLqs0uW5fz0Z3noW8GSt19myKyWbKnyiOnPBIGMxH3o", "width": 6720 } ], "place_id": "ChIJg0oC6UTND4gRmCW7_pZCZy8", "rating": 2.8, "reference": "ChIJg0oC6UTND4gRmCW7_pZCZy8", "scope": "GOOGLE", "types": [ "doctor", "health", "point_of_interest", "establishment" ], "user_ratings_total": 108.0, "vicinity": "5635 W Belmont Ave, Chicago", "category": "Primary Care Center – Private / Non-profit", "source": "Google Places", "raw_types_str": "doctor, health, point_of_interest, establishment" }, "geometry": { "type": "Point", "coordinates": [ -87.767854, 41.9382767 ] } },
{ "type": "Feature", "properties": { "business_status": "OPERATIONAL", "icon": "https://maps.gstatic.com/mapfiles/place_api/icons/v1/png_71/generic_business-71.png", "icon_background_color": "#7B9EB0", "icon_mask_base_uri": "https://maps.gstatic.com/mapfiles/place_api/icons/v2/generic_pinlet", "international_phone_number": "+1 773-772-1212", "name": "Garcia Medical Center", "opening_hours": { "open_now": true }, "photos": [ { "height": 491, "html_attributions": [ "<a href=\"https://maps.google.com/maps/contrib/100566035669463651687\">Garcia Medical Center</a>" ], "photo_reference": "AcnlKN19XUTSeShyR_xml4duet3tlBYahV03bpIlZRU8YQkSanZ8RyQEbIP0oteUGcTPkLhXXusBFgaEA_cM_n4X3najaIu80tCOAub1kZRlvkSIHWYYtWKdfAkcO3XwvbebQfh6LMaLjpFYbzPQxmVHyYTn7Feky-8QdY6fHTK8UW_FkaSBeK_wOakL5dJ2m9FdbNWVhLnh0cHiFfH-lRrzaSUUY8QsNieIsNcHen1nCs9trLIw1powQ7u2LiuATAQV17U3gWi0-EmSowemk48FxHvYqgqubUzimtlDTK651xArUCAKpk8", "width": 629 } ], "place_id": "ChIJKwNWIm3ND4gRNKniFxhs_Ro", "rating": 3.6, "reference": "ChIJKwNWIm3ND4gRNKniFxhs_Ro", "scope": "GOOGLE", "types": [ "doctor", "health", "point_of_interest", "establishment" ], "user_ratings_total": 89.0, "vicinity": "3538 W Fullerton Ave, Chicago", "category": "Primary Care Center – Private / Non-profit", "source": "Google Places", "raw_types_str": "doctor, health, point_of_interest, establishment" }, "geometry": { "type": "Point", "coordinates": [ -87.7161593, 41.9247727 ] } },
{ "type": "Feature", "properties": { "business_status": "OPERATIONAL", "icon": "https://maps.gstatic.com/mapfiles/place_api/icons/v1/png_71/hospital-71.png", "icon_background_color": "#F88181", "icon_mask_base_uri": "https://maps.gstatic.com/mapfiles/place_api/icons/v2/hospital-H_pinlet", "international_phone_number": "+1 773-309-6740", "name": "Galilee Medical Center", "opening_hours": null, "photos": [ { "height": 911, "html_attributions": [ "<a href=\"https://maps.google.com/maps/contrib/111193510651633155468\">Galilee Medical Center</a>" ], "photo_reference": "AcnlKN1vJUiIS8AA2dkhDH0D4pGrQAKL2CQ_kfJEGqJvthsoGrGCNWnRrG_3Evg6m8SmQHgsV3Amu7EWE94adrPrjW8-TOU-VbDp_agg9XNissGI7ZhaL3pkOZ409uFaRUN8QtaWTpSXPNTDRsEy7AVqSTkvOjVVIjaSdHtJsYHglZ8GJ_u6PeCcFCo5yvahScZZ8ViO-CoeUj9mP3kKI-EwX-6yzZ2EsWHEfLsnlSrkdle_UBtgxb-IHy02PSiW31VZdVp0BhsaarKyg3IHGvpfGtn9rDv8PmVKN44KXY4NMCs4yCUPVmY", "width": 1366 } ], "place_id": "ChIJMXwVFO_MD4gRTbFh32J95G8", "rating": 2.2, "reference": "ChIJMXwVFO_MD4gRTbFh32J95G8", "scope": "GOOGLE", "types": [ "hospital", "doctor", "health", "point_of_interest", "establishment" ], "user_ratings_total": 31.0, "vicinity": "4849 W Fullerton Ave, Chicago", "category": "Primary Care Center – Private / Non-profit", "source": "Google Places", "raw_types_str": "hospital, doctor, health, point_of_interest, establishment" }, "geometry": { "type": "Point", "coordinates": [ -87.7482955, 41.9240741 ] } },
{ "type": "Feature", "properties": { "business_status": "OPERATIONAL", "icon": "https://maps.gstatic.com/mapfiles/place_api/icons/v1/png_71/generic_business-71.png", "icon_background_color": "#7B9EB0", "icon_mask_base_uri": "https://maps.gstatic.com/mapfiles/place_api/icons/v2/generic_pinlet", "international_phone_number": "+1 773-772-8876", "name": "Hermosa Medical Center - Urgent Care", "opening_hours": { "open_now": false }, "photos": [ { "height": 1280, "html_attributions": [ "<a href=\"https://maps.google.com/maps/contrib/102644199086790552968\">Hermosa Medical Center - Urgent Care</a>" ], "photo_reference": "AcnlKN3LFnPY071xd-T3QqZ9FM2WdZEVuXJ_H07uBU_IGWruuSr6lE1TH0gQHAoVrXzL7WvlccOw0_5GIHQP7kJxhreICE4q8D3ZuZ0YLGSQ6QeOMiSy4ccU8t-gTolzUBy3npryhuL9kvLIKCvI62LXKdMA_L5wopGp2LYujFfr83GMpj7uHZIZ_BO243ILKlMxBxxxOKaDHPvT5ed9BJdOkvyBAZNIW6FxCyuKsROvz5Mza9ML4b5zl2YI7DPf5W1j9DzN-y8z0ep0QejgtdcXSEXt84gKyxNVjtBPtt_q3MPNSnSNcBc", "width": 960 } ], "place_id": "ChIJI9_j-xfND4gR0cjw8VQ6p10", "rating": 3.2, "reference": "ChIJI9_j-xfND4gR0cjw8VQ6p10", "scope": "GOOGLE", "types": [ "hospital", "doctor", "health", "point_of_interest", "establishment" ], "user_ratings_total": 100.0, "vicinity": "2008 N Pulaski Rd Suite A, Chicago", "category": "Urgent Care / Walk-in Clinic", "source": "Google Places", "raw_types_str": "hospital, doctor, health, point_of_interest, establishment" }, "geometry": { "type": "Point", "coordinates": [ -87.7267021, 41.9175302 ] } },
{ "type": "Feature", "properties": { "business_status": "OPERATIONAL", "icon": "https://maps.gstatic.com/mapfiles/place_api/icons/v1/png_71/generic_business-71.png", "icon_background_color": "#7B9EB0", "icon_mask_base_uri": "https://maps.gstatic.com/mapfiles/place_api/icons/v2/generic_pinlet", "international_phone_number": "+1 312-216-8020", "name": "North Kostner Health Center", "opening_hours": { "open_now": false }, "photos": [ { "height": 1478, "html_attributions": [ "<a href=\"https://maps.google.com/maps/contrib/112332044287927640303\">Will McMilleon</a>" ], "photo_reference": "AcnlKN1rl9q79l4qQ7HGVbgIMgUuNqams3JTa4gkvDUzbWMa4aivmEArYyhXNEfNRXVdWOAItMjXARZ4NRn-COEAylwE-GTpDl62lPvvUb5zrgxqRF41qMOZurRrwnMIPtxHoJwSdLLZXK1ETblsdBaNde-EBin7Qopk0xb-x-wkLrNOKjuYiS-nLFRt79uCAv4ZNMezqMyb4sl0KaPFT85ZmGJ9VFtg4jOMD9927kXl825xaJkTHTVzykAeGCpbb5rD3zipFkh9w_NrK_RKfbejnDlutgFXUpCAyvVhPJjnFy4nhAQSjLDpcYKirfcUL11FOxarkwMwH7ZcttnQ9Hx96b3yN1w22kPNNoyKHKvCHEUU3QpRMOb38PlMdl6RxPz625Kc34Po1jje3wo7HRDfBzU4mWIkBx43pJYT2EPoEGcCVMK_3qo7xDW6kivKIrS6w_HuAGKQ_pbfCGT5_tbHcWSReK0zVgnq7chORZAK6iVxRePHtxg9LqHACqhTivW0XG-kmUr39pnZJWX72Ys8s2r2nhnLYgjFicy2xnuhR_L9DO4dDpaePFH_l2PQCStxYT9XWqKB", "width": 3230 } ], "place_id": "ChIJtQ5S8CfND4gR34s0l2Rf65o", "rating": 4.4, "reference": "ChIJtQ5S8CfND4gR34s0l2Rf65o", "scope": "GOOGLE", "types": [ "health", "point_of_interest", "establishment" ], "user_ratings_total": 153.0, "vicinity": "1520 N Kostner Ave, Chicago", "category": "Primary Care Center – Private / Non-profit", "source": "Google Places", "raw_types_str": "health, point_of_interest, establishment" }, "geometry": { "type": "Point", "coordinates": [ -87.736752, 41.9083975 ] } },
{ "type": "Feature", "properties": { "business_status": "OPERATIONAL", "icon": "https://maps.gstatic.com/mapfiles/place_api/icons/v1/png_71/generic_business-71.png", "icon_background_color": "#7B9EB0", "icon_mask_base_uri": "https://maps.gstatic.com/mapfiles/place_api/icons/v2/generic_pinlet", "international_phone_number": "+1 773-930-3642", "name": "Health Direction Medical Center", "opening_hours": { "open_now": false }, "photos": [ { "height": 2268, "html_attributions": [ "<a href=\"https://maps.google.com/maps/contrib/106515641346389230094\">Health Direction Medical Center</a>" ], "photo_reference": "AcnlKN32tZpmK_uepuEPyRf3dPF3rY_FzXGUdnhtQ8gBLHfhwAEDQ-smXWfGsFR_L5COm34mWQ8EealcshkUx-oZL2FjYaD-yFmKaIs8RoAWMy7VH-6_LcZw3OA-UqwfobhLYNBNsFSJ9pQo-azQEZZDs1ZNrxBIrdNrmOYGt7n_NTXlcrBTxBGCJUOjFczb32UyVRYA4xxBi38m5_taUn0yrrIn_-UgpQVbn4obE3OzFMJONYfqQDNd2r8q7Gj5r18rkPqt7pJB4A9s2_pC-aEPxuVau9o0vhtKCi9XqjHAXqksxYCw8ZM", "width": 4032 } ], "place_id": "ChIJVVWltVjMD4gRpt5pfMWS0Qg", "rating": 4.3, "reference": "ChIJVVWltVjMD4gRpt5pfMWS0Qg", "scope": "GOOGLE", "types": [ "doctor", "health", "point_of_interest", "establishment" ], "user_ratings_total": 43.0, "vicinity": "4959 W Belmont Ave, Chicago", "category": "Primary Care Center – Private / Non-profit", "source": "Google Places", "raw_types_str": "doctor, health, point_of_interest, establishment" }, "geometry": { "type": "Point", "coordinates": [ -87.7515372, 41.9385075 ] } },
{ "type": "Feature", "properties": { "business_status": "OPERATIONAL", "icon": "https://maps.gstatic.com/mapfiles/place_api/icons/v1/png_71/hospital-71.png", "icon_background_color": "#F88181", "icon_mask_base_uri": "https://maps.gstatic.com/mapfiles/place_api/icons/v2/hospital-H_pinlet", "international_phone_number": "+1 773-772-4900", "name": "Otero Medical Center SC", "opening_hours": { "open_now": false }, "photos": [ { "height": 1263, "html_attributions": [ "<a href=\"https://maps.google.com/maps/contrib/101323422970260413234\">Alexander</a>" ], "photo_reference": "AcnlKN2jqkI6FfcKnHouEv1hIMARoP6ZZv_-3fdDjcOY-PiwrlI3VXmvUTXEbp3IC8apfjjIsWxLaUyTQ9TpB7kDaEcAkZbK41UIY4siTU9buanmTephyAnocYgbJ-hrWl2W7iA0xHBCx5CBr2EK-mozx1vPRaYndQi-c2-bHquHspehG97v4gSxSL-bqnXtBHiCL8S1Uyi3eTcAnsnayV2diGjMh3T4eOsDfEily2kyVIjaVkzp2xM16jXcR82RGlQTY6H_i5l6-LwM4fAxYeSSxKo6fwnqEfAyYK8VAJjFILMfRRMj33yTsNLPPBnYg_EGEKHcae_KqSK6j3_1iNqlTpxNPzy_38MkcRI7OKBMg-X0uewRi_hsJEaWtrxXnrv6bTUdgO3muViTBzQyBA6nlmO3sCI74IlAxvQkgZqtT4EYc0qzmbaTMQWYDejfAR71aXE-hbGdKHs83XdmLEM89IlV4Iav4Or3MGyUxeFaPup8zbNzkEA7BnEHM8fmOvT86c8YaPFdSEPkTMFr1TWop_kCCaC23GnbojDxJYdFDydSX1VaeLqSpD4c4bOUnHr6-q_vvvjStPnSKw", "width": 2661 } ], "place_id": "ChIJqxy3fZ3SD4gRHIgatDt2BaM", "rating": 3.1, "reference": "ChIJqxy3fZ3SD4gRHIgatDt2BaM", "scope": "GOOGLE", "types": [ "hospital", "doctor", "health", "point_of_interest", "establishment" ], "user_ratings_total": 18.0, "vicinity": "4911 W Fullerton Ave, Chicago", "category": "Primary Care Center – Private / Non-profit", "source": "Google Places", "raw_types_str": "hospital, doctor, health, point_of_interest, establishment" }, "geometry": { "type": "Point", "coordinates": [ -87.7492904, 41.9239443 ] } },
{ "type": "Feature", "properties": { "business_status": "OPERATIONAL", "icon": "https://maps.gstatic.com/mapfiles/place_api/icons/v1/png_71/hospital-71.png", "icon_background_color": "#F88181", "icon_mask_base_uri": "https://maps.gstatic.com/mapfiles/place_api/icons/v2/hospital-H_pinlet", "international_phone_number": "+1 773-235-6266", "name": "Kimball Medical Center", "opening_hours": null, "photos": null, "place_id": "ChIJp1PUF3TND4gRSLKVoL1gauA", "rating": 4.0, "reference": "ChIJp1PUF3TND4gRSLKVoL1gauA", "scope": "GOOGLE", "types": [ "pharmacy", "hospital", "doctor", "health", "store", "point_of_interest", "establishment" ], "user_ratings_total": 2.0, "vicinity": "2837 N Milwaukee Ave, Chicago", "category": "Primary Care Center – Private / Non-profit", "source": "Google Places", "raw_types_str": "pharmacy, hospital, doctor, health, store, point_of_interest, establishment" }, "geometry": { "type": "Point", "coordinates": [ -87.7132345, 41.9327496 ] } },
{ "type": "Feature", "properties": { "business_status": "OPERATIONAL", "icon": "https://maps.gstatic.com/mapfiles/place_api/icons/v1/png_71/generic_business-71.png", "icon_background_color": "#7B9EB0", "icon_mask_base_uri": "https://maps.gstatic.com/mapfiles/place_api/icons/v2/generic_pinlet", "international_phone_number": "+1 773-341-2897", "name": "Metro Urgent Care", "opening_hours": { "open_now": true }, "photos": [ { "height": 449, "html_attributions": [ "<a href=\"https://maps.google.com/maps/contrib/104394081641437113671\">Metro Urgent Care</a>" ], "photo_reference": "AcnlKN05BkqsruY1N5lwx9Iy4vhZSVWbfFqSrks3S93O0GqO3CSlmRUuLQDTO4giJ_hKy8bw597uGbf-VuxAKiT02Cx4-00gBky6gH98NhI29otvghDINlf8Si5qYsudsGPqxkPh7Ov0SZNrwN3ap6g98C79ZpS_FsvTMnEyZsxeoZtzvbk_fgI0yL-REpwUNQMrIeYIAEBJjpBFh6tExN59SQhrwgPwXpTgngwNf9dlGKxzSpj48-XUCy8bUyD4ihrSQo_z-YhdTonqymqa5tjGrv9t72fL79nf_pCzCQ4623z3Y-5CR7o", "width": 800 } ], "place_id": "ChIJC3i0lGvND4gRFuXyQOvLYcY", "rating": 4.9, "reference": "ChIJC3i0lGvND4gRFuXyQOvLYcY", "scope": "GOOGLE", "types": [ "point_of_interest", "health", "establishment" ], "user_ratings_total": 773.0, "vicinity": "5406 W Fullerton Ave, Chicago", "category": "Urgent Care / Walk-in Clinic", "source": "Google Places", "raw_types_str": "point_of_interest, health, establishment" }, "geometry": { "type": "Point", "coordinates": [ -87.7615057, 41.9243221 ] } },
{ "type": "Feature", "properties": { "business_status": "OPERATIONAL", "icon": "https://maps.gstatic.com/mapfiles/place_api/icons/v1/png_71/generic_business-71.png", "icon_background_color": "#7B9EB0", "icon_mask_base_uri": "https://maps.gstatic.com/mapfiles/place_api/icons/v2/generic_pinlet", "international_phone_number": "+1 888-584-7888", "name": "Loyola Medicine Oak Park", "opening_hours": null, "photos": [ { "height": 3024, "html_attributions": [ "<a href=\"https://maps.google.com/maps/contrib/108102508954618933603\">John Kuhnlein</a>" ], "photo_reference": "AcnlKN2NSZpJX8TYH2gHCh4knI1_94ZRluGbprZbjYGEkmPfYZZsfmTDIX1_ODxGw1lkdv_f9PKjWybXp3LUT5GcluNb3Ixj-FN2xK7LFBM84CBr3bW78TXis-dAviYjVLrUt2tD9EZDbIeDnNHekqRQVlNhsZWjVHQllmQndXstLd4fjV3QeGtxKrCcM2Q4ddoFRlzSCbTPLnq8lB5NEyYbvi9ncwX1MTU75klv3XyuQBCfywAHHZ3a0KKpYrxL7GZgJNQGEq7W8yMfi4Yb68TttTDARIubNOh17vnG32uCm10YKgOeU9KxeZ-iUupMmMEg34Kn90yFIghuROxjUWH8MRVxV7HhqiKhHT8X-LDd-22BupY776T3L5gk7LoUaWE1GIdPYlX0pMXPafZfmQ3_pOuZtjvBS5xCRs7Guc2b0cHeT-6dcoNQwHOOlinzujV9NDoiJKI-H3Mw0U2VJ8YrZCKrQuYb06Z0aS5c5ktTo3bbrmOWY-_cmM6ffXGaGkGOFCS9vXpBimSRuGXmg7KNwV-rOfVGD8tdE_cDr5fJLSF4Kg3NasypChLPwJtT5E2BmzK2kCBq", "width": 4032 } ], "place_id": "ChIJdywPBjrLD4gRJV5PgyCDAtQ", "rating": 3.5, "reference": "ChIJdywPBjrLD4gRJV5PgyCDAtQ", "scope": "GOOGLE", "types": [ "doctor", "point_of_interest", "health", "establishment" ], "user_ratings_total": 22.0, "vicinity": "7005 North Ave, Oak Park", "category": "Primary Care Center – Private / Non-profit", "source": "Google Places", "raw_types_str": "doctor, point_of_interest, health, establishment" }, "geometry": { "type": "Point", "coordinates": [ -87.8016518, 41.9087764 ] } },
{ "type": "Feature", "properties": { "business_status": "OPERATIONAL", "icon": "https://maps.gstatic.com/mapfiles/place_api/icons/v1/png_71/generic_business-71.png", "icon_background_color": "#7B9EB0", "icon_mask_base_uri": "https://maps.gstatic.com/mapfiles/place_api/icons/v2/generic_pinlet", "international_phone_number": "+1 888-584-7888", "name": "Loyola Medicine Elmwood Park", "opening_hours": null, "photos": [ { "height": 417, "html_attributions": [ "<a href=\"https://maps.google.com/maps/contrib/111708078737467133917\">Loyola Medicine Elmwood Park</a>" ], "photo_reference": "AcnlKN27eNYt57mOg3nLUWNvSIG4U2wJaFV4GEUCXQfeVVkXSjiNOYmY5ZWV4gjJuvHhLC7Jy7iuqz6whKRCfgM82HK0uRa1_gzl0s-pX315rGXK8kuEiG7EMVddcMs4CwiPmxRSNJoYbprnnh0cFXDriDva9Al7OgvdGqSHEMzDtsE9O5rlkIBvsx-cTFg6-v87xtGtVAgdseUvo7zNCCUR_yHeatfmJBYEbw7ZJo9Q9OfEHMN2e34JRzkRntDppbrGa2WEpYeP6msTalu809fKneRJyJb2EC-5zLL3_MuGnYaRq5lqVew", "width": 741 } ], "place_id": "ChIJYSdKzhvLD4gRo1s7sapjF_8", "rating": 3.3, "reference": "ChIJYSdKzhvLD4gRo1s7sapjF_8", "scope": "GOOGLE", "types": [ "doctor", "point_of_interest", "health", "establishment" ], "user_ratings_total": 28.0, "vicinity": "7255 W Grand Ave, Elmwood Park", "category": "Primary Care Center – Private / Non-profit", "source": "Google Places", "raw_types_str": "doctor, point_of_interest, health, establishment" }, "geometry": { "type": "Point", "coordinates": [ -87.8087104, 41.924276 ] } },
{ "type": "Feature", "properties": { "business_status": "OPERATIONAL", "icon": "https://maps.gstatic.com/mapfiles/place_api/icons/v1/png_71/generic_business-71.png", "icon_background_color": "#7B9EB0", "icon_mask_base_uri": "https://maps.gstatic.com/mapfiles/place_api/icons/v2/generic_pinlet", "international_phone_number": "+1 773-794-7601", "name": "Community First Medical Center Emergency Room", "opening_hours": { "open_now": true }, "photos": [ { "height": 4080, "html_attributions": [ "<a href=\"https://maps.google.com/maps/contrib/116470710480698707936\">Miramax</a>" ], "photo_reference": "AcnlKN1GrxQEEva_KoKKfPLhWzVi3iE17wpsA5ypo8xiVz4R9YomfAut9N8XdO61iuN1UMrKjbuPzqipoNC77UAZYe4xceVwgBx4TjO3dK7yTnKK9jt3_YhQwJLWRdEqZTSpxSnp5dmsJxL160jfJwBstjOrY8mRjZEn42nogqXKu6qcV4rZF_nISKAIXnKQmRIuj2HayHh8osG-GjKRYzWWy0d1Aw2Mpx6G5pRQHb3b9DhfvOrRyYt2T_BFtJjwoETYlQcYI2FlRz715SR0MFLCxbTGLwhrO4wg0UoTvT9XFzsiIEPCyQ1mrKffFfHWGS9jCmAiBD2vw0-OFwv1iALV2TIC8e6NeK-_Sz2Yf5riiaB1SY0hfOe9ShrdvM8IBPnWP2p1643hj3ZnoZttQdJT6RngHqldx2bTDdEE5diaK-jmq2AdrFkiFjQEb8SYIAW1APV7QFZ_nE60Vudqp0HaDQzbBAmLqIRUmSN41MHOEiZs0Uq2uyQy_pFjnwSxygWnjYxoRcH3r3MOFT49tBC70XYv5s72ytDxgAn4RzQ_tgsFH4rjEwv8odYp8nzqBpJdWnDxuECcNos0eA", "width": 3072 } ], "place_id": "ChIJ13hT53rMD4gRvkU7wDcZL1E", "rating": 2.0, "reference": "ChIJ13hT53rMD4gRvkU7wDcZL1E", "scope": "GOOGLE", "types": [ "point_of_interest", "health", "establishment" ], "user_ratings_total": 63.0, "vicinity": "5645 W Addison St, Chicago", "category": "Primary Care Center – Private / Non-profit", "source": "Google Places", "raw_types_str": "point_of_interest, health, establishment" }, "geometry": { "type": "Point", "coordinates": [ -87.7670946, 41.9451057 ] } },
{ "type": "Feature", "properties": { "business_status": "OPERATIONAL", "icon": "https://maps.gstatic.com/mapfiles/place_api/icons/v1/png_71/generic_business-71.png", "icon_background_color": "#7B9EB0", "icon_mask_base_uri": "https://maps.gstatic.com/mapfiles/place_api/icons/v2/generic_pinlet", "international_phone_number": "+1 773-782-2800", "name": "IWS Family Health", "opening_hours": { "open_now": true }, "photos": [ { "height": 10250, "html_attributions": [ "<a href=\"https://maps.google.com/maps/contrib/110454840299951275735\">IWS Family Health</a>" ], "photo_reference": "AcnlKN0ldEGzLoO080ZuAypLy-Auqx_oCuNhDRR0TpqIjzvRMWDWaC1FBGkyCbv-qgXYhGSLMLtlK0LQSz4q36A3J7fhMR2lzO--pT9Gx7QWAmV0yBV0vM9jUE8fVGgHIGkMTDSmxd--cU0NDZxhzK0zMdXhCu3TR_ZmX3m3Xe2Ujdb2lOoHbhluu1iU7EzlqERkjgymK92sbyUIo2hCACWyEzKjPp1uWmTNI1XgCXDhlPuT3E66MHBodCdsYuHYI-w__SF14_TqafKN__oNQcYE06U9RVtnJwgCSh7_SyK8VrkVKYduhGU", "width": 11625 } ], "place_id": "ChIJgRdg0hLND4gRPxDOHBvZeCs", "rating": 3.3, "reference": "ChIJgRdg0hLND4gRPxDOHBvZeCs", "scope": "GOOGLE", "types": [ "doctor", "point_of_interest", "health", "establishment" ], "user_ratings_total": 112.0, "vicinity": "3600 W Fullerton Ave, Chicago", "category": "Primary Care Center – Private / Non-profit", "source": "Google Places", "raw_types_str": "doctor, point_of_interest, health, establishment" }, "geometry": { "type": "Point", "coordinates": [ -87.71727, 41.924904 ] } },
{ "type": "Feature", "properties": { "business_status": "OPERATIONAL", "icon": "https://maps.gstatic.com/mapfiles/place_api/icons/v1/png_71/generic_business-71.png", "icon_background_color": "#7B9EB0", "icon_mask_base_uri": "https://maps.gstatic.com/mapfiles/place_api/icons/v2/generic_pinlet", "international_phone_number": "+1 773-231-0796", "name": "Midwest Express Clinic Urgent Care", "opening_hours": { "open_now": true }, "photos": [ { "height": 2250, "html_attributions": [ "<a href=\"https://maps.google.com/maps/contrib/114428715690967973494\">Midwest Express Clinic Urgent Care</a>" ], "photo_reference": "AcnlKN2e7NZ-EOSWm_pO9KZX-u13kn80DKl8WTHAz9BLLmpJ2pQiJ5ArUH5H5XgCoGurChAKxQH6_WRtd1Thd1CSs0-GnF29qbDdEMPV__vsex1Cdh65TCrjlygG59sBN-hFXl0pxUTuy-LY3d9H_E-dTEX5U2FtEzSD7CM-gUuMayY_B0bODhZHmb_BkcE-VASDtuLjBNMcG3LyZwUEwEmb_UospsB-x680jxq0AZCpt-XD-dR-jtnClRnbQlvjrnhaTeKt9_0dO2V1zjaY1FQ13dkR-YRDWJvjpgijiRQcyhfiUsBdnWs", "width": 3000 } ], "place_id": "ChIJS4PFRzXND4gRUrv0dGhpT0o", "rating": 4.9, "reference": "ChIJS4PFRzXND4gRUrv0dGhpT0o", "scope": "GOOGLE", "types": [ "doctor", "point_of_interest", "health", "establishment" ], "user_ratings_total": 76.0, "vicinity": "5700 W Fullerton Ave, Chicago", "category": "Urgent Care / Walk-in Clinic", "source": "Google Places", "raw_types_str": "doctor, point_of_interest, health, establishment" }, "geometry": { "type": "Point", "coordinates": [ -87.768714, 41.924275 ] } },
{ "type": "Feature", "properties": { "business_status": "OPERATIONAL", "icon": "https://maps.gstatic.com/mapfiles/place_api/icons/v1/png_71/generic_business-71.png", "icon_background_color": "#7B9EB0", "icon_mask_base_uri": "https://maps.gstatic.com/mapfiles/place_api/icons/v2/generic_pinlet", "international_phone_number": "+1 773-685-7816", "name": "Belmont Central Med Center", "opening_hours": { "open_now": true }, "photos": null, "place_id": "ChIJVxoTuGLMD4gRnr52okp768c", "rating": null, "reference": "ChIJVxoTuGLMD4gRnr52okp768c", "scope": "GOOGLE", "types": [ "doctor", "point_of_interest", "health", "establishment" ], "user_ratings_total": null, "vicinity": "5544 W Belmont Ave, Chicago", "category": "Primary Care Center – Private / Non-profit", "source": "Google Places", "raw_types_str": "doctor, point_of_interest, health, establishment" }, "geometry": { "type": "Point", "coordinates": [ -87.7658193, 41.9386922 ] } },
{ "type": "Feature", "properties": { "business_status": "OPERATIONAL", "icon": "https://maps.gstatic.com/mapfiles/place_api/icons/v1/png_71/generic_business-71.png", "icon_background_color": "#7B9EB0", "icon_mask_base_uri": "https://maps.gstatic.com/mapfiles/place_api/icons/v2/generic_pinlet", "international_phone_number": "+1 773-622-4330", "name": "Advanced Medical Center", "opening_hours": { "open_now": false }, "photos": [ { "height": 1080, "html_attributions": [ "<a href=\"https://maps.google.com/maps/contrib/113465461347533010631\">New Life Medical Center</a>" ], "photo_reference": "AcnlKN3w5HSujDN9F_9Ra0zeC6GYc80q1EqjDMefexcxv_ang8q4T-YHjTjMOcJwjMxvjzj23fhInivfCgwXmY9XoVDUFRdmO3riaK2Jl4on1DvYJ2FRKNq5EjkHPPGdTenqeYsc2cKQqbRDSH4SSBCEkN_tMw6Mu0aWZDHCn_0UYptkCL91oEc0XiTYHNgzS3DKJCBo7xF9i3WuzVNbniQ6TyFjWm9s7SG1St-EkjUy86QV_5_ohErUFCVoLTRqG9TqpeMELyjo4UAvrxOAN7K91rWepC2Jh-EJZMUodE-IZjzIWCF5IZ4", "width": 1080 } ], "place_id": "ChIJA73oHe_MD4gRM5LvCc5u1cM", "rating": 4.8, "reference": "ChIJA73oHe_MD4gRM5LvCc5u1cM", "scope": "GOOGLE", "types": [ "point_of_interest", "health", "establishment" ], "user_ratings_total": 44.0, "vicinity": "4909 W Fullerton Ave, Chicago", "category": "Primary Care Center – Private / Non-profit", "source": "Google Places", "raw_types_str": "point_of_interest, health, establishment" }, "geometry": { "type": "Point", "coordinates": [ -87.7492132, 41.9240593 ] } },
{ "type": "Feature", "properties": { "business_status": "OPERATIONAL", "icon": "https://maps.gstatic.com/mapfiles/place_api/icons/v1/png_71/generic_business-71.png", "icon_background_color": "#7B9EB0", "icon_mask_base_uri": "https://maps.gstatic.com/mapfiles/place_api/icons/v2/generic_pinlet", "international_phone_number": "+1 708-345-3076", "name": "Chicago Health Medical Group", "opening_hours": { "open_now": true }, "photos": [ { "height": 769, "html_attributions": [ "<a href=\"https://maps.google.com/maps/contrib/112473085053559560575\">A Google User</a>" ], "photo_reference": "AcnlKN3BDUowEMppp6IQQ4zzgglAiPZ-pxvLRWhRJEmKvMuCo865NQnDklL6QQIP0bqqqJCbjyL58QahnIeTbwwGjFkP1WH_TqxtoB6fRUk70j4ycrZXpann-H0p1Ig7PsME2vMcCqB8iAtjs_aYI442bCmflIfuCsFXkk6e_A1YH85KlTtxd6YQhreuPl8hr3g_Wt8RhkPrxPFAQYd2uN7Zw7rp4dRZBdm9nJVWOOd5u0LPZsMA78kR3cOzRSYS6j2JzlSKMyokEgQFUzN-1srRZaAmHcczWnN86-CB3ZxckROKfXHrqi8i-Uc76ptNnX-LdcN6Ho5wRVBjCcoGgQ4SRXjYkq3uQfS4_r6fzsf43vZKp8bUnmi1yPF4VCZqpClPaiF84-XzSXayD0-5KwhOWkM8pS9kAOK7KTELBN55FnQ63qyUajQd2jJZ2gNkaS8cQ9aAf81M-AkNuyCgF88-E4ziFDLlOLnBMnXygDmz2kF33msOoaLMgafy0Up7xR-j4QQ0mCg0cFwOej_IxIm_je7prEG1tuMMG-3lJyg11ttPDOqbOKdNxOMWE8V7jYUlYxT2ggvK85M2CA", "width": 1963 } ], "place_id": "ChIJx7LvAto0DogR-8Pu1jkzMwQ", "rating": 4.6, "reference": "ChIJx7LvAto0DogR-8Pu1jkzMwQ", "scope": "GOOGLE", "types": [ "doctor", "point_of_interest", "health", "establishment" ], "user_ratings_total": 263.0, "vicinity": "7411 Lake St bldg a suite 1120, River Forest", "category": "Primary Care Center – Private / Non-profit", "source": "Google Places", "raw_types_str": "doctor, point_of_interest, health, establishment" }, "geometry": { "type": "Point", "coordinates": [ -87.8103721, 41.888223 ] } },
{ "type": "Feature", "properties": { "business_status": "OPERATIONAL", "icon": "https://maps.gstatic.com/mapfiles/place_api/icons/v1/png_71/generic_business-71.png", "icon_background_color": "#7B9EB0", "icon_mask_base_uri": "https://maps.gstatic.com/mapfiles/place_api/icons/v2/generic_pinlet", "international_phone_number": "+1 773-794-8423", "name": "Presence Our Lady of the Resurrection Medical Center - Fitness Center", "opening_hours": null, "photos": null, "place_id": "ChIJPVN3JHvMD4gR0Hd0Oovb2S8", "rating": 2.2, "reference": "ChIJPVN3JHvMD4gR0Hd0Oovb2S8", "scope": "GOOGLE", "types": [ "point_of_interest", "health", "establishment" ], "user_ratings_total": 10.0, "vicinity": "5645 W Addison St, Chicago", "category": "Primary Care Center – Private / Non-profit", "source": "Google Places", "raw_types_str": "point_of_interest, health, establishment" }, "geometry": { "type": "Point", "coordinates": [ -87.7677343, 41.9457774 ] } },
{ "type": "Feature", "properties": { "business_status": "OPERATIONAL", "icon": "https://maps.gstatic.com/mapfiles/place_api/icons/v1/png_71/generic_business-71.png", "icon_background_color": "#7B9EB0", "icon_mask_base_uri": "https://maps.gstatic.com/mapfiles/place_api/icons/v2/generic_pinlet", "international_phone_number": "+1 773-278-6868", "name": "PrimeCare Northwest Health Center", "opening_hours": { "open_now": false }, "photos": [ { "height": 8192, "html_attributions": [ "<a href=\"https://maps.google.com/maps/contrib/108220996296575271823\">PrimeCare Northwest Health Center</a>" ], "photo_reference": "AcnlKN3YWS4cS0chny7K3E3VsZGNmcGGsVIJu-soEOqGyD2al06QpDatjL5Rv_Urwkq7KJ6xlNtXa1PcGmO_16HXRJK4yZnLSE1WWG5nJ_FnH38DwtI_EBvtCNyRNRf9hKo9fdZgzELnZrqbMWERh-xtCfXdAyqfRSrHEsFVJqPDtc6qM2GljhA60zBLnMcQCyDATuOTHO29HqUIBNE-hPt0voRIYF6V6BWDntxdoFfNKTQluSZiW7EcwQt1j7BWHHVAeVz_PHPCShR0naUQxCFcnOwCZaOzWsB7V1HjWB9eZXpZ2Aa5H0Y", "width": 5464 } ], "place_id": "ChIJKcptQzvND4gRNqwVRQafO7k", "rating": 3.8, "reference": "ChIJKcptQzvND4gRNqwVRQafO7k", "scope": "GOOGLE", "types": [ "doctor", "point_of_interest", "health", "establishment" ], "user_ratings_total": 53.0, "vicinity": "1649 N Pulaski Rd, Chicago", "category": "Primary Care Center – Private / Non-profit", "source": "Google Places", "raw_types_str": "doctor, point_of_interest, health, establishment" }, "geometry": { "type": "Point", "coordinates": [ -87.7261261, 41.9113404 ] } },
{ "type": "Feature", "properties": { "business_status": "OPERATIONAL", "icon": "https://maps.gstatic.com/mapfiles/place_api/icons/v1/png_71/generic_business-71.png", "icon_background_color": "#7B9EB0", "icon_mask_base_uri": "https://maps.gstatic.com/mapfiles/place_api/icons/v2/generic_pinlet", "international_phone_number": "+1 331-221-9000", "name": "Endeavor Health Medical Group – Oak Park", "opening_hours": { "open_now": true }, "photos": null, "place_id": "ChIJk96xgMU0DogR-O4e20cKcns", "rating": 2.5, "reference": "ChIJk96xgMU0DogR-O4e20cKcns", "scope": "GOOGLE", "types": [ "point_of_interest", "health", "establishment" ], "user_ratings_total": 21.0, "vicinity": "1100 Lake St #230, Oak Park", "category": "Primary Care Center – Private / Non-profit", "source": "Google Places", "raw_types_str": "point_of_interest, health, establishment" }, "geometry": { "type": "Point", "coordinates": [ -87.8029893, 41.8888599 ] } },
{ "type": "Feature", "properties": { "business_status": "OPERATIONAL", "icon": "https://maps.gstatic.com/mapfiles/place_api/icons/v1/png_71/generic_business-71.png", "icon_background_color": "#7B9EB0", "icon_mask_base_uri": "https://maps.gstatic.com/mapfiles/place_api/icons/v2/generic_pinlet", "international_phone_number": "+1 773-276-2229", "name": "PrimeCare Fullerton Health Center", "opening_hours": { "open_now": false }, "photos": [ { "height": 3024, "html_attributions": [ "<a href=\"https://maps.google.com/maps/contrib/104197414107712900249\">Kyle Eldridge</a>" ], "photo_reference": "AcnlKN1nDvn8ja8JmrQikY-Z3SXqlVOhYLOyRYZY7VDKPZAHeflK62ZWU9AZgcn7ECt7_oEBzYUpybr65_dwd7y1w9uiC5DTovglIn-0WsLBVP93IkNAP89GjNr668cnnn8hHMdKfU0SdDE2UPYWva5tPmLWKLq4TVxYUtoMovFz1HErhywZOxC6uyh2bhqFfCAzKvN2JS6PHwkZfgoRIkG6mu8_PN5Ii6AOoVo4EHRXHQf3f2klV1roVN2V6okNZxEC4yymeaJm28cYGYbOMmY3tYAq-ieAsjRmGEZSUU76eq43_TAUXC0xNKs65Xy_6vGS9hAzDCCGazqgeyl8C2BgrnnV4bDSrsIPQsQ8V-eNyPSCYEALC2wVYICRBtsScoMNE9RYdgj3cocWbnbVChn8XW2p-dog70jktCd0D5dqx1dg8k1vy9hfK5a-Bi4KaqnIWnNAnM4wcVfG7FfxkuhLpbfVs8gY6fN2UxfCDGSq9_-3BhYblNSg2RHPQJyVg5IEwsJBJebYs70pia8FlaEmkCeJS_qsA6HBShq7mXvvb6CVUDJYRCdK-WKLOg3KteT9MhAXOjbk", "width": 4032 } ], "place_id": "ChIJ51RpWBDND4gRt9FPVhp1_lw", "rating": 3.4, "reference": "ChIJ51RpWBDND4gRt9FPVhp1_lw", "scope": "GOOGLE", "types": [ "doctor", "health", "point_of_interest", "establishment" ], "user_ratings_total": 52.0, "vicinity": "3924 W Fullerton Ave, Chicago", "category": "Primary Care Center – Private / Non-profit", "source": "Google Places", "raw_types_str": "doctor, health, point_of_interest, establishment" }, "geometry": { "type": "Point", "coordinates": [ -87.7254072, 41.9246648 ] } },
{ "type": "Feature", "properties": { "business_status": "OPERATIONAL", "icon": "https://maps.gstatic.com/mapfiles/place_api/icons/v1/png_71/generic_business-71.png", "icon_background_color": "#7B9EB0", "icon_mask_base_uri": "https://maps.gstatic.com/mapfiles/place_api/icons/v2/generic_pinlet", "international_phone_number": "+1 773-388-1600", "name": "Howard Brown Health at La Casa Norte", "opening_hours": { "open_now": true }, "photos": [ { "height": 3120, "html_attributions": [ "<a href=\"https://maps.google.com/maps/contrib/109083021204173674422\">Jenna Fiala</a>" ], "photo_reference": "AcnlKN1BdiaTD89mNatap10_hdwyJsgQmrhBLjVvLzweBTaZLyE-3_LBBrUwmK6cVKyaYqOPkWimEvdCXvadslqCk71SI1268mLvRgyDmX5ekxyso_PoBk0mOYxVVWwdUFlO6-JQkRZdjMF-xr0pFIMAvFLklFgURXZ-cfqEnOkjI-Hm09lJMJTPbUCwkBg827QGWvC8mY6gTRqbO2TLjvOvJ0O0Gxdoq7mfwDSk2ravSFUsvo5p8aNfsc9Nvmp3kyCwAzKbk8Q1BFU3hyZtlAF_ot9sPelMDrc7snQXQ_agj-7VBa5P54IgOhuygYpqAZQv8JmDa7Ahl3sr0nbq14IuKcPMbsw4_HmIpsJmqgJhaJOI851jMQEiL--wrpEJpcRdDCXkYRXRsM5iTm1vYUp71l456Z3Lj5fLBHO4f3isttOOv3F1rnlrsif0xaes5yGxI0DqrS59JB9OsrxlGZuFDPIQDVUCpo0TXmUjZT4tSPGnqQAiP4YamJq7NF5Bg9cbWHrW0JLbvhfKWH_gFuz5Ep7CIXsX-7rgAJr7lrCcmYthMgvzsTyu6VDG_12kKuOstZsCSY46", "width": 4160 } ], "place_id": "ChIJO2ePSGDND4gR0X2YSeSbc-E", "rating": 4.5, "reference": "ChIJO2ePSGDND4gR0X2YSeSbc-E", "scope": "GOOGLE", "types": [ "health", "point_of_interest", "establishment" ], "user_ratings_total": 221.0, "vicinity": "3533 W North Ave, Chicago", "category": "Primary Care Center – Private / Non-profit", "source": "Google Places", "raw_types_str": "health, point_of_interest, establishment" }, "geometry": { "type": "Point", "coordinates": [ -87.7157831, 41.9098631 ] } },
{ "type": "Feature", "properties": { "business_status": "OPERATIONAL", "icon": "https://maps.gstatic.com/mapfiles/place_api/icons/v1/png_71/generic_business-71.png", "icon_background_color": "#7B9EB0", "icon_mask_base_uri": "https://maps.gstatic.com/mapfiles/place_api/icons/v2/generic_pinlet", "international_phone_number": "+1 773-237-5544", "name": "ACCESS Brickyard Family Health Center", "opening_hours": { "open_now": false }, "photos": [ { "height": 945, "html_attributions": [ "<a href=\"https://maps.google.com/maps/contrib/116733627347804385284\">ACCESS Brickyard Family Health Center</a>" ], "photo_reference": "AcnlKN2RnGX1H500ieuPdIEkh19VjUqYe2ojVu2uebg3CCKLon75KqK6M2i4XFBJuckzBAlUfsdTPrdYHFpcx5E_KhGzb-BW83O3VqhfFsT07KEAtjCQ55Q_E9YVTOPQrs-j3yKusN7unMTZbX9Yria2l-ChGuvQ7gbqc9I1NHAvYxcohte91kxUOBJYVpqSQ3VF9DZ9xHwbAvbCupIOXvOqY7UgnA6lLei_xThwIMDpOBy147B0UNmpGxi0JxM0Z3wxRMpWdjkARVhAM_qcxDSlRgbDlNc1nhpLsYT25MgQK63VWn8i02U", "width": 946 } ], "place_id": "ChIJ-Q-q2inLD4gR6YktTeXBQkQ", "rating": 3.4, "reference": "ChIJ-Q-q2inLD4gR6YktTeXBQkQ", "scope": "GOOGLE", "types": [ "doctor", "health", "point_of_interest", "establishment" ], "user_ratings_total": 8.0, "vicinity": "6020 W Diversey Ave, Chicago", "category": "Primary Care Center – Private / Non-profit", "source": "Google Places", "raw_types_str": "doctor, health, point_of_interest, establishment" }, "geometry": { "type": "Point", "coordinates": [ -87.7768329, 41.9313296 ] } },
{ "type": "Feature", "properties": { "business_status": "OPERATIONAL", "icon": "https://maps.gstatic.com/mapfiles/place_api/icons/v1/png_71/generic_business-71.png", "icon_background_color": "#7B9EB0", "icon_mask_base_uri": "https://maps.gstatic.com/mapfiles/place_api/icons/v2/generic_pinlet", "international_phone_number": "+1 708-383-6200", "name": "Fresenius Medical Care", "opening_hours": null, "photos": [ { "height": 3060, "html_attributions": [ "<a href=\"https://maps.google.com/maps/contrib/107820558939081905764\">DOHC 106</a>" ], "photo_reference": "AcnlKN273IE6YM7UjEBVKO3OCqeiYeUP841WGlp7FPCp7zUcHptFNVRPZDsMKkVqoLQ1Q5kF25hSNT4eCsxYoDUpVuLV8ytW8nJKOeBbgybNk6wKnRPNBpnWsoe6McPbJ_ZfA1ONbMBvBppu_MXlxB7bQkZ21ISL2PDeL_y98BPAt9kF49-mQySiDdBwchqrEZry9vYW5-B7qNWMEiA2lFLIsQquqXSJ0i3n_jMQP4b3DcyAsQS7r0TrLPdbkRbrS5ratKnR3zhYSTe1BFPhEYZ4Qi-c4Zjkywe5sgg-NnwDK9YzLIt64BA0dtLrpO6RQv0xh-oM8dthXTGrXwTO4uRo3SOLP19N70bVKGvrvAYHWlG2qEwC2QsRWZbwtHupj0Qmi3CAEphBIbHdZsB43FoIFddB5mQr1soixcetUYZZIKRiAvzbJ-X5uJzPVh3VngVYCUdsvE4UwnQ2rxEWWpNO9i6wzvd0_6svtiHWmY0PYmGr-_u7Udhx5lRm3ZHePGH9XRN8CeLUQFtrPHw9xsdQVXJHOiWaLQjn8ekfInhx2c7xXHI5pXJcte6fR9H-Pyyj-aMvcAkgk3Z43Q", "width": 4080 } ], "place_id": "ChIJnQ7ASlYzDogRjCFTkHVTQ8A", "rating": 4.0, "reference": "ChIJnQ7ASlYzDogRjCFTkHVTQ8A", "scope": "GOOGLE", "types": [ "hospital", "health", "point_of_interest", "establishment" ], "user_ratings_total": 1.0, "vicinity": "3 Erie St, Oak Park", "category": "Primary Care Center – Private / Non-profit", "source": "Google Places", "raw_types_str": "hospital, health, point_of_interest, establishment" }, "geometry": { "type": "Point", "coordinates": [ -87.776114299999989, 41.8913716 ] } },
{ "type": "Feature", "properties": { "business_status": "OPERATIONAL", "icon": "https://maps.gstatic.com/mapfiles/place_api/icons/v1/png_71/generic_business-71.png", "icon_background_color": "#7B9EB0", "icon_mask_base_uri": "https://maps.gstatic.com/mapfiles/place_api/icons/v2/generic_pinlet", "international_phone_number": "+1 773-637-1600", "name": "Med-Ped Medical Center Sc", "opening_hours": { "open_now": false }, "photos": null, "place_id": "ChIJrVGhQoLMD4gRzkXw3jg7H3w", "rating": 4.1, "reference": "ChIJrVGhQoLMD4gRzkXw3jg7H3w", "scope": "GOOGLE", "types": [ "doctor", "health", "point_of_interest", "establishment" ], "user_ratings_total": 8.0, "vicinity": "5939 W Diversey Ave, Chicago", "category": "Primary Care Center – Private / Non-profit", "source": "Google Places", "raw_types_str": "doctor, health, point_of_interest, establishment" }, "geometry": { "type": "Point", "coordinates": [ -87.7750513, 41.9310494 ] } },
{ "type": "Feature", "properties": { "business_status": "OPERATIONAL", "icon": "https://maps.gstatic.com/mapfiles/place_api/icons/v1/png_71/hospital-71.png", "icon_background_color": "#F88181", "icon_mask_base_uri": "https://maps.gstatic.com/mapfiles/place_api/icons/v2/hospital-H_pinlet", "international_phone_number": "+1 773-282-3115", "name": "EPIC Health Chicago Center", "opening_hours": { "open_now": false }, "photos": null, "place_id": "ChIJf9T54KHND4gR7o_AUxJHIUE", "rating": null, "reference": "ChIJf9T54KHND4gR7o_AUxJHIUE", "scope": "GOOGLE", "types": [ "hospital", "doctor", "health", "point_of_interest", "establishment" ], "user_ratings_total": null, "vicinity": "3000 N Cicero Ave, Chicago", "category": "Primary Care Center – Private / Non-profit", "source": "Google Places", "raw_types_str": "hospital, doctor, health, point_of_interest, establishment" }, "geometry": { "type": "Point", "coordinates": [ -87.7470175, 41.9353313 ] } },
{ "type": "Feature", "properties": { "business_status": "OPERATIONAL", "icon": "https://maps.gstatic.com/mapfiles/place_api/icons/v1/png_71/hospital-71.png", "icon_background_color": "#F88181", "icon_mask_base_uri": "https://maps.gstatic.com/mapfiles/place_api/icons/v2/hospital-H_pinlet", "international_phone_number": "+1 773-309-8023", "name": "Agape Medical Center", "opening_hours": null, "photos": null, "place_id": "ChIJO67TBhjND4gRjs4Smuag1LA", "rating": 2.5, "reference": "ChIJO67TBhjND4gRjs4Smuag1LA", "scope": "GOOGLE", "types": [ "hospital", "health", "point_of_interest", "establishment" ], "user_ratings_total": 2.0, "vicinity": "4937 W Fullerton Ave, Chicago", "category": "Primary Care Center – Private / Non-profit", "source": "Google Places", "raw_types_str": "hospital, health, point_of_interest, establishment" }, "geometry": { "type": "Point", "coordinates": [ -87.7502873, 41.9240665 ] } },
{ "type": "Feature", "properties": { "business_status": "OPERATIONAL", "icon": "https://maps.gstatic.com/mapfiles/place_api/icons/v1/png_71/generic_business-71.png", "icon_background_color": "#7B9EB0", "icon_mask_base_uri": "https://maps.gstatic.com/mapfiles/place_api/icons/v2/generic_pinlet", "international_phone_number": "+1 708-456-7071", "name": "Grand Medical Center", "opening_hours": null, "photos": null, "place_id": "ChIJh_jiLRrLD4gRXzw9HRvpSI8", "rating": 1.0, "reference": "ChIJh_jiLRrLD4gRXzw9HRvpSI8", "scope": "GOOGLE", "types": [ "doctor", "health", "point_of_interest", "establishment" ], "user_ratings_total": 1.0, "vicinity": "7239 W Grand Ave, Elmwood Park", "category": "Primary Care Center – Private / Non-profit", "source": "Google Places", "raw_types_str": "doctor, health, point_of_interest, establishment" }, "geometry": { "type": "Point", "coordinates": [ -87.8081445, 41.9241846 ] } },
{ "type": "Feature", "properties": { "business_status": "OPERATIONAL", "icon": "https://maps.gstatic.com/mapfiles/place_api/icons/v1/png_71/generic_business-71.png", "icon_background_color": "#7B9EB0", "icon_mask_base_uri": "https://maps.gstatic.com/mapfiles/place_api/icons/v2/generic_pinlet", "international_phone_number": "+1 773-772-7202", "name": "PrimeCare Hamlin Health Center", "opening_hours": { "open_now": false }, "photos": null, "place_id": "ChIJ4-xPDT7ND4gR0yA6f7XTyB8", "rating": 3.2, "reference": "ChIJ4-xPDT7ND4gR0yA6f7XTyB8", "scope": "GOOGLE", "types": [ "doctor", "health", "point_of_interest", "establishment" ], "user_ratings_total": 6.0, "vicinity": "1920 N Hamlin Ave, Chicago", "category": "Primary Care Center – Private / Non-profit", "source": "Google Places", "raw_types_str": "doctor, health, point_of_interest, establishment" }, "geometry": { "type": "Point", "coordinates": [ -87.7220429, 41.9161593 ] } },
{ "type": "Feature", "properties": { "business_status": "OPERATIONAL", "icon": "https://maps.gstatic.com/mapfiles/place_api/icons/v1/png_71/generic_business-71.png", "icon_background_color": "#7B9EB0", "icon_mask_base_uri": "https://maps.gstatic.com/mapfiles/place_api/icons/v2/generic_pinlet", "international_phone_number": "+1 773-257-0610", "name": "Midwest Express Clinic Urgent Care", "opening_hours": { "open_now": true }, "photos": [ { "height": 600, "html_attributions": [ "<a href=\"https://maps.google.com/maps/contrib/112808458734401437677\">Midwest Express Clinic Urgent Care</a>" ], "photo_reference": "AcnlKN23CLAcdiRWu-_ce2MQm9qbXH89PZuZCaPDw0yMl3R--bX_CL_UzMOf6EuekjJzfiIBrOGgh63kVT9mL3CbpV606JPB3XdjIJHGHHXn1WAgpbnIyczsWe7TuH5Hn8VCPx6gaofc9pqjJLgr0ZKmSfH_DCB9JgqkAS2pso6LJ916CW8oEdb72K-DKyxBF3sTffm-fkm_iCOlOmFbeDZT0hjFGSiRZwpMPP6F0JZpp8chr4V6ahB3ZggBMk_Onl3ss2J6br4Fu2LvP5eAp38UoK0NxEGKfcSOIvdL6FOmY2_OAG3dhFc", "width": 800 } ], "place_id": "ChIJ5SzRrh7ND4gReRoqO1u-25M", "rating": 4.6, "reference": "ChIJ5SzRrh7ND4gReRoqO1u-25M", "scope": "GOOGLE", "types": [ "doctor", "point_of_interest", "health", "establishment" ], "user_ratings_total": 226.0, "vicinity": "3333 W Fullerton Ave Unit B, Chicago", "category": "Urgent Care / Walk-in Clinic", "source": "Google Places", "raw_types_str": "doctor, point_of_interest, health, establishment" }, "geometry": { "type": "Point", "coordinates": [ -87.7118352, 41.9242464 ] } },
{ "type": "Feature", "properties": { "business_status": "OPERATIONAL", "icon": "https://maps.gstatic.com/mapfiles/place_api/icons/v1/png_71/generic_business-71.png", "icon_background_color": "#7B9EB0", "icon_mask_base_uri": "https://maps.gstatic.com/mapfiles/place_api/icons/v2/generic_pinlet", "international_phone_number": "+1 773-906-4707", "name": "Family Urgent Care", "opening_hours": { "open_now": true }, "photos": [ { "height": 5712, "html_attributions": [ "<a href=\"https://maps.google.com/maps/contrib/116905099652645388178\">Family Urgent Care</a>" ], "photo_reference": "AcnlKN2CSQ3nxgyNx9gtMiSuREG8aH6GU9NH-arKRUmVeuAJAYNszLb2grIi8CrN_xacpNAGW9JDRGNe66xt0T-l3erUHPbxJbAMUwFdYJlbYj_4ep-eB1PpaIVbXZLjjXlq4pFA4iYZuAMozueQ5US-4VJAIy56xt3V1SwMwHOaor71GlkD-u3W5C05uUKO-bB75sOVJewYugElflGelPmAUjIUkEE9Q6r0onkpkqO8xb9QIUzjgAnvPcyy4zUYXMEwNjB-JkHuP1qpcZhShOyZSlDqs8zZW8GPOSKYj09cInC62-PFWdQ", "width": 4284 } ], "place_id": "ChIJp9U6Qd_ND4gRH4KuhTnUBlM", "rating": 4.9, "reference": "ChIJp9U6Qd_ND4gRH4KuhTnUBlM", "scope": "GOOGLE", "types": [ "point_of_interest", "health", "establishment" ], "user_ratings_total": 383.0, "vicinity": "2865 N Milwaukee Ave, Chicago", "category": "Urgent Care / Walk-in Clinic", "source": "Google Places", "raw_types_str": "point_of_interest, health, establishment" }, "geometry": { "type": "Point", "coordinates": [ -87.714028, 41.933563199999988 ] } },
{ "type": "Feature", "properties": { "business_status": "OPERATIONAL", "icon": "https://maps.gstatic.com/mapfiles/place_api/icons/v1/png_71/hospital-71.png", "icon_background_color": "#F88181", "icon_mask_base_uri": "https://maps.gstatic.com/mapfiles/place_api/icons/v2/hospital-H_pinlet", "international_phone_number": "+1 773-975-1600", "name": "Advocate Illinois Masonic Medical Center", "opening_hours": { "open_now": true }, "photos": [ { "height": 3456, "html_attributions": [ "<a href=\"https://maps.google.com/maps/contrib/112565107339663549750\">Advocate Illinois Masonic Medical Center</a>" ], "photo_reference": "AcnlKN2PMxnZisK2X7R1Zs0RAz9kcf-Htas29EffSk104KmeKYzsDnKl10ukMW2wvqDqWkxAFV4awZsGn53c2FPkjfCFHbhl064QXnH0icPqo1gTW8SdxV0aCk5MYBwfw5ovru5S-ZTO_Rq-AVooew1yj5pZiSd78--H9baNyG1qyvhmoYacaQoKXbDgd2GGgup9gl1SebJmhvG_JVEtK_0iK-fsP6qhLqknhjYVZDKUNPLtNshck0JbdFVtXReI2lYNjds7WjC_6djlt-7gO7TeeaORozzbzDatg-g-Kc0ZjB-SWcj5DG8", "width": 5184 } ], "place_id": "ChIJLydUwqnTD4gRF_8G4edBBAE", "rating": 3.4, "reference": "ChIJLydUwqnTD4gRF_8G4edBBAE", "scope": "GOOGLE", "types": [ "hospital", "point_of_interest", "health", "establishment" ], "user_ratings_total": 738.0, "vicinity": "836 W Wellington Ave, Chicago", "category": "Primary Care Center – Private / Non-profit", "source": "Google Places", "raw_types_str": "hospital, point_of_interest, health, establishment" }, "geometry": { "type": "Point", "coordinates": [ -87.6516479, 41.9370263 ] } },
{ "type": "Feature", "properties": { "business_status": "OPERATIONAL", "icon": "https://maps.gstatic.com/mapfiles/place_api/icons/v1/png_71/hospital-71.png", "icon_background_color": "#F88181", "icon_mask_base_uri": "https://maps.gstatic.com/mapfiles/place_api/icons/v2/hospital-H_pinlet", "international_phone_number": "+1 312-491-5250", "name": "PrimeCare West Town Health Center", "opening_hours": { "open_now": true }, "photos": [ { "height": 4480, "html_attributions": [ "<a href=\"https://maps.google.com/maps/contrib/103790159428995054859\">PrimeCare West Town Health Center</a>" ], "photo_reference": "AcnlKN35c6MU7xYldK25gj0Sgsub6AFuhlYztvWzlOfYQLIe0NbLWbw5XDTxjnF7IV751R4Si4nsylR3pXTQ5c81rBA6hHvcLQAI4bMgnSTRCRPMEi3Xkirgj7zE_GeDKLyCmcD4j9HWqvzDACseVM1xOSQnch8NfFZCcmkXEfHiCHIs68ME4s1wUn7ERi4E0Bd_yWhdjA-zalRNeTFSVnjaBHc9D739ufHduiZ75tYMtt03tItgli7aFywxvvd8KLh9g7CzzcmYCSPDncShqicy5hb1jeFqRxte017Q5o1XGMnEHe3H57k", "width": 6720 } ], "place_id": "ChIJB-8PyLrSD4gR1yPNVffQohA", "rating": 3.5, "reference": "ChIJB-8PyLrSD4gR1yPNVffQohA", "scope": "GOOGLE", "types": [ "hospital", "point_of_interest", "health", "establishment" ], "user_ratings_total": 38.0, "vicinity": "1431 N Western Ave # 406, Chicago", "category": "Primary Care Center – Private / Non-profit", "source": "Google Places", "raw_types_str": "hospital, point_of_interest, health, establishment" }, "geometry": { "type": "Point", "coordinates": [ -87.6863494, 41.9075381 ] } },
{ "type": "Feature", "properties": { "business_status": "OPERATIONAL", "icon": "https://maps.gstatic.com/mapfiles/place_api/icons/v1/png_71/hospital-71.png", "icon_background_color": "#F88181", "icon_mask_base_uri": "https://maps.gstatic.com/mapfiles/place_api/icons/v2/hospital-H_pinlet", "international_phone_number": "+1 773-292-9660", "name": "Sunnyside Medical Center", "opening_hours": { "open_now": false }, "photos": null, "place_id": "ChIJ5boeGKfSD4gRJNMAYLOXvpI", "rating": 4.0, "reference": "ChIJ5boeGKfSD4gRJNMAYLOXvpI", "scope": "GOOGLE", "types": [ "hospital", "doctor", "point_of_interest", "health", "establishment" ], "user_ratings_total": 24.0, "vicinity": "3228 W North Ave, Chicago", "category": "Primary Care Center – Private / Non-profit", "source": "Google Places", "raw_types_str": "hospital, doctor, point_of_interest, health, establishment" }, "geometry": { "type": "Point", "coordinates": [ -87.7080016, 41.9103789 ] } },
{ "type": "Feature", "properties": { "business_status": "OPERATIONAL", "icon": "https://maps.gstatic.com/mapfiles/place_api/icons/v1/png_71/generic_business-71.png", "icon_background_color": "#7B9EB0", "icon_mask_base_uri": "https://maps.gstatic.com/mapfiles/place_api/icons/v2/generic_pinlet", "international_phone_number": "+1 773-388-1600", "name": "Howard Brown Health Halsted", "opening_hours": { "open_now": true }, "photos": [ { "height": 288, "html_attributions": [ "<a href=\"https://maps.google.com/maps/contrib/113176845115392117714\">Howard Brown Health Halsted</a>" ], "photo_reference": "AcnlKN19gAZta0e3gZLaEukdYAPrPlAmcLP1XBI3PLEF8djDDoAtm4Fna3w0_-UrePfjT7i7JPWa4mXr5zCXc8oTYUdfp3D5LCDwM_JTjcEkeBZv3vVR3_CBP4ilJFMkvhWVe1OzsKvkK2jG4p3n499HH7yVZp51w5FMPvSxeBVpYbBtvC4RuhyCe9cDUaxsFazp6xE21FXWThS7y1iW0lPaL7UeLEEZe8Raf6I1uHii-p3B48B5okSySbYDayEJa-eIxxygp3hNS4fenDUChOagE3h2a9mxRjGg9PBN9B-ZZEiFe4qzdvs", "width": 432 } ], "place_id": "ChIJR-5mQa_TD4gRzlDBuUdhKJU", "rating": 3.0, "reference": "ChIJR-5mQa_TD4gRzlDBuUdhKJU", "scope": "GOOGLE", "types": [ "point_of_interest", "health", "establishment" ], "user_ratings_total": 169.0, "vicinity": "3501 N Halsted St, Chicago", "category": "Primary Care Center – Private / Non-profit", "source": "Google Places", "raw_types_str": "point_of_interest, health, establishment" }, "geometry": { "type": "Point", "coordinates": [ -87.6491902, 41.9455805 ] } },
{ "type": "Feature", "properties": { "business_status": "OPERATIONAL", "icon": "https://maps.gstatic.com/mapfiles/place_api/icons/v1/png_71/generic_business-71.png", "icon_background_color": "#7B9EB0", "icon_mask_base_uri": "https://maps.gstatic.com/mapfiles/place_api/icons/v2/generic_pinlet", "international_phone_number": "+1 773-348-4904", "name": "Belmont Medical Center", "opening_hours": { "open_now": false }, "photos": [ { "height": 2400, "html_attributions": [ "<a href=\"https://maps.google.com/maps/contrib/109669855484647094723\">David Johnsen</a>" ], "photo_reference": "AcnlKN1fxp-YodqDBnKBtJABLXka50jm2AdPVwtp2ryMFAEV-77zBKeB8ZRzJ2JJeCMXj45xM31YUHMHa_BlRGVzfCSswNcXwA7_CprmMfhwF6BmRTpHV_lYfbu9Lj06NxjFezF7vOxBlPo_5O6MIOJaSiP0W8jMAVuzRTMYoGmK6cfWCXomSU2FfiU0KxYqIOBQNNsj8m1JS-RVgwA7x3Nma9eRFkLAexyUR0qqHPy8UYshOoXWK0cjmysjpUlGvoYVlgvtmjKBqgSUhWWgDNJ-dKihSHqha1_iFFKUxE-KO8yNajbLnpeatJmiyAzdwIbi0YOTQZCB24Eu7BGS4Qum6n0iyRsevoNnWzC1TleOa97PtMjyypBoWn0atNA2XUHghdCPhTyON5ri9Jhwqeg_ZSXE7O5QCMgbx-kkbGfJTbkc3NwzUGIHTdNuzDZv2oQC1tIPruQjfcEGTSxCog1gxFax96qbRVdg2xM7kGSH-oK0kmvD0FlJ2X8FNWewkivHlQ-7ftEFt0jv_bBOJ-wo_usJbejvbh04ZDTX58rTGimuJI4GMf6679dm3F305dsC1LUizqIqBCqzqA", "width": 4049 } ], "place_id": "ChIJ82lVwGPSD4gRz9HNIeEBUR4", "rating": 2.3, "reference": "ChIJ82lVwGPSD4gRz9HNIeEBUR4", "scope": "GOOGLE", "types": [ "point_of_interest", "health", "establishment" ], "user_ratings_total": 10.0, "vicinity": "2212 W Belmont Ave, Chicago", "category": "Primary Care Center – Private / Non-profit", "source": "Google Places", "raw_types_str": "point_of_interest, health, establishment" }, "geometry": { "type": "Point", "coordinates": [ -87.6838461, 41.9396306 ] } },
{ "type": "Feature", "properties": { "business_status": "OPERATIONAL", "icon": "https://maps.gstatic.com/mapfiles/place_api/icons/v1/png_71/hospital-71.png", "icon_background_color": "#F88181", "icon_mask_base_uri": "https://maps.gstatic.com/mapfiles/place_api/icons/v2/hospital-H_pinlet", "international_phone_number": "+1 773-384-4933", "name": "Antillas Medical Center", "opening_hours": { "open_now": false }, "photos": [ { "height": 3280, "html_attributions": [ "<a href=\"https://maps.google.com/maps/contrib/115337377805421766590\">SMG Antillas Medical Center</a>" ], "photo_reference": "AcnlKN28D8J4tUhgypEyGvuec6Wcxz8V2-wvIAqjnexuqCpHtspeJgGM_W9NA8zdjJ2JRweLUyLy014e0xBOT-pxhvfF_iOnKuqt0w_TJcqH-a557oXqEYgJ4cNW7dYiTuj8-cqHGxR2-_2vI95odcMGHENePQk_SPaLfHuY2xVMeI42CimQGIgU15xXRs6T3BYntDheLMefzNSk-O40AGdUBrtNn4Bv_BusufGu5U97PwJtN-1Z0IKh0PO4S685DkE8HbAoInDn5hJd6UgC1KIcxX2GisTGycqHLf55nRFXjbjIIr158lM", "width": 4928 } ], "place_id": "ChIJl4zakWfND4gRp8zCW3ZrA9o", "rating": 3.0, "reference": "ChIJl4zakWfND4gRp8zCW3ZrA9o", "scope": "GOOGLE", "types": [ "hospital", "point_of_interest", "health", "establishment" ], "user_ratings_total": 56.0, "vicinity": "3109 W Armitage Ave, Chicago", "category": "Primary Care Center – Private / Non-profit", "source": "Google Places", "raw_types_str": "hospital, point_of_interest, health, establishment" }, "geometry": { "type": "Point", "coordinates": [ -87.7057582, 41.9172988 ] } },
{ "type": "Feature", "properties": { "business_status": "OPERATIONAL", "icon": "https://maps.gstatic.com/mapfiles/place_api/icons/v1/png_71/hospital-71.png", "icon_background_color": "#F88181", "icon_mask_base_uri": "https://maps.gstatic.com/mapfiles/place_api/icons/v2/hospital-H_pinlet", "international_phone_number": "+1 312-666-3494", "name": "Erie Family Health Center", "opening_hours": { "open_now": false }, "photos": [ { "height": 4160, "html_attributions": [ "<a href=\"https://maps.google.com/maps/contrib/110348377902337267226\">S Roman</a>" ], "photo_reference": "AcnlKN3ucZ-p58_OrkBvKWM3JY6AL-8-bLPZ7WZzXFH1wPmacdFRhMjF4kfUNDjF14BY4iEXl_nJ6gvHAeSHwB65uTfk6oWdEwhlrH60Lkh0swcrcx-zj46jJ7eGJUB7aa9mOFHahZzJAc3E8Y8M0g4pxoK0weh5UMbWqsNkyFM4Sc2F1O89OZcQbXfg7XtPZf7unKXaVuVd4-yKKp3Dej6V2lhUssxjAKW8RB9N3H3_nXdGM-hkRXyDUyA6CaTRXOVAbBba_jbt7ugtWbSrAn_bdDuDBf4v5hxxe1sLDpADHGSa0asPwY_R69IX8KiLmcZabRU35pwPC786BhdkUaTmp_PtL84t16bZ0icgy8i5cD5mg-rEAGh2ikdhUfEUe4KtD5bC9Rs2B0XtESYKIk6pfxWzn3gNsXfb5MTThQOHts8b8wyh-OjhMqVecDzV8BXfLz0oRJ-nGhs08bjNyK3Fnm-9Sr5lEvZ5lPxoCK1Z7Q7BaaNjBcswGIj6-mW9Jf8cJvAIUh_cWh8CljxOFN_4wSYRTIF-INiyeBEGBUXJIffTp64kP4y9kRSITFtk93vvTT2ExPhqZ7-cSg", "width": 1828 } ], "place_id": "ChIJ22pMXafSD4gRFlWCrAHp-R0", "rating": 3.2, "reference": "ChIJ22pMXafSD4gRFlWCrAHp-R0", "scope": "GOOGLE", "types": [ "hospital", "point_of_interest", "health", "establishment" ], "user_ratings_total": 75.0, "vicinity": "2750 W North Ave, Chicago", "category": "Primary Care Center – Private / Non-profit", "source": "Google Places", "raw_types_str": "hospital, point_of_interest, health, establishment" }, "geometry": { "type": "Point", "coordinates": [ -87.6967781, 41.9105276 ] } },
{ "type": "Feature", "properties": { "business_status": "OPERATIONAL", "icon": "https://maps.gstatic.com/mapfiles/place_api/icons/v1/png_71/hospital-71.png", "icon_background_color": "#F88181", "icon_mask_base_uri": "https://maps.gstatic.com/mapfiles/place_api/icons/v2/hospital-H_pinlet", "international_phone_number": "+1 773-472-2936", "name": "Ashland Medical Center", "opening_hours": { "open_now": false }, "photos": [ { "height": 1080, "html_attributions": [ "<a href=\"https://maps.google.com/maps/contrib/107419885189254915634\">Ashland Medical Center</a>" ], "photo_reference": "AcnlKN3YGgWrcLNfBs0kWIil-ZgrwDBs-xxKRG0X9kgUBtQYwDuQUsbvc6mzUYXTj7rvaXTfXzYaVNzTVAot351bVyDsIcIY1mNRdPxpDoJ8tjwOek_Y7oJUevGxV0SXG2N0bNiUH4lL_28ClF6YTpU80qdA3UIRplpyc76cZEGrMkQdAfydrWJ7OU2ChuLDM2XJtESGt2WRgj-Cb7FbRScfcjhv0cvfTB0IvOv_g7sHnRRlgctTYeKgDa1ZCK0_3Nz-wDFSpgPOo1svZccnKqEifxd9ZSkhax3oy_k3IRhHMzBaCslaBQw", "width": 1920 } ], "place_id": "ChIJU12kZ1rSD4gR99sxc9TDxI0", "rating": 4.8, "reference": "ChIJU12kZ1rSD4gR99sxc9TDxI0", "scope": "GOOGLE", "types": [ "hospital", "point_of_interest", "health", "establishment" ], "user_ratings_total": 20.0, "vicinity": "3336 N Ashland Ave, Chicago", "category": "Primary Care Center – Private / Non-profit", "source": "Google Places", "raw_types_str": "hospital, point_of_interest, health, establishment" }, "geometry": { "type": "Point", "coordinates": [ -87.6690879, 41.9426792 ] } },
{ "type": "Feature", "properties": { "business_status": "OPERATIONAL", "icon": "https://maps.gstatic.com/mapfiles/place_api/icons/v1/png_71/hospital-71.png", "icon_background_color": "#F88181", "icon_mask_base_uri": "https://maps.gstatic.com/mapfiles/place_api/icons/v2/hospital-H_pinlet", "international_phone_number": "+1 773-645-8362", "name": "Fullerton-Kedzie Medical Center", "opening_hours": { "open_now": false }, "photos": [ { "height": 3000, "html_attributions": [ "<a href=\"https://maps.google.com/maps/contrib/114375365861939110473\">Josue Villarreal</a>" ], "photo_reference": "AcnlKN2tIWYy1U9906cx0VXz_JBkdXJf57FCUz_wSYhE086nI6mAvn3jG0_CYeZY_lBsP1AqQ6FHy5JJMKYEyemz7GpgxNjEDnqAm1FQ5JmRzYSAmHJbJa5qHwZIH8QOxoSkQJsCSYCq46QWgvy2MI3kGytylJ-jXoPFPP_4IOgbM2Gee6t7sSP_sfXfH6-lGN5dN4dtMQqpRQqSKfFDkYJ_KcXYsxgUrqL_uDstk_rnmfuu_rOmch0-HLvm5lwOoh4JQU45nCFTd5uEIB_i5tyTLUS7cc2wJadgifbks_r59t5dWS_AzBOJm-HRG5tfGM6PM89pQi_xtaRFjhPsbO0z3JeyV1sefq3Lqy1q92CLUSP9e7tRFhZRetO0oKxmo6q4mInj_ghcrYcIfS64VI7Cc6fFbq1poml_TN3XyzZN62YMA2MIWOGczGIlDi5udBNtE6v-Pg7gS9Nc7e1H-1Y7QOHq9h92JbY1Gkx45riJ74oOBqqyI4tBIAWJCzzAlbtDLGs_fWr8SGA6yCVoXjZ-yL_8EcNMIEBWLQxRoMfpIec-XMGSq2RuFnewnJaanEwDUBOgwijn", "width": 4000 } ], "place_id": "ChIJSV2eemXND4gR31WKQ3Yu1EY", "rating": 4.2, "reference": "ChIJSV2eemXND4gR31WKQ3Yu1EY", "scope": "GOOGLE", "types": [ "hospital", "point_of_interest", "health", "establishment" ], "user_ratings_total": 12.0, "vicinity": "3153 W Fullerton Ave, Chicago", "category": "Primary Care Center – Private / Non-profit", "source": "Google Places", "raw_types_str": "hospital, point_of_interest, health, establishment" }, "geometry": { "type": "Point", "coordinates": [ -87.7066629, 41.9245211 ] } },
{ "type": "Feature", "properties": { "business_status": "OPERATIONAL", "icon": "https://maps.gstatic.com/mapfiles/place_api/icons/v1/png_71/generic_business-71.png", "icon_background_color": "#7B9EB0", "icon_mask_base_uri": "https://maps.gstatic.com/mapfiles/place_api/icons/v2/generic_pinlet", "international_phone_number": "+1 312-666-3494", "name": "Erie Humboldt Park Health Center", "opening_hours": { "open_now": false }, "photos": [ { "height": 1192, "html_attributions": [ "<a href=\"https://maps.google.com/maps/contrib/111001568307209124903\">Erie Humboldt Park Health Center</a>" ], "photo_reference": "AcnlKN2sd16sWKhfSyMcC-xNOkmgRg7x-n0-rSVvi30MnOO-GApwUU8u3147qQOuMvMD5Q7HyH4ZI60mI7_RkwVDYeYW-RfrxFZkLsn2EaUfI_-QaByDpT7llrFk5i3U7XlRiE8bsZij54C8EdYErqrF3veCnwyO5JZ5UP4lwkv-TSA-72hXiz8L7iOKhpL69iHy7PiE6CdIGJkA3EclnigE-rsatpS3TKpFWCdL2T_z3RkjkdrcHycOhBygrtFNzMYcy8KaBEliplcEZVhT5H8uF0UnBuUVx6K1it12kwEy3NVrCNnz0wY", "width": 2118 } ], "place_id": "ChIJccKNQ6fSD4gRzh15vF8Rv3o", "rating": 3.3, "reference": "ChIJccKNQ6fSD4gRzh15vF8Rv3o", "scope": "GOOGLE", "types": [ "health", "point_of_interest", "establishment" ], "user_ratings_total": 104.0, "vicinity": "2750 W North Ave, Chicago", "category": "Primary Care Center – Private / Non-profit", "source": "Google Places", "raw_types_str": "health, point_of_interest, establishment" }, "geometry": { "type": "Point", "coordinates": [ -87.69667, 41.9104556 ] } },
{ "type": "Feature", "properties": { "business_status": "OPERATIONAL", "icon": "https://maps.gstatic.com/mapfiles/place_api/icons/v1/png_71/generic_business-71.png", "icon_background_color": "#7B9EB0", "icon_mask_base_uri": "https://maps.gstatic.com/mapfiles/place_api/icons/v2/generic_pinlet", "international_phone_number": "+1 773-248-8644", "name": "Colonial Medical Center", "opening_hours": { "open_now": false }, "photos": [ { "height": 4128, "html_attributions": [ "<a href=\"https://maps.google.com/maps/contrib/101333418909092644044\">Odis “8X” Rucker</a>" ], "photo_reference": "AcnlKN26kkaA43wZ9Xr5u_LzkHQIpxt6oCA4pBeu0yIAZK3Z-lj_iYOlOrnod99yhLNH3f6ZsMGuBLIEAqDCfEjzP1tQVzHTXoSsJKGeY2MeZyRlqcaSeoZ3ScK-YK1qGWT-Hit0GIqrOHWqvmzkV3AVimwxxSrAhMz3nRn7b7d0WZUZIrgW5rWxC646zSW2Su4h0uRPOWpiIwStmG5_5zrQxvGfdlRSyk-QcVYpl-I9nKkR1JddvFJ6EdOoA61E_fXD8MzWTrX2tARlSCQ7mqiOpJQfkYsxKdAWGsBpFSvTQFKTA0rMUBIBSxLPTlO0xm6Ln9YUFac5JGNfuz46BBcs16Afys07YRx9XNRzyrWqj7gWeoWRKaPLmSgJQUYq7eBWEiBayadbmffsE7pYiUz0QjDOstXmtw4IHKg1k_WOnB6hucKryEFSC1R56eESh--f93DZwnPTEzKCXSHtMLxiMzBjmjFutxp80ckKoPfRuOjRgTxqmMY6x5w2gjmI1ncxhtVjIAbZ45dENl-wtWZDCJTqCE_xeimRLMPQO53XuWzrOfOUQZFSfDyj4pJ-z0x4UyoU20Awf7knoQ", "width": 2322 } ], "place_id": "ChIJrZdkd6vTD4gRjlymVAUEJVA", "rating": 4.8, "reference": "ChIJrZdkd6vTD4gRjlymVAUEJVA", "scope": "GOOGLE", "types": [ "doctor", "health", "point_of_interest", "establishment" ], "user_ratings_total": 25.0, "vicinity": "1045 W Belmont Ave, Chicago", "category": "Primary Care Center – Private / Non-profit", "source": "Google Places", "raw_types_str": "doctor, health, point_of_interest, establishment" }, "geometry": { "type": "Point", "coordinates": [ -87.655798, 41.9397763 ] } },
{ "type": "Feature", "properties": { "business_status": "OPERATIONAL", "icon": "https://maps.gstatic.com/mapfiles/place_api/icons/v1/png_71/generic_business-71.png", "icon_background_color": "#7B9EB0", "icon_mask_base_uri": "https://maps.gstatic.com/mapfiles/place_api/icons/v2/generic_pinlet", "international_phone_number": "+1 312-766-4949", "name": "Advocate Medical Group Immediate Care Center", "opening_hours": { "open_now": true }, "photos": [ { "height": 3024, "html_attributions": [ "<a href=\"https://maps.google.com/maps/contrib/101058211255477323193\">Paul Sutton</a>" ], "photo_reference": "AcnlKN3fiqPsp-3lfXy4LhhKd491Isz49TWcEuBoF965eZBDQH7_UnJ9uVt5zK-uQ06y-vhxA-zzDtnrDL1oAfxPL8F3vjk1RqRSCGyYDuHT6liQnv7mlaoi8up47Pq19Jxm7QxAHGwI5Q60CJhud7IkKTKQGprpR4_nzJNd1TkaO_4by6gLyCqz4bMWN9JMUaevDZWU-KnLMT42QMIldxnOrJ91Cwb65Fz_mR9o-H3pcBV-GPi7WD0UT9X4FU7wilJ-qgti6h9lM9YlJwZbwkm0fhlWrmXt4CLA-GmK37qJkNAY6ECsE2X6_ykd4G5q-wkdPHQvUHvEveDWto2dLJY_o8UQtah4FcVZp38MzZJxHJDopziTgPybuQEd7jhh9dnas4C2vkNK0lJ1AEoOkQXzIlxp9JXyPhR9zMJXWEHmctRbQH7L8E_XXkh_7n6JY0JvWbN0Mb7S99-osOwLegU7B6jrByl-9PHHJCl1IJ6-OnGQrczeW_iTgH1Ue_t-I_rXniK65pVBdW8OWy9W1jlLL6STRK_e57LIp10PEowRgcaihmrS8gk5woEHOFRIwQyIqim4Ew", "width": 4032 } ], "place_id": "ChIJN1IqGHPTD4gRvMX7g2SS_SI", "rating": 3.3, "reference": "ChIJN1IqGHPTD4gRvMX7g2SS_SI", "scope": "GOOGLE", "types": [ "health", "point_of_interest", "establishment" ], "user_ratings_total": 90.0, "vicinity": "3134 N Clark St, Chicago", "category": "Urgent Care / Walk-in Clinic", "source": "Google Places", "raw_types_str": "health, point_of_interest, establishment" }, "geometry": { "type": "Point", "coordinates": [ -87.6503283, 41.9385363 ] } },
{ "type": "Feature", "properties": { "business_status": "OPERATIONAL", "icon": "https://maps.gstatic.com/mapfiles/place_api/icons/v1/png_71/generic_business-71.png", "icon_background_color": "#7B9EB0", "icon_mask_base_uri": "https://maps.gstatic.com/mapfiles/place_api/icons/v2/generic_pinlet", "international_phone_number": "+1 312-633-5841", "name": "Primecare Community Health", "opening_hours": { "open_now": true }, "photos": null, "place_id": "ChIJB-8PyLrSD4gRbxdQxoz-XE0", "rating": 3.1, "reference": "ChIJB-8PyLrSD4gRbxdQxoz-XE0", "scope": "GOOGLE", "types": [ "health", "point_of_interest", "establishment" ], "user_ratings_total": 29.0, "vicinity": "1431 N Western Ave, Chicago", "category": "Primary Care Center – Private / Non-profit", "source": "Google Places", "raw_types_str": "health, point_of_interest, establishment" }, "geometry": { "type": "Point", "coordinates": [ -87.6863618, 41.9075732 ] } },
{ "type": "Feature", "properties": { "business_status": "OPERATIONAL", "icon": "https://maps.gstatic.com/mapfiles/place_api/icons/v1/png_71/hospital-71.png", "icon_background_color": "#F88181", "icon_mask_base_uri": "https://maps.gstatic.com/mapfiles/place_api/icons/v2/hospital-H_pinlet", "international_phone_number": "+1 773-227-3132", "name": "Salcedo Medical Center and Vein Institute: Dr. Hector L. Salcedo", "opening_hours": { "open_now": false }, "photos": [ { "height": 800, "html_attributions": [ "<a href=\"https://maps.google.com/maps/contrib/110940746777050449680\">Salcedo Medical Center and Vein Institute: Dr. Hector L. Salcedo</a>" ], "photo_reference": "AcnlKN2C67KgVB1jXot91hdegYfI13asmf0tk1XbpU0J8dhL7tuvcFv4tqDcwLpsSXFSQzGb7p_YhM6jdQfsiIyMJBxO8tedwp4_Q2K7qjl8rwFOsxx-d4zQ2VefKIRy0iArmGimRGkfYicVavhJKS8e7rcERGUFXVVOgTtiRJae6ZCab23UOrRR0vMAGJSxFbG9_KtPRrSGboy-xq718g734AEU9Q4D5pQrBzAjuhJEkHA6yXwZZPZH7Zc-EobFje23q-yIxsJINwddGpMkhJVUMZIQf8BVLzWPvPHhfsYR_N4xlPiGucI", "width": 1178 } ], "place_id": "ChIJzdVcvnrND4gREA6-1rw01Pk", "rating": 4.6, "reference": "ChIJzdVcvnrND4gREA6-1rw01Pk", "scope": "GOOGLE", "types": [ "hospital", "health", "point_of_interest", "establishment" ], "user_ratings_total": 108.0, "vicinity": "3132 W North Ave, Chicago", "category": "Primary Care Center – Private / Non-profit", "source": "Google Places", "raw_types_str": "hospital, health, point_of_interest, establishment" }, "geometry": { "type": "Point", "coordinates": [ -87.7058279, 41.9104 ] } },
{ "type": "Feature", "properties": { "business_status": "OPERATIONAL", "icon": "https://maps.gstatic.com/mapfiles/place_api/icons/v1/png_71/generic_business-71.png", "icon_background_color": "#7B9EB0", "icon_mask_base_uri": "https://maps.gstatic.com/mapfiles/place_api/icons/v2/generic_pinlet", "international_phone_number": "+1 773-935-1199", "name": "R & W Medical Center", "opening_hours": { "open_now": false }, "photos": [ { "height": 4032, "html_attributions": [ "<a href=\"https://maps.google.com/maps/contrib/114514896538314625475\">Anil Reddy</a>" ], "photo_reference": "AcnlKN2wdVVS8TzftLHvp_02Kz-APgwttHmiJKXPTna7-eIVRIuqeERQwZ-RSu_lrXhi5P89RUzUojRQmeQv_gHPmgSFtn3emlFyRARoccfOJC6VGi_9Nc5ZRehnRFzlj2HaTn61CeVIsflC3IUfTZw0AhHhQ4ZVk0KP0bkLUWs_NyBf1KG3B7b_q0TAdMg9qsdQmQIF0gl0iQwuKWcEkkRQYERJXe2ZKw_wkfteOHL6R6zJxUmiUrT01w7ojKLfc0o1UXh43uac7bFP17kqLuxXPPeSbMLtfb88BS-dNbYVGiklXg3mFnH8ywzoRHhroeRqdnr3bThYykbjjlvhGUco0LU119Dcg-rGAjMKamlz3hEs0Zvs3pPUdto6VmW9PZa5twLBURZ0yXGFUhavKP1C00xFdmr5p6b_KscRHEtn-_jtJOfXukt8i5uB-JobPPV3REw5UDaEynMfVkUYfoTwZTnqbwvMWpk8AfHAO-dJuwjuWFVtzLT8HiHSjeTS6JzQ3ugcgp3tCPO5yCA9cTV__M0-_5z52Qx-cPNx6IoumK7SqCGjyu4YtBgfz450MzWuyjKzC6WznuAbpu-Hc-3uIrHgLsEVtw", "width": 3024 } ], "place_id": "ChIJEb7XHVjSD4gRlRNEztbXZH4", "rating": 3.2, "reference": "ChIJEb7XHVjSD4gRlRNEztbXZH4", "scope": "GOOGLE", "types": [ "doctor", "health", "point_of_interest", "establishment" ], "user_ratings_total": 92.0, "vicinity": "3017 N Ashland Ave # 1n, Chicago", "category": "Primary Care Center – Private / Non-profit", "source": "Google Places", "raw_types_str": "doctor, health, point_of_interest, establishment" }, "geometry": { "type": "Point", "coordinates": [ -87.668264, 41.9366178 ] } },
{ "type": "Feature", "properties": { "business_status": "OPERATIONAL", "icon": "https://maps.gstatic.com/mapfiles/place_api/icons/v1/png_71/hospital-71.png", "icon_background_color": "#F88181", "icon_mask_base_uri": "https://maps.gstatic.com/mapfiles/place_api/icons/v2/hospital-H_pinlet", "international_phone_number": "+1 773-356-7700", "name": "Advocate Medical Group Outpatient Center", "opening_hours": null, "photos": [ { "height": 4032, "html_attributions": [ "<a href=\"https://maps.google.com/maps/contrib/104429358314718608260\">Rie</a>" ], "photo_reference": "AcnlKN07cSnonxjX-Q7GsbG_gg8fGQVKdexHmDuHv1e9qkzb0lvhU_GEthmLo_swC6a1PkTbMA3Snf1NWf4HA-kMQqJCWYzNa1fj2xCGDDqpeMBYrtF18_jcNLJeyc2DTrelmo-2StHLz0X_hX1zB8ZPfo63JTxv_V316Aj8XUJduyyB8PrOrTawAMEoLvwuwemPkVSskj3lBFK7iAiF9AnRsyEb_U554mjQCuKawLHM-8kVcK_2XntwOkm3du1-2djQcMp8Xru1G5ncH9DLJCr1w-HAGMSInsf0bDtED99tQGCRTED2dUusjLKrGUhExYlIhi_xQdG-DM-ThrCha3DA8b50_37T4jI98L-Oaha79GeielH4e-e7bZFqcUYVEwg3vUSog86oVUFzYHb-9EdIsdThfZBbepgsnnfsX5PW21dv_f0oAnt3F0z9Oit8k8SXv24TcojSUyscwPiqD0mXFKKZaEncDDmfUeHFp6sLdvGatTL5ZF2GfJ4Y-iOctf1a9KVdHerLsM53-cPNxW2jE1TQbO4--wYdMu2gOzL_XJCt15Zv11_H-5_k5ENgqxW0sMEC21RL", "width": 3024 } ], "place_id": "ChIJBehRX3nTD4gRhKW0vow5_Jw", "rating": 2.8, "reference": "ChIJBehRX3nTD4gRhKW0vow5_Jw", "scope": "GOOGLE", "types": [ "hospital", "health", "point_of_interest", "establishment" ], "user_ratings_total": 15.0, "vicinity": "1435 W Webster Ave, Chicago", "category": "Primary Care Center – Private / Non-profit", "source": "Google Places", "raw_types_str": "hospital, health, point_of_interest, establishment" }, "geometry": { "type": "Point", "coordinates": [ -87.6645843, 41.9215443 ] } },
{ "type": "Feature", "properties": { "business_status": "OPERATIONAL", "icon": "https://maps.gstatic.com/mapfiles/place_api/icons/v1/png_71/generic_business-71.png", "icon_background_color": "#7B9EB0", "icon_mask_base_uri": "https://maps.gstatic.com/mapfiles/place_api/icons/v2/generic_pinlet", "international_phone_number": "+1 773-356-7700", "name": "Advocate Medical Group Immediate Care Center", "opening_hours": { "open_now": true }, "photos": [ { "height": 700, "html_attributions": [ "<a href=\"https://maps.google.com/maps/contrib/106704492991211819980\">Advocate Medical Group Immediate Care Center</a>" ], "photo_reference": "AcnlKN2-ZiH8U1fiTMbO-wFzO5-fdUEDliDn0mUm76NTRGNzYmNTQpT6MuPXNJAif98EsJonCkpvH0kE_ObmP-2VtEEU-IH52hcTEkNaRA-GAovNyGaSu9TrvSPwlwokmM6xY7jJbW76aPGWM_fyKCeBEANmTnPC1YK3QuRU_Q27QvqbRpFRkJ3QyMAefmRJ6IvrdEo4zdTrf3PW_4504ETPRsIfGL0Uabasw00Kz7xR5_HZk_ovvuztPINlaZWBmJEcspTj_sthl9_JLAzXR5YB24vqyGLQ9aKQLBRamcqnw3PwNRlzDjc", "width": 700 } ], "place_id": "ChIJn5ecD9nTD4gRgiWGxIxOEOA", "rating": 2.0, "reference": "ChIJn5ecD9nTD4gRgiWGxIxOEOA", "scope": "GOOGLE", "types": [ "health", "point_of_interest", "establishment" ], "user_ratings_total": 7.0, "vicinity": "1435 W Webster Ave, Chicago", "category": "Urgent Care / Walk-in Clinic", "source": "Google Places", "raw_types_str": "health, point_of_interest, establishment" }, "geometry": { "type": "Point", "coordinates": [ -87.6645843, 41.9215443 ] } },
{ "type": "Feature", "properties": { "business_status": "OPERATIONAL", "icon": "https://maps.gstatic.com/mapfiles/place_api/icons/v1/png_71/generic_business-71.png", "icon_background_color": "#7B9EB0", "icon_mask_base_uri": "https://maps.gstatic.com/mapfiles/place_api/icons/v2/generic_pinlet", "international_phone_number": "+1 773-278-1880", "name": "ACCESS Humboldt Park Family Health Center", "opening_hours": { "open_now": false }, "photos": [ { "height": 790, "html_attributions": [ "<a href=\"https://maps.google.com/maps/contrib/114532865574014968186\">Access Humboldt Park Family Health Center</a>" ], "photo_reference": "AcnlKN3W-sW1DSI38blvtnZJDUiL3uP5B4Nf81I4zaVY4c4wgwEJnj-VX24ZTLh9W2kW3Z4kdCgOCvYVNZwU8Qxo4Ec7hXdG1riZ5sIU_4ByR51WXgVidHwZszjSK-NKCt4P-omCtjzEgbhzFFzPPALRoiMiOPqtF9OtE4H9yy81k88PD-h27Drvsyar68_3d_3FGBoi5iChUw1BkkLeVG6hu3Fur4YqOTTOw0alVbHW2dFg0ddOpMtJs4Oy76MbwT5GfvTdGh2bJxNqNTMu3duW4fUucf11oHvCqg70qVyT_38bQiNERVo", "width": 790 } ], "place_id": "ChIJdYLJNVvND4gR9sHOBHuc-DA", "rating": 3.7, "reference": "ChIJdYLJNVvND4gR9sHOBHuc-DA", "scope": "GOOGLE", "types": [ "doctor", "health", "point_of_interest", "establishment" ], "user_ratings_total": 47.0, "vicinity": "3202 W North Ave, Chicago", "category": "Primary Care Center – Private / Non-profit", "source": "Google Places", "raw_types_str": "doctor, health, point_of_interest, establishment" }, "geometry": { "type": "Point", "coordinates": [ -87.7071646, 41.9102729 ] } },
{ "type": "Feature", "properties": { "business_status": "OPERATIONAL", "icon": "https://maps.gstatic.com/mapfiles/place_api/icons/v1/png_71/generic_business-71.png", "icon_background_color": "#7B9EB0", "icon_mask_base_uri": "https://maps.gstatic.com/mapfiles/place_api/icons/v2/generic_pinlet", "international_phone_number": "+1 773-770-4056", "name": "Physicians Immediate Care", "opening_hours": { "open_now": true }, "photos": [ { "height": 3072, "html_attributions": [ "<a href=\"https://maps.google.com/maps/contrib/111815485325977239601\">Physicians Immediate Care</a>" ], "photo_reference": "AcnlKN3SYfxaBBqPllLkgb5Pw2dz605z4cw_IoiaMu_1GLsqcX1YjfQUtR9gELb7ZrT9iuMdO6XfVCHujhnUXRsEPdTen2yxYa5j87-yWfJDg5sm0LIeE6LNIF-0iTsiGFsVrA803SuIhhtE86z8SM0XFnzCoaU9IDJ4j9aLouNS6srIOGtY5ouB9Kvi50qo4ffMy7YwuqCoPGqOh3kwqrOGhAOdE-kKRdTIj5gDdAbTsKPYDUcv3SLUg6rSpDXQ1UHrEfTRH4O1sSh0piUQ7VZjGwZRqsg5H-k9zRCaUpwJ2Aqhcuyy788", "width": 4608 } ], "place_id": "ChIJU-KX3L7SD4gRh1bXGyi9m_4", "rating": 4.2, "reference": "ChIJU-KX3L7SD4gRh1bXGyi9m_4", "scope": "GOOGLE", "types": [ "doctor", "health", "point_of_interest", "establishment" ], "user_ratings_total": 1090.0, "vicinity": "1702 N Milwaukee Ave, Chicago", "category": "Urgent Care / Walk-in Clinic", "source": "Google Places", "raw_types_str": "doctor, health, point_of_interest, establishment" }, "geometry": { "type": "Point", "coordinates": [ -87.6807218, 41.9121135 ] } },
{ "type": "Feature", "properties": { "business_status": "OPERATIONAL", "icon": "https://maps.gstatic.com/mapfiles/place_api/icons/v1/png_71/generic_business-71.png", "icon_background_color": "#7B9EB0", "icon_mask_base_uri": "https://maps.gstatic.com/mapfiles/place_api/icons/v2/generic_pinlet", "international_phone_number": "+1 312-445-8805", "name": "Physicians Immediate Care", "opening_hours": { "open_now": true }, "photos": [ { "height": 575, "html_attributions": [ "<a href=\"https://maps.google.com/maps/contrib/108334492050825837951\">Physicians Immediate Care</a>" ], "photo_reference": "AcnlKN02aiD8loK6JETrgjOZ-UFuD66b2mqS2aUuAsx9seUIVeC66Xjytyy376lE7P7C64WfD7zmHrqUIQBULcVDD6A-4oQZgqsrIc_WH0s7QZBsnDUs2rREOZ4r4eAXXfdOxTlHFhLiQhLeN6pkfSe15beR3ZrQdG39GQQNgyLYje5v7gAwU2BcQlHDwj4dQp0rDMOsoO-CyYCoNqd1B9aidYsJ-7Xfc4i97H6qhKbOl9lLY5NlPR44FcCTc6TB9fW5mGRzLwP43AbXh_aO2w591GsQjFicPcRzoC0rhE3RbkHoyetaiDg", "width": 1022 } ], "place_id": "ChIJZ6L-0QbTD4gRWS4g3YSUtYY", "rating": 4.4, "reference": "ChIJZ6L-0QbTD4gRWS4g3YSUtYY", "scope": "GOOGLE", "types": [ "doctor", "health", "point_of_interest", "establishment" ], "user_ratings_total": 774.0, "vicinity": "933 W Diversey Pkwy, Chicago", "category": "Urgent Care / Walk-in Clinic", "source": "Google Places", "raw_types_str": "doctor, health, point_of_interest, establishment" }, "geometry": { "type": "Point", "coordinates": [ -87.652844, 41.9324159 ] } },
{ "type": "Feature", "properties": { "business_status": "OPERATIONAL", "icon": "https://maps.gstatic.com/mapfiles/place_api/icons/v1/png_71/generic_business-71.png", "icon_background_color": "#7B9EB0", "icon_mask_base_uri": "https://maps.gstatic.com/mapfiles/place_api/icons/v2/generic_pinlet", "international_phone_number": "+1 773-270-5600", "name": "Innovative Express Care", "opening_hours": { "open_now": true }, "photos": [ { "height": 2000, "html_attributions": [ "<a href=\"https://maps.google.com/maps/contrib/109514308810921622942\">Innovative Express Care</a>" ], "photo_reference": "AcnlKN1twmfXEC3Uh6gy7VNJ1nYiUsFxnCDNEH5lgPjjDa4oQWM00h6nW0DM2DXu0EvNJc5rhjMrIk4HJ-NK53vvk6yLtdF3x1a9IZsOcDA_AlgdFdbd1oC42K2gMS48xgT8cPDkoPjJ6l2r0Aw-n-4u5cK6DWFQnYtdsWVdbmGXglUdiOsVG2Y6Cn-cAIcg4QMotPZRi8ckVgG1c2l4vaPSsYIr76XMWsBYCx7mX5e9mCxht-KwZH31pmh3gDd_z-2jK1JvVUbxzoMY_tUkp76Ak45X2YXNHyrjz0bDtYzU62RflH7AeKQ", "width": 3008 } ], "place_id": "ChIJYayp--_SD4gR4CpABjtRnMU", "rating": 4.7, "reference": "ChIJYayp--_SD4gR4CpABjtRnMU", "scope": "GOOGLE", "types": [ "hospital", "doctor", "health", "point_of_interest", "establishment" ], "user_ratings_total": 2892.0, "vicinity": "2400 N Ashland Ave, Chicago", "category": "Primary Care Center – Private / Non-profit", "source": "Google Places", "raw_types_str": "hospital, doctor, health, point_of_interest, establishment" }, "geometry": { "type": "Point", "coordinates": [ -87.6683815, 41.9254171 ] } },
{ "type": "Feature", "properties": { "business_status": "OPERATIONAL", "icon": "https://maps.gstatic.com/mapfiles/place_api/icons/v1/png_71/generic_business-71.png", "icon_background_color": "#7B9EB0", "icon_mask_base_uri": "https://maps.gstatic.com/mapfiles/place_api/icons/v2/generic_pinlet", "international_phone_number": "+1 312-283-5560", "name": "Midwest Express Clinic Urgent Care", "opening_hours": { "open_now": true }, "photos": [ { "height": 3541, "html_attributions": [ "<a href=\"https://maps.google.com/maps/contrib/114333099680539436505\">Jorge Garza Norrick</a>" ], "photo_reference": "AcnlKN3uXz4G7DGfn1IDZ8_fprBxeUw75VfWQz8CzziLp2ZhYRx7l-sNegQeJzK_Fnskitoca6U3_ugpeMIKWdrxELiIizSRDpaszlSrWXW6Eh20_fUjQIugUU57doq_mde15ucfXvQFIrZssFYFZS4gZNRuUK6SoW2LsdWywfvNglGGyiXPTMdejsN099J8zv2R27l6g04xJC2wWSgRrNRDLw1xUAqu6UAKPhk2VytnyCAtpLrg4T3-jexWZAsAYl17w5z8yuywer44edagDSs5q975mqsyjHANKtYDST2H2GERLnzxNm4xqebqp52QA0hP6hp1UFOT1jDQvzGc4QaOCeR1GopqCbjEL5I93Q3N3qgjyxJRTWKDxAVcKMgc2l7F7scJ3FWKBtOJlerYpUc5M-oUOlvF4u06oR8bSaKTkpgoa_lHlyO9tzGl-6G-KGdbVDQ90fge_afmPC_3DU0-VRYn_purZaS286wNZXQy_LKVPDsTcW22Ui_tTzWiYdnSszdTEvk82rLdvmfKsBVfk3gaYRmopv0MMA-cNz4VIordbKwqDN0ZUDTnOZqcIdj2D2QnlFD67IW4RPi_PxIEIX_VEw-01A", "width": 5316 } ], "place_id": "ChIJH71yfsfSD4gRob9sqRgbraY", "rating": 4.6, "reference": "ChIJH71yfsfSD4gRob9sqRgbraY", "scope": "GOOGLE", "types": [ "doctor", "health", "point_of_interest", "establishment" ], "user_ratings_total": 1836.0, "vicinity": "1520 N Damen Ave, Chicago", "category": "Urgent Care / Walk-in Clinic", "source": "Google Places", "raw_types_str": "doctor, health, point_of_interest, establishment" }, "geometry": { "type": "Point", "coordinates": [ -87.6775799, 41.908876 ] } },
{ "type": "Feature", "properties": { "business_status": "OPERATIONAL", "icon": "https://maps.gstatic.com/mapfiles/place_api/icons/v1/png_71/generic_business-71.png", "icon_background_color": "#7B9EB0", "icon_mask_base_uri": "https://maps.gstatic.com/mapfiles/place_api/icons/v2/generic_pinlet", "international_phone_number": "+1 773-886-1500", "name": "Physicians Immediate Care", "opening_hours": { "open_now": true }, "photos": [ { "height": 2456, "html_attributions": [ "<a href=\"https://maps.google.com/maps/contrib/109669855484647094723\">David Johnsen</a>" ], "photo_reference": "AcnlKN2aVKndYxh1DdJMqsEvRiAcZz9U1zHmcTH7HWUUhjqlxXx9ChvxHjP0DdelGXwLmJGLEo-z_dWz2uOHOTtEGH_nEDkaiTEtPfZWl-EDJikLJQTpbu8iO398RcBI2y_WWHZ-TrGNRjR5WRVOxw6Lj2UWcBmecwaa0-BhrVk16S_m-3forsazgkWpSyjIMJuGODktH2PFK_nQv-0OYZFZVv4jiJryYQumgVm7-O60E44dUlSegY_wlf4Dybok33wWnCJ5R_5EoBIieAYAz9OI81DdZGlevA9QFIu0BbUD4fMziizxWskRAVv83KBBHIhKY57dxE7HUfRqZYKrend3J4bvCRcOzDdDkNhOQ1jacuH89StBLtZLxvFF0q212M-HPm_UFs9CodtRKt67G6DILrzdqAhCFJRai3Juvo4F547-2K20-etZNGeZ0yZ-GnGCZA_keLQ5zcQEm2nd9NQ-vWCjPv-TutaVC-QA2Tkg5V2w8sMcrEXxK67xISjCHFf8rUXstsuXcyRbh2qDTWfTR3LDes0tyaV8xGkQuQ_9ne0P86FwjNfqtYIeoua_lH0wn2a9Q7FjNGHvwQ", "width": 4428 } ], "place_id": "ChIJD2msROHSD4gRRpMANPwZySY", "rating": 4.2, "reference": "ChIJD2msROHSD4gRRpMANPwZySY", "scope": "GOOGLE", "types": [ "doctor", "health", "point_of_interest", "establishment" ], "user_ratings_total": 556.0, "vicinity": "2077 N Clybourn Ave, Chicago", "category": "Urgent Care / Walk-in Clinic", "source": "Google Places", "raw_types_str": "doctor, health, point_of_interest, establishment" }, "geometry": { "type": "Point", "coordinates": [ -87.6607426, 41.9194331 ] } },
{ "type": "Feature", "properties": { "business_status": "OPERATIONAL", "icon": "https://maps.gstatic.com/mapfiles/place_api/icons/v1/png_71/generic_business-71.png", "icon_background_color": "#7B9EB0", "icon_mask_base_uri": "https://maps.gstatic.com/mapfiles/place_api/icons/v2/generic_pinlet", "international_phone_number": "+1 312-429-5725", "name": "Midwest Express Clinic Urgent Care", "opening_hours": { "open_now": true }, "photos": [ { "height": 4000, "html_attributions": [ "<a href=\"https://maps.google.com/maps/contrib/113608525788198570356\">Midwest Express Clinic Urgent Care</a>" ], "photo_reference": "AcnlKN1IdOB27I-sE1asjEZH_n8Dw4XNJ0yINuyQDBfYE4xjELzvfx5NddpAsXJniWT4v_yadtiwqb8FiDm12mbXlTqz1QUQStTAu7CYg3OEUWtZeTMposmVvJDpVkQcezdLW2UzLGTkGcanLzvwiYBhpFEfprTK-LAYbAqxTVLg3PeSCIZRD3VEpxgHLZODnBlO3FxAl4x9W493L-T38ovcAYIDdLjrWj-VfVIGdsaDGP8gVXc7BqxdGMFHPqQ0nsYBK6M06o487gRvPsIL74_6MeZJ_dl8Rzdp8L3aHJe_Ow5EU2lO3Lw", "width": 6000 } ], "place_id": "ChIJLcMODFrSD4gRw_5ys0GfULc", "rating": 4.7, "reference": "ChIJLcMODFrSD4gRw_5ys0GfULc", "scope": "GOOGLE", "types": [ "doctor", "health", "point_of_interest", "establishment" ], "user_ratings_total": 1517.0, "vicinity": "3301 N Ashland Ave, Chicago", "category": "Urgent Care / Walk-in Clinic", "source": "Google Places", "raw_types_str": "doctor, health, point_of_interest, establishment" }, "geometry": { "type": "Point", "coordinates": [ -87.6685287, 41.941665 ] } },
{ "type": "Feature", "properties": { "business_status": "OPERATIONAL", "icon": "https://maps.gstatic.com/mapfiles/place_api/icons/v1/png_71/generic_business-71.png", "icon_background_color": "#7B9EB0", "icon_mask_base_uri": "https://maps.gstatic.com/mapfiles/place_api/icons/v2/generic_pinlet", "international_phone_number": "+1 312-694-2273", "name": "Northwestern Medicine Immediate Care Lakeview", "opening_hours": { "open_now": true }, "photos": [ { "height": 540, "html_attributions": [ "<a href=\"https://maps.google.com/maps/contrib/104089391774790634751\">Northwestern Medicine Immediate Care Lakeview</a>" ], "photo_reference": "AcnlKN0GI_S7RODIgVXC3nOgY24C2LV65eSEP19bwYmMgG6dP6hbzkwupcCLvANHD08X2iD_kjlbTSEAlCvgwljfjZ54EB3sdz-NvCVwevSnM9DfOQl41OH-UeSfUvYhXoPRBc2Eu1hkEGkUYKjpJNjv_3K-9At8UOk6M7RcUSxGwXIrEdn9DF0BCVfQwkZ4lUf_v6UQrlVRo7te7z3i3l0DjUP6nc_s5TgCR6lYlpuhYi3OngDwvAza6VkBugN20zj6bpc_o9AOnG99ksTw_Ab6j-WXDqXAhi6d6HlDGgDC9yARHD9JPMs", "width": 960 } ], "place_id": "ChIJ9dWOEFTSD4gRYOKXad6CoPs", "rating": 3.2, "reference": "ChIJ9dWOEFTSD4gRYOKXad6CoPs", "scope": "GOOGLE", "types": [ "health", "point_of_interest", "establishment" ], "user_ratings_total": 160.0, "vicinity": "1333 W Belmont Ave Ste 100, Chicago", "category": "Urgent Care / Walk-in Clinic", "source": "Google Places", "raw_types_str": "health, point_of_interest, establishment" }, "geometry": { "type": "Point", "coordinates": [ -87.6623261, 41.9394937 ] } },
{ "type": "Feature", "properties": { "business_status": "OPERATIONAL", "icon": "https://maps.gstatic.com/mapfiles/place_api/icons/v1/png_71/generic_business-71.png", "icon_background_color": "#7B9EB0", "icon_mask_base_uri": "https://maps.gstatic.com/mapfiles/place_api/icons/v2/generic_pinlet", "international_phone_number": "+1 224-364-2273", "name": "Endeavor Health Orthopaedic & Spine Center – Chicago in Bucktown", "opening_hours": { "open_now": true }, "photos": [ { "height": 2312, "html_attributions": [ "<a href=\"https://maps.google.com/maps/contrib/103367844826769047545\">Steve Hunsader</a>" ], "photo_reference": "AcnlKN3aNR-MfCo9n-X7Is8E9GLTIlzlcLWPBTcHv6vICx_nfrdibrLwtSTCXtlFsxsBoeOhzjpL2br6lm162jdDJyNmM6CeJ_h4z6ODSA-WH9wrF5ZzyIMCRFgf7oB4BohehaR5g_V5vw-2L5NFaNWTu3Yz_5QgWJSHd68bgxzfWERMgPes3ELPI2eoigykbK3tnVMX8ZFQjEWtKWIfm2rnb0ou68uEfaJ2dVK4mtGNAma0ATFIgiUX2OqxqgJ3l48L9WOM1XSkQMWYNQJCvPhtb1-axbZvyA4CuOOj0KbFmeZxUj0gZqPXvz3yEpP-qC7H0qtUv16UU9AaqOaB08Y_hX6n3x3594vBIxrsKmnqCJX48WT9thT__glgD9kYIsYrFyrLUfROAyF89SMsnQBPDd9ISFp2P6YuHFFQQDicdtPFTYcj7xgOmr5GEkb2kGxuOXSsNvXw6g3ll5lX_U3D5bABh0acxWhVlziXO2LPxOsHUUSeWc9-eA6e5nSS-kxV9KBZRWyPTZORfpJMAZsrG0IYWXnvuSTwsOULNTqdbVizyttHtc_dEThheB_eYmrAkYxlcw", "width": 3214 } ], "place_id": "ChIJZbtI1CLTD4gRoyxvTjteqQg", "rating": 2.8, "reference": "ChIJZbtI1CLTD4gRoyxvTjteqQg", "scope": "GOOGLE", "types": [ "health", "point_of_interest", "establishment" ], "user_ratings_total": 54.0, "vicinity": "1942 W Fullerton Ave, Chicago", "category": "Primary Care Center – Private / Non-profit", "source": "Google Places", "raw_types_str": "health, point_of_interest, establishment" }, "geometry": { "type": "Point", "coordinates": [ -87.6774753, 41.9255265 ] } },
{ "type": "Feature", "properties": { "business_status": "OPERATIONAL", "icon": "https://maps.gstatic.com/mapfiles/place_api/icons/v1/png_71/generic_business-71.png", "icon_background_color": "#7B9EB0", "icon_mask_base_uri": "https://maps.gstatic.com/mapfiles/place_api/icons/v2/generic_pinlet", "international_phone_number": "+1 224-364-2273", "name": "Endeavor Health Immediate Care - Chicago in Lakeview", "opening_hours": { "open_now": true }, "photos": [ { "height": 768, "html_attributions": [ "<a href=\"https://maps.google.com/maps/contrib/101531744582575765484\">Endeavor Health Immediate Care - Chicago in Lakeview</a>" ], "photo_reference": "AcnlKN3sLlhd4tFO_d-4yuHPAxgp2Mbk69Vl08Mn4t14ApSu1S9-iBmB_tZTC7PKikGG9tFK-HvR-X6AINdM6ejMxovz0Oglol2x8XMQuUJPsUgWXAYkd9zFSifUs-SyohxBIC4gHro2OTiCvu-STdF_q_Y4CwepBnnrtzPs-04Gj-5VECt8OsQ49tQqNXEUm2qVI29s8G-lcOyoCV5D2DkG9FpzwYzfCgRhrMOqBewhSQy8mWbj2mxPBinQtQ-8PJnnNh-RYkzHSN8qEuLQ8sSqriBIsTApe3gjPi3v_BU3q_MEwtweMpA", "width": 1024 } ], "place_id": "ChIJ7UFdtojTD4gRYG5chJSnLgA", "rating": 3.1, "reference": "ChIJ7UFdtojTD4gRYG5chJSnLgA", "scope": "GOOGLE", "types": [ "health", "point_of_interest", "establishment" ], "user_ratings_total": 33.0, "vicinity": "3122 N Ashland Ave, Chicago", "category": "Urgent Care / Walk-in Clinic", "source": "Google Places", "raw_types_str": "health, point_of_interest, establishment" }, "geometry": { "type": "Point", "coordinates": [ -87.6688146, 41.9384831 ] } },
{ "type": "Feature", "properties": { "business_status": "OPERATIONAL", "icon": "https://maps.gstatic.com/mapfiles/place_api/icons/v1/png_71/hospital-71.png", "icon_background_color": "#F88181", "icon_mask_base_uri": "https://maps.gstatic.com/mapfiles/place_api/icons/v2/hospital-H_pinlet", "international_phone_number": null, "name": "Stone Medical Center", "opening_hours": { "open_now": false }, "photos": [ { "height": 3169, "html_attributions": [ "<a href=\"https://maps.google.com/maps/contrib/114284721863191491265\">Rachel D</a>" ], "photo_reference": "AcnlKN2D5KHLnxjLFS18RRhKCoZ6suDQ9qAO55r3PaILvKCZqW1t9KqjbN_UwfR2GKvYZnf904M-vCaIlOGgPxyCGUuejvG1Vo777iAWuvMVEUSVllQirS6CfFFzlIMyJxFvbzHZNTtoAL1UH0nndZg0GZvBBveNqu05s_6JmK4fBhiRB4-S8o6tQN1yjNC9m9y-95q9cgoEk-w-fWNOj02x9lYFwbvqcEw03moMiWuhjKKxkvf-H2fDmoGKdHJK_xcbFBseC9QJ-LRlHQLNbGzXwHxSVa6Ca2KUHJZVmeGBxXmZER8MC4Njnhed1l5euzx5IlxDaZPwdlXUOzYe3eoqJ-NUVySuQT-UEn3cMh3oioykbDyI1zCInSMg8oAaFvzFfwYUOHWLUZuuEitR_2QFR7-wBXD-B3NqRHJ3RTHl0rxhw5ic5JxVHEzoLtQLKyTYvOQ3h5FHTuHoeqPOQNFdPWn02a-okGyk5RxzTQBCMTAcwzIYyjKJmfp2HpgQHlQ8h9w8XQ8GwQj_3-gz4iIKUh4D-iksf4stgrLGomtmvnhj7EuT3LANX2smtL7pxyHg_XfzD6_IvHv5ag", "width": 3961 } ], "place_id": "ChIJva1I5grTD4gR7_ZMxU7TTMA", "rating": 2.3, "reference": "ChIJva1I5grTD4gR7_ZMxU7TTMA", "scope": "GOOGLE", "types": [ "hospital", "pharmacy", "health", "point_of_interest", "store", "establishment" ], "user_ratings_total": 4.0, "vicinity": "2800 N Sheridan Rd # G3, Chicago", "category": "Primary Care Center – Private / Non-profit", "source": "Google Places", "raw_types_str": "hospital, pharmacy, health, point_of_interest, store, establishment" }, "geometry": { "type": "Point", "coordinates": [ -87.6400599, 41.9330436 ] } },
{ "type": "Feature", "properties": { "business_status": "OPERATIONAL", "icon": "https://maps.gstatic.com/mapfiles/place_api/icons/v1/png_71/hospital-71.png", "icon_background_color": "#F88181", "icon_mask_base_uri": "https://maps.gstatic.com/mapfiles/place_api/icons/v2/hospital-H_pinlet", "international_phone_number": "+1 773-751-7800", "name": "Tapestry 360 Health - Lakeview", "opening_hours": { "open_now": false }, "photos": [ { "height": 1836, "html_attributions": [ "<a href=\"https://maps.google.com/maps/contrib/111652343337698468237\">Nicholas Pellecchia</a>" ], "photo_reference": "AcnlKN29jWJAtjGmstowyBHvelnAo8CJ07DdeYGRTkxNHEPy_8kCJ12IhwxLu9NlSkyFxwrlXkAgYiv9ZaYgW9jsdGZdLoB2Bsm50PY1dzqckU-m-Q2ool80I1HdJ_6Iu2FT0rDkRccMltfCNzW-8Rcnmi_-wxmyEx825wXF4P8dTvpyWe3QjR-3b75AH8N9NU6PqtNjiHHdxOv9zhV_Ol0QhPngLJh1KxzI7kgRKCW-IHC9QOINf_gslUdrIP_EPctzqX3xiQurD9zXEk7hv9qWIUJc8pLOR1-E524EAntRZLrbipXoZsdOkLALtvAVYZVH9jaOqs1ttfE3TxAKLzTZLcv-xXATu8P8GuwyDObPDieJOsUDLyIKv8fW2bZLUvx8OEyopMxWFX6LZpwAN-O8ZfaM4oDjdCg1JuQUN4Qn7bjmttUgn8vXqbWBb6fQxZ8SdBGdz9ES0Isf1T88pKcbx5835YtTdJbaxqfO9Bp2TN8Ve6HkLxmvr0U-CgXQB-AhStOxMHGdV7PqiNDDBBEPO1GjJJxBN-Z5QcFCYCp33gkuTvGsheX-dfeT622mKxO4IJ5B96p2", "width": 3264 } ], "place_id": "ChIJAe-KgKnTD4gRsP-kxc-oI0I", "rating": 3.5, "reference": "ChIJAe-KgKnTD4gRsP-kxc-oI0I", "scope": "GOOGLE", "types": [ "hospital", "health", "point_of_interest", "establishment" ], "user_ratings_total": 68.0, "vicinity": "3154 N Clark St, Chicago", "category": "Primary Care Center – Private / Non-profit", "source": "Google Places", "raw_types_str": "hospital, health, point_of_interest, establishment" }, "geometry": { "type": "Point", "coordinates": [ -87.650436, 41.9391245 ] } },
{ "type": "Feature", "properties": { "business_status": "OPERATIONAL", "icon": "https://maps.gstatic.com/mapfiles/place_api/icons/v1/png_71/hospital-71.png", "icon_background_color": "#F88181", "icon_mask_base_uri": "https://maps.gstatic.com/mapfiles/place_api/icons/v2/hospital-H_pinlet", "international_phone_number": "+1 312-337-1073", "name": "Winfield Moody Health Center", "opening_hours": { "open_now": false }, "photos": [ { "height": 3024, "html_attributions": [ "<a href=\"https://maps.google.com/maps/contrib/103256848368343682037\">Lulu C.</a>" ], "photo_reference": "AcnlKN00NgbQGjslTrsygatkUGRvo03YmHoKHyOqJGYdmJWFJLwb_C5V3TQ12oI7ZBPQueiUR4xAehz-6g9ppGLHqNsCmXFvDCeNH707Sr37Z_FR7h-HQvj9ZWbapOUdc9lDe71_Tcx3bzbhMvitrbbgzeOyg-3B30g5pYaBINDHn-P5wi6G9GAIhHSm_s91AZtBxmAprXm0nngl9CHfjv0tRsNT9wC7oS5IQb-BzF9OvI1zBHhySrAHyecrnjD3T7JBtABWnH-6WF6ulW2Gs_HdE3g6c9ieGc1RQyR0BzyFl4WGxPXncxAAMYTDJTlfgE7K3IuI2IFXNi6qG3k3oCS4IlrENj8ZYGqehNze0Kxx8G-KsE-hRtg571C78DxwRQkxAmG9CahuxYQl-ucnJg19s0Dt6wp_jryyPDp8gA0VrNHpkzc4itNjZg7uEO76vnAbWqoE2QEQWLRvVRrYjA86kPgajS15sySt_FH4GrFopLuHghIwMgTE4TdRkbOajklchcNSKRUmh44o9gcY2EYL-qUDRkNtJ99FxvjbzIBKjgwcAMdstDI8dYKHn2rLWpeBFi-ALqAk3gxyfA", "width": 4032 } ], "place_id": "ChIJ3Z_-XzfTD4gR2WiJYcWncYU", "rating": 3.5, "reference": "ChIJ3Z_-XzfTD4gR2WiJYcWncYU", "scope": "GOOGLE", "types": [ "hospital", "health", "point_of_interest", "establishment" ], "user_ratings_total": 191.0, "vicinity": "1276 N Clybourn Ave, Chicago", "category": "Primary Care Center – Private / Non-profit", "source": "Google Places", "raw_types_str": "hospital, health, point_of_interest, establishment" }, "geometry": { "type": "Point", "coordinates": [ -87.6422731, 41.905253599999988 ] } },
{ "type": "Feature", "properties": { "business_status": "OPERATIONAL", "icon": "https://maps.gstatic.com/mapfiles/place_api/icons/v1/png_71/hospital-71.png", "icon_background_color": "#F88181", "icon_mask_base_uri": "https://maps.gstatic.com/mapfiles/place_api/icons/v2/hospital-H_pinlet", "international_phone_number": "+1 312-766-4949", "name": "Advocate Outpatient Center - Lakeview", "opening_hours": null, "photos": [ { "height": 2404, "html_attributions": [ "<a href=\"https://maps.google.com/maps/contrib/109669855484647094723\">David Johnsen</a>" ], "photo_reference": "AcnlKN2f4Pc2bi-sgk1iodNNNHIgUl0c79Mh8PjDIAfjzIoqz0HSWhT1wYLbjxYwEWIe_ZVWy97IBR3aWF2qOd_YxR6-zsDcDAvZLCYsxJVOMwriM2MwZhZoRA9BYYaxdh7Rdr6jwBGMO3_itin-bepJJf-QikfyF2YTR78oQ2cMLS2NfFhs5p5tNdJKdXf83X3qdsSwtojuCI_X20GVKVR8romBDaVX1ZyN_Ob6YG0eoEFoSn1n0W8eieCxotlk_fa8hbt1KNZAAnMUFsNFvfIdcjmH9rLaibIeTKQMhEHU-62BmkD5Lki-XJNroWMl9YqsVwsX0vcFPC8Jdvsli7PxWZMooCgb4Uhb7xQrkt7g-_5Rj-B3h1NtNvm-sDR6KtUNyCvlzSCrasy04AKh1-YOoGXQfPcuTgeeDBe3lsCb_b0eVnF3J2gUAYscXgCWEMnC9GOFVxwzcMK-Lg6Yrpuh_5NH3VC0WfDkHnpi6C_56mLS8jg9Y2e9uB4-sZEoQsi6BU0lUDE_6dkz7rAQFyu5zfqgtDYGwacaAiFc_6TK6LPxQwslzNnwwiJP5gneyNXNYZHxZ1_1", "width": 4426 } ], "place_id": "ChIJJ6ecStvTD4gRcs8M4LW24bI", "rating": 3.8, "reference": "ChIJJ6ecStvTD4gRcs8M4LW24bI", "scope": "GOOGLE", "types": [ "hospital", "health", "point_of_interest", "establishment" ], "user_ratings_total": 148.0, "vicinity": "3134 N Clark St, Chicago", "category": "Primary Care Center – Private / Non-profit", "source": "Google Places", "raw_types_str": "hospital, health, point_of_interest, establishment" }, "geometry": { "type": "Point", "coordinates": [ -87.6503283, 41.9385363 ] } },
{ "type": "Feature", "properties": { "business_status": "OPERATIONAL", "icon": "https://maps.gstatic.com/mapfiles/place_api/icons/v1/png_71/generic_business-71.png", "icon_background_color": "#7B9EB0", "icon_mask_base_uri": "https://maps.gstatic.com/mapfiles/place_api/icons/v2/generic_pinlet", "international_phone_number": "+1 312-337-1982", "name": "AMITA Health Medical Group Seton Family Medicine", "opening_hours": { "open_now": true }, "photos": [ { "height": 2448, "html_attributions": [ "<a href=\"https://maps.google.com/maps/contrib/102823092574852598753\">Margaret Pak</a>" ], "photo_reference": "AcnlKN29n1N8g41MSK9wY0RZY7wi60VtizkLK44Wlrwhkc6fZxZ4krjFIejpjnc_RCZ5gQlIEb7f1VlqsNxAeX0yK_Ek3xCC05y9F0j1y2HIiGR6_n3hukRx9FzZNa0EUjzk3v1IbYMGR7L_bPQO_Dq6HMKjROE1frFzV7UV6_OoMONwOzcVXm0beYgkG5GRKCjVc_gcGr7l8vi_-sdUDrolTb_aqmc7KzCQPgJND5ilXJNU3t4BZ9aqzaTAVw15VDmw9sB3DAC74pQgzxhh70ZpY-mX4tbSAqt0zvaOYnROci3g7wuMUe3oRVOHtmzJKgEe2p2fav9kZCj7DPWmaAjyzM5lijV2dJgx_4OyILbMcVWZ4Qw65qWTUGPrYZWJyCwykiXH14NcZvOlmR7KG7KWfVT28uh-j_5I9wZxKxUVazmwz_jbaLCYDrgKGJlI4Deow09vm48sNRwoT-NMYhTsdbWEP5ka3wOl3EsQVuegvm_ulxOvqhpoQzTbuK4ym2e5gli7HShn-NYDNLZX7yfEqLTrvrmizWHdtWYg_c5zDYclgQnekT8tLZ5yN-FrW5kBdA0_tGDa", "width": 3264 } ], "place_id": "ChIJa4xCojzTD4gRJSExSwfNyBk", "rating": 3.1, "reference": "ChIJa4xCojzTD4gRJSExSwfNyBk", "scope": "GOOGLE", "types": [ "health", "point_of_interest", "establishment" ], "user_ratings_total": 81.0, "vicinity": "711 W North Ave, Chicago", "category": "Primary Care Center – Private / Non-profit", "source": "Google Places", "raw_types_str": "health, point_of_interest, establishment" }, "geometry": { "type": "Point", "coordinates": [ -87.6459654, 41.9107868 ] } },
{ "type": "Feature", "properties": { "business_status": "OPERATIONAL", "icon": "https://maps.gstatic.com/mapfiles/place_api/icons/v1/png_71/generic_business-71.png", "icon_background_color": "#7B9EB0", "icon_mask_base_uri": "https://maps.gstatic.com/mapfiles/place_api/icons/v2/generic_pinlet", "international_phone_number": "+1 888-663-6331", "name": "One Medical Primary Care Clinic - The Loop", "opening_hours": { "open_now": false }, "photos": [ { "height": 2550, "html_attributions": [ "<a href=\"https://maps.google.com/maps/contrib/110754210970764601493\">One Medical Primary Care Clinic - The Loop</a>" ], "photo_reference": "AcnlKN1T4yShA6eyC8vRYGzaL5_bMwcOrR4I8HTn-ql_hcG19NyXCWN_hXkYmtsRrI0zOxpAzCqPrlc0odY8Ya8ndPqpmxXw1peF3iabRmFzHDRHqKcaVhGy_21YY6u85acZqBk1E9Pk57STZzulHePT3oV7x3zjKDwDhsrorAmXUdL-w_h0bdx4jFs0DOBKle7JtdCGWOM8vrhiwUU4fX_tfXkJPHc_rdwKHI3btlmqrZlVfPjJmVVMPC2b_TFqhzzMSsOdTfWLRXMUn9FGj2ns5mJfsv0XGVfQNwptTASuqlmOcHfm1_E", "width": 3329 } ], "place_id": "ChIJ91N-37ssDogRjEsbhuzmqI8", "rating": 4.5, "reference": "ChIJ91N-37ssDogRjEsbhuzmqI8", "scope": "GOOGLE", "types": [ "hospital", "doctor", "health", "point_of_interest", "establishment" ], "user_ratings_total": 53.0, "vicinity": "230 W Monroe St #100, Chicago", "category": "Primary Care Center – Private / Non-profit", "source": "Google Places", "raw_types_str": "hospital, doctor, health, point_of_interest, establishment" }, "geometry": { "type": "Point", "coordinates": [ -87.6348873, 41.8810718 ] } },
{ "type": "Feature", "properties": { "business_status": "OPERATIONAL", "icon": "https://maps.gstatic.com/mapfiles/place_api/icons/v1/png_71/hospital-71.png", "icon_background_color": "#F88181", "icon_mask_base_uri": "https://maps.gstatic.com/mapfiles/place_api/icons/v2/hospital-H_pinlet", "international_phone_number": "+1 773-665-3000", "name": "Ascension Saint Joseph - Chicago", "opening_hours": { "open_now": true }, "photos": [ { "height": 610, "html_attributions": [ "<a href=\"https://maps.google.com/maps/contrib/116051274738566620504\">Ascension Saint Joseph - Chicago</a>" ], "photo_reference": "AcnlKN2RG1SaioyYvTkvdZVI3t8UY-PG9L3yARyFMuN8Ns3EuYOErTJtTtDet34x8K8FtukcE-1PPXXQkM4sA3Banu8ZY5wOI_bwIBq2dDypZ5dDXD7adf4QS-FQ_VbXMItxam3zTz0LjFOzGyI3epAvw_eC0jWI3ynDSNsbmTwVcZ97novf1wQn3-lefKHDspq0nc0wBKH7wH2lH2Ag2mHsnGAcPyFoVDVKwPup6X6AE90xqTZhAjs9RNx22e2uHS5BAD3FylOJOXXn9X0K1FsSITapFVuMtOv4Mp6IZ1MujTwUAOE9_M4", "width": 1084 } ], "place_id": "ChIJheXPnXXTD4gR1Um_8y5Nq-I", "rating": 3.8, "reference": "ChIJheXPnXXTD4gR1Um_8y5Nq-I", "scope": "GOOGLE", "types": [ "hospital", "health", "point_of_interest", "establishment" ], "user_ratings_total": 722.0, "vicinity": "2900 N Lake Shore Dr, Chicago", "category": "Primary Care Center – Private / Non-profit", "source": "Google Places", "raw_types_str": "hospital, health, point_of_interest, establishment" }, "geometry": { "type": "Point", "coordinates": [ -87.6373738, 41.9340773 ] } },
{ "type": "Feature", "properties": { "business_status": "OPERATIONAL", "icon": "https://maps.gstatic.com/mapfiles/place_api/icons/v1/png_71/generic_business-71.png", "icon_background_color": "#7B9EB0", "icon_mask_base_uri": "https://maps.gstatic.com/mapfiles/place_api/icons/v2/generic_pinlet", "international_phone_number": "+1 773-423-6178", "name": "Olivo Medical Wellness Center", "opening_hours": { "open_now": false }, "photos": [ { "height": 3255, "html_attributions": [ "<a href=\"https://maps.google.com/maps/contrib/110968866847806630643\">Olivo Medical Wellness Center</a>" ], "photo_reference": "AcnlKN3d9p3SR1YtQtIJmdMW9kRpCFI3eJi_gQ9Yg5mFKIAfRFKtmmUbhCGGwXtOqcbVg5U-2DauztO4juZvhiYh96xlAjYHM_D8Zv2cISJTe3vqjyxbV2tq-E0nwskfDMA4CAdgLbPfPEjzFyCIZbwlF9PdrSqQOhuAhZg6sQ50LSZ16xpL8-lwY5HIZvTxv6LWHi346kEBBYBS8ZZbic47Qf-mKsw0qhJvlLVI0uYHKTi6VqlIkRG7TZwCDPK9U5Zx0ZhAiyHZmIGZptgPzyps9A0vpWlGMYov2VfIlOT1fQIrhQmw__U", "width": 4882 } ], "place_id": "ChIJtRcwaIrSD4gRUx0dKIamm0c", "rating": 4.2, "reference": "ChIJtRcwaIrSD4gRUx0dKIamm0c", "scope": "GOOGLE", "types": [ "health", "point_of_interest", "establishment" ], "user_ratings_total": 39.0, "vicinity": "2901 N Clybourn Ave, Chicago", "category": "Primary Care Center – Private / Non-profit", "source": "Google Places", "raw_types_str": "health, point_of_interest, establishment" }, "geometry": { "type": "Point", "coordinates": [ -87.680879, 41.9344952 ] } },
{ "type": "Feature", "properties": { "business_status": "OPERATIONAL", "icon": "https://maps.gstatic.com/mapfiles/place_api/icons/v1/png_71/generic_business-71.png", "icon_background_color": "#7B9EB0", "icon_mask_base_uri": "https://maps.gstatic.com/mapfiles/place_api/icons/v2/generic_pinlet", "international_phone_number": "+1 773-528-5400", "name": "Family Health Center", "opening_hours": null, "photos": null, "place_id": "ChIJAcoSNK1KDogRhZADNb70Qfg", "rating": 2.5, "reference": "ChIJAcoSNK1KDogRhZADNb70Qfg", "scope": "GOOGLE", "types": [ "doctor", "health", "point_of_interest", "establishment" ], "user_ratings_total": 2.0, "vicinity": "21 W Wellington Ave, Chicago", "category": "Primary Care Center – Private / Non-profit", "source": "Google Places", "raw_types_str": "doctor, health, point_of_interest, establishment" }, "geometry": { "type": "Point", "coordinates": [ -87.681930799999989, 41.9357762 ] } },
{ "type": "Feature", "properties": { "business_status": "OPERATIONAL", "icon": "https://maps.gstatic.com/mapfiles/place_api/icons/v1/png_71/generic_business-71.png", "icon_background_color": "#7B9EB0", "icon_mask_base_uri": "https://maps.gstatic.com/mapfiles/place_api/icons/v2/generic_pinlet", "international_phone_number": "+1 773-772-7726", "name": "American Womens Medical Center", "opening_hours": { "open_now": false }, "photos": [ { "height": 300, "html_attributions": [ "<a href=\"https://maps.google.com/maps/contrib/112646724234217478922\">American Womens Medical Center</a>" ], "photo_reference": "AcnlKN3MP6QoASKTdYGKyVKn_mzem-Vs66okkglGXR9VK70XAo4_jKWUN3akowS5X2SKBM2V5XiHXzscLstU1bdFt866R80Y_WNk69YMSftS49WncqLIar0kXG-X_oH7pAmKIi8H7dIlclIArBluDJcras4rSTSVwgL3qmwI4SjQWucKFEWJoFmz3mFMtF7SY7V8SUBOgtIZ-wV5ZVBMVxzfo-hU9lWISicd0GiD7wIowtnqtbwcx93zAXbEsiSe-1w12dSetny6BoxKwMZb-0TGi8plGOzWhVXwbLy5QTyCWeX_mRSV48Q", "width": 1000 } ], "place_id": "ChIJu7NnBYbSD4gRpyWUiVFnT4M", "rating": 3.9, "reference": "ChIJu7NnBYbSD4gRpyWUiVFnT4M", "scope": "GOOGLE", "types": [ "health", "point_of_interest", "establishment" ], "user_ratings_total": 31.0, "vicinity": "2744 N Western Ave, Chicago", "category": "Primary Care Center – Private / Non-profit", "source": "Google Places", "raw_types_str": "health, point_of_interest, establishment" }, "geometry": { "type": "Point", "coordinates": [ -87.6882815, 41.9316193 ] } },
{ "type": "Feature", "properties": { "business_status": "OPERATIONAL", "icon": "https://maps.gstatic.com/mapfiles/place_api/icons/v1/png_71/generic_business-71.png", "icon_background_color": "#7B9EB0", "icon_mask_base_uri": "https://maps.gstatic.com/mapfiles/place_api/icons/v2/generic_pinlet", "international_phone_number": "+1 312-633-5841", "name": "Primecare Young Family Health Center", "opening_hours": { "open_now": false }, "photos": [ { "height": 4480, "html_attributions": [ "<a href=\"https://maps.google.com/maps/contrib/115131435664595556786\">Primecare Young Family Health Center</a>" ], "photo_reference": "AcnlKN2P05XIih18V-f8VseRTWLx0h-kJzatKhgjlYgDrF02qGP17WRCbYD2hitw4owcU6kSaMj13Y792V8l4MjujAv5qgKmnfO4iZgWWsRyOGdXsRDcbqjk1oYMk03iqnRhAE2Gg7MyjdBwOXY_CIzDbWJ8f72VSLe16ko8fjFep4I5DDoXDz9Qg2M4OF8fZBP4OEysSAMkIL5_MHYoZwLL4ciOTdstFxMPlzugraP4RvVemkQLUt-U3NA65iT9d2T9RYAhPo6rpBlFLZFwjVx05jaZei4b1k5ab8B1AcVQzvItC3vkRHU", "width": 6720 } ], "place_id": "ChIJB-8PyLrSD4gRuSU4TxloLj8", "rating": 4.4, "reference": "ChIJB-8PyLrSD4gRuSU4TxloLj8", "scope": "GOOGLE", "types": [ "doctor", "health", "point_of_interest", "establishment" ], "user_ratings_total": 25.0, "vicinity": "1431 N Western Ave STE 202, Chicago", "category": "Primary Care Center – Private / Non-profit", "source": "Google Places", "raw_types_str": "doctor, health, point_of_interest, establishment" }, "geometry": { "type": "Point", "coordinates": [ -87.6863618, 41.9075732 ] } },
{ "type": "Feature", "properties": { "business_status": "OPERATIONAL", "icon": "https://maps.gstatic.com/mapfiles/place_api/icons/v1/png_71/hospital-71.png", "icon_background_color": "#F88181", "icon_mask_base_uri": "https://maps.gstatic.com/mapfiles/place_api/icons/v2/hospital-H_pinlet", "international_phone_number": "+1 877-737-4636", "name": "Presence Park West Medical Office Building", "opening_hours": null, "photos": null, "place_id": "ChIJv2ivUwbTD4gRwztxolsTkrw", "rating": 5.0, "reference": "ChIJv2ivUwbTD4gRwztxolsTkrw", "scope": "GOOGLE", "types": [ "hospital", "health", "point_of_interest", "establishment" ], "user_ratings_total": 1.0, "vicinity": "830 W Diversey Pkwy, Chicago", "category": "Primary Care Center – Private / Non-profit", "source": "Google Places", "raw_types_str": "hospital, health, point_of_interest, establishment" }, "geometry": { "type": "Point", "coordinates": [ -87.6502228, 41.9328866 ] } },
{ "type": "Feature", "properties": { "business_status": "OPERATIONAL", "icon": "https://maps.gstatic.com/mapfiles/place_api/icons/v1/png_71/hospital-71.png", "icon_background_color": "#F88181", "icon_mask_base_uri": "https://maps.gstatic.com/mapfiles/place_api/icons/v2/hospital-H_pinlet", "international_phone_number": null, "name": "HEALTH CENTER", "opening_hours": { "open_now": true }, "photos": null, "place_id": "ChIJ92HMHSS1D4gRnCNFv0bg35Y", "rating": null, "reference": "ChIJ92HMHSS1D4gRnCNFv0bg35Y", "scope": "GOOGLE", "types": [ "hospital", "point_of_interest", "health", "establishment" ], "user_ratings_total": null, "vicinity": "Chicago O'Hare International Airport, ORD Terminal 1, W O'Hare Ave, Chicago", "category": "Primary Care Center – Private / Non-profit", "source": "Google Places", "raw_types_str": "hospital, point_of_interest, health, establishment" }, "geometry": { "type": "Point", "coordinates": [ -87.906569499999989, 41.9790169 ] } },
{ "type": "Feature", "properties": { "business_status": "OPERATIONAL", "icon": "https://maps.gstatic.com/mapfiles/place_api/icons/v1/png_71/generic_business-71.png", "icon_background_color": "#7B9EB0", "icon_mask_base_uri": "https://maps.gstatic.com/mapfiles/place_api/icons/v2/generic_pinlet", "international_phone_number": "+1 708-456-1600", "name": "Physicians Immediate Care", "opening_hours": { "open_now": true }, "photos": [ { "height": 4608, "html_attributions": [ "<a href=\"https://maps.google.com/maps/contrib/107150491901853674349\">Manjul Saini</a>" ], "photo_reference": "AcnlKN1wV6qz_9OiqYGNomIv6RjtzfoScYJpmimCVPsOMblFq5dBbKLvy5HtJxM8i7PZDc4yM2ilxfU1Plrbw_bMq1ku-diO24M6L-cr-zaNAlFMp2br1FJ6Q6G6FG26D4imA5n3QdNJIuSy4QdQ4DxvsxXvcdwdjHdcw5WJAbpxn-aViK8sdIpim_i07lE9ov5BZbPPkghHVVJQssmbnbXtuv-Nvx2j7nyiEcZh-GHjNXWYA2lUJi6RAomwvXMd1wBu2h6vLmBGypHohyJ4qyT1dIOIeDC9gvREPEXcMDFlU3GI2nOc0LYNZ8GOaq49l1TpWPz38DW4ungoSBEO1WOrbcy67GMu84bulSRq33PVztuRFFYIWv2x4tWXCZE0KEr3wwqjnl1_1NDUaGGkoMD9NBAf-zOZptjUdW6Ct6xJlqHC1Rzwiux9tzpvxoK-ajjISaYIzBIKbm_SE2qrub9OyteXZj0K1qjMfHUEoS7JaoM_6SN8khPNtX1rI7NOVuTqiCXbaqH0XIi7kVQR16tkyzFf74xEdTgP9k7sElAa97XByn8Ezio5i-1PYpgq8E6NDWwZyQ", "width": 2592 } ], "place_id": "ChIJUQSBiRfKD4gR2mlqP9PbhH8", "rating": 4.1, "reference": "ChIJUQSBiRfKD4gR2mlqP9PbhH8", "scope": "GOOGLE", "types": [ "doctor", "health", "point_of_interest", "establishment" ], "user_ratings_total": 1537.0, "vicinity": "4900 N Cumberland Ave, Norridge", "category": "Urgent Care / Walk-in Clinic", "source": "Google Places", "raw_types_str": "doctor, health, point_of_interest, establishment" }, "geometry": { "type": "Point", "coordinates": [ -87.8371678, 41.9688159 ] } },
{ "type": "Feature", "properties": { "business_status": "OPERATIONAL", "icon": "https://maps.gstatic.com/mapfiles/place_api/icons/v1/png_71/generic_business-71.png", "icon_background_color": "#7B9EB0", "icon_mask_base_uri": "https://maps.gstatic.com/mapfiles/place_api/icons/v2/generic_pinlet", "international_phone_number": "+1 708-452-0920", "name": "Midwest Express Clinic Urgent Care", "opening_hours": { "open_now": true }, "photos": [ { "height": 4000, "html_attributions": [ "<a href=\"https://maps.google.com/maps/contrib/113524166629968749474\">Midwest Express Clinic Urgent Care</a>" ], "photo_reference": "AcnlKN3CMukCPW8XGv4ICrQGhDFlx_B0ocDk27S3lhJL134hOXSUCAVdpWLRqUi6UMLXzn24gpoTqNTKat5sd_FQmue8GFaBtgv28_Lkj1s8_Tr7x4PFWwAP-DGM7fD8zah1jFP5hyCQkvLXWWkY-7Jlvg9htZUqwkVAqaHZpgxrVdwIVEtE-h3owidUquFvEYcKHgUMK8WS7jJ556AUtBQfq3rvZo6mpwe7Z5qSRcfvM5hB1pEh_ZxdM-TSX0Ux77CKGwwzl49TX5r_wwkOdRhSudf5T9Ucc-il_hwCgGlEWhPFH0j2hPE", "width": 6000 } ], "place_id": "ChIJkWtQO3LLD4gRE0Y1b973fnI", "rating": 4.7, "reference": "ChIJkWtQO3LLD4gRE0Y1b973fnI", "scope": "GOOGLE", "types": [ "doctor", "health", "point_of_interest", "establishment" ], "user_ratings_total": 1194.0, "vicinity": "8307 W Lawrence Ave, Norridge", "category": "Urgent Care / Walk-in Clinic", "source": "Google Places", "raw_types_str": "doctor, health, point_of_interest, establishment" }, "geometry": { "type": "Point", "coordinates": [ -87.8340842, 41.9657927 ] } },
{ "type": "Feature", "properties": { "business_status": "OPERATIONAL", "icon": "https://maps.gstatic.com/mapfiles/place_api/icons/v1/png_71/generic_business-71.png", "icon_background_color": "#7B9EB0", "icon_mask_base_uri": "https://maps.gstatic.com/mapfiles/place_api/icons/v2/generic_pinlet", "international_phone_number": "+1 888-584-7888", "name": "Loyola Medicine Park Ridge", "opening_hours": null, "photos": [ { "height": 417, "html_attributions": [ "<a href=\"https://maps.google.com/maps/contrib/117420306175651899603\">Loyola Medicine Park Ridge</a>" ], "photo_reference": "AcnlKN1Kwptw_SGTKWklt_YCf4uk2VpiOLVgc_rL2ewPhDdpHFSi1nPp0RmNpXFk9XZ7szK6hlwieQoxqx0C09criQpVNSb_EbUyRKaugiAYYtPyCJEkvyKAiGLVhCF33RDnSvjjebMwTdCDcPVpdYYnpNMw3Eg1s8j_5X8RsNhzxz1jjWhCClZi6wrQRuBOrDr8jH8AiM_ePpub6O11zKEVW77zn2ykHENe1yIdm0tHUPa6Q2-9hjLH6qgP0Y-b4Pe7i_l5ZOSttXE3HoFjaUUWv-MPjm2loZOh-Z-J7UfL4wKRtAYMfdU", "width": 741 } ], "place_id": "ChIJ_aCgR_LJD4gR8nVUUoKhvlk", "rating": 2.9, "reference": "ChIJ_aCgR_LJD4gR8nVUUoKhvlk", "scope": "GOOGLE", "types": [ "doctor", "health", "point_of_interest", "establishment" ], "user_ratings_total": 25.0, "vicinity": "1030 Higgins Rd, Park Ridge", "category": "Primary Care Center – Private / Non-profit", "source": "Google Places", "raw_types_str": "doctor, health, point_of_interest, establishment" }, "geometry": { "type": "Point", "coordinates": [ -87.8391064, 41.9870435 ] } },
{ "type": "Feature", "properties": { "business_status": "OPERATIONAL", "icon": "https://maps.gstatic.com/mapfiles/place_api/icons/v1/png_71/hospital-71.png", "icon_background_color": "#F88181", "icon_mask_base_uri": "https://maps.gstatic.com/mapfiles/place_api/icons/v2/hospital-H_pinlet", "international_phone_number": "+1 773-774-8000", "name": "Resurrection Medical Center", "opening_hours": { "open_now": true }, "photos": [ { "height": 364, "html_attributions": [ "<a href=\"https://maps.google.com/maps/contrib/112187668124111317101\">Eric Schmuttenmaer (Presence Health)</a>" ], "photo_reference": "AcnlKN01mNdTRmUNUzOEgI-ZWECZP-4HX5d2ssA2mVREbb4NsmlIzKbvGKMYEFMULuPDhsLZmeP4fZ7K7XluzxbIn-nE1LjCekqnbTqcmNl_hADjp6zL1rsB49QeKnnSwkM_Q5Qt5kZ9NVsdU6AWHwq_idvWkORxooJ0CdjCHpcUiIDnT2dQ5IGq-Iu9BRKYcYPI_2jGle_SkEOJHAXbIHm2W6e8X6_HVUDfihoJgklqUKovZWrf5BLB7Ns5CGB4aqlEHSUhDPh60rIRGF7mzoNSOC5Ydf3g09NC_mRTDr4jrdL1dAB3ySlScIsYTnwCZcv2c2MXFD9Nds9QSCEEcNiZcYRoeznfNK_cHIpnbJtv6jq6g9mJYapJh23cAU_GCESpdAS83p_T4Vu-9DA0ri-ho5_nytH42YxrSiF1aUk9Pkl1d-qoX3d1AbGD5DLm_Y4ZVwpHSc7Rg-tNe5N8_FwJltWFyhxxnqcG33fgur5WiTQZWI4ArsrloEtVW7IIzWIbGZbYW0JfNzE2QtXyRQpFRDUeQBHUcZ2vQc-kfldTarBSdcs7SfCyqOjmhqZDY1Ug9mVGsqbG", "width": 720 } ], "place_id": "ChIJ_58vPXjJD4gR9sroNOirs8E", "rating": 3.8, "reference": "ChIJ_58vPXjJD4gR9sroNOirs8E", "scope": "GOOGLE", "types": [ "hospital", "health", "point_of_interest", "establishment" ], "user_ratings_total": 1103.0, "vicinity": "7435 W Talcott Ave, Chicago", "category": "Primary Care Center – Private / Non-profit", "source": "Google Places", "raw_types_str": "hospital, health, point_of_interest, establishment" }, "geometry": { "type": "Point", "coordinates": [ -87.8145811, 41.9880956 ] } },
{ "type": "Feature", "properties": { "business_status": "OPERATIONAL", "icon": "https://maps.gstatic.com/mapfiles/place_api/icons/v1/png_71/generic_business-71.png", "icon_background_color": "#7B9EB0", "icon_mask_base_uri": "https://maps.gstatic.com/mapfiles/place_api/icons/v2/generic_pinlet", "international_phone_number": "+1 773-792-5255", "name": "Resurrection Medical Center Emergency Room", "opening_hours": { "open_now": true }, "photos": [ { "height": 3264, "html_attributions": [ "<a href=\"https://maps.google.com/maps/contrib/107741872912392879333\">Peter Knuerr</a>" ], "photo_reference": "AcnlKN28EMxcDsax0l-iRHZMKiZygSymxg5dmqJjGyoy0f2njfRB_UwxFKy2Md2fF9bLMTQGn0DKtYle1dM3GbePxTkIOtlLG6-UJqbJfbdLf5LNbt05ODip8NBMtDo4UScC6BkE8f7MQxA9uzKUZzE1H-OqMyIWN8VoGghagH6L98bEUWKGrMrbpEW_nLnzLL8aHNA-4wWZMkiHsFVhqX3MsNnWBJuDWK0cAuflHboc2vz3mEAt4XfbDUL2Jj0Nfi0PCseGXVehftaGjAAm4-D0PDItDNAKxRUy03NxOi8akeCu1BWIc76_ohQB2JcjJBRjvyMeu-G5DjFE97lSviKzeDZHfSkDr4z5uahzCK8b9h4a8wCWI3JmgdrpQRUVjyb0yU4Ql9-0yosApIhxZCiegXHZXpK2oDoY-t6-XhPWidux1slGZHKcx6ZmmsUg2_g0w8sgp-tSx7XEbbYjNloIzVqATjEZ3n1S32Uoz6F1H6Lx8RNAuIw9veZyLhr8KIpxlqV-DnjDlcpSWTLPiA9rrWQdqfBVUdclV8ghCxACoMJhIkLmWy40L-QgaH440_NlmEvn4UzA", "width": 2448 } ], "place_id": "ChIJo-6CJnjJD4gRh2OWuhp5sQI", "rating": 3.8, "reference": "ChIJo-6CJnjJD4gRh2OWuhp5sQI", "scope": "GOOGLE", "types": [ "health", "point_of_interest", "establishment" ], "user_ratings_total": 398.0, "vicinity": "7435 W Talcott Ave, Chicago", "category": "Primary Care Center – Private / Non-profit", "source": "Google Places", "raw_types_str": "health, point_of_interest, establishment" }, "geometry": { "type": "Point", "coordinates": [ -87.8125563, 41.9875249 ] } },
{ "type": "Feature", "properties": { "business_status": "OPERATIONAL", "icon": "https://maps.gstatic.com/mapfiles/place_api/icons/v1/png_71/generic_business-71.png", "icon_background_color": "#7B9EB0", "icon_mask_base_uri": "https://maps.gstatic.com/mapfiles/place_api/icons/v2/generic_pinlet", "international_phone_number": "+1 773-774-7474", "name": "Resurrection Medical Center - Primary Care", "opening_hours": { "open_now": false }, "photos": null, "place_id": "ChIJEU59GgbJD4gRC3nSL98BmMQ", "rating": 1.3, "reference": "ChIJEU59GgbJD4gRC3nSL98BmMQ", "scope": "GOOGLE", "types": [ "doctor", "health", "point_of_interest", "establishment" ], "user_ratings_total": 4.0, "vicinity": "7447 W Talcott Ave Ste. 245, Chicago", "category": "Primary Care Center – Private / Non-profit", "source": "Google Places", "raw_types_str": "doctor, health, point_of_interest, establishment" }, "geometry": { "type": "Point", "coordinates": [ -87.8145522, 41.9876662 ] } },
{ "type": "Feature", "properties": { "business_status": "OPERATIONAL", "icon": "https://maps.gstatic.com/mapfiles/place_api/icons/v1/png_71/generic_business-71.png", "icon_background_color": "#7B9EB0", "icon_mask_base_uri": "https://maps.gstatic.com/mapfiles/place_api/icons/v2/generic_pinlet", "international_phone_number": "+1 773-774-8000", "name": "Presence Health", "opening_hours": { "open_now": true }, "photos": null, "place_id": "ChIJ9aBoPXjJD4gRIvTVdptsdBY", "rating": 2.7, "reference": "ChIJ9aBoPXjJD4gRIvTVdptsdBY", "scope": "GOOGLE", "types": [ "health", "point_of_interest", "establishment" ], "user_ratings_total": 7.0, "vicinity": "7435 W Talcott Ave #1, Chicago", "category": "Primary Care Center – Private / Non-profit", "source": "Google Places", "raw_types_str": "health, point_of_interest, establishment" }, "geometry": { "type": "Point", "coordinates": [ -87.8142891, 41.9876791 ] } },
{ "type": "Feature", "properties": { "business_status": "OPERATIONAL", "icon": "https://maps.gstatic.com/mapfiles/place_api/icons/v1/png_71/generic_business-71.png", "icon_background_color": "#7B9EB0", "icon_mask_base_uri": "https://maps.gstatic.com/mapfiles/place_api/icons/v2/generic_pinlet", "international_phone_number": "+1 773-770-4707", "name": "Physicians Immediate Care", "opening_hours": { "open_now": true }, "photos": [ { "height": 575, "html_attributions": [ "<a href=\"https://maps.google.com/maps/contrib/115108576581690797740\">Physicians Immediate Care</a>" ], "photo_reference": "AcnlKN3r_sv8PVBzZIqpIIPB7HPUtXoEsr9zJkBbawurJnNxGWpLejSBDIOFnJyjep1DceUROrpSle-M9k7d7YlALQ65mjkcu6wMgDYdEHUFaGZdIV8SZLdOrz2rArkHH838qf0LAfzQsJsPfD8Ftj3n6lJFFxHfUeD66NudwPjQJt3Du2Qw4z_T-5yzoXmrInbZWZHblWDLgk4aE5Y40UsGLv7Wa4Wiu98HWk-YiFBdmlz0baekU-VMWuC94s6Y5N_fnUSdSFvqnsoq2z0kLBUR3j9-WdRZRHszMhoqYgDXXlw6n97NYvc", "width": 1022 } ], "place_id": "ChIJFWKgTwLMD4gRLnsMahu0qAU", "rating": 4.5, "reference": "ChIJFWKgTwLMD4gRLnsMahu0qAU", "scope": "GOOGLE", "types": [ "doctor", "health", "point_of_interest", "establishment" ], "user_ratings_total": 962.0, "vicinity": "5228 N Northwest Hwy, Chicago", "category": "Urgent Care / Walk-in Clinic", "source": "Google Places", "raw_types_str": "doctor, health, point_of_interest, establishment" }, "geometry": { "type": "Point", "coordinates": [ -87.7698305, 41.9754858 ] } },
{ "type": "Feature", "properties": { "business_status": "OPERATIONAL", "icon": "https://maps.gstatic.com/mapfiles/place_api/icons/v1/png_71/generic_business-71.png", "icon_background_color": "#7B9EB0", "icon_mask_base_uri": "https://maps.gstatic.com/mapfiles/place_api/icons/v2/generic_pinlet", "international_phone_number": "+1 708-922-0911", "name": "Local MD Urgent Care", "opening_hours": { "open_now": true }, "photos": [ { "height": 3000, "html_attributions": [ "<a href=\"https://maps.google.com/maps/contrib/104528358596308405674\">Local MD Urgent Care</a>" ], "photo_reference": "AcnlKN1Et1TPZK3nX0GKLc_YmukwNoGWGrGn6fDwEutrcY_K5N5C2Y7b16lmqL_NdiAQSggtH86U_2xhVtZvOvDdJSdm_jjB2T5MbL4amY-F_qR55g1OoYd-lJApDd-eJr2Q16ERuaMJvmbfH0GFM4v0afeo7tjUkG4KaoNqqM-O2_sUtvkVct4wN6ypjO55Dw0I81AR8oXEoeQ2lPrTgWSqAD04PaceM0tsnGaZFB2KsxPJLnX4ewYjzlxMUuaHXSo0pcEu0RIdzo65L1L-c_4fEJRcaIh4m0_QAivdyVGVGYt3fTtCztE", "width": 1688 } ], "place_id": "ChIJrSz94LvLD4gR8TuLZ2Edpmk", "rating": 4.0, "reference": "ChIJrSz94LvLD4gR8TuLZ2Edpmk", "scope": "GOOGLE", "types": [ "doctor", "health", "point_of_interest", "establishment" ], "user_ratings_total": 297.0, "vicinity": "4460 N Harlem Ave, Norridge", "category": "Urgent Care / Walk-in Clinic", "source": "Google Places", "raw_types_str": "doctor, health, point_of_interest, establishment" }, "geometry": { "type": "Point", "coordinates": [ -87.807656400000013, 41.9611381 ] } },
{ "type": "Feature", "properties": { "business_status": "OPERATIONAL", "icon": "https://maps.gstatic.com/mapfiles/place_api/icons/v1/png_71/hospital-71.png", "icon_background_color": "#F88181", "icon_mask_base_uri": "https://maps.gstatic.com/mapfiles/place_api/icons/v2/hospital-H_pinlet", "international_phone_number": "+1 773-654-1077", "name": "Maasal Medical Center", "opening_hours": { "open_now": false }, "photos": [ { "height": 1448, "html_attributions": [ "<a href=\"https://maps.google.com/maps/contrib/109669855484647094723\">David Johnsen</a>" ], "photo_reference": "AcnlKN1zgPakCVE3F01FYun1YmLYDu789bWmrrA0_ZrBnUu8_l7THFUQ2H5kJD3uzTvxzq4tPPg1_Hpyq7F8Zivlp_w-fZk8_I0sxwkJu6VWzRpbcfel64pkQ7XWN-4AW3MPQKkTv7jq3G4vF8jyM_cgG3PyrS11UMY1fblbQokfJC7smSgnEeRzt1FHoiip1EgvQtekbQtpcEBqlKI13UvlNNT1FrzoEf3rX9paquZTM6kH6zVIaB869t-5UPUpYwJF-DUcTuv_c3SWRWY_qNYgKjS6T9q8V6LBzRpxmiXfA0SJbvL5WQvEg_gvwuataDKj1SZk8ymYE0UcaTTuCZELP139QsGz7G2eyjuPtbuhUzcURxKyiJRkTU6FxuMRTVu-8hA0ouUaevL1axNIQNeYc_DD5OcVLCpOHm3Jex8EQX0r3gXd0EMAUnD9EkXS3sq8DikQddYuHdhPsXUxqc-zsJ1jMhHrwHYCnhurpwX8taeMBn-ynCTHFv85UOrY0W_tQsP2oea5fp2lI_dLiH0VstuAjMgjDxftPXVlVn8V-ZC3Qp__TCiG_U2K1KzApTsw7igll3jEwMJLYQ", "width": 2007 } ], "place_id": "ChIJiezwpOfND4gRPIjyMXqaeJY", "rating": 4.2, "reference": "ChIJiezwpOfND4gRPIjyMXqaeJY", "scope": "GOOGLE", "types": [ "hospital", "health", "point_of_interest", "establishment" ], "user_ratings_total": 41.0, "vicinity": "3462 W Lawrence Ave, Chicago", "category": "Primary Care Center – Private / Non-profit", "source": "Google Places", "raw_types_str": "hospital, health, point_of_interest, establishment" }, "geometry": { "type": "Point", "coordinates": [ -87.7156908, 41.9684842 ] } },
{ "type": "Feature", "properties": { "business_status": "OPERATIONAL", "icon": "https://maps.gstatic.com/mapfiles/place_api/icons/v1/png_71/generic_business-71.png", "icon_background_color": "#7B9EB0", "icon_mask_base_uri": "https://maps.gstatic.com/mapfiles/place_api/icons/v2/generic_pinlet", "international_phone_number": "+1 773-545-2525", "name": "CentMed - Central Medical Clinic", "opening_hours": { "open_now": false }, "photos": [ { "height": 2988, "html_attributions": [ "<a href=\"https://maps.google.com/maps/contrib/112088176496672228443\">Paul Palmer</a>" ], "photo_reference": "AcnlKN21S37vLGNLBsQwLmkXsrR-pqvxfaOvecr5SnuIZqwbTA-y7rs14441IciHIrFdqn7Cv0f7tqb70Actiu1SfMQL1Np_-O4pqQA5BilrvRMFtmzIXIAlRn6WAGjQxjBOmVi5Zlsjj84RaMihGiXXdkk-xkSk92MQ-9Wsg2HCwuOD2qXIAL1o4m7K1FD-yJw1BsfkjgYytU_9JmTZs-C0caFU4p0KyIdEL2G38y0QKR3x-Ed8SXLP6kUmLOxi2vaKoI0Q8YV0O3y72xK7k2Q5t3QKSBzkzisYr4EGE2NXCvgsDsyyoOQZFATFtuAKeM8y6nsFZF4Pm0PCjHrhnNrkKCTh6f5I6-Ys57fxZGWyNxVxpMr6MQk84ih7RlyPIezxynsdYGTJFiPeAEu8w5RwVP8CbPT7jHlnavYcjZtu_azorUl1vrASYt9DuUGnxh9WUIUBNnF975aLYU_XuHoGGxu6CbPGH7k1WZgpmY6h51_3TWbigXKDfGvqFHjkm5RKw9rZMglMqMVPPdvwRkEC8EgxX73RZwA_f3MbKTM8WamGU2dT7z6aJ91bKYy8TxrX6fXhyWQo", "width": 5312 } ], "place_id": "ChIJex2iqyIKXUARDmJE4eAwUpU", "rating": 2.8, "reference": "ChIJex2iqyIKXUARDmJE4eAwUpU", "scope": "GOOGLE", "types": [ "hospital", "finance", "health", "point_of_interest", "establishment" ], "user_ratings_total": 41.0, "vicinity": "5605 W Gunnison St, Chicago", "category": "Primary Care Center – Private / Non-profit", "source": "Google Places", "raw_types_str": "hospital, finance, health, point_of_interest, establishment" }, "geometry": { "type": "Point", "coordinates": [ -87.7678276, 41.9685201 ] } },
{ "type": "Feature", "properties": { "business_status": "OPERATIONAL", "icon": "https://maps.gstatic.com/mapfiles/place_api/icons/v1/png_71/generic_business-71.png", "icon_background_color": "#7B9EB0", "icon_mask_base_uri": "https://maps.gstatic.com/mapfiles/place_api/icons/v2/generic_pinlet", "international_phone_number": "+1 773-509-1467", "name": "Altagracia Medical Center", "opening_hours": { "open_now": false }, "photos": null, "place_id": "ChIJ51owKrnND4gRebHI5eVGpHA", "rating": 4.6, "reference": "ChIJ51owKrnND4gRebHI5eVGpHA", "scope": "GOOGLE", "types": [ "doctor", "health", "point_of_interest", "establishment" ], "user_ratings_total": 25.0, "vicinity": "3754 W Irving Park Rd, Chicago", "category": "Primary Care Center – Private / Non-profit", "source": "Google Places", "raw_types_str": "doctor, health, point_of_interest, establishment" }, "geometry": { "type": "Point", "coordinates": [ -87.7224758, 41.953991 ] } },
{ "type": "Feature", "properties": { "business_status": "OPERATIONAL", "icon": "https://maps.gstatic.com/mapfiles/place_api/icons/v1/png_71/hospital-71.png", "icon_background_color": "#F88181", "icon_mask_base_uri": "https://maps.gstatic.com/mapfiles/place_api/icons/v2/hospital-H_pinlet", "international_phone_number": "+1 773-794-9000", "name": "All-Care Family Medical Center", "opening_hours": null, "photos": null, "place_id": "ChIJNRv6ly3MD4gRUvfrXyGkV4U", "rating": 4.0, "reference": "ChIJNRv6ly3MD4gRUvfrXyGkV4U", "scope": "GOOGLE", "types": [ "hospital", "health", "point_of_interest", "establishment" ], "user_ratings_total": 9.0, "vicinity": "4753 N Elston Ave, Chicago", "category": "Primary Care Center – Private / Non-profit", "source": "Google Places", "raw_types_str": "hospital, health, point_of_interest, establishment" }, "geometry": { "type": "Point", "coordinates": [ -87.7389305, 41.967471499999988 ] } },
{ "type": "Feature", "properties": { "business_status": "OPERATIONAL", "icon": "https://maps.gstatic.com/mapfiles/place_api/icons/v1/png_71/generic_business-71.png", "icon_background_color": "#7B9EB0", "icon_mask_base_uri": "https://maps.gstatic.com/mapfiles/place_api/icons/v2/generic_pinlet", "international_phone_number": "+1 773-754-3500", "name": "Alliance Immediate & Primary Care", "opening_hours": { "open_now": false }, "photos": [ { "height": 2641, "html_attributions": [ "<a href=\"https://maps.google.com/maps/contrib/109669855484647094723\">David Johnsen</a>" ], "photo_reference": "AcnlKN2Nm58QnM3W86gH7Qz49S3ocf5jLCGNk5opvs5pmZR9pBr34gB3EmrlUGiLljA6-jWdQSLIn27H30r8YfGwhg1RtbxW49xZoi4dRJ126ECoxJIy8Al80p2RKscUTYuETnfJxUVb7HUXhai4BbFdji5_xCtC8Ptq0E19TX3ysXFTe8TNjkZSeKdmTBt0jhjKn3u6xAoMAffr124naSPynt3rARnmrtm6nAN7I8T7XdtT6-MDId2EjaAtBL1bOobNOS_XCS5uk7zPLuhxIa3zOVa-EATyAOVtvdngSYk5aIfbn9IghUDlRf4x6BrYOUXtr8o9Xej_bCG8xGud8BGjwP41bXxZ7NL1qAC4ARz6ZV_war52hqUpDpnyALaVYTIEoFUXG-D32SvyyblW9sCvjV3hBWRFlijJYI0kDcjA3v6Nk4w9rWRCNOKxFgsg7dBMgqsvnnP2VU_Qqfi1GVDBZMRG1JTKNTQSMBQF1xKiU8pw2ik5fqTdRPclpNpOlGIQPLVqLDRnw_hCN453wuT5TZlvVL98m3DP0YDB54yTjVx1Xuh5IMTNvg2FnNjeTkvAVTaVk8uK", "width": 4000 } ], "place_id": "ChIJ2T7Ih8jND4gR8Sa5TMzBlQg", "rating": 4.6, "reference": "ChIJ2T7Ih8jND4gR8Sa5TMzBlQg", "scope": "GOOGLE", "types": [ "hospital", "doctor", "health", "point_of_interest", "establishment" ], "user_ratings_total": 334.0, "vicinity": "4332 N Elston Ave, Chicago", "category": "Primary Care Center – Private / Non-profit", "source": "Google Places", "raw_types_str": "hospital, doctor, health, point_of_interest, establishment" }, "geometry": { "type": "Point", "coordinates": [ -87.727475, 41.959156 ] } },
{ "type": "Feature", "properties": { "business_status": "OPERATIONAL", "icon": "https://maps.gstatic.com/mapfiles/place_api/icons/v1/png_71/hospital-71.png", "icon_background_color": "#F88181", "icon_mask_base_uri": "https://maps.gstatic.com/mapfiles/place_api/icons/v2/hospital-H_pinlet", "international_phone_number": "+1 872-270-5999", "name": "Midwest Refuah Health Center", "opening_hours": { "open_now": true }, "photos": [ { "height": 2595, "html_attributions": [ "<a href=\"https://maps.google.com/maps/contrib/111801407800063512130\">Midwest Refuah Health Center</a>" ], "photo_reference": "AcnlKN3SIlDmbKBwniImbV20doy93010l_AO5YePACodzdtDIt74KcV2eJSySbJZsnmWGb62E6ccDAdnB7ZsEnaZSIiPyxRJswLc060mbNuH6qjKerKeTzo-72NUZC2gqqO2fg95ErNd5DXLlTeOGnZzxQp6mL1-2RZpybiwcKlmXmjT_sCvOoCPg7seauHjACBev5t0KTNoVC-_7NCozrOr2RcxzOnwHZrMQCX4xleXdsoXk-jF6T3aKG4HgVx8TM00xbikgdQGDMcn1JlzvyRsoBX2TgWN_sOS0pzvYNBAihmkqz9Kn9A", "width": 5000 } ], "place_id": "ChIJ8XEHjxHPD4gRrPRU9jnN0ww", "rating": 4.7, "reference": "ChIJ8XEHjxHPD4gRrPRU9jnN0ww", "scope": "GOOGLE", "types": [ "hospital", "health", "point_of_interest", "establishment" ], "user_ratings_total": 12.0, "vicinity": "6374 N Lincoln Ave, Chicago", "category": "Primary Care Center – Private / Non-profit", "source": "Google Places", "raw_types_str": "hospital, health, point_of_interest, establishment" }, "geometry": { "type": "Point", "coordinates": [ -87.7186826, 41.9969992 ] } },
{ "type": "Feature", "properties": { "business_status": "OPERATIONAL", "icon": "https://maps.gstatic.com/mapfiles/place_api/icons/v1/png_71/generic_business-71.png", "icon_background_color": "#7B9EB0", "icon_mask_base_uri": "https://maps.gstatic.com/mapfiles/place_api/icons/v2/generic_pinlet", "international_phone_number": "+1 773-751-7800", "name": "Tapestry 360 Health - Albany Park", "opening_hours": { "open_now": false }, "photos": [ { "height": 2794, "html_attributions": [ "<a href=\"https://maps.google.com/maps/contrib/109669855484647094723\">David Johnsen</a>" ], "photo_reference": "AcnlKN3ExAM8aZFM7D53LkJ5bAQhBLgYbEGkIv2PE1M9FLClXSku9BODAPJDtCD1wlGLZXcY37hpObf_seBdamme8MxFVzPuqbPjq93fw66gylTVeoZ4xiUq4T8iAu8L6U6IvT_8XKnHiP1521RtoFHSo5AOVIrvWhwp3sywd7AP0buL5VeHFolh-yB8QsYdlOHMb-dwi6Z-guX-BSO3Sj4kykbIi5DenS5nSsx-mNb6fF4RacsvoGBxMiVw-3Ge6MdzJMXiBJCb4N6z1uQfIE1M33ZxRzBTedR-3OKR1BWIl1fhVBW8yFC6MaspXEy6I9K1U5FurhBDyBLvHclGTQTf9xp1N8jE24NR6O8HdGubknYOIJpOTupZgoTgNXTLMh6fSh3sIp1QK4UaPiSad41gLX-ZXxVxZ-0fgdKRe1ZqhgJQ7BN5oL1Ga0wfI7K1Hz0XikpL69NC39xffiWsanp3Z9IRvxpS4KTVQ83gvZHjL0fnb-SaRlDsY8YmIKkqoAeJglyQfUHsixBuXMiIWNOTzSRH0uDHvyevKWmTM3nuwjTSACS63-RhYIGyIp4CbQ3IbKmJVBgDZxO6mg", "width": 5129 } ], "place_id": "ChIJDQVpm9zND4gRrAhMJ6sASvU", "rating": 4.1, "reference": "ChIJDQVpm9zND4gRrAhMJ6sASvU", "scope": "GOOGLE", "types": [ "hospital", "health", "point_of_interest", "establishment" ], "user_ratings_total": 129.0, "vicinity": "3737 W Lawrence Ave, Chicago", "category": "Primary Care Center – Private / Non-profit", "source": "Google Places", "raw_types_str": "hospital, health, point_of_interest, establishment" }, "geometry": { "type": "Point", "coordinates": [ -87.722242, 41.9680469 ] } },
{ "type": "Feature", "properties": { "business_status": "OPERATIONAL", "icon": "https://maps.gstatic.com/mapfiles/place_api/icons/v1/png_71/generic_business-71.png", "icon_background_color": "#7B9EB0", "icon_mask_base_uri": "https://maps.gstatic.com/mapfiles/place_api/icons/v2/generic_pinlet", "international_phone_number": "+1 224-364-2273", "name": "Endeavor Health Immediate Care - Chicago in Jefferson Park", "opening_hours": { "open_now": true }, "photos": [ { "height": 4000, "html_attributions": [ "<a href=\"https://maps.google.com/maps/contrib/118246356083965877464\">Pat G</a>" ], "photo_reference": "AcnlKN2K2ie76MYHrPl-8PLWb78Y6frsKIJ0CLbABmftdB78PxzB5SXIicucW76ILLBk9s3A9sZF_Gpkd934aTsG_t42kDjPyVWUy7bURgxRPao6PlnONTf35Ms0pQ41BJI6fDVa5MjCswL1vTvkgb7a-7O18XDux9A1nNvx2-ghMdh4YLjEWWHeJHzd5y_DDZJVuogFuHH714LJ0GChhPeoS2C6l1ZuX6amkv2Hv0N64NDq-ttqK5EIj0THpo1odIoUuwur0PMoV_zIqDJCTAYTTh51tZnBFAw7J-7xAuKMxJqLlV0tVmLrxWfK6XB6Q58jDoa8LjiVtZxgxTSpT6ioP2jnz7srWg96yKS4feH2JBA4bX0XZT9RAzh_U-GpeNh8AepaupUqr3NYIHrfIZ8cGjA2L3qCdRgQeVOiqG1_fEjecT4lwTWc2F9hCKkY9H0F7mZVFWJTFY3MKMatgRh74SofynLbmk7tVaqqYS00TMWpAUM_b1FlY3HxLM1WW3w8sv7FZpx2DH_5fI8i1QjiAhQEMub5X7pVQWoLu9L-k17pL6y09D4yAkEQ-fXNmTZ04H9EuVQP", "width": 1800 } ], "place_id": "ChIJw5bIojHND4gRdURnFxhC6l0", "rating": 3.5, "reference": "ChIJw5bIojHND4gRdURnFxhC6l0", "scope": "GOOGLE", "types": [ "health", "point_of_interest", "establishment" ], "user_ratings_total": 69.0, "vicinity": "5211 W Lawrence Ave, Chicago", "category": "Urgent Care / Walk-in Clinic", "source": "Google Places", "raw_types_str": "health, point_of_interest, establishment" }, "geometry": { "type": "Point", "coordinates": [ -87.7582168, 41.9677886 ] } },
{ "type": "Feature", "properties": { "business_status": "OPERATIONAL", "icon": "https://maps.gstatic.com/mapfiles/place_api/icons/v1/png_71/generic_business-71.png", "icon_background_color": "#7B9EB0", "icon_mask_base_uri": "https://maps.gstatic.com/mapfiles/place_api/icons/v2/generic_pinlet", "international_phone_number": "+1 773-794-1000", "name": "Physicians Immediate Care", "opening_hours": { "open_now": true }, "photos": [ { "height": 575, "html_attributions": [ "<a href=\"https://maps.google.com/maps/contrib/109039597311878501424\">Physicians Immediate Care</a>" ], "photo_reference": "AcnlKN2yl7ZlUN6FWGATP8cRHytxcpM67PMNzuqrbYFCUWjW8VCuVjsp6HbjgOUSLkXaMpuMm4tUT_53j_VAfwTicxv1QBFFZWCy8pR3goP-Dyqocx5E8G4WQEMqAOByKGXJtYlin4ycHZ6rCZ2tYIDwyvYFxGVgb1I50IP8EQB0w_BQyU3ru4tQLfGBdTYUds19zRIwnvjgHdcV124sWnMmrekAuAE6p59paxzW1-3UU0YRFKF5tHfdEKzcx5PuwWjX-cfWzz3_6KM0mL_Mw7PDy5avULKxohsPj4rW4xGCURa2WNxy", "width": 1022 } ], "place_id": "ChIJrZTIBTjMD4gRDpJ1-fn7Izc", "rating": 4.4, "reference": "ChIJrZTIBTjMD4gRDpJ1-fn7Izc", "scope": "GOOGLE", "types": [ "doctor", "health", "point_of_interest", "establishment" ], "user_ratings_total": 1286.0, "vicinity": "4211 N Cicero Ave, Chicago", "category": "Urgent Care / Walk-in Clinic", "source": "Google Places", "raw_types_str": "doctor, health, point_of_interest, establishment" }, "geometry": { "type": "Point", "coordinates": [ -87.7470133, 41.957706 ] } },
{ "type": "Feature", "properties": { "business_status": "OPERATIONAL", "icon": "https://maps.gstatic.com/mapfiles/place_api/icons/v1/png_71/generic_business-71.png", "icon_background_color": "#7B9EB0", "icon_mask_base_uri": "https://maps.gstatic.com/mapfiles/place_api/icons/v2/generic_pinlet", "international_phone_number": "+1 312-374-6104", "name": "Midwest Express Clinic Urgent Care", "opening_hours": { "open_now": true }, "photos": [ { "height": 3931, "html_attributions": [ "<a href=\"https://maps.google.com/maps/contrib/114932400711496690002\">Midwest Express Clinic Urgent Care</a>" ], "photo_reference": "AcnlKN2wNwQW85Dbfa_KjEj1GDejyomCcYH4XVXDMHAcvEiTqX54iwceQrqB_2wV5sxr76AI0s_cuUCOsXovSB4zTZMiwP-v0NXS3vfTJeh9271YvIh3723hdmpzPi7yTghE8i2AZA6Fm_gh_UEZBKIU5KcSLUS3tUuC47J2z1A5_084HKDaZZK5Y15Tgk2c3gRszuVQmosanlnrHrnmRck6BcwPJRb35UoSmNKi59Qam9cFHjsZXdRxormFApPO7WrOrTR-CFepLhfLbp4Xh9cQqr3WUYJZaso0nnvVKQ9tKX5i4IMdLFY", "width": 5896 } ], "place_id": "ChIJQb72HhDND4gRaY6hDSiFUP4", "rating": 4.7, "reference": "ChIJQb72HhDND4gRaY6hDSiFUP4", "scope": "GOOGLE", "types": [ "doctor", "health", "point_of_interest", "establishment" ], "user_ratings_total": 586.0, "vicinity": "4070 N Milwaukee Ave, Chicago", "category": "Urgent Care / Walk-in Clinic", "source": "Google Places", "raw_types_str": "doctor, health, point_of_interest, establishment" }, "geometry": { "type": "Point", "coordinates": [ -87.7498068, 41.9547269 ] } },
{ "type": "Feature", "properties": { "business_status": "OPERATIONAL", "icon": "https://maps.gstatic.com/mapfiles/place_api/icons/v1/png_71/generic_business-71.png", "icon_background_color": "#7B9EB0", "icon_mask_base_uri": "https://maps.gstatic.com/mapfiles/place_api/icons/v2/generic_pinlet", "international_phone_number": "+1 773-257-0612", "name": "Midwest Express Clinic Urgent Care", "opening_hours": { "open_now": true }, "photos": [ { "height": 3000, "html_attributions": [ "<a href=\"https://maps.google.com/maps/contrib/110235974143398430798\">Nikola Zecevic</a>" ], "photo_reference": "AcnlKN236gwnRMFdWAG_SoIrfA3qFRgZAw3q8z8E-DoyYvybBudgsoTv6fLlrDjBLj1XOAEjk5VIXqq8JRbAdD1o-27Pvq10po0tK_9yN0vu8By8UsqPZN-7QKIlaiDTIhfrIWIfazEPQLgkrzXSRJ_PECATtdVoHYX3fo9QQuDLSsAlsPufHoNZiNc2vfzW5DIezVeAvFlygkDgwLqORU1R-heugGpbakvmB1YbIqh5Wkdebzgg01mhAeLf5CrGo2LezhxhqFN_uST7Fyhz5HKd1y1b7ayEPqqac0zGJt59LVjOHjjVANxOdY-4rTxWi2UYD8BIFzqQsTMA7vIrnKYX13jJFDiNMfALs3PuO3gps1eJft6Osx-rJ82XxuniMvCRfTTzjs1pIkKJOPDU-BlQ80LmjRJOSZ20fCs0rpRwnV_-nqq_dvzrC1OQASLjZv3kHp3iFUm-XgZAVCN4VrZiMoEDYywgh8vSIB4MPvkyOIxRvVBk_CsahWfJbSXs3iRuCu8ntvS4QpeTe5ZBnFlXtBEFkQg2JPUvAAp7lPO0lXwx9eCS5oSc7d-Xy2IQboslDQ0uiqmb", "width": 4000 } ], "place_id": "ChIJRb-PF_XPD4gR_qnPRKj4cpM", "rating": 4.7, "reference": "ChIJRb-PF_XPD4gR_qnPRKj4cpM", "scope": "GOOGLE", "types": [ "doctor", "health", "point_of_interest", "establishment" ], "user_ratings_total": 307.0, "vicinity": "5240 N Pulaski Rd Ste O, Chicago", "category": "Urgent Care / Walk-in Clinic", "source": "Google Places", "raw_types_str": "doctor, health, point_of_interest, establishment" }, "geometry": { "type": "Point", "coordinates": [ -87.7289303, 41.9768582 ] } },
{ "type": "Feature", "properties": { "business_status": "OPERATIONAL", "icon": "https://maps.gstatic.com/mapfiles/place_api/icons/v1/png_71/generic_business-71.png", "icon_background_color": "#7B9EB0", "icon_mask_base_uri": "https://maps.gstatic.com/mapfiles/place_api/icons/v2/generic_pinlet", "international_phone_number": "+1 312-694-2273", "name": "Northwestern Medicine Immediate Care Old Irving Park", "opening_hours": { "open_now": true }, "photos": [ { "height": 1191, "html_attributions": [ "<a href=\"https://maps.google.com/maps/contrib/103071419566493020412\">Northwestern Medicine Immediate Care Old Irving Park</a>" ], "photo_reference": "AcnlKN2XL9tg-qqUzFUkuGzrKlEPFLSgophsn8Wo-I9kWnqcq6xJvgfu9VpOD73n8l_gCq2uj5FWDSZQLpHF1StznAsKgARXE7dD-Bx4118BQJH_Vf7zt5zw649Kk7rHbIwCItuWQRxT80Lr-a8nhrTXn7U3vXHNpMQJd6BlgT33Rgfs-8R8zQKLFJIIk82Fdk4NgNPDwax7b1Bc9C22bdK1DMOc9R5RHKRdcn7YuxXotLNNl-NTLO1-iAUBZ1zj95K3ITPxOnKMWlpqgbO_8zu-KHylErjUfhCQU0JxpcHh2am-1TociXs", "width": 2119 } ], "place_id": "ChIJUbQcz7rND4gRj3qYPzBerqc", "rating": 4.2, "reference": "ChIJUbQcz7rND4gRj3qYPzBerqc", "scope": "GOOGLE", "types": [ "health", "point_of_interest", "establishment" ], "user_ratings_total": 37.0, "vicinity": "4445 W Irving Park Rd Ste 110, Chicago", "category": "Urgent Care / Walk-in Clinic", "source": "Google Places", "raw_types_str": "health, point_of_interest, establishment" }, "geometry": { "type": "Point", "coordinates": [ -87.7398137, 41.953288 ] } },
{ "type": "Feature", "properties": { "business_status": "OPERATIONAL", "icon": "https://maps.gstatic.com/mapfiles/place_api/icons/v1/png_71/generic_business-71.png", "icon_background_color": "#7B9EB0", "icon_mask_base_uri": "https://maps.gstatic.com/mapfiles/place_api/icons/v2/generic_pinlet", "international_phone_number": "+1 224-364-2273", "name": "Endeavor Health Immediate Care - Chicago in Sauganash", "opening_hours": { "open_now": true }, "photos": [ { "height": 576, "html_attributions": [ "<a href=\"https://maps.google.com/maps/contrib/107990303880667319650\">Endeavor Health Immediate Care - Chicago in Sauganash</a>" ], "photo_reference": "AcnlKN0_XF1YBf0fMRtT16FnE2p8_aDzh35Uvrn-qI0UNMbNycVfZHJElCeGPQW3bChwJEvYBQS3j6e3yEXgc4CO2KeZLGryF57H2ozbLW_tcUdX3O8vzb2xCArAsNGPbo87nSpUW8k3YZo76uBWT3yG2E3jTvJbrB7oxNKgb2c4dMDUYMwJWQlReBakh2yfJHIUWrYqMx2-Rf4LFm-w3Qz0WA4E9Ej88dYH4wcQw6IcKg2iUJ34E0J4ece3fkEWA2XvSdju8pNFSkjKiPuxMa7ac1WWo5Evgumo5sRQDx73qkWtVN5wd2c", "width": 1024 } ], "place_id": "ChIJG-vHF5LOD4gRs_zbHUw7hj4", "rating": 3.6, "reference": "ChIJG-vHF5LOD4gRs_zbHUw7hj4", "scope": "GOOGLE", "types": [ "health", "point_of_interest", "establishment" ], "user_ratings_total": 107.0, "vicinity": "6141 N Cicero Ave, Chicago", "category": "Urgent Care / Walk-in Clinic", "source": "Google Places", "raw_types_str": "health, point_of_interest, establishment" }, "geometry": { "type": "Point", "coordinates": [ -87.7479411, 41.9925269 ] } },
{ "type": "Feature", "properties": { "business_status": "OPERATIONAL", "icon": "https://maps.gstatic.com/mapfiles/place_api/icons/v1/png_71/generic_business-71.png", "icon_background_color": "#7B9EB0", "icon_mask_base_uri": "https://maps.gstatic.com/mapfiles/place_api/icons/v2/generic_pinlet", "international_phone_number": "+1 224-364-2273", "name": "Endeavor Health Immediate Care - Chicago in Lincoln Village", "opening_hours": { "open_now": true }, "photos": [ { "height": 3024, "html_attributions": [ "<a href=\"https://maps.google.com/maps/contrib/114153607041903813491\">Kairat Mavlyankulov</a>" ], "photo_reference": "AcnlKN1ouVbjmUyDi9iNezpqfgSxJJmpln60HylkRikI81KAn13Rtj8eGfp92UjYjU-xLPqUvqswdDWQXoov-qWN0dXhCC7RXKZI9hKEVu5QgEb9YmH_qA_ObAM_5XddzPd2JFf99nLzOT2WCyGW4tvzGp0ODG0kSS_RvIA6ilYX4gV6hCoJy7xc8N6TjInvp9eLeeXDWb2jH9vNTi3UINVeoT6IH0BdAK0UFD1Xr7WOVW8HsgNEiqs5DgjxhUi9krMFde-rot1mSQ_znWXVy-mgfahMJYqhHnvjMA9Dz4BsZv32K2DDIlq355nJMRKn6_PpxTU_8tp6dIDGQog2raDreNx83c2Dy6CxjMAsOEHxnSP1Ik8yJAMa4kuH7d0PT5LJs8COn4bVwN_fjkAqM-dHtUfxSRHBTGTyxObBRIMvyf7f25s9HjvPTyagar_CARRmZV3NGICt8eWgImtl3cX1TA-nA0JM-Fdf5yi7VZFivzVJk389C7B03-oODwKyT3PS5vw1nTyz-DRLkyYIuBNmECgic1-runvOWK331qPrZ_A1STi42UOhmwBWAMA5Oxo611VIYghU", "width": 4032 } ], "place_id": "ChIJ54nlherPD4gRuA8Foy3Ldd0", "rating": 3.8, "reference": "ChIJ54nlherPD4gRuA8Foy3Ldd0", "scope": "GOOGLE", "types": [ "health", "point_of_interest", "establishment" ], "user_ratings_total": 55.0, "vicinity": "6071 N Lincoln Ave, Chicago", "category": "Urgent Care / Walk-in Clinic", "source": "Google Places", "raw_types_str": "health, point_of_interest, establishment" }, "geometry": { "type": "Point", "coordinates": [ -87.7110943, 41.9929581 ] } },
{ "type": "Feature", "properties": { "business_status": "OPERATIONAL", "icon": "https://maps.gstatic.com/mapfiles/place_api/icons/v1/png_71/hospital-71.png", "icon_background_color": "#F88181", "icon_mask_base_uri": "https://maps.gstatic.com/mapfiles/place_api/icons/v2/hospital-H_pinlet", "international_phone_number": "+1 773-871-5150", "name": "Sheridan Medical Center", "opening_hours": { "open_now": true }, "photos": null, "place_id": "ChIJgUTiLbbTD4gRVpg3o5OWM8c", "rating": 3.7, "reference": "ChIJgUTiLbbTD4gRVpg3o5OWM8c", "scope": "GOOGLE", "types": [ "hospital", "doctor", "health", "point_of_interest", "establishment" ], "user_ratings_total": 6.0, "vicinity": "840 W Irving Park Rd #204, Chicago", "category": "Primary Care Center – Private / Non-profit", "source": "Google Places", "raw_types_str": "hospital, doctor, health, point_of_interest, establishment" }, "geometry": { "type": "Point", "coordinates": [ -87.651089399999989, 41.954681099999988 ] } },
{ "type": "Feature", "properties": { "business_status": "OPERATIONAL", "icon": "https://maps.gstatic.com/mapfiles/place_api/icons/v1/png_71/generic_business-71.png", "icon_background_color": "#7B9EB0", "icon_mask_base_uri": "https://maps.gstatic.com/mapfiles/place_api/icons/v2/generic_pinlet", "international_phone_number": "+1 773-989-3344", "name": "Lincoln Square Medical Center", "opening_hours": { "open_now": false }, "photos": [ { "height": 3264, "html_attributions": [ "<a href=\"https://maps.google.com/maps/contrib/108282013650850166084\">marie carolynn</a>" ], "photo_reference": "AcnlKN1K9md4bmmVcFeobJeZ_q9UxhZ9UnypZDPbC9kg_L_2Kq1Pgg-CFaajzH-JiOA0W2iteXkPwXumE94l1MQRfylS8GJZRGsMACHkXWMLb1QWteDTClrlO0JwS2y7wLvfp_GBICnd61KcyV1d-JDwJpqXp71X7hD3SiBGsbRnEIeBSMGQt9CLtJjGinWpjXfToxMYHA1gkeBeLvwn-6mYkUDKaUwbgJ0zAHOfU4qOQQP7ntNZUaFtQ2QZdtRuSv3WwZ3o1mhlsWiCZiBZDAH9duT_58sCCfyGpusU_Vx9MhEZYNhje1MgsMLNBApRSltlCP5Pbgy8VfcJ8SxssCUaBmkrqh4KwHcIfEzvoS-XiBkpqkrp4IRidGKwH0d3TgChsWPv9Llo42iKyvHB3eKwd--bhKqY5h4EcaEHpVPvgllqHzATxyBsPsggddEg2glOgtXDvR-hj9IM98khG6F-hcTGTA6yxJSYTnaKfdN1Aax-0Co-QujZvO8KEnmtfLcY8MIy9atk1aTwHX4OpjKv2y_p-6_mB1fRK0XUDB8_LJ341gz4l8BCq3Od4ezYl92_x2gsmJKF", "width": 2448 } ], "place_id": "ChIJMf1mywXSD4gRrVLpcEHRYrc", "rating": 4.0, "reference": "ChIJMf1mywXSD4gRrVLpcEHRYrc", "scope": "GOOGLE", "types": [ "health", "point_of_interest", "establishment" ], "user_ratings_total": 90.0, "vicinity": "2515 W Lawrence Ave, Chicago", "category": "Primary Care Center – Private / Non-profit", "source": "Google Places", "raw_types_str": "health, point_of_interest, establishment" }, "geometry": { "type": "Point", "coordinates": [ -87.6920902, 41.9683692 ] } },
{ "type": "Feature", "properties": { "business_status": "OPERATIONAL", "icon": "https://maps.gstatic.com/mapfiles/place_api/icons/v1/png_71/hospital-71.png", "icon_background_color": "#F88181", "icon_mask_base_uri": "https://maps.gstatic.com/mapfiles/place_api/icons/v2/hospital-H_pinlet", "international_phone_number": "+1 773-751-7800", "name": "Tapestry 360 Health - Lincoln Square", "opening_hours": { "open_now": true }, "photos": [ { "height": 1280, "html_attributions": [ "<a href=\"https://maps.google.com/maps/contrib/109740568028923427184\">Tapestry 360 Health - Lincoln Square</a>" ], "photo_reference": "AcnlKN29L2z9cQQGBdT3cWLgFvSGKlf1dpCM1co5bd6r83Nv3t8b5t4duB4K_A4Oj8cCsZryCpL-GrQEaDH3kYG_wDKBH96NhFsuZkcvDdf302psDf0MVclMATpi5TtjlGUTCX1l2o9q3LVODbzNJTXvThc4hGGhLUI_6KDCzBpgIbWgVE3BgfBJzZaqvprwAhgAk4MoRP9Fbqnh-1TUan7gF9-vZsgnnesjxbDD1DPKYhzC8EypxO1Y7T3JNLqEHoSu0ikTHdXaM64JQ4f_Am0vmPf42Y-8jtWQZKc7lMehIG9DY0vmevw", "width": 1920 } ], "place_id": "ChIJRRSDpwfSD4gRcy7eUgZ4hxc", "rating": 4.1, "reference": "ChIJRRSDpwfSD4gRcy7eUgZ4hxc", "scope": "GOOGLE", "types": [ "hospital", "doctor", "health", "point_of_interest", "establishment" ], "user_ratings_total": 79.0, "vicinity": "2645 W Lawrence Ave, Chicago", "category": "Primary Care Center – Private / Non-profit", "source": "Google Places", "raw_types_str": "hospital, doctor, health, point_of_interest, establishment" }, "geometry": { "type": "Point", "coordinates": [ -87.6960504, 41.9684568 ] } },
{ "type": "Feature", "properties": { "business_status": "OPERATIONAL", "icon": "https://maps.gstatic.com/mapfiles/place_api/icons/v1/png_71/hospital-71.png", "icon_background_color": "#F88181", "icon_mask_base_uri": "https://maps.gstatic.com/mapfiles/place_api/icons/v2/hospital-H_pinlet", "international_phone_number": "+1 773-907-8255", "name": "Lincoln Medical Center", "opening_hours": { "open_now": false }, "photos": [ { "height": 3024, "html_attributions": [ "<a href=\"https://maps.google.com/maps/contrib/104197414107712900249\">Kyle Eldridge</a>" ], "photo_reference": "AcnlKN0E3yDPidasR0xEYIP0jnvGMIWnih3eb9PKEoLpVVHpYfCGT5Fl6VQw1WfY_8z4GI0GKmdNIF0-VPsRfmKf5q6-FyMzW_Zrkagoxbgz9rAfIZLRRjSe8suxniYvnJJEBlQ70_3mnROSXPkFelkE2FHq5YmJ256IaJu7Nt3w-Rk7opTuQ12aV4BUs3t0aYX5h9O7AuZ3nLSM-pK13DT6rdob68iA-pSY-uYH1ZT8_kmpFTDnqWtVMJ4r1ooVdGYOj8UFbJ0uWzDG2nXZZPMttAt8RH1u4do__jYjPSZChklkx_DLuTgTSElSLdVdFQEllnx99HuMJaiI3wM_LCZlfYJI2v3cGD-m3UZL5CqUv-4mtZCuHzNWZYyIhAh6tnv9nS8-UZFQN5FvK37tq5UJqN8MK4NZvFFISepjy9oqj8f5Wk4KMC08XTMS14g7k-TAdGKN3UDRbWh5Azy4A33Mffjg1-QcHCxZHgw-xyvgUJhbO0iXA6Ca7FfBcr19qEzyoFdBGsQabOS-j-k621NR1xtKDA5TKs33boUDQdObiRGsvl8LYfT-7lEG6EX7DhQ_Kv_x_W-Y", "width": 4032 } ], "place_id": "ChIJZZ53JALSD4gR2W5lDxuYq9I", "rating": 4.4, "reference": "ChIJZZ53JALSD4gR2W5lDxuYq9I", "scope": "GOOGLE", "types": [ "hospital", "health", "point_of_interest", "establishment" ], "user_ratings_total": 10.0, "vicinity": "5106 N Lincoln Ave, Chicago", "category": "Primary Care Center – Private / Non-profit", "source": "Google Places", "raw_types_str": "hospital, health, point_of_interest, establishment" }, "geometry": { "type": "Point", "coordinates": [ -87.6923279, 41.9743149 ] } },
{ "type": "Feature", "properties": { "business_status": "OPERATIONAL", "icon": "https://maps.gstatic.com/mapfiles/place_api/icons/v1/png_71/generic_business-71.png", "icon_background_color": "#7B9EB0", "icon_mask_base_uri": "https://maps.gstatic.com/mapfiles/place_api/icons/v2/generic_pinlet", "international_phone_number": "+1 773-275-7700", "name": "Advocate Medical Group Immediate Care Center", "opening_hours": { "open_now": true }, "photos": [ { "height": 600, "html_attributions": [ "<a href=\"https://maps.google.com/maps/contrib/103807104885336433198\">Advocate Medical Group Immediate Care Center</a>" ], "photo_reference": "AcnlKN3mL6CtE_X_nAUG8sL0JXfARMa21Ob-k_jQNZCE5qZ1YxHRYqyjUBFqXtWCtMY6zncKXVNfV9IABkVJd5W085cumxWaS7dtzx74eXoT2k-6I2S1W8hSwhv7qDFFXUBeOtkLktHkchfypqQjCCf8taGMWiTncCHAlG0zv8idNcv-CcAj27sHlrK4C8m0Hw7RON4fUFZ8QNok3zO-1rZl3d-K7Xi4HSxX8muE3L0kDyieKeBells9Yyr0WcHRl_0CE-7HZY7nFk6zq0OjQG6MpCx91w9ysR2Tjyvol-h4vN7mji0Njr0", "width": 900 } ], "place_id": "ChIJm9WPoXLSD4gRVV5oLM7-mRw", "rating": 3.5, "reference": "ChIJm9WPoXLSD4gRVV5oLM7-mRw", "scope": "GOOGLE", "types": [ "health", "point_of_interest", "establishment" ], "user_ratings_total": 226.0, "vicinity": "4025 N Western Ave, Chicago", "category": "Urgent Care / Walk-in Clinic", "source": "Google Places", "raw_types_str": "health, point_of_interest, establishment" }, "geometry": { "type": "Point", "coordinates": [ -87.6879272, 41.9547872 ] } },
{ "type": "Feature", "properties": { "business_status": "OPERATIONAL", "icon": "https://maps.gstatic.com/mapfiles/place_api/icons/v1/png_71/hospital-71.png", "icon_background_color": "#F88181", "icon_mask_base_uri": "https://maps.gstatic.com/mapfiles/place_api/icons/v2/hospital-H_pinlet", "international_phone_number": "+1 773-267-1304", "name": "Associated Medical Centers of Illinois - Northside", "opening_hours": { "open_now": false }, "photos": [ { "height": 2797, "html_attributions": [ "<a href=\"https://maps.google.com/maps/contrib/109669855484647094723\">David Johnsen</a>" ], "photo_reference": "AcnlKN0c1XpVV3xqcey-WxS3S_dJjbSX3xmqQTdJWLAyr8saVswDh2iRXBorg7C7-Z-4LIGwpZW7dkizzizV2e3aHOG7OrEQ7YKKn4VNkjLtCyWy-hLYQ-H0f_SFxs0WwhkPnaqqb4lavlUzgQf4UI5CnsEdCCL-9Q0XGhhBkRGY-UNnayvgrnzMlaowv_jabpCSlAUUs2FhIKqBMADJMmlQ9R6SUZEWQlp8B_N3dzaXRhSa2HorVZvnCnmmPmfNrM_Vm-Oo1ro7T2NSB15f46ppEVG2GCaZERLlroreIBHcSuX1tPKhbiAihwdmaXpfck6MhceUhaceKDJHS_T_w2ON--LR6DPLSsUG-SDpPqBT8rfqRrd7K-sxyo8Z3yO2ZSlfb_A7axDK_28VgcvflOi-X3g_uEAZnMZsGcn8YMmY2uL7sf6-0QlG5eGgzcBcTAw3YWMZhKij0rhp89M7NpnsNUJz1HUGArLRsNzaF_AX5an05lARKpYAzfCySCu6vH0L_K6O5c8hQRY57thX-PewRvD6_C7etIe7bPhBNfZGVBOhDBX431cNqEBEt5XRswmSAxmYDtxVAq5d5w", "width": 4972 } ], "place_id": "ChIJCdEuiQnSD4gRShbd_wFN-WI", "rating": 5.0, "reference": "ChIJCdEuiQnSD4gRShbd_wFN-WI", "scope": "GOOGLE", "types": [ "hospital", "health", "point_of_interest", "establishment" ], "user_ratings_total": 20.0, "vicinity": "2656 W Montrose Ave, Chicago", "category": "Primary Care Center – Private / Non-profit", "source": "Google Places", "raw_types_str": "hospital, health, point_of_interest, establishment" }, "geometry": { "type": "Point", "coordinates": [ -87.6958885, 41.9614096 ] } },
{ "type": "Feature", "properties": { "business_status": "OPERATIONAL", "icon": "https://maps.gstatic.com/mapfiles/place_api/icons/v1/png_71/generic_business-71.png", "icon_background_color": "#7B9EB0", "icon_mask_base_uri": "https://maps.gstatic.com/mapfiles/place_api/icons/v2/generic_pinlet", "international_phone_number": "+1 773-728-9399", "name": "Abk Medical Center", "opening_hours": { "open_now": false }, "photos": null, "place_id": "ChIJU9acGeLRD4gROyH1_ZhfdVw", "rating": 5.0, "reference": "ChIJU9acGeLRD4gROyH1_ZhfdVw", "scope": "GOOGLE", "types": [ "doctor", "health", "point_of_interest", "establishment" ], "user_ratings_total": 1.0, "vicinity": "2653 W Peterson Ave, Chicago", "category": "Primary Care Center – Private / Non-profit", "source": "Google Places", "raw_types_str": "doctor, health, point_of_interest, establishment" }, "geometry": { "type": "Point", "coordinates": [ -87.6965969, 41.9903184 ] } },
{ "type": "Feature", "properties": { "business_status": "OPERATIONAL", "icon": "https://maps.gstatic.com/mapfiles/place_api/icons/v1/png_71/generic_business-71.png", "icon_background_color": "#7B9EB0", "icon_mask_base_uri": "https://maps.gstatic.com/mapfiles/place_api/icons/v2/generic_pinlet", "international_phone_number": "+1 800-597-5077", "name": "AHS Family Health Center", "opening_hours": { "open_now": true }, "photos": [ { "height": 2076, "html_attributions": [ "<a href=\"https://maps.google.com/maps/contrib/109669855484647094723\">David Johnsen</a>" ], "photo_reference": "AcnlKN01sAyTx0weOWdwaA1GMCpKn2do961J-Sy4YxiGIq16ETgZPQkrQCuALUDeZGrf9qE3nhK8jWbrYePef5HAIIvU-Vd47uJ2azld3yuaRXOkKIwC4cz9PlpBKytqtstT0g2yesftwqId3_lho49M_dPHNa1EyMh4n_hsmgpzncBqYfY1qPMGOBo2Lg8QICxGmj4PtKIuotAbu0cMX5NC2BrmMZB6VWagMfM_678gmuhwGQRY5s4Vv2B11cclGd7JtpP3PNN9dcYjrDo8ejPVW5cInCIG0dfo0893DT9Zo9tDkNaSsyw6udCV8wq_2BgdWADwv0k45R2OtW6GJKwskMg02-xs-TentF-PVppXMkmx2gtuhz064PFcxPze0sSVpO_Z4DsDLp9aixNC0jkMSBbU9qXdDrPDXRg0A-RAmwn8Wo75uCfgh8VV0cTTlgbZRMOqQgFNCtO7ov4nW7SecCxE6q-Z1a-ja-pZI4UkwyIzirN3KlpUBjUGVssufvtseL3-Egz4g2WHAXsW5tlnIQOK7RERfLBaF4T6wMEsC4YmHaB9BZ4JH3S5MiGnRac81YuPmggDXAOgog", "width": 4426 } ], "place_id": "ChIJU8EpKOTRD4gRgPKLHQIAeyc", "rating": 2.9, "reference": "ChIJU8EpKOTRD4gRgPKLHQIAeyc", "scope": "GOOGLE", "types": [ "health", "point_of_interest", "establishment" ], "user_ratings_total": 130.0, "vicinity": "6301 N Western Ave, Chicago", "category": "Primary Care Center – Private / Non-profit", "source": "Google Places", "raw_types_str": "health, point_of_interest, establishment" }, "geometry": { "type": "Point", "coordinates": [ -87.6894994, 41.996017 ] } },
{ "type": "Feature", "properties": { "business_status": "OPERATIONAL", "icon": "https://maps.gstatic.com/mapfiles/place_api/icons/v1/png_71/hospital-71.png", "icon_background_color": "#F88181", "icon_mask_base_uri": "https://maps.gstatic.com/mapfiles/place_api/icons/v2/hospital-H_pinlet", "international_phone_number": "+1 773-561-5000", "name": "Z A Medical Center", "opening_hours": { "open_now": false }, "photos": null, "place_id": "ChIJTdXbIwDOD4gRCHFz6qUd8m8", "rating": 4.8, "reference": "ChIJTdXbIwDOD4gRCHFz6qUd8m8", "scope": "GOOGLE", "types": [ "hospital", "health", "point_of_interest", "establishment" ], "user_ratings_total": 11.0, "vicinity": "2740 W Foster Ave # 108, Chicago", "category": "Primary Care Center – Private / Non-profit", "source": "Google Places", "raw_types_str": "hospital, health, point_of_interest, establishment" }, "geometry": { "type": "Point", "coordinates": [ -87.6980043, 41.9761056 ] } },
{ "type": "Feature", "properties": { "business_status": "OPERATIONAL", "icon": "https://maps.gstatic.com/mapfiles/place_api/icons/v1/png_71/generic_business-71.png", "icon_background_color": "#7B9EB0", "icon_mask_base_uri": "https://maps.gstatic.com/mapfiles/place_api/icons/v2/generic_pinlet", "international_phone_number": "+1 773-489-7040", "name": "Logan Square Medical Group", "opening_hours": { "open_now": false }, "photos": null, "place_id": "ChIJE90LqXrND4gRpwwVLESnm0Q", "rating": 4.0, "reference": "ChIJE90LqXrND4gRpwwVLESnm0Q", "scope": "GOOGLE", "types": [ "point_of_interest", "health", "establishment" ], "user_ratings_total": 4.0, "vicinity": "2511 N Kedzie Blvd, Chicago", "category": "Primary Care Center – Private / Non-profit", "source": "Google Places", "raw_types_str": "point_of_interest, health, establishment" }, "geometry": { "type": "Point", "coordinates": [ -87.7067147, 41.9270468 ] } },
{ "type": "Feature", "properties": { "business_status": "OPERATIONAL", "icon": "https://maps.gstatic.com/mapfiles/place_api/icons/v1/png_71/hospital-71.png", "icon_background_color": "#F88181", "icon_mask_base_uri": "https://maps.gstatic.com/mapfiles/place_api/icons/v2/hospital-H_pinlet", "international_phone_number": "+1 773-262-1300", "name": "Prism Medical Center", "opening_hours": { "open_now": false }, "photos": null, "place_id": "ChIJsZ-NQSDOD4gR53KgvG5ewBQ", "rating": 3.7, "reference": "ChIJsZ-NQSDOD4gR53KgvG5ewBQ", "scope": "GOOGLE", "types": [ "hospital", "point_of_interest", "health", "establishment" ], "user_ratings_total": 7.0, "vicinity": "6349 N Fairfield Ave, Chicago", "category": "Primary Care Center – Private / Non-profit", "source": "Google Places", "raw_types_str": "hospital, point_of_interest, health, establishment" }, "geometry": { "type": "Point", "coordinates": [ -87.6982403, 41.9971931 ] } },
{ "type": "Feature", "properties": { "business_status": "OPERATIONAL", "icon": "https://maps.gstatic.com/mapfiles/place_api/icons/v1/png_71/generic_business-71.png", "icon_background_color": "#7B9EB0", "icon_mask_base_uri": "https://maps.gstatic.com/mapfiles/place_api/icons/v2/generic_pinlet", "international_phone_number": "+1 773-394-2888", "name": "Lau Medical", "opening_hours": { "open_now": false }, "photos": [ { "height": 836, "html_attributions": [ "<a href=\"https://maps.google.com/maps/contrib/116712124312905270437\">Lau Medical</a>" ], "photo_reference": "AcnlKN0XoPsrjriIips8JtWbipo8BaO1Y-CUxsXFkI9Ks4S4gmgidrWf8C4t0hIYiAOaEBFwGpXi-04oZ541KaNiA7isc03ruwnfi6StsVRXiVgtR92dupUcpZAjA-TzDFOhpdc5tWwfQCD9CVZNv0pt8WCVzFWGSspcw8xiu0oVOKmb4-rvlJrV0r0Zrei1dwACBK4PtyhymEPfOZUVk2Qz6IM6L_HzqsHwV-AEEfIxumeesuA5tUSWDd4HL5LQppr02_7XhZEiegfQ1qeB74uuDA1wWEYHmOpZOE5X0LGQ4KJ71HYdu_0", "width": 1600 } ], "place_id": "ChIJI4HRnxvTD4gRWsTXLPf83ag", "rating": 4.6, "reference": "ChIJI4HRnxvTD4gRWsTXLPf83ag", "scope": "GOOGLE", "types": [ "doctor", "point_of_interest", "health", "establishment" ], "user_ratings_total": 171.0, "vicinity": "1102 W Argyle St, Chicago", "category": "Primary Care Center – Private / Non-profit", "source": "Google Places", "raw_types_str": "doctor, point_of_interest, health, establishment" }, "geometry": { "type": "Point", "coordinates": [ -87.65798, 41.973458699999988 ] } },
{ "type": "Feature", "properties": { "business_status": "OPERATIONAL", "icon": "https://maps.gstatic.com/mapfiles/place_api/icons/v1/png_71/generic_business-71.png", "icon_background_color": "#7B9EB0", "icon_mask_base_uri": "https://maps.gstatic.com/mapfiles/place_api/icons/v2/generic_pinlet", "international_phone_number": "+1 773-794-1005", "name": "Ravenswood Health Care Center", "opening_hours": null, "photos": null, "place_id": "ChIJrZTIBTjMD4gRBBTumIRKy8k", "rating": null, "reference": "ChIJrZTIBTjMD4gRBBTumIRKy8k", "scope": "GOOGLE", "types": [ "point_of_interest", "health", "establishment" ], "user_ratings_total": null, "vicinity": "4211 N Cicero Ave # 100, Chicago", "category": "Primary Care Center – Private / Non-profit", "source": "Google Places", "raw_types_str": "point_of_interest, health, establishment" }, "geometry": { "type": "Point", "coordinates": [ -87.7470005, 41.9575437 ] } },
{ "type": "Feature", "properties": { "business_status": "OPERATIONAL", "icon": "https://maps.gstatic.com/mapfiles/place_api/icons/v1/png_71/generic_business-71.png", "icon_background_color": "#7B9EB0", "icon_mask_base_uri": "https://maps.gstatic.com/mapfiles/place_api/icons/v2/generic_pinlet", "international_phone_number": "+1 773-334-3767", "name": "American Medical Center", "opening_hours": null, "photos": [ { "height": 2746, "html_attributions": [ "<a href=\"https://maps.google.com/maps/contrib/109669855484647094723\">David Johnsen</a>" ], "photo_reference": "AcnlKN3SHHetDDJ66WJQGhHWBmOt-kxfiLybxdS_bapb3qtm19YW7GUFhJOWnhSJ9iglWh_YLHjZDm7zJePOqUYXMUz3nfyzNF2Lskykl6bFH5F1VkjYEDJ3LKhdBpAlhnX1mT-tKNRqS5rpmQVKsT5bZ5M2REWhJV15pTsqWQQ_SlWt-YuJV3el_Mb6yp5SkyYuGf9gJAhUbGIc5KNFlxGwDlPtJTLh5X4Nfhzj3k-8Lo0NHSID2HXIAX8VjT53vP0kEHpnk-O_rXJ4sOzGblDKgzKWTcUJi3H3qy-6PnbIobaqLVzbfZ-XGP8iKi4Z9Zi_PbYuS6ltVE8ne3wlbDW2gD7Xk62_wCYHKalIxiSu3zYlBEdIxueS-DaVJ8PIiwR8uqnjAYTqz7qfDNjfzngdcw2f3PfpHonnGDgl0K0LrHeEPuDZRplrdXqgYKgaQJxinUfCqj7CBys1Q346m9Hbmj-bDu6vS-WTft_ZznOE827qU0XLHxJUA5GxDRemgEz7x8pITN_ZVBnVTR7TkbDiWKMxdC5z3ZsQf9zY_og0sc_BuaO4OXM63JhRwUD3ZUBPfJgKVRmOOqntgw", "width": 4881 } ], "place_id": "ChIJW1VtngTSD4gR18XG9sdg81A", "rating": null, "reference": "ChIJW1VtngTSD4gR18XG9sdg81A", "scope": "GOOGLE", "types": [ "point_of_interest", "health", "establishment" ], "user_ratings_total": null, "vicinity": "4906 N Western Ave, Chicago", "category": "Primary Care Center – Private / Non-profit", "source": "Google Places", "raw_types_str": "point_of_interest, health, establishment" }, "geometry": { "type": "Point", "coordinates": [ -87.6892085, 41.9707236 ] } },
{ "type": "Feature", "properties": { "business_status": "OPERATIONAL", "icon": "https://maps.gstatic.com/mapfiles/place_api/icons/v1/png_71/generic_business-71.png", "icon_background_color": "#7B9EB0", "icon_mask_base_uri": "https://maps.gstatic.com/mapfiles/place_api/icons/v2/generic_pinlet", "international_phone_number": "+1 773-353-5047", "name": "Northwest Medical & Urgent Care Center", "opening_hours": { "open_now": false }, "photos": [ { "height": 2448, "html_attributions": [ "<a href=\"https://maps.google.com/maps/contrib/104925391001365251279\">Aiman Mahal</a>" ], "photo_reference": "AcnlKN1pa1GqcJp7HrxlpnS0qYdbbpzsHnB-YpXgajjS44b5JCw9a9LgeGayUGWAUHjb5YnCX5wZn8av8iqFMeADRbUWBGOqbC1tQl7alpff3qVjnSFB2j8VvTIO5sRu_fcbVf0vbtQqAFlSdu7ujBIwjp2ITlRqKIn5DtbOXWwiQ5bBDxb_tj-fBChknXqNex-dnWcBMXUdVT1bnv8g4KI-tbpR9unguD76ou0ZyqncZWgnQ653DVBqQf7XN0Vp82Zo78MpUY97bYO49PPvqoeDHhN0OkbyUAxnvhBa5fPZNJU4-1bNJ94L_hDO_s-A4DW7P2lAk-jXbpE2E20Ji0E9IHupVyBBzTSz7Ijfd__0O2Hri_RcgGb-zAn_BNbZUO09Fo9aGvxXCTsPzJt9Iekx8dogsQkHhoEu2wumW0BTAmFTxjMH1yZCbhD6B5_42kF2XyKOwXYVAfGI7UoBqgXqv4kPh-klmd2rKxAOzl_rR5X3TZPkgKkpmSpEFf_OvVzaGDuwNVknr-cv0uqWrTfOxjLue8OnJFoqX9W6PO0BsvNnNCCvl06_MCrTDB06tYJT_rSEWfuM", "width": 3264 } ], "place_id": "ChIJlciXzv7RD4gRdbi9BO2UvDo", "rating": 3.0, "reference": "ChIJlciXzv7RD4gRdbi9BO2UvDo", "scope": "GOOGLE", "types": [ "doctor", "point_of_interest", "health", "establishment" ], "user_ratings_total": 30.0, "vicinity": "5352-54 N Lincoln Ave, Chicago", "category": "Urgent Care / Walk-in Clinic", "source": "Google Places", "raw_types_str": "doctor, point_of_interest, health, establishment" }, "geometry": { "type": "Point", "coordinates": [ -87.6928108, 41.9791701 ] } },
{ "type": "Feature", "properties": { "business_status": "OPERATIONAL", "icon": "https://maps.gstatic.com/mapfiles/place_api/icons/v1/png_71/generic_business-71.png", "icon_background_color": "#7B9EB0", "icon_mask_base_uri": "https://maps.gstatic.com/mapfiles/place_api/icons/v2/generic_pinlet", "international_phone_number": "+1 773-784-1000", "name": "Western Foster Medical Clinic", "opening_hours": null, "photos": [ { "height": 2640, "html_attributions": [ "<a href=\"https://maps.google.com/maps/contrib/109669855484647094723\">David Johnsen</a>" ], "photo_reference": "AcnlKN3jStSJA2RU4W2Ai9VFewesexTEhztWph7RpIPcEtW8L7hkknqFHLg1MguU-_RG5gLSi0qx1WMCRaJ8PqLZmuv5I0bEmopZZxe6yPzbUkNwf5WBT5_P-H0d3PzSnH-pGg4kQfd6z5OnDuRYs3vT5VM8q0ruGkuR7Ig8n6qEcUziZ6SjjObq4fvR8bhI3FJxjJaBsjyOpIPBbXATwTHWXUbU_ED1uzChfoVaH8Ne4mz3zPf1qyCFf1r8PZ2OmgNUtnEHOq0l6Wea20ZrY3q5_MJFiIkTTmV7Cj5jaXy6SR-sG0KV6wB2Fss8_v56zlJxtveTM8eMjHMWMgJ6w9pq5LwOUx4aRgmtrkh0RDpzSaC5ysJPorIc6vE5tO5nXlLo4TyhJy43hKmvhUTOh5WvjeDhSo-mXTdGH_L-v7yfPngQCj0NjbANOAd5G8LZWNma0nqCMKqvlVFvzrHYOYb-O75wJaJKCMQZZSarKxyYQQmL89gyKq84RreEUkhg6JrjIj1ds55jFb-56b6PVKIx9TELPb40yZqRBiLF1QE84NUWv8u6XthE5quoLORiTIQf3gOrzzed", "width": 4889 } ], "place_id": "ChIJe2PibvjRD4gRmU9JaKpD5q4", "rating": 4.0, "reference": "ChIJe2PibvjRD4gRmU9JaKpD5q4", "scope": "GOOGLE", "types": [ "point_of_interest", "health", "establishment" ], "user_ratings_total": 7.0, "vicinity": "5214 N Western Ave # 102, Chicago", "category": "Primary Care Center – Private / Non-profit", "source": "Google Places", "raw_types_str": "point_of_interest, health, establishment" }, "geometry": { "type": "Point", "coordinates": [ -87.6893882, 41.9766369 ] } },
{ "type": "Feature", "properties": { "business_status": "OPERATIONAL", "icon": "https://maps.gstatic.com/mapfiles/place_api/icons/v1/png_71/generic_business-71.png", "icon_background_color": "#7B9EB0", "icon_mask_base_uri": "https://maps.gstatic.com/mapfiles/place_api/icons/v2/generic_pinlet", "international_phone_number": "+1 773-784-1025", "name": "Peterson Medical Center", "opening_hours": { "open_now": false }, "photos": [ { "height": 3000, "html_attributions": [ "<a href=\"https://maps.google.com/maps/contrib/109669855484647094723\">David Johnsen</a>" ], "photo_reference": "AcnlKN3bspZa8hZw4-VyYJxFXrP_sEDxAs-uj1H6VPkBJ8412NZEvO-y7n1PNb4T4CHfe4ZiZJyxTqm7qi47V4fzNGHd6miPjr9cryWbw5eobC9oeWRhcVqKyc-AmUPvaWwhtL-JlnG6qxaqrq0pVU2ijiZq6n9XDVx-BuGI3AOu5wQVdtg4RMAQAZLdSEwRv2Qvar-4gGsTaFIah8Ew5lWcZM2qxBfCKwuSfPRReY02gm1LOUkTDJaLbtaJsFQzMZsx2X3vrQgDVN0xDYZuFpRz0Q1L2i2c7cUUBp4YH5eIWEenTEQWjxq7jnhhsRw2GCwrZ6VoUsiPOO4MqJXDwVHZn1Uw5AN2yR450BUIYPQnWmPyAO0XnHZ5EuPZd2SF-bBBi8Oz4Wb1acaM2_C2aVJ1MKcVcMCgZoqfQjRRZ4HoLt5p_C3dO3PabDUb5aoXjoTxl1Rb4TGJdtGbdtaWr5sK00SRI53J5UadGKwDxw3YqzZXrqlX0Tvr-D1-icOk3rhccnxg8eQypPv8L7KBFU_g1WYalRAyHMorv6o0DrPMr1D4XszdHsIPMl3vzM3zJP1ZWn4SVEHR", "width": 3701 } ], "place_id": "ChIJOyV33OPRD4gRhEuJgtzY3y0", "rating": 5.0, "reference": "ChIJOyV33OPRD4gRhEuJgtzY3y0", "scope": "GOOGLE", "types": [ "point_of_interest", "health", "establishment" ], "user_ratings_total": 5.0, "vicinity": "2553 W Peterson Ave, Chicago", "category": "Primary Care Center – Private / Non-profit", "source": "Google Places", "raw_types_str": "point_of_interest, health, establishment" }, "geometry": { "type": "Point", "coordinates": [ -87.694103, 41.9903153 ] } },
{ "type": "Feature", "properties": { "business_status": "OPERATIONAL", "icon": "https://maps.gstatic.com/mapfiles/place_api/icons/v1/png_71/generic_business-71.png", "icon_background_color": "#7B9EB0", "icon_mask_base_uri": "https://maps.gstatic.com/mapfiles/place_api/icons/v2/generic_pinlet", "international_phone_number": "+1 312-666-3494", "name": "Erie Foster Avenue Health Center", "opening_hours": { "open_now": false }, "photos": [ { "height": 1181, "html_attributions": [ "<a href=\"https://maps.google.com/maps/contrib/109402345272562008256\">Erie Foster Avenue Health Center</a>" ], "photo_reference": "AcnlKN1RTvTjqUmzCsrDXN1IIlzZ1FfrNTk-2D3GNoYnVsHtaG7_3QEota7pMRIs0I_Ud-NIYXVzL1AyzVRh_OXqGUn8rXXBC3jr_ko_V8HxoIvvrrR_9iVEEIYWPp2-F_YUBqS-goNcyv2-FlFAc_cc8crFd-TMY9S-n5Sg8_AFC9pS4xj3TPUd0M5C8pUTnzvI9taQb3TAN2z2GgCSLG-A46NaGWD9VslxyfphPVjLbvkD8MAV23eyYmOOvLINU1aIftFP1ltKIqPTNB6DNGf07Gzk-Qwh7xSASwT4IBziDi5ikO-YT8E", "width": 2100 } ], "place_id": "ChIJ81OF1__ND4gRr626J6pANrI", "rating": 2.6, "reference": "ChIJ81OF1__ND4gRr626J6pANrI", "scope": "GOOGLE", "types": [ "point_of_interest", "health", "establishment" ], "user_ratings_total": 144.0, "vicinity": "5215 N California Ave 7th Floor, Chicago", "category": "Primary Care Center – Private / Non-profit", "source": "Google Places", "raw_types_str": "point_of_interest, health, establishment" }, "geometry": { "type": "Point", "coordinates": [ -87.6985927, 41.9762513 ] } },
{ "type": "Feature", "properties": { "business_status": "OPERATIONAL", "icon": "https://maps.gstatic.com/mapfiles/place_api/icons/v1/png_71/hospital-71.png", "icon_background_color": "#F88181", "icon_mask_base_uri": "https://maps.gstatic.com/mapfiles/place_api/icons/v2/hospital-H_pinlet", "international_phone_number": "+1 773-878-6888", "name": "Swedish Hospital Women's Health Center", "opening_hours": { "open_now": true }, "photos": [ { "height": 512, "html_attributions": [ "<a href=\"https://maps.google.com/maps/contrib/117029854466687111877\">Swedish Hospital Women&#39;s Health Center</a>" ], "photo_reference": "AcnlKN3WHn-0QG924giS5cjAmEVEyTMt77nwsTxZReMZsJ5f9gLJEspbWq0x5OWCrTOBbGLFuifK8tpkwjmE3txrKX561fMqh3jMsEGpXkKEt8Q5q427iG6JPp-z7T83TewyQVwnB4HH1oD1OsMZj8milU8MIECQ1ZWLcLWHa4BWDwi22pCld-1ag-adMto5sJoVtMx70ztxekJfn0WqfaD4_0tawK2K6DFCWV3Lmd3sGQ4MK3cWwpaqvtbWOMjOoYXNXEEquaGZrfVNOaGseCFQ5lPvm8Le_IL1-JHp63MsoO0l7x03zIc", "width": 768 } ], "place_id": "ChIJR3EOquPND4gRUUgDricsLes", "rating": 3.5, "reference": "ChIJR3EOquPND4gRUUgDricsLes", "scope": "GOOGLE", "types": [ "hospital", "point_of_interest", "health", "establishment" ], "user_ratings_total": 4.0, "vicinity": "5140 N California Ave 4th Floor, Chicago", "category": "Hospital – Private / Non-profit", "source": "Google Places", "raw_types_str": "hospital, point_of_interest, health, establishment" }, "geometry": { "type": "Point", "coordinates": [ -87.6994813, 41.9753019 ] } },
{ "type": "Feature", "properties": { "business_status": "OPERATIONAL", "icon": "https://maps.gstatic.com/mapfiles/place_api/icons/v1/png_71/generic_business-71.png", "icon_background_color": "#7B9EB0", "icon_mask_base_uri": "https://maps.gstatic.com/mapfiles/place_api/icons/v2/generic_pinlet", "international_phone_number": "+1 773-478-0700", "name": "All Women's Medical Center", "opening_hours": { "open_now": false }, "photos": [ { "height": 900, "html_attributions": [ "<a href=\"https://maps.google.com/maps/contrib/114633716143883501642\">All Women&#39;s Medical Center</a>" ], "photo_reference": "AcnlKN2D89NB0zyXruRdeL-eb1HlpjR48OvPXXqD0pRywNrHkA2hKFirjpo9zu4ImdOpscU2NdltytSD_XrmUCsuvOk23D3ezSsra0uyUPdFPETWCE5cFmqaK0I3tncvHvtK7xV_b9IbGHUTtxAXExOmc4MnmyhCuKI9TKerndMq29cpxC6MD882N4wmsD9UuAwaIZ6YgCclFfYUSaS5ZyhcANTLE_DBKx9-OmjThVHsErWYQxHKzIBwfS7Df4rLD54F-uv1xevSWGgh2tqEMS4XPxiHisX7ZDulSM7FV2wxWXK7z9so48c", "width": 1600 } ], "place_id": "ChIJF17gfo3ND4gRcnr0R_p_eTQ", "rating": 4.7, "reference": "ChIJF17gfo3ND4gRcnr0R_p_eTQ", "scope": "GOOGLE", "types": [ "doctor", "point_of_interest", "health", "establishment" ], "user_ratings_total": 100.0, "vicinity": "3140 Irving Park Rd, Chicago", "category": "Primary Care Center – Private / Non-profit", "source": "Google Places", "raw_types_str": "doctor, point_of_interest, health, establishment" }, "geometry": { "type": "Point", "coordinates": [ -87.7072534, 41.9540983 ] } },
{ "type": "Feature", "properties": { "business_status": "OPERATIONAL", "icon": "https://maps.gstatic.com/mapfiles/place_api/icons/v1/png_71/generic_business-71.png", "icon_background_color": "#7B9EB0", "icon_mask_base_uri": "https://maps.gstatic.com/mapfiles/place_api/icons/v2/generic_pinlet", "international_phone_number": "+1 773-435-9028", "name": "Physicians Immediate Care", "opening_hours": { "open_now": true }, "photos": [ { "height": 3024, "html_attributions": [ "<a href=\"https://maps.google.com/maps/contrib/114080012603528496661\">Bob Kersting</a>" ], "photo_reference": "AcnlKN116UnXdSatdD4lYJa-rcuRKBIEL0vbcj1YZsDbEjJhRIJElcahx6SEhaulFpEVtT7KNb-ygGcrpxoXbLc3tcptqMQLuokdj5EPva1IcIX4umSP3eEd78kyvBCG3j-Kmf6S2HEHZXq7KkvDyTZfaUMEWf5qwLU0_uMmTlohCqvIL13kH66EnhkfEgchg-YZURy2ABh0NtnP165_TsiZVxFRYRITd2db9DpHF2fpy2Wu4UC_raYdRL3GrVZve-w9LdYlXKroqjlQvSEDGhTzS9lfezYArm4w9i38rWO6pAMX0MkPc9_1_Otmpnf4sdUFXk4l7RILpg75N_lZLkMm1WVpXG8yA5aMd8FsWTl5uDIxXqN4VMxt3m06Om5P2E60bf4TdS31En73CXGF_DFdTJbEPHFrf4bZlWrfkGY_NRWyC-kLINq1BrxRcWk31F5hr58Pa1-5SzzzHDcgmjeTMzd5zgdU5wCD6OHMEHhY414aQtSxRWqROyv8feokSU2V6pyLsvIpkyZGaJvNwlA-ZyrY8dXH7zDsaQQMDyWPHw803UwXeHTnq7KrZad4RzaNV_cr-N5h", "width": 4032 } ], "place_id": "ChIJq3ZtCZ_RD4gRfS73aXdj3e4", "rating": 4.4, "reference": "ChIJq3ZtCZ_RD4gRfS73aXdj3e4", "scope": "GOOGLE", "types": [ "doctor", "point_of_interest", "health", "establishment" ], "user_ratings_total": 1393.0, "vicinity": "6140 N Broadway, Chicago", "category": "Urgent Care / Walk-in Clinic", "source": "Google Places", "raw_types_str": "doctor, point_of_interest, health, establishment" }, "geometry": { "type": "Point", "coordinates": [ -87.6605724, 41.9934736 ] } },
{ "type": "Feature", "properties": { "business_status": "OPERATIONAL", "icon": "https://maps.gstatic.com/mapfiles/place_api/icons/v1/png_71/generic_business-71.png", "icon_background_color": "#7B9EB0", "icon_mask_base_uri": "https://maps.gstatic.com/mapfiles/place_api/icons/v2/generic_pinlet", "international_phone_number": "+1 773-739-9200", "name": "Physicians Immediate Care", "opening_hours": { "open_now": true }, "photos": [ { "height": 3464, "html_attributions": [ "<a href=\"https://maps.google.com/maps/contrib/109669855484647094723\">David Johnsen</a>" ], "photo_reference": "AcnlKN0OdVhPMexlEDCQLUScsQnnyL6Xfx537vKADnEUMmzvdiB-ORcuZRZLEyQdc5Eg0N1YcRtMknaSAZTQNh9dvPFhhfAI4vvCeD2LUG1r4jV9Owr1ifrVll_2xSLJh7E7xV_42yW75HOsMtSgxgFy6FXMzAP4Rbf1yrMteV0PUTEC82riG8tK5AiBSiMG9MZ8sVce-ehtmXZsUlcZVGAEFHwiBD-8U2MpzT7sMd3R2zVvMnR9jbC01iqgTeb2kTQBzY_y5hj_OQ2lIh_DMDdRA5Xdak01N12JrJm6USaCHkz4RdYoDom09Af9_MxAN2rneHzM_NB3YQ_pH1gpBJdDBH9e4SEa-tmjp28b85HGcI_gBXfhnwb_fduEAFbEqQssdbnuEUnqlrVStFNxpRETBpmtLhgAXIXllTIjL4xyzWyXEBYstSVRsiJ0Ip6VtMW8Jx5vB10tXt1sbrjPoky4sY1E0Ru99Jb5FYxC38MBZQbPeIaOJ7LlWQaq0jN1FKYLuMoolQYaFSYxp1lyFDVsf1cHRrm7cdBFoW5kP2ff_hMdw-KT64VKtY3Me_XpYbLU0QspDnot", "width": 4618 } ], "place_id": "ChIJRfwAbnLSD4gR51crA6ABNfs", "rating": 4.3, "reference": "ChIJRfwAbnLSD4gR51crA6ABNfs", "scope": "GOOGLE", "types": [ "doctor", "point_of_interest", "health", "establishment" ], "user_ratings_total": 884.0, "vicinity": "3909 N Western Ave, Chicago", "category": "Urgent Care / Walk-in Clinic", "source": "Google Places", "raw_types_str": "doctor, point_of_interest, health, establishment" }, "geometry": { "type": "Point", "coordinates": [ -87.688083, 41.9525954 ] } },
{ "type": "Feature", "properties": { "business_status": "OPERATIONAL", "icon": "https://maps.gstatic.com/mapfiles/place_api/icons/v1/png_71/generic_business-71.png", "icon_background_color": "#7B9EB0", "icon_mask_base_uri": "https://maps.gstatic.com/mapfiles/place_api/icons/v2/generic_pinlet", "international_phone_number": "+1 312-702-3923", "name": "Physicians Immediate Care", "opening_hours": { "open_now": true }, "photos": [ { "height": 2253, "html_attributions": [ "<a href=\"https://maps.google.com/maps/contrib/109669855484647094723\">David Johnsen</a>" ], "photo_reference": "AcnlKN0zd52E7m9I6Z0ZoCKgyWCmaewBVr9rdKt45XwlAfV9x_xlsiBIqq3lGpfp0aBcdVODWi3NNX7fSPwQaM5OiwTZy4zDLVHpHa-Q_8OFEreL4MjHjeTJLla9OgRTFhuuZUXNrpWFlyXSkdFiCpmHtrgSuyQS0ztDFMXjLV_VgbjqCCqYG7cq4dTxe7pbt0U16qhopnTfBwi8-5-jhXSxfp_0bcMGnN3INNTq_Ob4-UVnoETwbdlcKNtTMC3cOea1TgaOlaURxEafJ9gYvz4ka61OW0gjZH_y8X5Gsb_WwYIH8o1-z3dAa9RG7uW8kGuW-U0xciMgb4PsdhfKRwYl3_-Z9LsMtC4q0uCnWLD1PKKmfYHQJVHcE1MCsRxgmqSwf80qGAoYx2ZOGLq7Q4ZPxUZzQVKcEGsRI1Fcv24mQ_hzu_glQRpY0DDpT_likTa7KEBcxV8xLwf3-iHZ60w1axVzLw4I22LNahHPPU8k0D97giQFpFatBGM_nhGeotliRfTqjQ2auMtqc1DFvwGZZKUcIVQLe4T7dDt6y0QL-9ly5nMK-TpVmU2C-fbG4tI8DbKMjg", "width": 4613 } ], "place_id": "ChIJReTeFBrOD4gRpQ0o6IyZQc8", "rating": 4.2, "reference": "ChIJReTeFBrOD4gRpQ0o6IyZQc8", "scope": "GOOGLE", "types": [ "doctor", "point_of_interest", "health", "establishment" ], "user_ratings_total": 709.0, "vicinity": "5961 N Lincoln Ave #102, Chicago", "category": "Urgent Care / Walk-in Clinic", "source": "Google Places", "raw_types_str": "doctor, point_of_interest, health, establishment" }, "geometry": { "type": "Point", "coordinates": [ -87.7054359, 41.9896223 ] } },
{ "type": "Feature", "properties": { "business_status": "OPERATIONAL", "icon": "https://maps.gstatic.com/mapfiles/place_api/icons/v1/png_71/generic_business-71.png", "icon_background_color": "#7B9EB0", "icon_mask_base_uri": "https://maps.gstatic.com/mapfiles/place_api/icons/v2/generic_pinlet", "international_phone_number": "+1 312-694-2273", "name": "Northwestern Medicine Immediate Care Lincoln Square", "opening_hours": { "open_now": true }, "photos": [ { "height": 1191, "html_attributions": [ "<a href=\"https://maps.google.com/maps/contrib/117324212949015752884\">Northwestern Medicine Immediate Care Lincoln Square</a>" ], "photo_reference": "AcnlKN3LRz49SoCr-8-m4VNGXpImKgjR9vQRW5MogTUko63UgFWIk-VASLjilWTiilUXjOJAatvgjM-jHQ8OR5YnxES24-ArFLLAWqFzWDAHlOEsEVuYhjebkOunGVk6dJ0oxfXhy6txgCtQktJxUj3uS63RxkzYMOgbHkTK5rO_Ze82CIRgnY9uEgN2rJfS6BYfiMDa1344MWLDNGEHtKpmKnpQbWCcVmkMUtme_oxd3Ir2L_etKZtwvWWW6EhgqN2VO_54lTPYk3pLfc_6tqj-qq0A5emF0KJde5to7a9P3RgnXWyvouc", "width": 2119 } ], "place_id": "ChIJGRNkfl_TD4gRnnOtRpVxiPk", "rating": 2.9, "reference": "ChIJGRNkfl_TD4gRnnOtRpVxiPk", "scope": "GOOGLE", "types": [ "point_of_interest", "health", "establishment" ], "user_ratings_total": 77.0, "vicinity": "4732 N Lincoln Ave Suite 100, Chicago", "category": "Urgent Care / Walk-in Clinic", "source": "Google Places", "raw_types_str": "point_of_interest, health, establishment" }, "geometry": { "type": "Point", "coordinates": [ -87.6880996, 41.9674253 ] } },
{ "type": "Feature", "properties": { "business_status": "OPERATIONAL", "icon": "https://maps.gstatic.com/mapfiles/place_api/icons/v1/png_71/generic_business-71.png", "icon_background_color": "#7B9EB0", "icon_mask_base_uri": "https://maps.gstatic.com/mapfiles/place_api/icons/v2/generic_pinlet", "international_phone_number": "+1 872-315-3375", "name": "Paladin Urgent Care", "opening_hours": { "open_now": true }, "photos": [ { "height": 4032, "html_attributions": [ "<a href=\"https://maps.google.com/maps/contrib/111888912772237440396\">Paladin Urgent Care</a>" ], "photo_reference": "AcnlKN1rVfMK47RJC1Zglh_9GEKeXitg_TaLPmfaOOKdFry5Adx5JTkXCr5vTUwF6Oapk2j6Sd-U1FVikXQKHljF0WD4BzGHXNKmTH_pSCkmzqfMts0wODfAXvd30Isr42vYAJwUDlEuMORSeb9Z9z8DuhYjibwnPYQ1pQlWx0ETqNJ1Z2h7Dig-gHvRAWO9ffgrv7SPxPw8x1N0z92kIFSGO2QIYzK2XsAoCOul_IRGU0QpTFgdwQIooBOxxbUfe9gHugkMIPTDIrM1X3Ki61m4PVO54OX10b_L8qUv_KarJXVBm9m7VXI", "width": 3024 } ], "place_id": "ChIJEYKwfjPTD4gRIq8TahanimU", "rating": 5.0, "reference": "ChIJEYKwfjPTD4gRIq8TahanimU", "scope": "GOOGLE", "types": [ "point_of_interest", "health", "establishment" ], "user_ratings_total": 45.0, "vicinity": "1449 W Irving Park Rd, Chicago", "category": "Urgent Care / Walk-in Clinic", "source": "Google Places", "raw_types_str": "point_of_interest, health, establishment" }, "geometry": { "type": "Point", "coordinates": [ -87.6663079, 41.9540441 ] } },
{ "type": "Feature", "properties": { "business_status": "OPERATIONAL", "icon": "https://maps.gstatic.com/mapfiles/place_api/icons/v1/png_71/generic_business-71.png", "icon_background_color": "#7B9EB0", "icon_mask_base_uri": "https://maps.gstatic.com/mapfiles/place_api/icons/v2/generic_pinlet", "international_phone_number": "+1 224-364-2273", "name": "Endeavor Health Immediate Care - Chicago in Broadway Square", "opening_hours": { "open_now": true }, "photos": [ { "height": 2296, "html_attributions": [ "<a href=\"https://maps.google.com/maps/contrib/109669855484647094723\">David Johnsen</a>" ], "photo_reference": "AcnlKN34UeiD-wVYeVWtTx7jBv4L0MMvF6LCj-T-ihKWGqZrS1WvoaRC_UUbpJx6T3S4hV4BJzPTk2NKpuGirUC6u9vLQcHZEPqQlt8SyL2HnMK3X3NMxp3Qhnel2cgld3VEjivIwsZmOD0sdoR7y5oOGSRGR6IRJ6xlij2CNzk1KbG-CRPexJa-N5ySWiw2jFHYprISbnnZAtcdM6cFxWevYHUPp-0BLm3O5QHHkQ-gWP9cDJvA12Nl-CHhmn1Gpcgdt-Ej8S3RBjM28-BPhXUeFwKMKOzRaMv6OVd7_XtTIS_0t1FPW5rA5w0Zla-GNkB3ZQw6qZieOhpUaP0NnPIo49zP0kRZZv9viIUqLdF1Z2qm9KrvSVk4LuyCh6ANrn46vEfru7Jwju03Vf6WOj4ikz_ZSgZWcJ4_b4vliO3jYQNP3cL7Ndb6mjEdAt8A24i0mkFE1ACnbugqiEfce-knS9122WCvz4jlSEsfsRXJBWD3SmcsKhVmRk_BUi4NZl-3b6Khemn9rioSDuVZATih1H-iRnoZ7d4hxJfJt5kcd0JB9Oi38u1F3KRJGZFCtB05tqUcWijk", "width": 3601 } ], "place_id": "ChIJtwvZ9e7RD4gRBk_yOGN2ya0", "rating": 3.2, "reference": "ChIJtwvZ9e7RD4gRBk_yOGN2ya0", "scope": "GOOGLE", "types": [ "point_of_interest", "health", "establishment" ], "user_ratings_total": 105.0, "vicinity": "5238 N Broadway, Chicago", "category": "Urgent Care / Walk-in Clinic", "source": "Google Places", "raw_types_str": "point_of_interest, health, establishment" }, "geometry": { "type": "Point", "coordinates": [ -87.6603205, 41.977612699999987 ] } },
{ "type": "Feature", "properties": { "business_status": "OPERATIONAL", "icon": "https://maps.gstatic.com/mapfiles/place_api/icons/v1/png_71/generic_business-71.png", "icon_background_color": "#7B9EB0", "icon_mask_base_uri": "https://maps.gstatic.com/mapfiles/place_api/icons/v2/generic_pinlet", "international_phone_number": "+1 224-364-2273", "name": "Endeavor Health Immediate Care - Chicago in Andersonville", "opening_hours": { "open_now": true }, "photos": [ { "height": 4032, "html_attributions": [ "<a href=\"https://maps.google.com/maps/contrib/106209612523803586173\">Frank Arev</a>" ], "photo_reference": "AcnlKN1hymKOylvotZVL9oQgTxbNmkzQfVOCMnzOmJ1RNHvFPyo0GNpqraA9P7sNgbMCgcs8NR14X6SEcGqCEj3qYxh5N-IzGXiZovKTT1U_y-JxGAStN0x92dPQ7Yzz6S41vvf9-B2HeTzxkm6opUkyjPMhk4NVjIz9V4w7bbzLgDhGvgNL6Fnu77X2hGDVFsfkKr16XwDvmMWRc2XvnQNtFQOlfjSRBp_xJ989Ip9watp1xQzjsLMR89rRdUS2TpiFVI2sHj6uCfK0OkFOtTLifiB592RFvS4_qnbnFTnuuY1ehx8YQVj8wF7YoEl5ZuYuDK8WSQVvaC_XiZTJSRhnohBpGlh6gapUlSSe3BqhlCX0JOiRer_YlBXx-5CneQUI0XSdEgJgWgJPoaTYRDuOMpdZe_9oSTC37MAbjaswpN9-L8xhFntbskeXY_nz7bhgx_F1q4F04jAJqg8Y1u4xOStiGEmuVZvVNV6NIbgUzGdaR1-fzfRMKbDwdvUCC5h-jGjFJez6EpY3n4cfZ-TDQbAgZSdm-1DEJacRdNtpXs1wcIdhrIqh0Eyn1L7WfgkgLXkhlaL5", "width": 3024 } ], "place_id": "ChIJ35rr51zTD4gRtUWv1NR5VQs", "rating": 3.4, "reference": "ChIJ35rr51zTD4gRtUWv1NR5VQs", "scope": "GOOGLE", "types": [ "point_of_interest", "health", "establishment" ], "user_ratings_total": 57.0, "vicinity": "4914 N Clark St, Chicago", "category": "Urgent Care / Walk-in Clinic", "source": "Google Places", "raw_types_str": "point_of_interest, health, establishment" }, "geometry": { "type": "Point", "coordinates": [ -87.668211, 41.972168 ] } },
{ "type": "Feature", "properties": { "business_status": "OPERATIONAL", "icon": "https://maps.gstatic.com/mapfiles/place_api/icons/v1/png_71/generic_business-71.png", "icon_background_color": "#7B9EB0", "icon_mask_base_uri": "https://maps.gstatic.com/mapfiles/place_api/icons/v2/generic_pinlet", "international_phone_number": "+1 224-364-2273", "name": "Endeavor Health Immediate Care - Chicago in Lincoln Square", "opening_hours": { "open_now": true }, "photos": [ { "height": 2119, "html_attributions": [ "<a href=\"https://maps.google.com/maps/contrib/109669855484647094723\">David Johnsen</a>" ], "photo_reference": "AcnlKN1-FiF5U69YB4_fT1vHMilh4nFvdl4CKRs3QUnnlsEG-0-cfiDrk61Yu3dIMsQuIT44vy3hMKyF6PJQh3poQnxl501gqz-zKWjf-AXa1sdyy-rzzPUYKb_j5rYYnNBOVuSgyAHG4pMYjmyz6ENpSe1aCHIUGFZHfkCo7BXTg4uYtBGIMKO5o4m0wFR6F7x_hOLNqurPaouZn8ULYWRxIKaF3ZE5_exwSjjyzlxR6Keb3XHQMD9W4vTJAN-jOFgrBO8jUaedYeI6ZRMZPCR0eN72JPMadMgj53dIei1JAZWgQwgyrJjdOdmbyJk8CzuOxjwATXvUS6qozKedMwprg23xv40sIAtmnbg585xUk4Usex5GLQN2PlEyfveTOubg2_WtV98F9d_T8Cqvw4KQbE6l8XGypVzUXRGjIIfmpEU92f3A9l4M8wi62-qlt5E0SFahlff_UUYVKt6ChwDX0biPIFSoe1cr6cI5h7s71hdf7ssStb_hr9wUx8AMI8M4ah1delGVCa2oZSXmzY2l6vsneipl1FVgM-Z8ug7Lej8AIs3cs78-3gzNfx_YAZOqsE3lRVW3", "width": 3041 } ], "place_id": "ChIJCzZJ0v_TD4gR3PMKxPTGuIY", "rating": 3.2, "reference": "ChIJCzZJ0v_TD4gR3PMKxPTGuIY", "scope": "GOOGLE", "types": [ "point_of_interest", "health", "establishment" ], "user_ratings_total": 94.0, "vicinity": "2323 W Lawrence Ave, Chicago", "category": "Urgent Care / Walk-in Clinic", "source": "Google Places", "raw_types_str": "point_of_interest, health, establishment" }, "geometry": { "type": "Point", "coordinates": [ -87.6875008, 41.9682893 ] } },
{ "type": "Feature", "properties": { "business_status": "OPERATIONAL", "icon": "https://maps.gstatic.com/mapfiles/place_api/icons/v1/png_71/generic_business-71.png", "icon_background_color": "#7B9EB0", "icon_mask_base_uri": "https://maps.gstatic.com/mapfiles/place_api/icons/v2/generic_pinlet", "international_phone_number": "+1 773-278-7024", "name": "Innovative Primary Care - Logan Square", "opening_hours": { "open_now": true }, "photos": [ { "height": 1500, "html_attributions": [ "<a href=\"https://maps.google.com/maps/contrib/108321430869160849619\">Innovative Care - Logan Square</a>" ], "photo_reference": "AcnlKN2h89jp6ReqEUWIf7XFw71h4gLU10oeh6x2yuotcNUElocJ0lVG3gk_HFpZa8oLiCxsZ6BheiOEtXb6a1hZYpYmRgqcXXj4uum-gt_8uvqCTthFVPv3UhdjOaxgtqMV35550zZjY0V23A-zQMGxHE_CX5zXoaSqmNSjCZ_GpXVHJuiWPLLSUA9qs5iA2Q2wPfPoz967zLOwYBcNJwCEzBJoZLOZ-fFJNSnw1SQP4jQRmb0HZrQ-qi_S-x7AQKoeiuKrWExtmctBi7cUD6cy4v-jF_NQvF26coUv6b5wmoYDNvy6IMI", "width": 2000 } ], "place_id": "ChIJRyV5lAvTD4gRUlGL1JOwHNw", "rating": 4.7, "reference": "ChIJRyV5lAvTD4gRUlGL1JOwHNw", "scope": "GOOGLE", "types": [ "health", "point_of_interest", "establishment" ], "user_ratings_total": 1013.0, "vicinity": "2363 N California Ave, Chicago", "category": "Primary Care Center – Private / Non-profit", "source": "Google Places", "raw_types_str": "health, point_of_interest, establishment" }, "geometry": { "type": "Point", "coordinates": [ -87.6972369, 41.9246328 ] } },
{ "type": "Feature", "properties": { "business_status": "OPERATIONAL", "icon": "https://maps.gstatic.com/mapfiles/place_api/icons/v1/png_71/generic_business-71.png", "icon_background_color": "#7B9EB0", "icon_mask_base_uri": "https://maps.gstatic.com/mapfiles/place_api/icons/v2/generic_pinlet", "international_phone_number": "+1 866-389-2727", "name": "MinuteClinic at CVS", "opening_hours": { "open_now": true }, "photos": [ { "height": 608, "html_attributions": [ "<a href=\"https://maps.google.com/maps/contrib/102980213836048961977\">MinuteClinic at CVS</a>" ], "photo_reference": "AcnlKN0SFracjvh1Qnbxy4gCN-_-JUI99WO3mHj0W-DTSicj52655dtFPCbAbPxg2ZytHitDLwrPaaaTm4YYIAT4x1snLS8ICugmUdDSASsa_szX95QtTIGPOg9nkB3EfKGlAAhh7ehEaIoWc4qF3kDQPjG-Bwwxb79ZX14q8O7EqUpuDYRBqZziNPPIXfl2AW6rQPLfSspy_VwQ5fpUKMiWePg6K1EYeM9c6pG1T6qbRVa1XSlFIbETyHYeTdEQDABzZdh570gA45w8xyA_-ATIFkLp4qwRJHI0d7rKdWrngu6alurFdX4", "width": 1080 } ], "place_id": "ChIJ81WiYk7SD4gRpYBxZkrGLtQ", "rating": 3.5, "reference": "ChIJ81WiYk7SD4gRpYBxZkrGLtQ", "scope": "GOOGLE", "types": [ "health", "point_of_interest", "establishment" ], "user_ratings_total": 39.0, "vicinity": "3637 N Southport Ave, Chicago", "category": "Primary Care Center – Private / Non-profit", "source": "Google Places", "raw_types_str": "health, point_of_interest, establishment" }, "geometry": { "type": "Point", "coordinates": [ -87.6636885, 41.9481821 ] } },
{ "type": "Feature", "properties": { "business_status": "OPERATIONAL", "icon": "https://maps.gstatic.com/mapfiles/place_api/icons/v1/png_71/generic_business-71.png", "icon_background_color": "#7B9EB0", "icon_mask_base_uri": "https://maps.gstatic.com/mapfiles/place_api/icons/v2/generic_pinlet", "international_phone_number": "+1 866-389-2727", "name": "MinuteClinic", "opening_hours": { "open_now": true }, "photos": [ { "height": 1440, "html_attributions": [ "<a href=\"https://maps.google.com/maps/contrib/105524712527564058008\">Louis Khor</a>" ], "photo_reference": "AcnlKN0apXazjpXoerLsq_5eLXXoAtSvdlz-iXXydBH6jfbEFUsbIP6iWSgQhJJRvcNTNWAsRY_zbcrpT0w9Ros1UbUIZVxL-wyv7M_oyLLJUyAdtCD41D0Xkucunkno_sH5dOnrNL8DxodppSt_AiB7WHoHmGlTl5oeNQZ1NWSmtu9ht5ue4S0nKQx0MuV-pqunvOUeOHk5ma279FMyVU7NgySryHhTQUDKoT9tV6myYxSHGcMN51XQ79jiqdWv72OXvQ38IsfgLb4u8T_2l7anQguIritC18NOjYGeX8x_pICLqi40ElaQxWAn_KVxHA95DeIyA18TtCw-rhiTDLhuVugyP7SeH_GLuzXoLeO8TebbSSV-Xij8CnBqbJAH8HVq6Zbffqn8VxCO1bF0RfdjRwZ10XSX6VKOlfU-3PWvv0BjqkHidiiFaC-0JYSdyIbo2WaJh5cXdzmlnFnxKv1wLf81RXb6jgFhXmVEVMYXkDEyYzXUfsRTYOUON_KznhVcAGIILYuAV21mj8D-TKfdGidQfJdtgiMz23MwbXaBL32e_5zn5GB_-xS_d24hU_UmCnsqZdKm", "width": 2560 } ], "place_id": "ChIJNej36I7SD4gRPPrwaZml4Po", "rating": 3.1, "reference": "ChIJNej36I7SD4gRPPrwaZml4Po", "scope": "GOOGLE", "types": [ "health", "point_of_interest", "establishment" ], "user_ratings_total": 40.0, "vicinity": "2656 N Elston Ave, Chicago", "category": "Primary Care Center – Private / Non-profit", "source": "Google Places", "raw_types_str": "health, point_of_interest, establishment" }, "geometry": { "type": "Point", "coordinates": [ -87.6850778, 41.928476 ] } },
{ "type": "Feature", "properties": { "business_status": "OPERATIONAL", "icon": "https://maps.gstatic.com/mapfiles/place_api/icons/v1/png_71/generic_business-71.png", "icon_background_color": "#7B9EB0", "icon_mask_base_uri": "https://maps.gstatic.com/mapfiles/place_api/icons/v2/generic_pinlet", "international_phone_number": "+1 866-389-2727", "name": "MinuteClinic at CVS", "opening_hours": { "open_now": true }, "photos": [ { "height": 608, "html_attributions": [ "<a href=\"https://maps.google.com/maps/contrib/116975716337096062625\">MinuteClinic at CVS</a>" ], "photo_reference": "AcnlKN1lIIZHN5679tq6AKQmdDJwWWVRrsdvgcoqDCf8dXzwCmFZ0j1gDmTt4M7IV5PthMQhCrOix1-Kr0ArvYqXK7Ul8yoIId7DcrFB8sI823BbGze-ADHFLI-vtQ4IqJlFtcwNYKUdx4QU8WJbAGjjgIJNezVTt9NLdd47kub64zqWUNa6b7dhc8aIC1y-jOIUiPop6d1n1ubQGnWxmXPW45_3S-MJ4V33MKjxCD_dUlcSJuGVx1E-jZxvr-HLMik08NZs0e6AwFdsGRI0d2yEQ8bVlBJPVFd7eZ1v9sPktcMua_6tsdQ", "width": 1080 } ], "place_id": "ChIJfenTy2rSD4gRt68_uRUcFZE", "rating": 3.4, "reference": "ChIJfenTy2rSD4gRt68_uRUcFZE", "scope": "GOOGLE", "types": [ "health", "point_of_interest", "establishment" ], "user_ratings_total": 48.0, "vicinity": "4051 N Lincoln Ave, Chicago", "category": "Primary Care Center – Private / Non-profit", "source": "Google Places", "raw_types_str": "health, point_of_interest, establishment" }, "geometry": { "type": "Point", "coordinates": [ -87.6791437, 41.9557118 ] } },
{ "type": "Feature", "properties": { "business_status": "OPERATIONAL", "icon": "https://maps.gstatic.com/mapfiles/place_api/icons/v1/png_71/generic_business-71.png", "icon_background_color": "#7B9EB0", "icon_mask_base_uri": "https://maps.gstatic.com/mapfiles/place_api/icons/v2/generic_pinlet", "international_phone_number": "+1 773-669-0005", "name": "Metro Urgent Care", "opening_hours": { "open_now": false }, "photos": [ { "height": 270, "html_attributions": [ "<a href=\"https://maps.google.com/maps/contrib/117373411592827630003\">Metro Urgent Care</a>" ], "photo_reference": "AcnlKN1cSgBUNKdpcnD84yI0BF2nzGhtk5MvNn0-cxVP5eSl8TiVmpQ1XhekO8ipsR_T3d7ngO0vWdwrSH8dROE-iOTZPoOKGOYK0ovUDlVKkYY66kLPiag5lRMS4b4KBz4OIRAt5maagb3N3WW06fPX_pYBoUVS_D2f1YrKo_05ezKtWf1tZN-FiVVUkNfMNV4hqvySB1hfoyw0uJSlfWpuq90HByTqhQtU2OUPWlgZtDoQd7xVLkIFkiKO-DOxrXtKRagv8VdOEvm6Fv4-SdlDelWwBVVzjc7y6iF8zE3Q1MOWm25GLp8", "width": 480 } ], "place_id": "ChIJnX9S25rND4gRY4Idd8WQJfw", "rating": 5.0, "reference": "ChIJnX9S25rND4gRY4Idd8WQJfw", "scope": "GOOGLE", "types": [ "health", "point_of_interest", "establishment" ], "user_ratings_total": 608.0, "vicinity": "3235 W Montrose Ave, Chicago", "category": "Urgent Care / Walk-in Clinic", "source": "Google Places", "raw_types_str": "health, point_of_interest, establishment" }, "geometry": { "type": "Point", "coordinates": [ -87.709661, 41.9609354 ] } },
{ "type": "Feature", "properties": { "business_status": "OPERATIONAL", "icon": "https://maps.gstatic.com/mapfiles/place_api/icons/v1/png_71/generic_business-71.png", "icon_background_color": "#7B9EB0", "icon_mask_base_uri": "https://maps.gstatic.com/mapfiles/place_api/icons/v2/generic_pinlet", "international_phone_number": "+1 773-561-7500", "name": "Advocate Medical Group Primary Care", "opening_hours": { "open_now": true }, "photos": [ { "height": 2359, "html_attributions": [ "<a href=\"https://maps.google.com/maps/contrib/109669855484647094723\">David Johnsen</a>" ], "photo_reference": "AcnlKN3tlcO_Y7veAvbhS1tSijPEIRmRChGAhhEnpD05uQ-DRSjR7lJxgIrKZ-mJ9B4PG5WUdCvTVnofoAJNlC89V1R0Zpr4Bnn5cT3ZrRu7VpTZBeiSfg820YgIveP2yiorEuqTpR1WHiHDn94A8Z2xuZzpV2YYif0YnuQLk-Yet9_1rbwQOxWwFYaGI9MOHNlHE_iMYAWiaEVRiPnHdu6xp_1ZsLkG8JKuHoJPqk0XHkT-_KMpcGxoYXKl1rzmv9X8Wqk0IX9aow2hgs6qt1ehtJeFn9wpJV-OAz5JPjJXojrFamGrGnHzROTXMol-Q5SMUQJvCj0VwUQDVf_x0Dv_mIfEj9Q-f6YlRIPQJxXESrog75_98sPCQdCeaJpPcMk8hUgofqpEY9OfDQEwXZWsOUlA9VL5VLy5JByEOukd8nJ47gyUyLVoEnu_c8uRpaDqfIWOTaEl6RZVC49kW8a4eNOcFvR17psq2VSRPLY7Gk9_OiFY-GtxkIAjZyH9Pn4OHatPluQxx4xB5t51Mr6HAddVDkLmkH2WaPiYC6dYCqWX_FvqastWublc20G9IvE53le_AFTA", "width": 4302 } ], "place_id": "ChIJEdL60zzSD4gRCGMPf8Ye6mk", "rating": 3.9, "reference": "ChIJEdL60zzSD4gRCGMPf8Ye6mk", "scope": "GOOGLE", "types": [ "doctor", "health", "point_of_interest", "establishment" ], "user_ratings_total": 135.0, "vicinity": "4600 N Ravenswood Ave 1st Floor, Chicago", "category": "Primary Care Center – Private / Non-profit", "source": "Google Places", "raw_types_str": "doctor, health, point_of_interest, establishment" }, "geometry": { "type": "Point", "coordinates": [ -87.6751415, 41.965836 ] } },
{ "type": "Feature", "properties": { "business_status": "OPERATIONAL", "icon": "https://maps.gstatic.com/mapfiles/place_api/icons/v1/png_71/hospital-71.png", "icon_background_color": "#F88181", "icon_mask_base_uri": "https://maps.gstatic.com/mapfiles/place_api/icons/v2/hospital-H_pinlet", "international_phone_number": "+1 773-525-6780", "name": "Thorek Memorial Hospital", "opening_hours": { "open_now": true }, "photos": [ { "height": 1276, "html_attributions": [ "<a href=\"https://maps.google.com/maps/contrib/112924389351859824426\">Thorek Memorial Hospital</a>" ], "photo_reference": "AcnlKN0FqilYC1quMTBgxREflhFJE0GPvaIQ0yP9SaJR0_w24UlR2p7XdT-KbLHsyH18S3pY_ThLq_s79ewNI-zq_zjLn3RraJtj2mcITS1epg3nbqPE7T35T7PH3z-Ns1rqQU2AjhSE_THaDMJ2lnrCy4iRn0Szl_LyLurfHoanNBLr3l_51heYhol-stVhd9cC1pIQ5taLNAMLZDc-iXr5aQKDY4zcLDJFVcDBB-Dj5k6TQapdgSqZRiiCneaV2BPaqdT35eYpNB9tld-VyfKzImGmIsAOr7STRlx2Uz0bew1Piq_GFVw", "width": 2048 } ], "place_id": "ChIJa2D5BrbTD4gRpmqrqYOW4TY", "rating": 2.4, "reference": "ChIJa2D5BrbTD4gRpmqrqYOW4TY", "scope": "GOOGLE", "types": [ "hospital", "health", "point_of_interest", "establishment" ], "user_ratings_total": 494.0, "vicinity": "850 W Irving Park Rd, Chicago", "category": "Hospital – Private / Non-profit", "source": "Google Places", "raw_types_str": "hospital, health, point_of_interest, establishment" }, "geometry": { "type": "Point", "coordinates": [ -87.6515197, 41.954991199999988 ] } },
{ "type": "Feature", "properties": { "business_status": "OPERATIONAL", "icon": "https://maps.gstatic.com/mapfiles/place_api/icons/v1/png_71/hospital-71.png", "icon_background_color": "#F88181", "icon_mask_base_uri": "https://maps.gstatic.com/mapfiles/place_api/icons/v2/hospital-H_pinlet", "international_phone_number": "+1 773-878-8700", "name": "Weiss Memorial Hospital", "opening_hours": { }, "photos": [ { "height": 3000, "html_attributions": [ "<a href=\"https://maps.google.com/maps/contrib/109621186856354783914\">Weiss Memorial Hospital</a>" ], "photo_reference": "AcnlKN077qKY5xtwADrGXIduLcgCpyrcE6hwkwderY8A52NuLOgun3yHwmiWRy1g_OQ7hZlGHsLrbxpcDzYDlaLTgolJdKDxe0RqDKoRSllRZzxDqI26SjdMQeMUz64_HJkAD_u5c80_UG9VlbdsRkBz9we-88ctwjWo_vGg1QKEUt69ObfdVsILahsylTj4pE_06Vc_vv3bjGKz1RLyjYKmGH-bswDnfX8AqjC7mSmGNxSeUtGYd0Jv_1n36fNJ9GgLBqS0PQ28W8LgqSBhoRo-b_moDtcOtRh-RfOENHKNHTfz4P6KepI", "width": 4500 } ], "place_id": "ChIJ7SflatDTD4gRVNyCgW82olg", "rating": 2.6, "reference": "ChIJ7SflatDTD4gRVNyCgW82olg", "scope": "GOOGLE", "types": [ "hospital", "point_of_interest", "health", "establishment" ], "user_ratings_total": 440.0, "vicinity": "4646 N Marine Dr, Chicago", "category": "Hospital – Private / Non-profit", "source": "Google Places", "raw_types_str": "hospital, point_of_interest, health, establishment" }, "geometry": { "type": "Point", "coordinates": [ -87.6497799, 41.9668227 ] } },
{ "type": "Feature", "properties": { "business_status": "OPERATIONAL", "icon": "https://maps.gstatic.com/mapfiles/place_api/icons/v1/png_71/generic_business-71.png", "icon_background_color": "#7B9EB0", "icon_mask_base_uri": "https://maps.gstatic.com/mapfiles/place_api/icons/v2/generic_pinlet", "international_phone_number": "+1 773-360-1438", "name": "FamilyDoc Urgent Care - Adebayo Bademosi, MD", "opening_hours": { "open_now": false }, "photos": [ { "height": 3036, "html_attributions": [ "<a href=\"https://maps.google.com/maps/contrib/104197414107712900249\">Kyle Eldridge</a>" ], "photo_reference": "AcnlKN0oPobVWf_QwZb_ya6Df-rIGupHub9haP8E2mVAte3_yqKj8vzfxBH6l6XV-3CoSa_2zPmESUMlqHm4CZV58iqKLRPM-mYu9STB8eY6hVPTGuZJ7uEJpDQoPr7lp-deLzaeDPDeD-PseKgCggSSdZrJJOhlPtNlrwoi6jlvsOUzso0z7URRa4421HJu2CC1yxQO3u4FN31k2aDR8CIZ3JaBAnxxuomG9CRDnDqtz_Li5rsGCeN7Erm7r35l0pYGjLLZyl_WZ9EOq96UfcbDhl6rLqNtEKboGPoyX10jlkqK-iykmmAOpwse5CK6WNxe5I7b0_dE0JBTD98GdXYFF59UD6iJQC7Gllcscs9XFNUZ7_SAoIO3cCk7xrn5OaM7IxFLsl3Nx_a46jg9jfS47QjIi9Rxg-KSZB-205amxsya7nyF1e1utQw0hNjI0W67A0OtIxcRgbzbjaBWubW8bn6HEP0qjduR7PfzcFEfjbTDl7K_4UVIRhqaVn0KiRlo15KcVG2hOcKW9O4pqKR1Hg3MSBz6FTVKnVAtB4dzO-bSq2P9i3DMAhiLzbGWx8MMzZFTyApP", "width": 4048 } ], "place_id": "ChIJP5HgPEDSD4gRoNg4M3D4aPs", "rating": 4.4, "reference": "ChIJP5HgPEDSD4gRoNg4M3D4aPs", "scope": "GOOGLE", "types": [ "hospital", "doctor", "point_of_interest", "health", "establishment" ], "user_ratings_total": 36.0, "vicinity": "1918 W Irving Park Rd Suite A, Chicago", "category": "Urgent Care / Walk-in Clinic", "source": "Google Places", "raw_types_str": "hospital, doctor, point_of_interest, health, establishment" }, "geometry": { "type": "Point", "coordinates": [ -87.677122, 41.9544017 ] } },
{ "type": "Feature", "properties": { "business_status": "OPERATIONAL", "icon": "https://maps.gstatic.com/mapfiles/place_api/icons/v1/png_71/hospital-71.png", "icon_background_color": "#F88181", "icon_mask_base_uri": "https://maps.gstatic.com/mapfiles/place_api/icons/v2/hospital-H_pinlet", "international_phone_number": "+1 773-784-2822", "name": "Advocate Medical Group Outpatient Center", "opening_hours": null, "photos": [ { "height": 4080, "html_attributions": [ "<a href=\"https://maps.google.com/maps/contrib/106762102729142642194\">Jim Flanagan</a>" ], "photo_reference": "AcnlKN1F3K_QMFODdpjE_Ux92VLTz0DDGVVMso-P67vhrvPXJesRY9rC6hV2Yw4Gf0ZcbrWJbGg--HNKRtyx4v4Fcgloql6LJy8MOdz1DzQ4jrQrLSQwDn49lQwK1iAUtdmdWPrGDgAa4qQC_wcit2H8nEFYtKtUjatHeXUDPpqD5j-e3sEUY_0GyX1_Tjz6m9Ie1axfigaaih_UYkHsvUbwcqEDSwOvIMD4mWi-HDfwyqHr5yf-D5uNsCQ3FTy4P8yk1qHnKAgN6IOXMsSFN0yAF-zVPBe3FYGKTdlX4FmkzEM7hJXlhyGMkIMj6ngx7YVWnfXVt6SOrjf10s5rDtWQPmMM99l7zP50cQk5Dm6Pdps8dpAg-ovdEBGPWM8pjfIL7eiNVHk0C5vkvHfPjJI3vhobNArNiQ7j30lQSuiLLaSCutYz5Jlm2dyy3sRi-o-VBMrdmFy2z-ewbYQquVKtD__PJwDYXg-pbvFrLPRxii5otGoffolFISwcYMnKciDrloASS54YFpJ3IOi6zIuLUS_Pakh9I1YZxKyldpXKH_VhEjdzmHstBl6_HAH0AUzLa_AJpGrjDHXTNA", "width": 3072 } ], "place_id": "ChIJESD_GxTRD4gRdr7SfZQ6AKk", "rating": 5.0, "reference": "ChIJESD_GxTRD4gRdr7SfZQ6AKk", "scope": "GOOGLE", "types": [ "hospital", "point_of_interest", "health", "establishment" ], "user_ratings_total": 2.0, "vicinity": "5304 N Broadway, Chicago", "category": "Primary Care Center – Private / Non-profit", "source": "Google Places", "raw_types_str": "hospital, point_of_interest, health, establishment" }, "geometry": { "type": "Point", "coordinates": [ -87.6603111, 41.9785029 ] } },
{ "type": "Feature", "properties": { "business_status": "OPERATIONAL", "icon": "https://maps.gstatic.com/mapfiles/place_api/icons/v1/png_71/generic_business-71.png", "icon_background_color": "#7B9EB0", "icon_mask_base_uri": "https://maps.gstatic.com/mapfiles/place_api/icons/v2/generic_pinlet", "international_phone_number": "+1 773-388-1600", "name": "Howard Brown Health Sheridan", "opening_hours": { "open_now": true }, "photos": [ { "height": 3456, "html_attributions": [ "<a href=\"https://maps.google.com/maps/contrib/102490963372210249548\">Howard Brown Health Sheridan</a>" ], "photo_reference": "AcnlKN03h9geAcDKwi1Z5JNfr-oRR2fAvYuKkn1N4LAveZ-OS_0h3In6alSiTII_I2N-am0KwpPs28dN4VQmmmNEuatSzw0B69v19iPQDj-H7J816T0u2gY5ie0p_lBLoXlvDo1WOxS_pHEuZDilG-XHAjmpiNG5KBqdJERq1U2OBvfYTvBcOLbw3gbscLm2YaLpexVFrZer5m7ryR7uOFs3_4mxR5heA_gzIPhgXAZvujLnY6Z5_W6XKDbM9ujAbNdjbdVsKxAsF9ZnNqW-0ZPMrwHXeAawgnPNjgkBiwIys9ULt10W3ps", "width": 5184 } ], "place_id": "ChIJGXltvADTD4gRKytYTmUqU7g", "rating": 2.8, "reference": "ChIJGXltvADTD4gRKytYTmUqU7g", "scope": "GOOGLE", "types": [ "point_of_interest", "health", "establishment" ], "user_ratings_total": 120.0, "vicinity": "4025 N Sheridan Rd, Chicago", "category": "Primary Care Center – Private / Non-profit", "source": "Google Places", "raw_types_str": "point_of_interest, health, establishment" }, "geometry": { "type": "Point", "coordinates": [ -87.6541817, 41.9551883 ] } },
{ "type": "Feature", "properties": { "business_status": "OPERATIONAL", "icon": "https://maps.gstatic.com/mapfiles/place_api/icons/v1/png_71/generic_business-71.png", "icon_background_color": "#7B9EB0", "icon_mask_base_uri": "https://maps.gstatic.com/mapfiles/place_api/icons/v2/generic_pinlet", "international_phone_number": "+1 773-878-4800", "name": "Broadway Medical Office", "opening_hours": { "open_now": false }, "photos": null, "place_id": "ChIJJ2mGR4LRD4gRVudn3MSKWqM", "rating": 3.2, "reference": "ChIJJ2mGR4LRD4gRVudn3MSKWqM", "scope": "GOOGLE", "types": [ "doctor", "point_of_interest", "health", "establishment" ], "user_ratings_total": 23.0, "vicinity": "5449 N Broadway, Chicago", "category": "Primary Care Center – Private / Non-profit", "source": "Google Places", "raw_types_str": "doctor, point_of_interest, health, establishment" }, "geometry": { "type": "Point", "coordinates": [ -87.6598002, 41.9814239 ] } },
{ "type": "Feature", "properties": { "business_status": "OPERATIONAL", "icon": "https://maps.gstatic.com/mapfiles/place_api/icons/v1/png_71/hospital-71.png", "icon_background_color": "#F88181", "icon_mask_base_uri": "https://maps.gstatic.com/mapfiles/place_api/icons/v2/hospital-H_pinlet", "international_phone_number": "+1 773-751-7800", "name": "Tapestry 360 Health - Wilson", "opening_hours": { "open_now": false }, "photos": [ { "height": 3024, "html_attributions": [ "<a href=\"https://maps.google.com/maps/contrib/105373264577466981676\">William Knipp (YarsRevenge)</a>" ], "photo_reference": "AcnlKN2N1bWpKvCzur05tGEJyI2_wTXy7CKx3U8i-eJJUACzbFw1Qz_wJgBG35CYDEnZaYTGNRF_7RqJO-X_78ObMLkvvYVyRxhQwmV0X8KPgpyppTHe_3zh3_WRPjBEfpRvluCLi0TPqCG5bXKCvFtw3N_pZpn7roVQat80R4VqeENuHtWfknpsihQRR_RnQfsP_hL4eT4V7LA80qWAwcn8uVddSxURZ8ahFQMLo1EpQNt4LA2qMN-yz6PMYA5QG0YJ4uNHZ0q_3TgI426suI1GDhf-qLKd-5y5u3dTkUMLWDPQAddtVVGHk_FiiqH9x6HH8iZc0dyCR0TDIZIocS0bPrGzoE1LkHkHuxVjZZ8wKYX8CV6E6dk8cphaUTopMlU-QEUoR2pzyAU0CxsSzHouUBFcGX1yGxDLgBZBeZmSuZR5fjqYj-th9KNnI-qrat_kERsisOqxCJygvMcdBAKf-YDlNPpVPKc_lJ9cqk6x9hfiFldotvG8rke6_GRBuIaRAmaEVynww8khqIo3B1gYMMG-7C65N6s5jd1wSRQOx-ZnsDYJB-KDVUz2BjEiAI22K34BEiPnFC2hnw", "width": 4032 } ], "place_id": "ChIJzcEk3NHTD4gR9bI6OcSqbU8", "rating": 3.2, "reference": "ChIJzcEk3NHTD4gR9bI6OcSqbU8", "scope": "GOOGLE", "types": [ "hospital", "point_of_interest", "health", "establishment" ], "user_ratings_total": 91.0, "vicinity": "845 W Wilson Ave, Chicago", "category": "Primary Care Center – Private / Non-profit", "source": "Google Places", "raw_types_str": "hospital, point_of_interest, health, establishment" }, "geometry": { "type": "Point", "coordinates": [ -87.652029, 41.965303 ] } },
{ "type": "Feature", "properties": { "business_status": "OPERATIONAL", "icon": "https://maps.gstatic.com/mapfiles/place_api/icons/v1/png_71/generic_business-71.png", "icon_background_color": "#7B9EB0", "icon_mask_base_uri": "https://maps.gstatic.com/mapfiles/place_api/icons/v2/generic_pinlet", "international_phone_number": "+1 773-878-4700", "name": "Striedinger Medical Center", "opening_hours": { "open_now": false }, "photos": [ { "height": 2472, "html_attributions": [ "<a href=\"https://maps.google.com/maps/contrib/109669855484647094723\">David Johnsen</a>" ], "photo_reference": "AcnlKN01tyMJhjTrjGcoE0QOPdOeq9ywwwOOy5y3bA1114GEB1C8iV0UmYEMyeNIWssrbEVkJ93W_xlrWgWlgJqfQLp8_u1t3RTipeGi-gCGspAuL2ppZJvNTU4_axbO7Wv2mJlOiEz6u9z6Sjw5clZPKmKj_5ACdxUGDBq-bCM7I_OpakD65D4BL6LB-wjxOG51HQniaQw0OahyTpiFZRfmNG7avchnGWUveYDgBADAWuBTFJzGGY7e4dFhfQlNPyBQVU2ZjnH7daLBfE8kg5RdKtB9yrP7z19vLrLxwT1TCFMG5TZ-FikV6ug6k87ujcdiaSjGR7pyvCBVLDCUvx9SxTb-zxUQLw7cinWCMe5XmE37_bAR9nwCRrEjGyYhuYqar25SSXiGFPULlg1SKOHRRZ3Kmx4FLvt-oqQ0YSCi1Cs_I2rT1oNAmAihS0mZRA03Kf9upaEZ09Iwtcco4xbjhwAU9GfKF_Eb0MLPqHgPyaOV-MAE5hEiq0nmdLyI9Csdv1vk6WbhHMzcq3D6N83ZwAUPx3jMzcnlgHVL3ZiJbK2DEvT-DZwozkQHmQoKSHjCLmXBf45n", "width": 4510 } ], "place_id": "ChIJ06-6YBjSD4gRJT6gceOTVr0", "rating": 4.5, "reference": "ChIJ06-6YBjSD4gRJT6gceOTVr0", "scope": "GOOGLE", "types": [ "doctor", "point_of_interest", "health", "establishment" ], "user_ratings_total": 12.0, "vicinity": "4733 N Damen Ave, Chicago", "category": "Primary Care Center – Private / Non-profit", "source": "Google Places", "raw_types_str": "doctor, point_of_interest, health, establishment" }, "geometry": { "type": "Point", "coordinates": [ -87.6788636, 41.9679132 ] } },
{ "type": "Feature", "properties": { "business_status": "OPERATIONAL", "icon": "https://maps.gstatic.com/mapfiles/place_api/icons/v1/png_71/generic_business-71.png", "icon_background_color": "#7B9EB0", "icon_mask_base_uri": "https://maps.gstatic.com/mapfiles/place_api/icons/v2/generic_pinlet", "international_phone_number": "+1 773-227-3669", "name": "Aayu Clinics", "opening_hours": { "open_now": true }, "photos": [ { "height": 996, "html_attributions": [ "<a href=\"https://maps.google.com/maps/contrib/112363409057384580503\">Aayu Clinics</a>" ], "photo_reference": "AcnlKN2tsAEBahOgS8973SwGv3Ja6rip40KZz6YhP9aibBOKDtK7YeXoo5J8VOowzv8CGOlopbudCfuOQV7B9THoTHU6w_31VYFnygQXqxhmk87CwwbIXcH34LRaAdflzUxC9cIXR4I5V8hwpxT0cZWB2ICH4aWAPU91uFKiM4ER_kPAedTC1tFrfU4ZfQFLR3QaAlXc_ibDjAvX5DdB0eBPzJFZWVWVyqn2KI_uIv9vuOlJlLBMNdbDhGUlz7XWuwXAzp0P1cQ6Kt78Y1A8iauW13n7fCMsrucZo5NuSLNpem0pMs8SGTk", "width": 1500 } ], "place_id": "ChIJ9yu2LVrSD4gRdw_wywU2a9k", "rating": 4.5, "reference": "ChIJ9yu2LVrSD4gRdw_wywU2a9k", "scope": "GOOGLE", "types": [ "doctor", "point_of_interest", "health", "establishment" ], "user_ratings_total": 2193.0, "vicinity": "1645 W School St Suite A, Chicago", "category": "Primary Care Center – Private / Non-profit", "source": "Google Places", "raw_types_str": "doctor, point_of_interest, health, establishment" }, "geometry": { "type": "Point", "coordinates": [ -87.6702345, 41.9412138 ] } },
{ "type": "Feature", "properties": { "business_status": "OPERATIONAL", "icon": "https://maps.gstatic.com/mapfiles/place_api/icons/v1/png_71/generic_business-71.png", "icon_background_color": "#7B9EB0", "icon_mask_base_uri": "https://maps.gstatic.com/mapfiles/place_api/icons/v2/generic_pinlet", "international_phone_number": "+1 773-989-9118", "name": "Winthrop Medical Center", "opening_hours": null, "photos": [ { "height": 2268, "html_attributions": [ "<a href=\"https://maps.google.com/maps/contrib/101062756899846539773\">NingImages</a>" ], "photo_reference": "AcnlKN1II9xsQ2454xI_udgxovPncHHbWBV24whEuLYgYN1y2H2GBPdyYW9L82qApjvZB4Nv5jXRhBFCzyL4JxfeLFAufoqX2SP4_fYnBNhnRBmsm7mmsKU_KOt6SfWUAT9XaQt0hvhSIrEfJ9qt86ZaWLiDigIEcPL8IiADMPdduXCYOufXNdsm1qsAoqFw6EG07_-GLAHToj_dn01K5sLEIr-sB7G4z_i1KlMfq46jwC-gPjuvovZgAN8oJmufWYyZszf9w2so3vejVY2LTr3P4jqXIcNESs-3YsBwpChnBi2LkwmAvTIF6i74w4GQwinFYD9_g-QPYbeWA5fh4Ap2PlHsTP_PcjgngxfACj6ZN9IG56b4bUhLOH372xGcik0g_QAp1zYQSns9rAdLAsWaKBAf_PRJPcusGyYDH-rHzAwCiwUqVIHfaN0umzp88MhoVyCoW3iqLWpgY0YpfM0-LoMDshlkbT0D-ICCjiSkPWuMztrh_Y9qfukmTiL6MWQJrVkQbSK1FIt8IqZpKVsZRh5OT-eBSQtYwUU9BNDTQjxNL80kubQykj_tUQi4lwtVmwN7jBVG", "width": 4032 } ], "place_id": "ChIJ03AgJNXTD4gRz2w-R2hbDNA", "rating": 4.0, "reference": "ChIJ03AgJNXTD4gRz2w-R2hbDNA", "scope": "GOOGLE", "types": [ "point_of_interest", "establishment" ], "user_ratings_total": 2.0, "vicinity": "4947 N Winthrop Ave, Chicago", "category": "Primary Care Center – Private / Non-profit", "source": "Google Places", "raw_types_str": "point_of_interest, establishment" }, "geometry": { "type": "Point", "coordinates": [ -87.6575999, 41.9729605 ] } },
{ "type": "Feature", "properties": { "business_status": "OPERATIONAL", "icon": "https://maps.gstatic.com/mapfiles/place_api/icons/v1/png_71/generic_business-71.png", "icon_background_color": "#7B9EB0", "icon_mask_base_uri": "https://maps.gstatic.com/mapfiles/place_api/icons/v2/generic_pinlet", "international_phone_number": "+1 773-275-2586", "name": "Heartland Alliance Health Uptown Health Center", "opening_hours": { "open_now": false }, "photos": [ { "height": 3024, "html_attributions": [ "<a href=\"https://maps.google.com/maps/contrib/102721268970555070650\">Scotty Zacher</a>" ], "photo_reference": "AcnlKN21jeVNvohvGb-eKHjxDC9ljbfLor6hkQyCnb_iNKGDiki3Wh4iPd6Izo-UIRg3paIiSkOy-kq04nCK621xUKcllzY0lAi0enxgzKbGlPEi4qYtIcwIjW_a_saOkNevNeCnoniMic9wNmqTLn5tJg9HoJZXPm9INxzpnpwH8GFb8IFGydx2QaLi4FH737ZQrCekupAEflUsN4vXJWfxPz_LBCYgpcxTctkWUKo0d6Uj4HYhhNaAdaXJY8nbkEOejbVSlHCd3F0ioRIIdMaSbuw1TXoIEd9jWalkb-ft3pR0BZKfCzIzPcI8cdwUlxKVP-gaDQChz4wYytu20s3Dd95Hly8OV04rkpAr9_yTWjn34K97dwYm5MKUPgmk_ISVw_l3JqE473oAVUWZkXXiacV-crqD6EP3frN7V_KDzaBEkYHKUA0G5ec6aS0SAbHNjtmI3djzcTCpu6ftvwTLEp0eeBNZFE0Ncp4gssnz4Nb5LkIOyGIwn5fG6oOsZPWHLHEMYYKFcx6HewlTGpyB5XZWB00wjfR13a_5uAFZlRCsQGeqy3_I0sv_Y9glPERlHMBlNeIJeDa39g", "width": 4032 } ], "place_id": "ChIJT-RlbrLTD4gRLN0mWWbCN88", "rating": 2.4, "reference": "ChIJT-RlbrLTD4gRLN0mWWbCN88", "scope": "GOOGLE", "types": [ "point_of_interest", "health", "establishment" ], "user_ratings_total": 21.0, "vicinity": "4009 N Broadway, Chicago", "category": "Primary Care Center – Private / Non-profit", "source": "Google Places", "raw_types_str": "point_of_interest, health, establishment" }, "geometry": { "type": "Point", "coordinates": [ -87.6505933, 41.9549307 ] } },
{ "type": "Feature", "properties": { "business_status": "OPERATIONAL", "icon": "https://maps.gstatic.com/mapfiles/place_api/icons/v1/png_71/generic_business-71.png", "icon_background_color": "#7B9EB0", "icon_mask_base_uri": "https://maps.gstatic.com/mapfiles/place_api/icons/v2/generic_pinlet", "international_phone_number": "+1 773-569-3525", "name": "Midwest Express Clinic Urgent Care", "opening_hours": { "open_now": true }, "photos": [ { "height": 4000, "html_attributions": [ "<a href=\"https://maps.google.com/maps/contrib/101375953464115394526\">Midwest Express Clinic Urgent Care</a>" ], "photo_reference": "AcnlKN1eolNz07NvyuIUa8BsHfu2iomE1jXDy9d-QLPl6XB69ixJdwLEfgZLyAeeGqQ3pfAjn3RsjtXFD84uDvspXpZ1nkp8M5hfLDhdzGkA7Of-HJtCjNGfoHpef2hMtTL3Sr7LLNP_r2VsCYuNYtCF81938r9-75eBVbq7Xc0TyrlthEFny6y1dzwx8NBWRmqs_Cpivqbzwqtw1INzcfSavfVp5qN3dxullpj2Q3qYbqXQsh4YQbFbLr6NnUN7JQXkyOBmdn-44pexGio17DJayWLgUpNHnOouPIiwsMoejdfz83-zuNw", "width": 5489 } ], "place_id": "ChIJm2V_6AnTD4gRqjykFdUJ1o8", "rating": 4.5, "reference": "ChIJm2V_6AnTD4gRqjykFdUJ1o8", "scope": "GOOGLE", "types": [ "doctor", "point_of_interest", "health", "establishment" ], "user_ratings_total": 1385.0, "vicinity": "2868 N Broadway, Chicago", "category": "Urgent Care / Walk-in Clinic", "source": "Google Places", "raw_types_str": "doctor, point_of_interest, health, establishment" }, "geometry": { "type": "Point", "coordinates": [ -87.6444948, 41.9347031 ] } },
{ "type": "Feature", "properties": { "business_status": "OPERATIONAL", "icon": "https://maps.gstatic.com/mapfiles/place_api/icons/v1/png_71/generic_business-71.png", "icon_background_color": "#7B9EB0", "icon_mask_base_uri": "https://maps.gstatic.com/mapfiles/place_api/icons/v2/generic_pinlet", "international_phone_number": "+1 312-227-8800", "name": "Ann & Robert H. Lurie Children's Hospital of Chicago Immediate Care", "opening_hours": { "open_now": true }, "photos": [ { "height": 3932, "html_attributions": [ "<a href=\"https://maps.google.com/maps/contrib/112881117875837566873\">Eran Dromy</a>" ], "photo_reference": "AcnlKN1rnDar6SiP6UCSb8AJb6kmJ4Hkznlupq-5Ro9KBHvMSvgSGtV0OT9wpsjr4yk7r13ObbaXk801jS-WbPEhmTEXjrwYd8RdfgD-KkuKSWK3VyLHrduVKwiwpTTXCU7xrl1hVE8pQzLB08BClYc0kqVfvpH1PNt5l12Kux0uCh0SbE_bfBo85P5VMPa5ab8aW9FnV9KcJXv5tg-6d3HTQAtklBHQmzEu7fpt-KXeGyfuNpuU7eYae3Mpl-dtONwHzhITPsARCSwpIlJVEEgW3-DsK7CObtH8PYXmHDQl1EfADQ4xD1_4y0Hfr5wdl2knXd3J1EZ_qdcimTSo65tlAS4x5od-9JpDUadtHGulCzrrj3JmE4bAA0Jt9Fm_oSxv_KOcAXDc3DzkCFA1LBCJpLSFF0lFIJJhTNVFIj5C9nSVxwohENSiy9UwKZ6RH-TdvrXbCuWK1vRffIIf2k-m7aUF4JlHM6uQilYh6UD1_XFQ-Zr5wGyJwiKwmMfJldLKF_MFBKNymLZmsL6WEsQCJlqxOmBB6x2f_wU3o2pCxSf557QG9eF63382Zhb9eYc3IZ53X-K6", "width": 2620 } ], "place_id": "ChIJDc-HMgfTD4gRSBLtClTMeAA", "rating": 2.9, "reference": "ChIJDc-HMgfTD4gRSBLtClTMeAA", "scope": "GOOGLE", "types": [ "point_of_interest", "health", "establishment" ], "user_ratings_total": 24.0, "vicinity": "2515 N Clark St 9th Floor, Chicago", "category": "Urgent Care / Walk-in Clinic", "source": "Google Places", "raw_types_str": "point_of_interest, health, establishment" }, "geometry": { "type": "Point", "coordinates": [ -87.6415402, 41.9282904 ] } },
{ "type": "Feature", "properties": { "business_status": "OPERATIONAL", "icon": "https://maps.gstatic.com/mapfiles/place_api/icons/v1/png_71/hospital-71.png", "icon_background_color": "#F88181", "icon_mask_base_uri": "https://maps.gstatic.com/mapfiles/place_api/icons/v2/hospital-H_pinlet", "international_phone_number": "+1 847-825-0300", "name": "Advocate Medical Group", "opening_hours": { "open_now": false }, "photos": null, "place_id": "ChIJrRt_pFrJD4gRkEii5KCkLMM", "rating": 4.7, "reference": "ChIJrRt_pFrJD4gRkEii5KCkLMM", "scope": "GOOGLE", "types": [ "hospital", "health", "point_of_interest", "establishment" ], "user_ratings_total": 62.0, "vicinity": "10 N Cumberland Ave, Park Ridge", "category": "Primary Care Center – Private / Non-profit", "source": "Google Places", "raw_types_str": "hospital, health, point_of_interest, establishment" }, "geometry": { "type": "Point", "coordinates": [ -87.8360705, 42.011188100000012 ] } },
{ "type": "Feature", "properties": { "business_status": "OPERATIONAL", "icon": "https://maps.gstatic.com/mapfiles/place_api/icons/v1/png_71/generic_business-71.png", "icon_background_color": "#7B9EB0", "icon_mask_base_uri": "https://maps.gstatic.com/mapfiles/place_api/icons/v2/generic_pinlet", "international_phone_number": "+1 847-292-5200", "name": "Presence Center for Health", "opening_hours": { "open_now": true }, "photos": null, "place_id": "ChIJg9GB4a_JD4gR45qf3m3pOPA", "rating": 2.4, "reference": "ChIJg9GB4a_JD4gR45qf3m3pOPA", "scope": "GOOGLE", "types": [ "health", "point_of_interest", "establishment" ], "user_ratings_total": 28.0, "vicinity": "205 S NW Hwy, Park Ridge", "category": "Primary Care Center – Private / Non-profit", "source": "Google Places", "raw_types_str": "health, point_of_interest, establishment" }, "geometry": { "type": "Point", "coordinates": [ -87.825517, 42.0091703 ] } },
{ "type": "Feature", "properties": { "business_status": "OPERATIONAL", "icon": "https://maps.gstatic.com/mapfiles/place_api/icons/v1/png_71/generic_business-71.png", "icon_background_color": "#7B9EB0", "icon_mask_base_uri": "https://maps.gstatic.com/mapfiles/place_api/icons/v2/generic_pinlet", "international_phone_number": "+1 847-292-5200", "name": "Prime Medical Group Illinois - Primary Care Park Ridge", "opening_hours": { "open_now": true }, "photos": [ { "height": 2177, "html_attributions": [ "<a href=\"https://maps.google.com/maps/contrib/105591988054506668055\">K. Whitson (Picturebykw)</a>" ], "photo_reference": "AcnlKN3qW10GnVjhlkYHgR5p2LpHUsWw4BibaKpHQiX3-0OoBQ_H9oWZBw46U2UAVVb3-1Zfij8PH6cuFC_1wJ3lq3PI8E3uPMz_i_8hph5lP8ySVONB--3Pqgi_-APrduDSPPtpFi0zbiNvQ6XztnztL9GbabgkPOHS5a7E3bXJ7vFevA2zDThwPFvXsy9DyGGSi6MOosD16nW4_kDdOAMXMu9CKV1KK69nkhHdZfIBW_QHFdobByNSnCY1FWUbcNLPiMffPuKMgk0qzD4I-TFCQipjjC803ET88gRL93ybytrq2CmQhF4triH3fArMVLtegl-zlIIbJhUJQWBPdigfwUdeK-1IrjP65W6Mte-lgcUjcSeKGWSYgZkqA7myUMRyhw9O4nq_q1CdheVYdGYuoOrTq4LQqqANvTnwUdYY-m-TcuNVL2HKG7o08h00Nwv1t2Qbli2mSO2IAqREFVzHlt3DpsjtUjWAU4z3Ej4Puq4Rk0JRlYFXIRLJMCWfHIkfo-MrlBR_yySReJRTQnqwVmzUIKWUfx13YvBwkQp4ydQVFCwTUhTnN6WEc4uky1IFIMQ8WV6HprWKbQ", "width": 3514 } ], "place_id": "ChIJh-eSA13JD4gR5VFggHt-7hA", "rating": 4.4, "reference": "ChIJh-eSA13JD4gR5VFggHt-7hA", "scope": "GOOGLE", "types": [ "doctor", "health", "point_of_interest", "establishment" ], "user_ratings_total": 211.0, "vicinity": "205 S NW Hwy, Park Ridge", "category": "Primary Care Center – Private / Non-profit", "source": "Google Places", "raw_types_str": "doctor, health, point_of_interest, establishment" }, "geometry": { "type": "Point", "coordinates": [ -87.8253856, 42.0090509 ] } },
{ "type": "Feature", "properties": { "business_status": "OPERATIONAL", "icon": "https://maps.gstatic.com/mapfiles/place_api/icons/v1/png_71/generic_business-71.png", "icon_background_color": "#7B9EB0", "icon_mask_base_uri": "https://maps.gstatic.com/mapfiles/place_api/icons/v2/generic_pinlet", "international_phone_number": "+1 224-585-7000", "name": "Physicians Immediate Care", "opening_hours": { "open_now": true }, "photos": [ { "height": 2765, "html_attributions": [ "<a href=\"https://maps.google.com/maps/contrib/105591988054506668055\">K. Whitson (Picturebykw)</a>" ], "photo_reference": "AcnlKN2dBZRct81XiafqwPIjq0g21sczJmA2h1mBir7VQbxhTi4sAe5pnhMTR8oUxL--81dUgKE4FELQxAJKn3VeSd1siCvtmsEJE3LwYaz_4lvAOSlrD1RiBRRIc2V9auWYhEugPTtEqpZP-32rAJrsbmUAOgMji2ZspAIC48hoRFDxjKxSJnZG9eFZp06QdNHncVibR_iE5Sx6Cc_qvVJuif3DZ6XTwE1j1XKrS6mnXlMkr5sXQqF89Ew0muTl3Pc7Gim-hNwKfaTcdCZe4Dtgm_nUf5mmSARorZU_0MzsPntI4WqI3iunKvhZQrrJJuNUDvUwNfqOn9_BOsQVNU0VBhlxdUnh30Lq5dh9DHP3CNUau04GgwsYWQguvqufMAVP6vTgJfR4i9Po1N0K17hmMcIFeO4XjjCvu9G9fiiyThKDygKpbumQTXLto0AfD-KX6zKpefBJOpf-XcnGC2A_g7xYr7FgLznVkT2TxpAjQ6NddADZq8LPWmed1Oz7aB7uHzA9ujAqqQRS3N8KHBL9uI6-NFXVyrKKNhYzC0_AYCO-IpymgV_W9syfLKqwQKYOsleXrOMS", "width": 4021 } ], "place_id": "ChIJFVzN46_JD4gRfwV5WFKHFIY", "rating": 4.2, "reference": "ChIJFVzN46_JD4gRfwV5WFKHFIY", "scope": "GOOGLE", "types": [ "doctor", "health", "point_of_interest", "establishment" ], "user_ratings_total": 1271.0, "vicinity": "123 S NW Hwy, Park Ridge", "category": "Urgent Care / Walk-in Clinic", "source": "Google Places", "raw_types_str": "doctor, health, point_of_interest, establishment" }, "geometry": { "type": "Point", "coordinates": [ -87.8269212, 42.0098535 ] } },
{ "type": "Feature", "properties": { "business_status": "OPERATIONAL", "icon": "https://maps.gstatic.com/mapfiles/place_api/icons/v1/png_71/generic_business-71.png", "icon_background_color": "#7B9EB0", "icon_mask_base_uri": "https://maps.gstatic.com/mapfiles/place_api/icons/v2/generic_pinlet", "international_phone_number": "+1 773-763-9305", "name": "Milwaukee Avenue Medical Center", "opening_hours": null, "photos": [ { "height": 3024, "html_attributions": [ "<a href=\"https://maps.google.com/maps/contrib/109915604161367920185\">Stephen Brodsky</a>" ], "photo_reference": "AcnlKN0BjTuvQlJ7dUDjTfhfyMiCSKtXd9UunQHqMyu2trkBjFOqiJE3xNAxGzTlEvDl3cmwMSErnT1EmWTTCCrbVGWFsyuC7Z6k6gNq-Ynwl9XPRNL_1YY7sXwI_9LRIVoc2tCuG0pBTN-IbJZ2ROHeALTw3QyTLU_YfPvYsWSYh2hJLVa8ugsOuWN9LoHtd5ofBgD4PFRWhSyCXVaveocrFqKEfK6ddimfYMutI9-SdsZw5xsTT_QKX2kjsbkB4L1wV-Ryx8aNLwKS7cxL2eHuKKRdfsfVOXk0GdccH4trL5BzdntZY9mdgG5_1XkAnqdzv835xWa3jQeYTZXMUC1OxN0Oqrd1JyFvG_K6b1xeuCurPup89PWL3Cb1wEY0qnkmB6MZE8SmA_b72gppSsOh4Gd8Rs4ihy3dPS_53IZeslCkJ3I6QtOa6B6Ms45vUuZofAXxK_YPYtW7qHK_jvlPPzHxFLZoNi7CZbS2qg7d80FarDbuvhTrTnJPIIX6IJfCi58l_0tEPjWFUJCTKFpAKKK5NM5XGLiiFu1hjwzPK6znAXP7An_0u-rjq_xTWqHbqYQFpXBK", "width": 4032 } ], "place_id": "ChIJVTofhjjJD4gRaHdRX6z90xw", "rating": 5.0, "reference": "ChIJVTofhjjJD4gRaHdRX6z90xw", "scope": "GOOGLE", "types": [ "doctor", "health", "point_of_interest", "establishment" ], "user_ratings_total": 2.0, "vicinity": "6438 N Milwaukee Ave, Chicago", "category": "Primary Care Center – Private / Non-profit", "source": "Google Places", "raw_types_str": "doctor, health, point_of_interest, establishment" }, "geometry": { "type": "Point", "coordinates": [ -87.7890291, 41.9980836 ] } },
{ "type": "Feature", "properties": { "business_status": "OPERATIONAL", "icon": "https://maps.gstatic.com/mapfiles/place_api/icons/v1/png_71/generic_business-71.png", "icon_background_color": "#7B9EB0", "icon_mask_base_uri": "https://maps.gstatic.com/mapfiles/place_api/icons/v2/generic_pinlet", "international_phone_number": "+1 224-888-3033", "name": "Marpeh Urgent Care & Family Health Center", "opening_hours": { "open_now": true }, "photos": [ { "height": 5712, "html_attributions": [ "<a href=\"https://maps.google.com/maps/contrib/114328598213977493703\">Marpeh Urgent Care &amp; Family Health Center</a>" ], "photo_reference": "AcnlKN2cDCQl83kWRzdgM---qKZhWlwVhMNNaL0_ZB_z3zPP2_-fxWyrDZTrgE19S60hiWhZtQj70OeCWSVL-W_wBC80ugz6NImqv1iTca75Lnop3epgT9JawZEcX8CbDRMfm3QncQA4QLWlY4h_aRDGh-RXpeUqBDx2hhBAgsx5RDjgieeND_EMnQQfPGzQYJ6TjH_yxriRCOpp5bzp12d-MfNo3WnDHbuZlsDigE0BM2E6HJD3UsDaGytqPj17KAnfiRO2g66HWQvdpRmbh8KscPm-H6dFQSL4l5PHAfy4BWsQyJiGqY8", "width": 4284 } ], "place_id": "ChIJazAgv1jJD4gRTiT3F6BrTyo", "rating": 4.9, "reference": "ChIJazAgv1jJD4gRTiT3F6BrTyo", "scope": "GOOGLE", "types": [ "health", "point_of_interest", "establishment" ], "user_ratings_total": 262.0, "vicinity": "7800 N Milwaukee Ave suite 103, Niles", "category": "Urgent Care / Walk-in Clinic", "source": "Google Places", "raw_types_str": "health, point_of_interest, establishment" }, "geometry": { "type": "Point", "coordinates": [ -87.8111731, 42.0226238 ] } },
{ "type": "Feature", "properties": { "business_status": "OPERATIONAL", "icon": "https://maps.gstatic.com/mapfiles/place_api/icons/v1/png_71/generic_business-71.png", "icon_background_color": "#7B9EB0", "icon_mask_base_uri": "https://maps.gstatic.com/mapfiles/place_api/icons/v2/generic_pinlet", "international_phone_number": "+1 224-364-2273", "name": "Endeavor Health Immediate Care - Niles", "opening_hours": { "open_now": true }, "photos": [ { "height": 2988, "html_attributions": [ "<a href=\"https://maps.google.com/maps/contrib/106151402460487726600\">Ammo Clip</a>" ], "photo_reference": "AcnlKN3gDUf8T0hOB50QOPl-H8DrVNpZSpZ0HkuhfTHTWrAGdxoNuzUAqrk__H4FN-ynBh7c2X1_zP3LOtxe2nL94WS4i3GckIG4xzMdGStZylFwpL9KPqbTkSAn9ZScM9t7vYW0qISYXWjqzkXINKWrUIqeZOGTVIVefgfWXyy-3Rbxs_RhLWkRlHTcERol1xo-XCb9YjY8dy9Y2kJ4-sBs7vXj44UdUXiNe9bUCQIYxf6ix4_ypsJjJzrZyj5z5X4MaCXLFI45pehWNGgTiiAA0DzyucmFEPYLlvoVNt1t4WQV10l5UfQ5Vfa_BDm2Z85eftEJ1_UifFLOZtxdFdojPuEDFn1D8fNcfNHNQsfth1-R6JAAcSxjdQiWgw18H2xtvR7dRov8Gqe1mLywBvJD1fQUbfleUB-w_X1rF0qYettnXjO3bSjf47r4RLBMzU-sY775FWvxZVDPy1mlZMKoWlwwbsWN8ZpO_daxfqNZyKWX4dierjahLaar-gEPa8LdlHjzeGnA_7dkcOrAR3xwFYiuRfse0i6qVfcZ-T0ePP46zi3TL9IRXVhoYC5Rf-gyi81Y3fgfl5DM-g", "width": 3984 } ], "place_id": "ChIJlSDscSbJD4gRsVnPbmWj72o", "rating": 2.8, "reference": "ChIJlSDscSbJD4gRsVnPbmWj72o", "scope": "GOOGLE", "types": [ "health", "point_of_interest", "establishment" ], "user_ratings_total": 176.0, "vicinity": "6450 Touhy Ave, Niles", "category": "Urgent Care / Walk-in Clinic", "source": "Google Places", "raw_types_str": "health, point_of_interest, establishment" }, "geometry": { "type": "Point", "coordinates": [ -87.7879862, 42.0127693 ] } },
{ "type": "Feature", "properties": { "business_status": "OPERATIONAL", "icon": "https://maps.gstatic.com/mapfiles/place_api/icons/v1/png_71/hospital-71.png", "icon_background_color": "#F88181", "icon_mask_base_uri": "https://maps.gstatic.com/mapfiles/place_api/icons/v2/hospital-H_pinlet", "international_phone_number": "+1 847-242-1001", "name": "Lincolnwood Medical Center", "opening_hours": { "open_now": false }, "photos": [ { "height": 2160, "html_attributions": [ "<a href=\"https://maps.google.com/maps/contrib/115105036417279923368\">Max G</a>" ], "photo_reference": "AcnlKN23L7HyjiFTgHrcFvcXNrLUcSs4YmLyyhXSsfv6lqlhd_jk6ozFkf1-8dNVuUtRpxkKYawMJVSjgCjc0w7sziPGHpTIl5cdKFDXmXXL1jIGBF5Bn3AN1lcAWTvDsRHPBoKb3Wo10OT0u_th6PXY4OB1Z_fIbTbNhnRedz89ObczNE_qu0pWOx8xm7NQOroMgMSKJrfoNY8y8zg24qFCgpAB-_JPm0_gj23piyC7VUJxT-L1Y0RwtyHUG5A0ehVYggAuOcD2tzEiGfSNCbf7sNDGlES-a_UH0i0M9Jb8zseiPxcedA03ALFQnvkpbMRMN3ZubnKJiTCWdEG4FmWPICKvYZvmfxNEZXFkCZjQIem4LZ6QaxkCA2P4WoamfoiHSszZLIM8lSs4or6_gsdVmhSCe6F6IYD32hgKxQ8BC68Nwt-s7eWJQFe4KC7QJMXhCocoTvV2ToX75Bcu9X7S8f86VIO_IaUqsucjn-oZrtkchGtUUN27RTjjoVqH8bg5UTeCt7rwovf17KPXeXaKIE614JER4OPX0CgGaPnVgh73qJZMotyPiKM3sEpDRLxVSCqJbostqa7-MQ", "width": 3840 } ], "place_id": "ChIJI3qUcUHOD4gRkXsBnKlT5yQ", "rating": 4.0, "reference": "ChIJI3qUcUHOD4gRkXsBnKlT5yQ", "scope": "GOOGLE", "types": [ "hospital", "health", "point_of_interest", "establishment" ], "user_ratings_total": 132.0, "vicinity": "6501 Lincoln Ave, Lincolnwood", "category": "Primary Care Center – Private / Non-profit", "source": "Google Places", "raw_types_str": "hospital, health, point_of_interest, establishment" }, "geometry": { "type": "Point", "coordinates": [ -87.7213736, 41.999230100000013 ] } },
{ "type": "Feature", "properties": { "business_status": "OPERATIONAL", "icon": "https://maps.gstatic.com/mapfiles/place_api/icons/v1/png_71/generic_business-71.png", "icon_background_color": "#7B9EB0", "icon_mask_base_uri": "https://maps.gstatic.com/mapfiles/place_api/icons/v2/generic_pinlet", "international_phone_number": "+1 847-568-1500", "name": "CHICAGO MEDICAL CENTER - LINCOLNWOOD", "opening_hours": { "open_now": true }, "photos": null, "place_id": "ChIJmacZW-3OD4gR5nE0UdPMjUw", "rating": null, "reference": "ChIJmacZW-3OD4gR5nE0UdPMjUw", "scope": "GOOGLE", "types": [ "doctor", "health", "point_of_interest", "establishment" ], "user_ratings_total": null, "vicinity": "6400 N Keating Ave, Lincolnwood", "category": "Primary Care Center – Private / Non-profit", "source": "Google Places", "raw_types_str": "doctor, health, point_of_interest, establishment" }, "geometry": { "type": "Point", "coordinates": [ -87.7472919, 41.9975578 ] } },
{ "type": "Feature", "properties": { "business_status": "OPERATIONAL", "icon": "https://maps.gstatic.com/mapfiles/place_api/icons/v1/png_71/hospital-71.png", "icon_background_color": "#F88181", "icon_mask_base_uri": "https://maps.gstatic.com/mapfiles/place_api/icons/v2/hospital-H_pinlet", "international_phone_number": "+1 847-647-0355", "name": "Advocate Outpatient Center", "opening_hours": { "open_now": true }, "photos": null, "place_id": "ChIJAQAAACfJD4gRszPcm19fFls", "rating": 2.5, "reference": "ChIJAQAAACfJD4gRszPcm19fFls", "scope": "GOOGLE", "types": [ "hospital", "health", "point_of_interest", "establishment" ], "user_ratings_total": 8.0, "vicinity": "5540 W Touhy Ave, Skokie", "category": "Primary Care Center – Private / Non-profit", "source": "Google Places", "raw_types_str": "hospital, health, point_of_interest, establishment" }, "geometry": { "type": "Point", "coordinates": [ -87.766338499999989, 42.012138 ] } },
{ "type": "Feature", "properties": { "business_status": "OPERATIONAL", "icon": "https://maps.gstatic.com/mapfiles/place_api/icons/v1/png_71/hospital-71.png", "icon_background_color": "#F88181", "icon_mask_base_uri": "https://maps.gstatic.com/mapfiles/place_api/icons/v2/hospital-H_pinlet", "international_phone_number": "+1 773-545-2525", "name": "Central Medical Clinic Of Chicago", "opening_hours": { "open_now": false }, "photos": null, "place_id": "ChIJ0TVPQAXMD4gR8-RtnnpXU7U", "rating": 3.5, "reference": "ChIJ0TVPQAXMD4gR8-RtnnpXU7U", "scope": "GOOGLE", "types": [ "hospital", "health", "point_of_interest", "establishment" ], "user_ratings_total": 13.0, "vicinity": "5605 W Gunnison St, Chicago", "category": "Primary Care Center – Private / Non-profit", "source": "Google Places", "raw_types_str": "hospital, health, point_of_interest, establishment" }, "geometry": { "type": "Point", "coordinates": [ -87.7676564, 41.9685736 ] } },
{ "type": "Feature", "properties": { "business_status": "OPERATIONAL", "icon": "https://maps.gstatic.com/mapfiles/place_api/icons/v1/png_71/generic_business-71.png", "icon_background_color": "#7B9EB0", "icon_mask_base_uri": "https://maps.gstatic.com/mapfiles/place_api/icons/v2/generic_pinlet", "international_phone_number": "+1 224-364-2273", "name": "Endeavor Health Immediate Care - Skokie Commons", "opening_hours": { "open_now": true }, "photos": [ { "height": 4032, "html_attributions": [ "<a href=\"https://maps.google.com/maps/contrib/102749029885988827513\">Jorge Reyes</a>" ], "photo_reference": "AcnlKN089TfUAk30YxOu9TcJZtJZaK1XlRxrvKErDYYRUyqNq17UTuG-Pp-ZAaJdVXG8CwGJtliKuLe4NAOUx9qwerEF4ONe1jdMw0m7EwhdHVSWF7OCZlli0di9JgTfOfGrZNxlm0g8FyUAJMTrUu5CnGI0FPb6QZ-jimsz-f-V4P375tTa1_m2xPBSN7wVfLB6TY0RwCJOYFZ2s8lM62DhIrjpnLMSkMX2fVsTJ4uki-wFc6gsNuSZ7mS8vr-mitXWZU_cx8HswZPAkeVW_FW41tQvXgRw1TcWYwCfYP0ppU5eA7ZeCezlsiSmzT0n90OQqgfFpyD5iyVBIObOvlW4VvVL0h9uTj2fJClhZ_DMePDTeH6hy4ZGTh_mEAimADt1wx9pV5iYYXj4cUPn-d60j6lbXlVffZ3jJhff5uIIKTl-7axq66Wj-BAfyY3BMbSblnaF1ZZa81-q-mqNCGdoH3ogwcmxnvrpQPohbiawbWd_ECG94Or6_B9Ri1FvbF901YI9r44xzl4caYfpawXfMqu0liLvE90ERJAMYdP2pxUzF8habUHJYrTWLaKZy2BTFHU14g", "width": 3024 } ], "place_id": "ChIJNxjUQP3PD4gRLXgfzt1E7t4", "rating": 3.2, "reference": "ChIJNxjUQP3PD4gRLXgfzt1E7t4", "scope": "GOOGLE", "types": [ "health", "point_of_interest", "establishment" ], "user_ratings_total": 111.0, "vicinity": "3304 W Touhy Ave, Skokie", "category": "Urgent Care / Walk-in Clinic", "source": "Google Places", "raw_types_str": "health, point_of_interest, establishment" }, "geometry": { "type": "Point", "coordinates": [ -87.7117811, 42.0131129 ] } },
{ "type": "Feature", "properties": { "business_status": "OPERATIONAL", "icon": "https://maps.gstatic.com/mapfiles/place_api/icons/v1/png_71/generic_business-71.png", "icon_background_color": "#7B9EB0", "icon_mask_base_uri": "https://maps.gstatic.com/mapfiles/place_api/icons/v2/generic_pinlet", "international_phone_number": "+1 773-465-3500", "name": "Devon Medical Center", "opening_hours": { "open_now": true }, "photos": null, "place_id": "ChIJC8IYWyLOD4gRtr0S9f7ITE4", "rating": 4.0, "reference": "ChIJC8IYWyLOD4gRtr0S9f7ITE4", "scope": "GOOGLE", "types": [ "doctor", "health", "point_of_interest", "establishment" ], "user_ratings_total": 30.0, "vicinity": "2321 W Devon Ave, Chicago", "category": "Primary Care Center – Private / Non-profit", "source": "Google Places", "raw_types_str": "doctor, health, point_of_interest, establishment" }, "geometry": { "type": "Point", "coordinates": [ -87.6883723, 41.9976521 ] } },
{ "type": "Feature", "properties": { "business_status": "OPERATIONAL", "icon": "https://maps.gstatic.com/mapfiles/place_api/icons/v1/png_71/hospital-71.png", "icon_background_color": "#F88181", "icon_mask_base_uri": "https://maps.gstatic.com/mapfiles/place_api/icons/v2/hospital-H_pinlet", "international_phone_number": "+1 773-751-7800", "name": "Tapestry 360 Health - Devon", "opening_hours": { "open_now": true }, "photos": [ { "height": 3006, "html_attributions": [ "<a href=\"https://maps.google.com/maps/contrib/101237631178981741359\">Andrew Entin</a>" ], "photo_reference": "AcnlKN3_A_6f4MilPCxtWAwOQWc8u3jWmMUH1tI8kCXnMQQJeDbaB09VBHSsGj_-LH08w3GrSatQNaeyp3fXt9JS7bngsiqp9ZJZkHMDoRNSP7S3GoECr6jcdE968oIT1zHe6SJ8wI-XWEEbTV38yfwYfuVqMPt1C7t77aVF-A2uLHeOD9vE7Lt0_xyzBFSwsji6-ToHCZuLtMghkF49vzPaMrmYADRXBZRBfP9gBz9gGM73w3C43RG20Z6zZykE1ZiJsBUaVKCkUryHGmwmHIh4LUioVZS9cyAjqUxthFbX3hoOzb1i9iHzGnBjnpZ67ylQoQf433DnC5U20fz9p0kU0Z4IqyQJ5lv_Gu3dqkYklRoWNjf8ZngsbUdo3XbbvALWXdA8JrsBFIkjWIUEDlq0OJUuGcw1UUOrf49t41r9iCftjQNjSQdS7265CwJdFwkd1Mc6npD14fV_p5l9k4pC3OMovLlf0_TZAHb0CWckWB-O8J_WeEXiSdp5IUEwdU8KCI8Z4xAoWLPpLMAZIUU4qkXqws6ioBOVh3aK28yDbqsPmF_IrxbFDDQH99MkF82Iakpycsma", "width": 5344 } ], "place_id": "ChIJW81J2KPRD4gRfahkHn0YuR0", "rating": 3.1, "reference": "ChIJW81J2KPRD4gRfahkHn0YuR0", "scope": "GOOGLE", "types": [ "hospital", "health", "point_of_interest", "establishment" ], "user_ratings_total": 127.0, "vicinity": "1300 W Devon Ave, Chicago", "category": "Primary Care Center – Private / Non-profit", "source": "Google Places", "raw_types_str": "hospital, health, point_of_interest, establishment" }, "geometry": { "type": "Point", "coordinates": [ -87.6633967, 41.9983473 ] } },
{ "type": "Feature", "properties": { "business_status": "OPERATIONAL", "icon": "https://maps.gstatic.com/mapfiles/place_api/icons/v1/png_71/generic_business-71.png", "icon_background_color": "#7B9EB0", "icon_mask_base_uri": "https://maps.gstatic.com/mapfiles/place_api/icons/v2/generic_pinlet", "international_phone_number": "+1 224-307-8550", "name": "ACCESS Evanston Family Health Center", "opening_hours": { "open_now": true }, "photos": [ { "height": 2195, "html_attributions": [ "<a href=\"https://maps.google.com/maps/contrib/109669855484647094723\">David Johnsen</a>" ], "photo_reference": "AcnlKN3sls2kGSWgjFiDbAJVbqU5P_viDnjV1HKuSRiWqEDkij0NpoU_YR4HImbc4oS18Da9tlFS3KufAOYdUB4odRF2qBcDjcgivuXPzk422HCK6JxuRiTqiSZ6bDGCKftiid4L0YrQY4p2xNi79U7RFNw2sLFllIsAi6HcV6anPZPSJXO7X_WxLWAchLSk5ODRKZzrfBefJBaKReDJfiBFyEOywj7kTLLCQRgBKur4WenHn59Gji4oi5XPIn-kQc5r2RjOWWX6PO2IQQkcYIbs3JHlzEVkzlkEJMfwQ4Y9B02-a-tfvyW6roViny6VZJhUEJVkRDkwEWCm6e2QpRWLqCaUMw1d4FUijRUdI33BIcVkxF4py2Wv3FjXsOXX0cfqtzz2p1vShPEXeYLaQJUIf6qhtLcwE6rAEJPbg1vXEAuRmlYhTBQAoXWZwNEha6qdmK9Qa99Q8nTDzNZIwJMRSTj3yDwqAwmktOQdcwqXT5awETYCUNqVaiwMpc7Iq4etNYjqnKLhqHKdu7Kx6ZJiKEgu6pUJK5JNsuVBTctz4tqN2SsCR9mSVqVKv3m3y0F0ysXIsPZU", "width": 2901 } ], "place_id": "ChIJaRxw_0rQD4gRsfGwY9EzuEo", "rating": 3.4, "reference": "ChIJaRxw_0rQD4gRsfGwY9EzuEo", "scope": "GOOGLE", "types": [ "doctor", "health", "point_of_interest", "establishment" ], "user_ratings_total": 93.0, "vicinity": "1723 W Howard St, Evanston", "category": "Primary Care Center – Private / Non-profit", "source": "Google Places", "raw_types_str": "doctor, health, point_of_interest, establishment" }, "geometry": { "type": "Point", "coordinates": [ -87.6975529, 42.019464 ] } },
{ "type": "Feature", "properties": { "business_status": "OPERATIONAL", "icon": "https://maps.gstatic.com/mapfiles/place_api/icons/v1/png_71/hospital-71.png", "icon_background_color": "#F88181", "icon_mask_base_uri": "https://maps.gstatic.com/mapfiles/place_api/icons/v2/hospital-H_pinlet", "international_phone_number": "+1 773-973-2400", "name": "Sahara Medical Center", "opening_hours": { "open_now": false }, "photos": [ { "height": 1255, "html_attributions": [ "<a href=\"https://maps.google.com/maps/contrib/109669855484647094723\">David Johnsen</a>" ], "photo_reference": "AcnlKN0xB_sJXYitoGdHkJKaJGeKlAzBh03tMgWPbwdVjtBkv9HtdNpV82LS_ygikMs8tcgX259e5spFhtLuJViZ82UedUaR8ztto30YYEzul4LUzrd-3tCofDhuXDKyKhUPpj0A99VHI1rs4EjmVKRHfVpmRODmQEPIq8kWxze8agNGs6-5iowLtmxJcs86r8Q4Ru3aE2Wb0TnVz6wy5GPdeYRynYwMyCVX88XkrfI9OAq15r87kgWxLeaHL-O_3d78-A7ztcVyZoaWKKeYVxNmuTDtxMgG-5-GTn-bdYmv-vz9FWJhMBpUBOZDizVhEFHuYURs7AQ3C7d0vAvEEC0tUhss1kAJre24uONs20ndg4NkOcxFP8XqkNyv5vXmODcwO_LcUQaUy_dSBMQTQmNr0OVtS3FamrncW1Gf-CMXBVXwMJmI_xB4LogK4hr4Mwuig9idEnz88Ka-Fp3d2zUgchzC75SdzXXqCe9nGc2ajBD5FhDzUY-YXIeiu5kHDQypiGJcG665tQo7h5m29kDzxbLNpqVxN5GjK_rW_gdJyWxPEM_cskPrzJpqeOQ7s8v_ut93F5hR", "width": 1375 } ], "place_id": "ChIJV1CHeMHRD4gRyUYusC1kqVc", "rating": 4.2, "reference": "ChIJV1CHeMHRD4gRyUYusC1kqVc", "scope": "GOOGLE", "types": [ "hospital", "doctor", "health", "point_of_interest", "establishment" ], "user_ratings_total": 40.0, "vicinity": "2054 W Devon Ave, Chicago", "category": "Primary Care Center – Private / Non-profit", "source": "Google Places", "raw_types_str": "hospital, doctor, health, point_of_interest, establishment" }, "geometry": { "type": "Point", "coordinates": [ -87.6822908, 41.9980736 ] } },
{ "type": "Feature", "properties": { "business_status": "OPERATIONAL", "icon": "https://maps.gstatic.com/mapfiles/place_api/icons/v1/png_71/generic_business-71.png", "icon_background_color": "#7B9EB0", "icon_mask_base_uri": "https://maps.gstatic.com/mapfiles/place_api/icons/v2/generic_pinlet", "international_phone_number": "+1 773-388-1600", "name": "Howard Brown Health Clark", "opening_hours": { "open_now": true }, "photos": [ { "height": 1836, "html_attributions": [ "<a href=\"https://maps.google.com/maps/contrib/102721268970555070650\">Scotty Zacher</a>" ], "photo_reference": "AcnlKN3VhKlkbwtIRO8hv061UJZq3JaLm3Zc7PZUOOebOR9mQFT4CpcB8-rf-wrWdZfxSGa7enVu7ybq0VayX7NUagWBpil0ch3vrCCwxA79kpfixWtRzTg7BZtzDNwJj6eeLdTb8G3MxLKUPfV3ZGmhSPPm3X6AnrTq0R4PRNPQRBJHBpmapWZdatpVzDH4FmJ3Ql9mY0UPkb08PVfL5Gtwqb3214Di5nfDUdLJZ5j8bMDVqmt925I7IZHZuqu3rU7-DkdtbTeb7XErOD70z3ZsCZ4WFfbwu0D8iitGEaIvdmSD7FbydmTXcWZR5dVwLos5J9g__8TwDq69Sxxy9ZMXFDsSV3lfyi5iu-mQZy95Wt7FqnIO7mHxo6WdbxwpGyrPW8pEPoa-jVkdryyCObynSp_u1yBMLTtiu70HCCNmwEf-IxVM3ZoDJj8UvyMlleHW_bQvdTF-gfKXq_f_GtBYh9ldo-8HnhK6W83LG5mF8f_einCOQ3yhQNzAetVleV_JOuJLFbEvPWNve-ya4qTPGFIN567W_dqF_UQWjvTBqX3LvGYDgi9pQv6z2QAR73EFG5TWFQ", "width": 2318 } ], "place_id": "ChIJDc_JdLzRD4gRXcrAFLr39Dg", "rating": 3.3, "reference": "ChIJDc_JdLzRD4gRXcrAFLr39Dg", "scope": "GOOGLE", "types": [ "health", "point_of_interest", "establishment" ], "user_ratings_total": 164.0, "vicinity": "6500 N Clark St, Chicago", "category": "Primary Care Center – Private / Non-profit", "source": "Google Places", "raw_types_str": "health, point_of_interest, establishment" }, "geometry": { "type": "Point", "coordinates": [ -87.6714074, 42.0000343 ] } },
{ "type": "Feature", "properties": { "business_status": "OPERATIONAL", "icon": "https://maps.gstatic.com/mapfiles/place_api/icons/v1/png_71/generic_business-71.png", "icon_background_color": "#7B9EB0", "icon_mask_base_uri": "https://maps.gstatic.com/mapfiles/place_api/icons/v2/generic_pinlet", "international_phone_number": "+1 773-747-3030", "name": "Family Urgent Care", "opening_hours": { "open_now": true }, "photos": [ { "height": 4032, "html_attributions": [ "<a href=\"https://maps.google.com/maps/contrib/116897818081891789866\">Family Urgent Care</a>" ], "photo_reference": "AcnlKN0_5d3GmQtQmVDj1Nl2yv1U5P2c33WmwW66mnM_Qpl6h2JFbh-zHbcW1dks4WDfHkg4exuAsyINGmILRYUnMM3Vk3ietjfV97hjq0qZ8_MO06U2vYsnH84pqAslEzvmTetOojQYHdrSQQKwD1R0UAU3PU_2vE-zcEcYe5AjVhEf5PBIsVKXi6sVlnBlMTNWBtQuM9Ie1S255ZrhGXKRj-wnBZg1MFRTQs_CIyW-4z5JVukj_N7oWtCTlfk2BczTRS2B1ug82j_GGJ1xkkpepRa1IA3SF26mPDAUZ3fvghZoH7mI", "width": 3024 } ], "place_id": "ChIJb8ObQrvRD4gR0T2ttvLGkrY", "rating": 4.8, "reference": "ChIJb8ObQrvRD4gR0T2ttvLGkrY", "scope": "GOOGLE", "types": [ "health", "point_of_interest", "establishment" ], "user_ratings_total": 1762.0, "vicinity": "2338 W Morse Ave Unit 1A - 1B, Chicago", "category": "Urgent Care / Walk-in Clinic", "source": "Google Places", "raw_types_str": "health, point_of_interest, establishment" }, "geometry": { "type": "Point", "coordinates": [ -87.6897885, 42.0073362 ] } },
{ "type": "Feature", "properties": { "business_status": "OPERATIONAL", "icon": "https://maps.gstatic.com/mapfiles/place_api/icons/v1/png_71/hospital-71.png", "icon_background_color": "#F88181", "icon_mask_base_uri": "https://maps.gstatic.com/mapfiles/place_api/icons/v2/hospital-H_pinlet", "international_phone_number": "+1 773-878-3627", "name": "Family Medicine Foster Medical Pavilion", "opening_hours": { "open_now": true }, "photos": [ { "height": 3264, "html_attributions": [ "<a href=\"https://maps.google.com/maps/contrib/108282013650850166084\">marie carolynn</a>" ], "photo_reference": "AcnlKN0VFANQ2aPwoekMI2o3YbLTu-_l-QrJQJqGYLMdEq5GqCCcoV6ZrEokdpmwcqepEaZ-rirCEpiSDtK8eKrasg4knYkmthAtaH32LZymkuoeK3gv1-ODwVpYxaxpIb-nn-h7txxObImid6l3NwBBKz5OQosBCbzmALiLIcm7jcftODcZcUou5Lk-Ts5gy0wMJu1EESYMZ62dZqJpqlrHfODMiyTRqxDk0QJy4z6iM9MynLMrh-8-n__JG0vPxaz0nPIqOdsbbv69nkvjUViKcwYZsPJbZuwbIbr-iikCYQroJNC2jlz-43F7D1Xx9aCe4SUmxykVkgVvcktvNElKf_VDaCQDOpHHQtObACo-hOp3T5Hy0H330mas8Z4KwfZDo70s7SINRxX87Euwe__8WLV-8n0ZFzt8W4f_VLkxVSwytr6rYMpl6lOf-jf8kOfbvt_KtOQR6UerJ90ARqx-Qf5v6oXRTTEMgrioEjaO_EUgGh0AiF6h-xHGkzVUnG1_1GxbIJF8miRYBI8T8yl87VAiEZUngWouYCHrBhUbKFbCk-Vp7j_Nz9YZgBjGFnWPeSHA9REw", "width": 2448 } ], "place_id": "ChIJs3vuJa3PD4gRXIl0N2-AQXw", "rating": 3.0, "reference": "ChIJs3vuJa3PD4gRXIl0N2-AQXw", "scope": "GOOGLE", "types": [ "hospital", "health", "point_of_interest", "establishment" ], "user_ratings_total": 2.0, "vicinity": "5215 N California Ave #602, Chicago", "category": "Primary Care Center – Private / Non-profit", "source": "Google Places", "raw_types_str": "hospital, health, point_of_interest, establishment" }, "geometry": { "type": "Point", "coordinates": [ -87.6985927, 41.9762513 ] } },
{ "type": "Feature", "properties": { "business_status": "OPERATIONAL", "icon": "https://maps.gstatic.com/mapfiles/place_api/icons/v1/png_71/generic_business-71.png", "icon_background_color": "#7B9EB0", "icon_mask_base_uri": "https://maps.gstatic.com/mapfiles/place_api/icons/v2/generic_pinlet", "international_phone_number": "+1 773-465-0695", "name": "Howard Greenview Medical Center", "opening_hours": { "open_now": false }, "photos": null, "place_id": "ChIJ29rf5E3QD4gRAJtniV_6lYg", "rating": 4.0, "reference": "ChIJ29rf5E3QD4gRAJtniV_6lYg", "scope": "GOOGLE", "types": [ "health", "point_of_interest", "establishment" ], "user_ratings_total": 2.0, "vicinity": "1506 W Howard St, Chicago", "category": "Primary Care Center – Private / Non-profit", "source": "Google Places", "raw_types_str": "health, point_of_interest, establishment" }, "geometry": { "type": "Point", "coordinates": [ -87.6686565, 42.0194816 ] } },
{ "type": "Feature", "properties": { "business_status": "OPERATIONAL", "icon": "https://maps.gstatic.com/mapfiles/place_api/icons/v1/png_71/generic_business-71.png", "icon_background_color": "#7B9EB0", "icon_mask_base_uri": "https://maps.gstatic.com/mapfiles/place_api/icons/v2/generic_pinlet", "international_phone_number": "+1 773-338-8343", "name": "Ridge Medical Center", "opening_hours": { "open_now": false }, "photos": [ { "height": 2490, "html_attributions": [ "<a href=\"https://maps.google.com/maps/contrib/109669855484647094723\">David Johnsen</a>" ], "photo_reference": "AcnlKN1v3l0xlHwTJiJS4hW8kbzQDsCZPSuG_DX8HYKd3Gdh_jbJwF1Hv7e-zuGZGzoncnUQ_PMKtNcKcKZ71Ix8HC4bjq3Z41bw5IuyDPMVOiwk-R6MvNPu8ZrvFsBqP_6vsTlzFTq8u9xXR55DoItee7C_2wbKRjIglp9Ms_GOP0bUBjfWK91agrjS8drfPPXkf8r_qpk2IBgGFpkVpfb8My7lmLzBY-xSxGng12tqd2K0QXHdyR4jhcTYiYgNwtwZ86lAIMG9DEeD92lwzzHSDUwRXiEmS_lqS7jcveQwY8C5PBFwkRzJt3pwjZdOV_oBc3lXsmysWJJ80fmqqjw18gOt2dF0LMJKxgt4c2J0ZgSRe1wlcr7VssUnQQMxZfg0MUwkj_dYGaRuUAX718vIsaiHAm3A-n8UmxNZKJVqzaiRW9JxssjEq7pfuFuvVQLBj06eDhHFiBUuxv8rfWigrtvujYa13hr217iFsr_2wwQ3T1yezQo0SvFB4jVC2lwhOgjPsGwqISFgx3-Q24OJVmUCDmb5hGVn1oFo_N_H4aoFgW21uVQm3dIsQRVxw2WAY5sA7Lin", "width": 2759 } ], "place_id": "ChIJG59UeMzRD4gRhfcn7HaCMno", "rating": 5.0, "reference": "ChIJG59UeMzRD4gRhfcn7HaCMno", "scope": "GOOGLE", "types": [ "doctor", "health", "point_of_interest", "establishment" ], "user_ratings_total": 5.0, "vicinity": "7133 N Ridge Blvd, Chicago", "category": "Primary Care Center – Private / Non-profit", "source": "Google Places", "raw_types_str": "doctor, health, point_of_interest, establishment" }, "geometry": { "type": "Point", "coordinates": [ -87.6828662, 42.0123135 ] } },
{ "type": "Feature", "properties": { "business_status": "OPERATIONAL", "icon": "https://maps.gstatic.com/mapfiles/place_api/icons/v1/png_71/hospital-71.png", "icon_background_color": "#F88181", "icon_mask_base_uri": "https://maps.gstatic.com/mapfiles/place_api/icons/v2/hospital-H_pinlet", "international_phone_number": "+1 773-751-7800", "name": "Tapestry 360 Health - Touhy", "opening_hours": { "open_now": false }, "photos": [ { "height": 1363, "html_attributions": [ "<a href=\"https://maps.google.com/maps/contrib/117316455933349667897\">Tapestry 360 Health - Touhy</a>" ], "photo_reference": "AcnlKN3HxAy5Ke3N_NdjXFN0Nx3xvlvjkuDqAllAMJ8plJaTSXPIIzdK2iRq6pv8QW2vIylqH9QAoYz3BZrZWjjxRvWwgZ3u1mL7q2uQu2XgUsVtAfepCcmteWlcM3vuRatC0Kc57b7ewV5HCX1fL2GjTs4vML6N4GiCjtCet6zmnbuG6BJEi3sc4xlRmBrgPwoFYRCjpvSNLqfWTMkCRufDoIqwK5a7p74rYMj19JlH36MQIfC5q7PigIYEqwND1MR9iwEe9Bc9e7f5u8s92cmPJl-oQMsn4Ipe7cmfQh8TtN6K9RLLIENNDylKnC4Dz2TRO3OSXGPPh9VbgGiIxpofwmvJolR-Ksayd1fVacPRri5yHw3uqtN8mJHf4cYGVbXvW8QeC7t8sPypEWS07PozKV6tsqT_D07MgdXVw-98AZZkyPGzKOP8xQFl7mTH3MAhoL5Zj60NbtHuwFXxdk69Vq9MeLOFIzr8jB9bLn4xhuygvz6PnVAk2_6shgaKkmMjyVUosX--CYH4X_UwnXb8ee2iMcWhoFI-_B2D7Cy_JOmFForqIdSCbgMXVxuHRXKKYSH_xAcX", "width": 2048 } ], "place_id": "ChIJS4Xsos3RD4gR5SIgZHwvE7s", "rating": 3.4, "reference": "ChIJS4Xsos3RD4gR5SIgZHwvE7s", "scope": "GOOGLE", "types": [ "hospital", "doctor", "health", "point_of_interest", "establishment" ], "user_ratings_total": 37.0, "vicinity": "2200 W Touhy Ave, Chicago", "category": "Primary Care Center – Private / Non-profit", "source": "Google Places", "raw_types_str": "hospital, doctor, health, point_of_interest, establishment" }, "geometry": { "type": "Point", "coordinates": [ -87.686419, 42.0124259 ] } },
{ "type": "Feature", "properties": { "business_status": "OPERATIONAL", "icon": "https://maps.gstatic.com/mapfiles/place_api/icons/v1/png_71/hospital-71.png", "icon_background_color": "#F88181", "icon_mask_base_uri": "https://maps.gstatic.com/mapfiles/place_api/icons/v2/hospital-H_pinlet", "international_phone_number": "+1 773-878-8200", "name": "Endeavor Health Swedish Hospital", "opening_hours": { "open_now": true }, "photos": [ { "height": 2408, "html_attributions": [ "<a href=\"https://maps.google.com/maps/contrib/108585025234485852384\">David Herszenson</a>" ], "photo_reference": "AcnlKN2WOkYo9D_q1bOnmBN8jisX2uWCPugadm9OLeZvRC4U9zvtsFgwtkZ4fZ-_5W0f6oHtGpLt9CpHbVp-_bh4adD9Ud978ZnXgeGhGe6PITaDg5oVfltvKJS8XGo-xKeq2UnO7M_y0OytonLp61zwtmmGneCf3JRwyzA1AuMt0nEVEc1wMTFj9j1iROVJOlkSxNn4AR6hx3Jh8u40P7tDzZEEcmD8w3_28dWaEVYR7JXhJO_rzW36WK8TJLxkfRYkengVoCt74y6TyGNQ5xe2UMwG7zxI_L4C4vd8i1lYRAyj8c9RqBMoan7rW7b7YU7IMnaDiRigrGcBf6FRe2pJviAG1fVLd5kDrN9_PRvdcPsKWyleXmgPTyWMp0HtHdH7DP_bGevOAvF4-FM1nk8KcG-_ghvxNoLuy5zHT6EY4_HWNGjz9fbvtx2viebPzDK-RKS3XaQY3MBjGYOoR0F0b9kK5WgBPyemIzSjkjsdpfB0wXGLKAcyDOSZYX9Yb5m235Momr0GZoMtohsn_6ra34zVOOTYbkW38jzSvSlJdOS7FK3fa2NySWi6LacB8M7hCuGnSg", "width": 3764 } ], "place_id": "ChIJcVLZyP_ND4gRvlIwjoadzps", "rating": 2.5, "reference": "ChIJcVLZyP_ND4gRvlIwjoadzps", "scope": "GOOGLE", "types": [ "hospital", "point_of_interest", "health", "establishment" ], "user_ratings_total": 907.0, "vicinity": "5140 N California Ave, Chicago", "category": "Hospital – Private / Non-profit", "source": "Google Places", "raw_types_str": "hospital, point_of_interest, health, establishment" }, "geometry": { "type": "Point", "coordinates": [ -87.6993399, 41.9753388 ] } },
{ "type": "Feature", "properties": { "business_status": "OPERATIONAL", "icon": "https://maps.gstatic.com/mapfiles/place_api/icons/v1/png_71/generic_business-71.png", "icon_background_color": "#7B9EB0", "icon_mask_base_uri": "https://maps.gstatic.com/mapfiles/place_api/icons/v2/generic_pinlet", "international_phone_number": "+1 773-764-7146", "name": "ACCESS Rogers Park Family Health Center", "opening_hours": { "open_now": false }, "photos": [ { "height": 820, "html_attributions": [ "<a href=\"https://maps.google.com/maps/contrib/115314731973398550312\">ACCESS Rogers Park Family Health Center</a>" ], "photo_reference": "AcnlKN2nq9uT8K5s6pph8tu1Dozrw9g4_sle0ZnB74jByTaKgVxtVpQ4S5wIvvxrbG3PPXOie5qMW_WCQT3hahfhdkbRmpEf1J_PNfcMtyGNkKPF_eMbjcSuhSp0xz2n-1NTjy412nVvBKtKnWBIegbvvSoQmqVmM2bbfp1Y5ADHUIS58N01uDR7iuwtad7sJzl1JjM_ONyuC1Np2wd4CnZ5oZC38QAG2MiS2bdIJKy4gW7U6FtAfDsVbStn7wILXoxMrYlxRiwOutooBRj4DcLBnbjqCcwuTlHFh1gmKuLDxeCZnX-W_JY", "width": 820 } ], "place_id": "ChIJNadxzU3QD4gRX036ZxDnC6Q", "rating": 3.8, "reference": "ChIJNadxzU3QD4gRX036ZxDnC6Q", "scope": "GOOGLE", "types": [ "doctor", "point_of_interest", "health", "establishment" ], "user_ratings_total": 66.0, "vicinity": "1555 W Howard St, Chicago", "category": "Primary Care Center – Private / Non-profit", "source": "Google Places", "raw_types_str": "doctor, point_of_interest, health, establishment" }, "geometry": { "type": "Point", "coordinates": [ -87.6702287, 42.019272699999988 ] } },
{ "type": "Feature", "properties": { "business_status": "OPERATIONAL", "icon": "https://maps.gstatic.com/mapfiles/place_api/icons/v1/png_71/generic_business-71.png", "icon_background_color": "#7B9EB0", "icon_mask_base_uri": "https://maps.gstatic.com/mapfiles/place_api/icons/v2/generic_pinlet", "international_phone_number": "+1 773-766-1090", "name": "Optima Medical Center", "opening_hours": { "open_now": false }, "photos": [ { "height": 616, "html_attributions": [ "<a href=\"https://maps.google.com/maps/contrib/100234478501191007623\">Optima Medical Center</a>" ], "photo_reference": "AcnlKN2EPsbKqK8rMXd6XiomZ5V7MnIxzuwSDBBNW9L7P_a7lreJSUZfFUISSqfVa4g6R0FHP4ac6lLMDD-ASA0Zf5AeTvBc-AwE8XaCH1e1nwCSrugx42ZsqHRuaVRRk90oGqfWjPGkbCrIluMyEIbgFiKCl-jQtIR2UOVcXk79zu46AGDRVBhrUAumGJQeiDGlsGqJHpi9Di1zrGddIrwGw-dY2MR0JQUiw7c81x25qRZpld5ipl-wG8uRipiCS_CRhUoc5fKmJAJxwXINJEN9zq7FO2h8Fi1DkFf_aHYjpOd3CtKcLn8", "width": 1024 } ], "place_id": "ChIJa3_aEgzRD4gRcwViIj2iTiE", "rating": 4.7, "reference": "ChIJa3_aEgzRD4gRcwViIj2iTiE", "scope": "GOOGLE", "types": [ "point_of_interest", "health", "establishment" ], "user_ratings_total": 229.0, "vicinity": "6759 N Clark St, Chicago", "category": "Primary Care Center – Private / Non-profit", "source": "Google Places", "raw_types_str": "point_of_interest, health, establishment" }, "geometry": { "type": "Point", "coordinates": [ -87.6728494, 42.0050851 ] } },
{ "type": "Feature", "properties": { "business_status": "OPERATIONAL", "icon": "https://maps.gstatic.com/mapfiles/place_api/icons/v1/png_71/generic_business-71.png", "icon_background_color": "#7B9EB0", "icon_mask_base_uri": "https://maps.gstatic.com/mapfiles/place_api/icons/v2/generic_pinlet", "international_phone_number": "+1 773-761-0300", "name": "AHS Family Health Center", "opening_hours": { "open_now": false }, "photos": null, "place_id": "ChIJUaGB2q_RD4gRhKP8iwPmQZk", "rating": 2.1, "reference": "ChIJUaGB2q_RD4gRhKP8iwPmQZk", "scope": "GOOGLE", "types": [ "doctor", "point_of_interest", "health", "establishment" ], "user_ratings_total": 52.0, "vicinity": "2501 W Peterson Ave, Chicago", "category": "Primary Care Center – Private / Non-profit", "source": "Google Places", "raw_types_str": "doctor, point_of_interest, health, establishment" }, "geometry": { "type": "Point", "coordinates": [ -87.6924332, 41.9903278 ] } },
{ "type": "Feature", "properties": { "business_status": "OPERATIONAL", "icon": "https://maps.gstatic.com/mapfiles/place_api/icons/v1/png_71/generic_business-71.png", "icon_background_color": "#7B9EB0", "icon_mask_base_uri": "https://maps.gstatic.com/mapfiles/place_api/icons/v2/generic_pinlet", "international_phone_number": "+1 312-666-3494", "name": "Erie Helping Hands Health Center", "opening_hours": { "open_now": false }, "photos": [ { "height": 1192, "html_attributions": [ "<a href=\"https://maps.google.com/maps/contrib/114424298689036701932\">Erie Helping Hands Health Center</a>" ], "photo_reference": "AcnlKN2mHg_HkAMk1tKKLWwSCEGSMujz4Z3TwAC-4SW_TZjWy1SgfFXo-nJpuFVeGUR2_-7k54SYrxpGC3J5e2QGUF4WHx75vsPA4e9q7TYl_pJGClFvUCyXL4Eonn_nrLT9WRwlKyqxllJvHLKt8t4zyltWF74gZF9ngvPjOlMj-naqofdf6L3ZJdH1VgnqAGUfcFRM1Qb5t-q-rRS-N-JmAQ0UGLQ8j41JtKr_fecx4sDfo1pkvYHvGAbhdVA0PEV1CPFfo270HP1j4Vi_MQ46Iu3zrnanOSumAkYLL0jFY-byXrs4n2w", "width": 2119 } ], "place_id": "ChIJE2iZO-XND4gRLEpCh2mmVnc", "rating": 3.2, "reference": "ChIJE2iZO-XND4gRLEpCh2mmVnc", "scope": "GOOGLE", "types": [ "point_of_interest", "health", "establishment" ], "user_ratings_total": 57.0, "vicinity": "4747 N Kedzie Ave, Chicago", "category": "Primary Care Center – Private / Non-profit", "source": "Google Places", "raw_types_str": "point_of_interest, health, establishment" }, "geometry": { "type": "Point", "coordinates": [ -87.7083446, 41.9679928 ] } },
{ "type": "Feature", "properties": { "business_status": "OPERATIONAL", "icon": "https://maps.gstatic.com/mapfiles/place_api/icons/v1/png_71/hospital-71.png", "icon_background_color": "#F88181", "icon_mask_base_uri": "https://maps.gstatic.com/mapfiles/place_api/icons/v2/hospital-H_pinlet", "international_phone_number": "+1 773-583-7420", "name": "Right Care Medical Center", "opening_hours": { "open_now": false }, "photos": null, "place_id": "ChIJdaE9Q-XND4gRN1FwRTvwu8U", "rating": 3.1, "reference": "ChIJdaE9Q-XND4gRN1FwRTvwu8U", "scope": "GOOGLE", "types": [ "hospital", "doctor", "point_of_interest", "health", "establishment" ], "user_ratings_total": 7.0, "vicinity": "4708 N Kedzie Ave, Chicago", "category": "Primary Care Center – Private / Non-profit", "source": "Google Places", "raw_types_str": "hospital, doctor, point_of_interest, health, establishment" }, "geometry": { "type": "Point", "coordinates": [ -87.7086633, 41.9669272 ] } },
{ "type": "Feature", "properties": { "business_status": "OPERATIONAL", "icon": "https://maps.gstatic.com/mapfiles/place_api/icons/v1/png_71/generic_business-71.png", "icon_background_color": "#7B9EB0", "icon_mask_base_uri": "https://maps.gstatic.com/mapfiles/place_api/icons/v2/generic_pinlet", "international_phone_number": "+1 773-685-9900", "name": "A&M Medical Group", "opening_hours": { "open_now": false }, "photos": null, "place_id": "ChIJ5yn1JOXND4gRQIHFYg3DBSw", "rating": 3.2, "reference": "ChIJ5yn1JOXND4gRQIHFYg3DBSw", "scope": "GOOGLE", "types": [ "doctor", "point_of_interest", "health", "establishment" ], "user_ratings_total": 11.0, "vicinity": "2110 W Devon Ave, Chicago", "category": "Primary Care Center – Private / Non-profit", "source": "Google Places", "raw_types_str": "doctor, point_of_interest, health, establishment" }, "geometry": { "type": "Point", "coordinates": [ -87.6831037, 41.9980119 ] } },
{ "type": "Feature", "properties": { "business_status": "OPERATIONAL", "icon": "https://maps.gstatic.com/mapfiles/place_api/icons/v1/png_71/generic_business-71.png", "icon_background_color": "#7B9EB0", "icon_mask_base_uri": "https://maps.gstatic.com/mapfiles/place_api/icons/v2/generic_pinlet", "international_phone_number": "+1 773-205-7200", "name": "Endeavor Health Medical Group – Mayfair", "opening_hours": { "open_now": false }, "photos": [ { "height": 2311, "html_attributions": [ "<a href=\"https://maps.google.com/maps/contrib/109669855484647094723\">David Johnsen</a>" ], "photo_reference": "AcnlKN1yqA-u6FIL2wfugLE9Ukp4KllAjKdR_knbTxAyDBuWV5IzOCEu7GAzvo3XCC8NrMxipgpWEAf99ZFgKm0Vr-FlTpZMLz9OYpTkJiEtCysWGcjRcze9LngqNVDxcfXGMZXnGEoIV8UdCXFIIY1Rr0BcjSnI1Cqp8YzY5sOfAV662uTLRChMHEzpRN826n29qR-oaHLvGYVgttIPBxUYrNLLGAwI4Rf1imGQGNHaXACns0pawHspMpNrPc7MreA74BP6ZHvXCwsgfKBVWT7xBnRPPj-fFgz6i2w0CqHrV36EnD_iVpUiLMnOgsS1dITzqHu3L5Ljl2oJttmWJeUpqG5vx4toxkJm5-DO3sPzltkJpWxb_2QdgepjyqRppHWglyLBNPp51IGAcLV3aCMlmLZe-2aEBlmklccyWlnHoxsTKH7fC3JUgv4_0xJ8xghU9jW8FDapNNIGTEEeeT4zAfdWhLUi74yPvRhcGdURSrbk7N3S1xk9FreIVPM0FVI4gfIWV6ebWsCQVSKvJWu9HcyXvNnvlXIhyfnBVvzK3-HVSgabC_wt1Q2eVLVhkrNa7PsAn65fz6SuHQ", "width": 4587 } ], "place_id": "ChIJx6cOcC3MD4gRTf-E5xhXs5c", "rating": 2.9, "reference": "ChIJx6cOcC3MD4gRTf-E5xhXs5c", "scope": "GOOGLE", "types": [ "point_of_interest", "health", "establishment" ], "user_ratings_total": 18.0, "vicinity": "4753 N Elston Ave, Chicago", "category": "Primary Care Center – Private / Non-profit", "source": "Google Places", "raw_types_str": "point_of_interest, health, establishment" }, "geometry": { "type": "Point", "coordinates": [ -87.7389842, 41.9674555 ] } },
{ "type": "Feature", "properties": { "business_status": "OPERATIONAL", "icon": "https://maps.gstatic.com/mapfiles/place_api/icons/v1/png_71/generic_business-71.png", "icon_background_color": "#7B9EB0", "icon_mask_base_uri": "https://maps.gstatic.com/mapfiles/place_api/icons/v2/generic_pinlet", "international_phone_number": "+1 847-570-2860", "name": "Endeavor Health Medical Group – Chicago", "opening_hours": { "open_now": true }, "photos": null, "place_id": "ChIJC2kYN_7ND4gRSC-ENY49Io0", "rating": 2.3, "reference": "ChIJC2kYN_7ND4gRSC-ENY49Io0", "scope": "GOOGLE", "types": [ "point_of_interest", "health", "establishment" ], "user_ratings_total": 8.0, "vicinity": "5140 N California Ave, Chicago", "category": "Primary Care Center – Private / Non-profit", "source": "Google Places", "raw_types_str": "point_of_interest, health, establishment" }, "geometry": { "type": "Point", "coordinates": [ -87.6995998, 41.9750646 ] } },
{ "type": "Feature", "properties": { "business_status": "OPERATIONAL", "icon": "https://maps.gstatic.com/mapfiles/place_api/icons/v1/png_71/generic_business-71.png", "icon_background_color": "#7B9EB0", "icon_mask_base_uri": "https://maps.gstatic.com/mapfiles/place_api/icons/v2/generic_pinlet", "international_phone_number": "+1 773-234-2938", "name": "Midwest Express Clinic", "opening_hours": { "open_now": true }, "photos": [ { "height": 2420, "html_attributions": [ "<a href=\"https://maps.google.com/maps/contrib/107976902340444154969\">Midwest Express Clinic</a>" ], "photo_reference": "AcnlKN1RmWkIqfFpBKwniGL5zw7L7e1RiSDlY-UWZ0gEeUL-NawjnzmDgVn0LH85Rqg0kduCoZlh0C6tLupuPy3YHdMlkAe_k3uzKLKIPPcwoW0k-nDQvha9XBtSCkPdpwHeOH6VRF4RARHdsisgNHWvN8DG1X-FzAbzu0DIP8GAYRt0QXEGUSdj0kVoORD8rfTAxDQxclNM6JaEBjX4p9BiRhDB4zo7C_1Xub7IMdKibC-U502skCBCPMcyPibSE8UjBGzS-XogdRPQcnMRrCMe2J4fxAjCt-5FlXliUVEV0g5Pj-thfl0", "width": 3024 } ], "place_id": "ChIJmWMZNjzRD4gRPhh_jBw4CJA", "rating": 4.6, "reference": "ChIJmWMZNjzRD4gRPhh_jBw4CJA", "scope": "GOOGLE", "types": [ "doctor", "point_of_interest", "health", "establishment" ], "user_ratings_total": 28.0, "vicinity": "7127 N Western Ave, Chicago", "category": "Primary Care Center – Private / Non-profit", "source": "Google Places", "raw_types_str": "doctor, point_of_interest, health, establishment" }, "geometry": { "type": "Point", "coordinates": [ -87.6899121, 42.0116659 ] } }
]
}
