{
"type": "FeatureCollection",
"crs": { "type": "name", "properties": { "name": "urn:ogc:def:crs:OGC:1.3:CRS84" } },
"features": [
{ "type": "Feature", "properties": { "amenity": "doctors", "healthcare": "doctor", "name": "AMITA Sage Medical Group", "addr:city": null, "addr:housenumber": null, "addr:postcode": null, "addr:state": null, "addr:street": null, "check_date": null, "healthcare:speciality": null, "phone": null, "website": null, "branch": null, "brand": null, "brand:wikidata": null, "disused:amenity": null, "level": null, "opening_hours": null, "designation": null, "operator": null, "urgent_care": null, "wheelchair": null, "addr:unit": null, "addr:street:name": null, "addr:street:prefix": null, "addr:street:type": null, "social_facility": null, "source": "OpenStreetMap", "operator:type": null, "operator:wikidata": null, "operator:wikipedia": null, "addr:country": null, "name:etymology:wikidata": null, "name:etymology:wikipedia": null, "operator:short": null, "air_conditioning": null, "fax": null, "wikidata": null, "wikipedia": null, "description": null, "drive_through": null, "name:vi": null, "healthcare:for": null, "short_name": null, "check_date:opening_hours": null, "contact:phone": null, "email": null, "opening_hours:signed": null, "alt_name": null, "addr:suite": null, "note:payment": null, "payment:american_express": null, "payment:discover_card": null, "payment:mastercard": null, "payment:visa": null, "start_date": null, "chicago:building_id": null, "access": null, "healthcare:counselling": null, "contact:facebook": null, "building:floor": null, "addr:floor": null, "internet_access": null, "payment:cash": null, "payment:credit_cards": null, "payment:debit_cards": null, "contact:instagram": null, "contact:linkedin": null, "contact:twitter": null, "contact:youtube": null, "reservation:website": null, "appointment:website": null, "contact:blog": null, "contact:website": null, "currency:XBT": null, "payment:lightning": null, "payment:lightning:operator": null, "payment:lightning_contactless": null, "payment:onchain": null, "nodes": null, "beds": null, "emergency": null, "gnis:feature_id": null, "building": null, "building:levels": null, "layer": null, "old_name": null, "university_of_chicago:building_id": null, "university_of_chicago:business_unit_name": null, "roof:levels": null, "ele": null, "abbr_name": null, "ref": null, "toilets:wheelchair": null, "healthcare:speciality:wikidata": null, "healthcare:speciality:wikipedia": null, "name:ko": null, "image": null, "payment:cards": null, "payment:cheque": null, "polling_station": null, "architect": null, "height": null, "opening_date": null, "beauty": null, "shop": null, "smoking": null, "ways": null, "type": null, "category": "Primary Care Center – Private / Non-profit" }, "geometry": { "type": "Point", "coordinates": [ -87.658009, 41.9257023 ] } },
{ "type": "Feature", "properties": { "amenity": "clinic", "healthcare": "clinic", "name": "Weissbluth Pediatrics", "addr:city": "Chicago", "addr:housenumber": "2401", "addr:postcode": "60647", "addr:state": "IL", "addr:street": "North Western Avenue", "check_date": null, "healthcare:speciality": null, "phone": null, "website": null, "branch": null, "brand": null, "brand:wikidata": null, "disused:amenity": null, "level": null, "opening_hours": null, "designation": null, "operator": null, "urgent_care": null, "wheelchair": null, "addr:unit": null, "addr:street:name": null, "addr:street:prefix": null, "addr:street:type": null, "social_facility": null, "source": "OpenStreetMap", "operator:type": null, "operator:wikidata": null, "operator:wikipedia": null, "addr:country": null, "name:etymology:wikidata": null, "name:etymology:wikipedia": null, "operator:short": null, "air_conditioning": null, "fax": null, "wikidata": null, "wikipedia": null, "description": null, "drive_through": null, "name:vi": null, "healthcare:for": null, "short_name": null, "check_date:opening_hours": null, "contact:phone": null, "email": null, "opening_hours:signed": null, "alt_name": null, "addr:suite": null, "note:payment": null, "payment:american_express": null, "payment:discover_card": null, "payment:mastercard": null, "payment:visa": null, "start_date": null, "chicago:building_id": null, "access": null, "healthcare:counselling": null, "contact:facebook": null, "building:floor": null, "addr:floor": null, "internet_access": null, "payment:cash": null, "payment:credit_cards": null, "payment:debit_cards": null, "contact:instagram": null, "contact:linkedin": null, "contact:twitter": null, "contact:youtube": null, "reservation:website": null, "appointment:website": null, "contact:blog": null, "contact:website": null, "currency:XBT": null, "payment:lightning": null, "payment:lightning:operator": null, "payment:lightning_contactless": null, "payment:onchain": null, "nodes": null, "beds": null, "emergency": null, "gnis:feature_id": null, "building": null, "building:levels": null, "layer": null, "old_name": null, "university_of_chicago:building_id": null, "university_of_chicago:business_unit_name": null, "roof:levels": null, "ele": null, "abbr_name": null, "ref": null, "toilets:wheelchair": null, "healthcare:speciality:wikidata": null, "healthcare:speciality:wikipedia": null, "name:ko": null, "image": null, "payment:cards": null, "payment:cheque": null, "polling_station": null, "architect": null, "height": null, "opening_date": null, "beauty": null, "shop": null, "smoking": null, "ways": null, "type": null, "category": "Primary Care Center – Private / Non-profit" }, "geometry": { "type": "Point", "coordinates": [ -87.6874251, 41.9250199 ] } },
{ "type": "Feature", "properties": { "amenity": "clinic", "healthcare": "clinic", "name": "Family Planning Associates", "addr:city": null, "addr:housenumber": "659", "addr:postcode": null, "addr:state": null, "addr:street": "West Washington Street", "check_date": "2024-11-09", "healthcare:speciality": "abortion", "phone": "+1-312-707-8988", "website": "https://www.fpachicago.com", "branch": null, "brand": null, "brand:wikidata": null, "disused:amenity": null, "level": null, "opening_hours": null, "designation": null, "operator": null, "urgent_care": null, "wheelchair": null, "addr:unit": null, "addr:street:name": null, "addr:street:prefix": null, "addr:street:type": null, "social_facility": null, "source": "OpenStreetMap", "operator:type": null, "operator:wikidata": null, "operator:wikipedia": null, "addr:country": null, "name:etymology:wikidata": null, "name:etymology:wikipedia": null, "operator:short": null, "air_conditioning": null, "fax": null, "wikidata": null, "wikipedia": null, "description": null, "drive_through": null, "name:vi": null, "healthcare:for": null, "short_name": null, "check_date:opening_hours": null, "contact:phone": null, "email": null, "opening_hours:signed": null, "alt_name": null, "addr:suite": null, "note:payment": null, "payment:american_express": null, "payment:discover_card": null, "payment:mastercard": null, "payment:visa": null, "start_date": null, "chicago:building_id": null, "access": null, "healthcare:counselling": null, "contact:facebook": null, "building:floor": null, "addr:floor": null, "internet_access": null, "payment:cash": null, "payment:credit_cards": null, "payment:debit_cards": null, "contact:instagram": null, "contact:linkedin": null, "contact:twitter": null, "contact:youtube": null, "reservation:website": null, "appointment:website": null, "contact:blog": null, "contact:website": null, "currency:XBT": null, "payment:lightning": null, "payment:lightning:operator": null, "payment:lightning_contactless": null, "payment:onchain": null, "nodes": null, "beds": null, "emergency": null, "gnis:feature_id": null, "building": null, "building:levels": null, "layer": null, "old_name": null, "university_of_chicago:building_id": null, "university_of_chicago:business_unit_name": null, "roof:levels": null, "ele": null, "abbr_name": null, "ref": null, "toilets:wheelchair": null, "healthcare:speciality:wikidata": null, "healthcare:speciality:wikipedia": null, "name:ko": null, "image": null, "payment:cards": null, "payment:cheque": null, "polling_station": null, "architect": null, "height": null, "opening_date": null, "beauty": null, "shop": null, "smoking": null, "ways": null, "type": null, "category": "Primary Care Center – Private / Non-profit" }, "geometry": { "type": "Point", "coordinates": [ -87.644827399999983, 41.8829912 ] } },
{ "type": "Feature", "properties": { "amenity": "doctors", "healthcare": "doctor", "name": "Crystal Optical", "addr:city": null, "addr:housenumber": null, "addr:postcode": null, "addr:state": null, "addr:street": null, "check_date": null, "healthcare:speciality": "ophthalmology", "phone": null, "website": null, "branch": null, "brand": null, "brand:wikidata": null, "disused:amenity": null, "level": null, "opening_hours": null, "designation": null, "operator": null, "urgent_care": null, "wheelchair": null, "addr:unit": null, "addr:street:name": null, "addr:street:prefix": null, "addr:street:type": null, "social_facility": null, "source": "OpenStreetMap", "operator:type": null, "operator:wikidata": null, "operator:wikipedia": null, "addr:country": null, "name:etymology:wikidata": null, "name:etymology:wikipedia": null, "operator:short": null, "air_conditioning": null, "fax": null, "wikidata": null, "wikipedia": null, "description": null, "drive_through": null, "name:vi": null, "healthcare:for": null, "short_name": null, "check_date:opening_hours": null, "contact:phone": null, "email": null, "opening_hours:signed": null, "alt_name": null, "addr:suite": null, "note:payment": null, "payment:american_express": null, "payment:discover_card": null, "payment:mastercard": null, "payment:visa": null, "start_date": null, "chicago:building_id": null, "access": null, "healthcare:counselling": null, "contact:facebook": null, "building:floor": null, "addr:floor": null, "internet_access": null, "payment:cash": null, "payment:credit_cards": null, "payment:debit_cards": null, "contact:instagram": null, "contact:linkedin": null, "contact:twitter": null, "contact:youtube": null, "reservation:website": null, "appointment:website": null, "contact:blog": null, "contact:website": null, "currency:XBT": null, "payment:lightning": null, "payment:lightning:operator": null, "payment:lightning_contactless": null, "payment:onchain": null, "nodes": null, "beds": null, "emergency": null, "gnis:feature_id": null, "building": null, "building:levels": null, "layer": null, "old_name": null, "university_of_chicago:building_id": null, "university_of_chicago:business_unit_name": null, "roof:levels": null, "ele": null, "abbr_name": null, "ref": null, "toilets:wheelchair": null, "healthcare:speciality:wikidata": null, "healthcare:speciality:wikipedia": null, "name:ko": null, "image": null, "payment:cards": null, "payment:cheque": null, "polling_station": null, "architect": null, "height": null, "opening_date": null, "beauty": null, "shop": null, "smoking": null, "ways": null, "type": null, "category": "Primary Care Center – Private / Non-profit" }, "geometry": { "type": "Point", "coordinates": [ -87.721423, 41.9247101 ] } },
{ "type": "Feature", "properties": { "amenity": "clinic", "healthcare": "clinic", "name": "Immediate MD", "addr:city": "Chicago", "addr:housenumber": "2077", "addr:postcode": "60614", "addr:state": "IL", "addr:street": "North Clybourn Avenue", "check_date": null, "healthcare:speciality": null, "phone": null, "website": null, "branch": null, "brand": null, "brand:wikidata": null, "disused:amenity": null, "level": null, "opening_hours": null, "designation": null, "operator": null, "urgent_care": null, "wheelchair": null, "addr:unit": null, "addr:street:name": null, "addr:street:prefix": null, "addr:street:type": null, "social_facility": null, "source": "OpenStreetMap", "operator:type": null, "operator:wikidata": null, "operator:wikipedia": null, "addr:country": null, "name:etymology:wikidata": null, "name:etymology:wikipedia": null, "operator:short": null, "air_conditioning": null, "fax": null, "wikidata": null, "wikipedia": null, "description": null, "drive_through": null, "name:vi": null, "healthcare:for": null, "short_name": null, "check_date:opening_hours": null, "contact:phone": null, "email": null, "opening_hours:signed": null, "alt_name": null, "addr:suite": null, "note:payment": null, "payment:american_express": null, "payment:discover_card": null, "payment:mastercard": null, "payment:visa": null, "start_date": null, "chicago:building_id": null, "access": null, "healthcare:counselling": null, "contact:facebook": null, "building:floor": null, "addr:floor": null, "internet_access": null, "payment:cash": null, "payment:credit_cards": null, "payment:debit_cards": null, "contact:instagram": null, "contact:linkedin": null, "contact:twitter": null, "contact:youtube": null, "reservation:website": null, "appointment:website": null, "contact:blog": null, "contact:website": null, "currency:XBT": null, "payment:lightning": null, "payment:lightning:operator": null, "payment:lightning_contactless": null, "payment:onchain": null, "nodes": null, "beds": null, "emergency": null, "gnis:feature_id": null, "building": null, "building:levels": null, "layer": null, "old_name": null, "university_of_chicago:building_id": null, "university_of_chicago:business_unit_name": null, "roof:levels": null, "ele": null, "abbr_name": null, "ref": null, "toilets:wheelchair": null, "healthcare:speciality:wikidata": null, "healthcare:speciality:wikipedia": null, "name:ko": null, "image": null, "payment:cards": null, "payment:cheque": null, "polling_station": null, "architect": null, "height": null, "opening_date": null, "beauty": null, "shop": null, "smoking": null, "ways": null, "type": null, "category": "Primary Care Center – Private / Non-profit" }, "geometry": { "type": "Point", "coordinates": [ -87.6601906, 41.9190655 ] } },
{ "type": "Feature", "properties": { "amenity": "doctors", "healthcare": "physiotherapist", "name": "Athletico Physical Therapy", "addr:city": null, "addr:housenumber": null, "addr:postcode": null, "addr:state": null, "addr:street": null, "check_date": null, "healthcare:speciality": null, "phone": null, "website": null, "branch": "Sports Rehab", "brand": "Athletico Physical Therapy", "brand:wikidata": "Q85743525", "disused:amenity": null, "level": null, "opening_hours": null, "designation": null, "operator": null, "urgent_care": null, "wheelchair": null, "addr:unit": null, "addr:street:name": null, "addr:street:prefix": null, "addr:street:type": null, "social_facility": null, "source": "OpenStreetMap", "operator:type": null, "operator:wikidata": null, "operator:wikipedia": null, "addr:country": null, "name:etymology:wikidata": null, "name:etymology:wikipedia": null, "operator:short": null, "air_conditioning": null, "fax": null, "wikidata": null, "wikipedia": null, "description": null, "drive_through": null, "name:vi": null, "healthcare:for": null, "short_name": null, "check_date:opening_hours": null, "contact:phone": null, "email": null, "opening_hours:signed": null, "alt_name": null, "addr:suite": null, "note:payment": null, "payment:american_express": null, "payment:discover_card": null, "payment:mastercard": null, "payment:visa": null, "start_date": null, "chicago:building_id": null, "access": null, "healthcare:counselling": null, "contact:facebook": null, "building:floor": null, "addr:floor": null, "internet_access": null, "payment:cash": null, "payment:credit_cards": null, "payment:debit_cards": null, "contact:instagram": null, "contact:linkedin": null, "contact:twitter": null, "contact:youtube": null, "reservation:website": null, "appointment:website": null, "contact:blog": null, "contact:website": null, "currency:XBT": null, "payment:lightning": null, "payment:lightning:operator": null, "payment:lightning_contactless": null, "payment:onchain": null, "nodes": null, "beds": null, "emergency": null, "gnis:feature_id": null, "building": null, "building:levels": null, "layer": null, "old_name": null, "university_of_chicago:building_id": null, "university_of_chicago:business_unit_name": null, "roof:levels": null, "ele": null, "abbr_name": null, "ref": null, "toilets:wheelchair": null, "healthcare:speciality:wikidata": null, "healthcare:speciality:wikipedia": null, "name:ko": null, "image": null, "payment:cards": null, "payment:cheque": null, "polling_station": null, "architect": null, "height": null, "opening_date": null, "beauty": null, "shop": null, "smoking": null, "ways": null, "type": null, "category": "Primary Care Center – Private / Non-profit" }, "geometry": { "type": "Point", "coordinates": [ -87.749918, 41.9550151 ] } },
{ "type": "Feature", "properties": { "amenity": null, "healthcare": "clinic", "name": "University of Illinois Medical Center at O'Hare", "addr:city": null, "addr:housenumber": null, "addr:postcode": null, "addr:state": null, "addr:street": null, "check_date": "2023-10-06", "healthcare:speciality": null, "phone": null, "website": null, "branch": null, "brand": null, "brand:wikidata": null, "disused:amenity": "clinic", "level": "1", "opening_hours": "Mo-Fr 08:00-17:00; Sa-Su 09:00-17:00", "designation": null, "operator": null, "urgent_care": null, "wheelchair": null, "addr:unit": null, "addr:street:name": null, "addr:street:prefix": null, "addr:street:type": null, "social_facility": null, "source": "OpenStreetMap", "operator:type": null, "operator:wikidata": null, "operator:wikipedia": null, "addr:country": null, "name:etymology:wikidata": null, "name:etymology:wikipedia": null, "operator:short": null, "air_conditioning": null, "fax": null, "wikidata": null, "wikipedia": null, "description": null, "drive_through": null, "name:vi": null, "healthcare:for": null, "short_name": null, "check_date:opening_hours": null, "contact:phone": null, "email": null, "opening_hours:signed": null, "alt_name": null, "addr:suite": null, "note:payment": null, "payment:american_express": null, "payment:discover_card": null, "payment:mastercard": null, "payment:visa": null, "start_date": null, "chicago:building_id": null, "access": null, "healthcare:counselling": null, "contact:facebook": null, "building:floor": null, "addr:floor": null, "internet_access": null, "payment:cash": null, "payment:credit_cards": null, "payment:debit_cards": null, "contact:instagram": null, "contact:linkedin": null, "contact:twitter": null, "contact:youtube": null, "reservation:website": null, "appointment:website": null, "contact:blog": null, "contact:website": null, "currency:XBT": null, "payment:lightning": null, "payment:lightning:operator": null, "payment:lightning_contactless": null, "payment:onchain": null, "nodes": null, "beds": null, "emergency": null, "gnis:feature_id": null, "building": null, "building:levels": null, "layer": null, "old_name": null, "university_of_chicago:building_id": null, "university_of_chicago:business_unit_name": null, "roof:levels": null, "ele": null, "abbr_name": null, "ref": null, "toilets:wheelchair": null, "healthcare:speciality:wikidata": null, "healthcare:speciality:wikipedia": null, "name:ko": null, "image": null, "payment:cards": null, "payment:cheque": null, "polling_station": null, "architect": null, "height": null, "opening_date": null, "beauty": null, "shop": null, "smoking": null, "ways": null, "type": null, "category": "Primary Care Center – Public (FQHC / CHC)" }, "geometry": { "type": "Point", "coordinates": [ -87.9043724, 41.9760339 ] } },
{ "type": "Feature", "properties": { "amenity": "clinic", "healthcare": "clinic", "name": "Immediate MD", "addr:city": null, "addr:housenumber": null, "addr:postcode": null, "addr:state": null, "addr:street": null, "check_date": null, "healthcare:speciality": null, "phone": null, "website": null, "branch": null, "brand": null, "brand:wikidata": null, "disused:amenity": null, "level": null, "opening_hours": null, "designation": "Urgent care clinic", "operator": null, "urgent_care": null, "wheelchair": null, "addr:unit": null, "addr:street:name": null, "addr:street:prefix": null, "addr:street:type": null, "social_facility": null, "source": "OpenStreetMap", "operator:type": null, "operator:wikidata": null, "operator:wikipedia": null, "addr:country": null, "name:etymology:wikidata": null, "name:etymology:wikipedia": null, "operator:short": null, "air_conditioning": null, "fax": null, "wikidata": null, "wikipedia": null, "description": null, "drive_through": null, "name:vi": null, "healthcare:for": null, "short_name": null, "check_date:opening_hours": null, "contact:phone": null, "email": null, "opening_hours:signed": null, "alt_name": null, "addr:suite": null, "note:payment": null, "payment:american_express": null, "payment:discover_card": null, "payment:mastercard": null, "payment:visa": null, "start_date": null, "chicago:building_id": null, "access": null, "healthcare:counselling": null, "contact:facebook": null, "building:floor": null, "addr:floor": null, "internet_access": null, "payment:cash": null, "payment:credit_cards": null, "payment:debit_cards": null, "contact:instagram": null, "contact:linkedin": null, "contact:twitter": null, "contact:youtube": null, "reservation:website": null, "appointment:website": null, "contact:blog": null, "contact:website": null, "currency:XBT": null, "payment:lightning": null, "payment:lightning:operator": null, "payment:lightning_contactless": null, "payment:onchain": null, "nodes": null, "beds": null, "emergency": null, "gnis:feature_id": null, "building": null, "building:levels": null, "layer": null, "old_name": null, "university_of_chicago:building_id": null, "university_of_chicago:business_unit_name": null, "roof:levels": null, "ele": null, "abbr_name": null, "ref": null, "toilets:wheelchair": null, "healthcare:speciality:wikidata": null, "healthcare:speciality:wikipedia": null, "name:ko": null, "image": null, "payment:cards": null, "payment:cheque": null, "polling_station": null, "architect": null, "height": null, "opening_date": null, "beauty": null, "shop": null, "smoking": null, "ways": null, "type": null, "category": "Primary Care Center – Private / Non-profit" }, "geometry": { "type": "Point", "coordinates": [ -87.6881071, 41.9525712 ] } },
{ "type": "Feature", "properties": { "amenity": "doctors", "healthcare": "doctor", "name": "Physicians Immediate Care", "addr:city": "Chicago", "addr:housenumber": "121", "addr:postcode": "60610", "addr:state": null, "addr:street": "West North Avenue", "check_date": null, "healthcare:speciality": null, "phone": "+1 312 643 5606", "website": "https://physiciansimmediatecare.com/clinics/old-town/", "branch": null, "brand": null, "brand:wikidata": null, "disused:amenity": null, "level": null, "opening_hours": "Mo-Fr 08:00-20:00; Sa-Su 08:00-16:00", "designation": null, "operator": "Physicians Immediate Care", "urgent_care": "yes", "wheelchair": "yes", "addr:unit": null, "addr:street:name": null, "addr:street:prefix": null, "addr:street:type": null, "social_facility": null, "source": "OpenStreetMap", "operator:type": null, "operator:wikidata": null, "operator:wikipedia": null, "addr:country": null, "name:etymology:wikidata": null, "name:etymology:wikipedia": null, "operator:short": null, "air_conditioning": null, "fax": null, "wikidata": null, "wikipedia": null, "description": null, "drive_through": null, "name:vi": null, "healthcare:for": null, "short_name": null, "check_date:opening_hours": null, "contact:phone": null, "email": null, "opening_hours:signed": null, "alt_name": null, "addr:suite": null, "note:payment": null, "payment:american_express": null, "payment:discover_card": null, "payment:mastercard": null, "payment:visa": null, "start_date": null, "chicago:building_id": null, "access": null, "healthcare:counselling": null, "contact:facebook": null, "building:floor": null, "addr:floor": null, "internet_access": null, "payment:cash": null, "payment:credit_cards": null, "payment:debit_cards": null, "contact:instagram": null, "contact:linkedin": null, "contact:twitter": null, "contact:youtube": null, "reservation:website": null, "appointment:website": null, "contact:blog": null, "contact:website": null, "currency:XBT": null, "payment:lightning": null, "payment:lightning:operator": null, "payment:lightning_contactless": null, "payment:onchain": null, "nodes": null, "beds": null, "emergency": null, "gnis:feature_id": null, "building": null, "building:levels": null, "layer": null, "old_name": null, "university_of_chicago:building_id": null, "university_of_chicago:business_unit_name": null, "roof:levels": null, "ele": null, "abbr_name": null, "ref": null, "toilets:wheelchair": null, "healthcare:speciality:wikidata": null, "healthcare:speciality:wikipedia": null, "name:ko": null, "image": null, "payment:cards": null, "payment:cheque": null, "polling_station": null, "architect": null, "height": null, "opening_date": null, "beauty": null, "shop": null, "smoking": null, "ways": null, "type": null, "category": "Primary Care Center – Private / Non-profit" }, "geometry": { "type": "Point", "coordinates": [ -87.6326001, 41.9110585 ] } },
{ "type": "Feature", "properties": { "amenity": "clinic", "healthcare": "clinic", "name": "Illinois Bone & Joint Institute", "addr:city": "Chicago", "addr:housenumber": "2923", "addr:postcode": "60618", "addr:state": "IL", "addr:street": "North California Avenue", "check_date": null, "healthcare:speciality": null, "phone": "+1-773-777-9900", "website": null, "branch": null, "brand": null, "brand:wikidata": null, "disused:amenity": null, "level": null, "opening_hours": null, "designation": null, "operator": null, "urgent_care": null, "wheelchair": "yes", "addr:unit": "Suite 300", "addr:street:name": null, "addr:street:prefix": null, "addr:street:type": null, "social_facility": null, "source": "OpenStreetMap", "operator:type": null, "operator:wikidata": null, "operator:wikipedia": null, "addr:country": null, "name:etymology:wikidata": null, "name:etymology:wikipedia": null, "operator:short": null, "air_conditioning": null, "fax": null, "wikidata": null, "wikipedia": null, "description": null, "drive_through": null, "name:vi": null, "healthcare:for": null, "short_name": null, "check_date:opening_hours": null, "contact:phone": null, "email": null, "opening_hours:signed": null, "alt_name": null, "addr:suite": null, "note:payment": null, "payment:american_express": null, "payment:discover_card": null, "payment:mastercard": null, "payment:visa": null, "start_date": null, "chicago:building_id": null, "access": null, "healthcare:counselling": null, "contact:facebook": null, "building:floor": null, "addr:floor": null, "internet_access": null, "payment:cash": null, "payment:credit_cards": null, "payment:debit_cards": null, "contact:instagram": null, "contact:linkedin": null, "contact:twitter": null, "contact:youtube": null, "reservation:website": null, "appointment:website": null, "contact:blog": null, "contact:website": null, "currency:XBT": null, "payment:lightning": null, "payment:lightning:operator": null, "payment:lightning_contactless": null, "payment:onchain": null, "nodes": null, "beds": null, "emergency": null, "gnis:feature_id": null, "building": null, "building:levels": null, "layer": null, "old_name": null, "university_of_chicago:building_id": null, "university_of_chicago:business_unit_name": null, "roof:levels": null, "ele": null, "abbr_name": null, "ref": null, "toilets:wheelchair": null, "healthcare:speciality:wikidata": null, "healthcare:speciality:wikipedia": null, "name:ko": null, "image": null, "payment:cards": null, "payment:cheque": null, "polling_station": null, "architect": null, "height": null, "opening_date": null, "beauty": null, "shop": null, "smoking": null, "ways": null, "type": null, "category": "Primary Care Center – Private / Non-profit" }, "geometry": { "type": "Point", "coordinates": [ -87.6973597, 41.9346778 ] } },
{ "type": "Feature", "properties": { "amenity": "doctors", "healthcare": "doctor", "name": "Town & Country Pediatrics", "addr:city": null, "addr:housenumber": null, "addr:postcode": null, "addr:state": null, "addr:street": null, "check_date": null, "healthcare:speciality": "paediatrics", "phone": null, "website": null, "branch": null, "brand": null, "brand:wikidata": null, "disused:amenity": null, "level": null, "opening_hours": null, "designation": null, "operator": null, "urgent_care": null, "wheelchair": null, "addr:unit": null, "addr:street:name": null, "addr:street:prefix": null, "addr:street:type": null, "social_facility": null, "source": "OpenStreetMap", "operator:type": null, "operator:wikidata": null, "operator:wikipedia": null, "addr:country": null, "name:etymology:wikidata": null, "name:etymology:wikipedia": null, "operator:short": null, "air_conditioning": null, "fax": null, "wikidata": null, "wikipedia": null, "description": null, "drive_through": null, "name:vi": null, "healthcare:for": null, "short_name": null, "check_date:opening_hours": null, "contact:phone": null, "email": null, "opening_hours:signed": null, "alt_name": null, "addr:suite": null, "note:payment": null, "payment:american_express": null, "payment:discover_card": null, "payment:mastercard": null, "payment:visa": null, "start_date": null, "chicago:building_id": null, "access": null, "healthcare:counselling": null, "contact:facebook": null, "building:floor": null, "addr:floor": null, "internet_access": null, "payment:cash": null, "payment:credit_cards": null, "payment:debit_cards": null, "contact:instagram": null, "contact:linkedin": null, "contact:twitter": null, "contact:youtube": null, "reservation:website": null, "appointment:website": null, "contact:blog": null, "contact:website": null, "currency:XBT": null, "payment:lightning": null, "payment:lightning:operator": null, "payment:lightning_contactless": null, "payment:onchain": null, "nodes": null, "beds": null, "emergency": null, "gnis:feature_id": null, "building": null, "building:levels": null, "layer": null, "old_name": null, "university_of_chicago:building_id": null, "university_of_chicago:business_unit_name": null, "roof:levels": null, "ele": null, "abbr_name": null, "ref": null, "toilets:wheelchair": null, "healthcare:speciality:wikidata": null, "healthcare:speciality:wikipedia": null, "name:ko": null, "image": null, "payment:cards": null, "payment:cheque": null, "polling_station": null, "architect": null, "height": null, "opening_date": null, "beauty": null, "shop": null, "smoking": null, "ways": null, "type": null, "category": "Primary Care Center – Private / Non-profit" }, "geometry": { "type": "Point", "coordinates": [ -87.6484803, 41.9081608 ] } },
{ "type": "Feature", "properties": { "amenity": "clinic", "healthcare": "clinic", "name": "Garcia Medical Center", "addr:city": null, "addr:housenumber": null, "addr:postcode": null, "addr:state": null, "addr:street": null, "check_date": null, "healthcare:speciality": null, "phone": null, "website": null, "branch": null, "brand": null, "brand:wikidata": null, "disused:amenity": null, "level": null, "opening_hours": null, "designation": null, "operator": null, "urgent_care": null, "wheelchair": null, "addr:unit": null, "addr:street:name": null, "addr:street:prefix": null, "addr:street:type": null, "social_facility": null, "source": "OpenStreetMap", "operator:type": null, "operator:wikidata": null, "operator:wikipedia": null, "addr:country": null, "name:etymology:wikidata": null, "name:etymology:wikipedia": null, "operator:short": null, "air_conditioning": null, "fax": null, "wikidata": null, "wikipedia": null, "description": null, "drive_through": null, "name:vi": null, "healthcare:for": null, "short_name": null, "check_date:opening_hours": null, "contact:phone": null, "email": null, "opening_hours:signed": null, "alt_name": null, "addr:suite": null, "note:payment": null, "payment:american_express": null, "payment:discover_card": null, "payment:mastercard": null, "payment:visa": null, "start_date": null, "chicago:building_id": null, "access": null, "healthcare:counselling": null, "contact:facebook": null, "building:floor": null, "addr:floor": null, "internet_access": null, "payment:cash": null, "payment:credit_cards": null, "payment:debit_cards": null, "contact:instagram": null, "contact:linkedin": null, "contact:twitter": null, "contact:youtube": null, "reservation:website": null, "appointment:website": null, "contact:blog": null, "contact:website": null, "currency:XBT": null, "payment:lightning": null, "payment:lightning:operator": null, "payment:lightning_contactless": null, "payment:onchain": null, "nodes": null, "beds": null, "emergency": null, "gnis:feature_id": null, "building": null, "building:levels": null, "layer": null, "old_name": null, "university_of_chicago:building_id": null, "university_of_chicago:business_unit_name": null, "roof:levels": null, "ele": null, "abbr_name": null, "ref": null, "toilets:wheelchair": null, "healthcare:speciality:wikidata": null, "healthcare:speciality:wikipedia": null, "name:ko": null, "image": null, "payment:cards": null, "payment:cheque": null, "polling_station": null, "architect": null, "height": null, "opening_date": null, "beauty": null, "shop": null, "smoking": null, "ways": null, "type": null, "category": "Primary Care Center – Private / Non-profit" }, "geometry": { "type": "Point", "coordinates": [ -87.7160997, 41.9248088 ] } },
{ "type": "Feature", "properties": { "amenity": "clinic", "healthcare": "clinic", "name": "Neuro-Orthopedic Clinic", "addr:city": null, "addr:housenumber": null, "addr:postcode": null, "addr:state": null, "addr:street": null, "check_date": null, "healthcare:speciality": null, "phone": null, "website": null, "branch": null, "brand": null, "brand:wikidata": null, "disused:amenity": null, "level": null, "opening_hours": null, "designation": null, "operator": null, "urgent_care": null, "wheelchair": null, "addr:unit": null, "addr:street:name": null, "addr:street:prefix": null, "addr:street:type": null, "social_facility": null, "source": "OpenStreetMap", "operator:type": null, "operator:wikidata": null, "operator:wikipedia": null, "addr:country": null, "name:etymology:wikidata": null, "name:etymology:wikipedia": null, "operator:short": null, "air_conditioning": null, "fax": null, "wikidata": null, "wikipedia": null, "description": null, "drive_through": null, "name:vi": null, "healthcare:for": null, "short_name": null, "check_date:opening_hours": null, "contact:phone": null, "email": null, "opening_hours:signed": null, "alt_name": null, "addr:suite": null, "note:payment": null, "payment:american_express": null, "payment:discover_card": null, "payment:mastercard": null, "payment:visa": null, "start_date": null, "chicago:building_id": null, "access": null, "healthcare:counselling": null, "contact:facebook": null, "building:floor": null, "addr:floor": null, "internet_access": null, "payment:cash": null, "payment:credit_cards": null, "payment:debit_cards": null, "contact:instagram": null, "contact:linkedin": null, "contact:twitter": null, "contact:youtube": null, "reservation:website": null, "appointment:website": null, "contact:blog": null, "contact:website": null, "currency:XBT": null, "payment:lightning": null, "payment:lightning:operator": null, "payment:lightning_contactless": null, "payment:onchain": null, "nodes": null, "beds": null, "emergency": null, "gnis:feature_id": null, "building": null, "building:levels": null, "layer": null, "old_name": null, "university_of_chicago:building_id": null, "university_of_chicago:business_unit_name": null, "roof:levels": null, "ele": null, "abbr_name": null, "ref": null, "toilets:wheelchair": null, "healthcare:speciality:wikidata": null, "healthcare:speciality:wikipedia": null, "name:ko": null, "image": null, "payment:cards": null, "payment:cheque": null, "polling_station": null, "architect": null, "height": null, "opening_date": null, "beauty": null, "shop": null, "smoking": null, "ways": null, "type": null, "category": "Primary Care Center – Private / Non-profit" }, "geometry": { "type": "Point", "coordinates": [ -87.716441399999979, 41.9247848 ] } },
{ "type": "Feature", "properties": { "amenity": "clinic", "healthcare": "clinic", "name": "Prius Medical Center", "addr:city": null, "addr:housenumber": null, "addr:postcode": null, "addr:state": null, "addr:street": null, "check_date": null, "healthcare:speciality": null, "phone": null, "website": null, "branch": null, "brand": null, "brand:wikidata": null, "disused:amenity": null, "level": null, "opening_hours": null, "designation": null, "operator": null, "urgent_care": null, "wheelchair": null, "addr:unit": null, "addr:street:name": null, "addr:street:prefix": null, "addr:street:type": null, "social_facility": null, "source": "OpenStreetMap", "operator:type": null, "operator:wikidata": null, "operator:wikipedia": null, "addr:country": null, "name:etymology:wikidata": null, "name:etymology:wikipedia": null, "operator:short": null, "air_conditioning": null, "fax": null, "wikidata": null, "wikipedia": null, "description": null, "drive_through": null, "name:vi": null, "healthcare:for": null, "short_name": null, "check_date:opening_hours": null, "contact:phone": null, "email": null, "opening_hours:signed": null, "alt_name": null, "addr:suite": null, "note:payment": null, "payment:american_express": null, "payment:discover_card": null, "payment:mastercard": null, "payment:visa": null, "start_date": null, "chicago:building_id": null, "access": null, "healthcare:counselling": null, "contact:facebook": null, "building:floor": null, "addr:floor": null, "internet_access": null, "payment:cash": null, "payment:credit_cards": null, "payment:debit_cards": null, "contact:instagram": null, "contact:linkedin": null, "contact:twitter": null, "contact:youtube": null, "reservation:website": null, "appointment:website": null, "contact:blog": null, "contact:website": null, "currency:XBT": null, "payment:lightning": null, "payment:lightning:operator": null, "payment:lightning_contactless": null, "payment:onchain": null, "nodes": null, "beds": null, "emergency": null, "gnis:feature_id": null, "building": null, "building:levels": null, "layer": null, "old_name": null, "university_of_chicago:building_id": null, "university_of_chicago:business_unit_name": null, "roof:levels": null, "ele": null, "abbr_name": null, "ref": null, "toilets:wheelchair": null, "healthcare:speciality:wikidata": null, "healthcare:speciality:wikipedia": null, "name:ko": null, "image": null, "payment:cards": null, "payment:cheque": null, "polling_station": null, "architect": null, "height": null, "opening_date": null, "beauty": null, "shop": null, "smoking": null, "ways": null, "type": null, "category": "Primary Care Center – Private / Non-profit" }, "geometry": { "type": "Point", "coordinates": [ -87.718784, 41.9173895 ] } },
{ "type": "Feature", "properties": { "amenity": "clinic", "healthcare": "clinic", "name": "Kimball Medical Center", "addr:city": null, "addr:housenumber": null, "addr:postcode": null, "addr:state": null, "addr:street": null, "check_date": null, "healthcare:speciality": null, "phone": null, "website": null, "branch": null, "brand": null, "brand:wikidata": null, "disused:amenity": null, "level": null, "opening_hours": null, "designation": null, "operator": null, "urgent_care": null, "wheelchair": null, "addr:unit": null, "addr:street:name": null, "addr:street:prefix": null, "addr:street:type": null, "social_facility": null, "source": "OpenStreetMap", "operator:type": null, "operator:wikidata": null, "operator:wikipedia": null, "addr:country": null, "name:etymology:wikidata": null, "name:etymology:wikipedia": null, "operator:short": null, "air_conditioning": null, "fax": null, "wikidata": null, "wikipedia": null, "description": null, "drive_through": null, "name:vi": null, "healthcare:for": null, "short_name": null, "check_date:opening_hours": null, "contact:phone": null, "email": null, "opening_hours:signed": null, "alt_name": null, "addr:suite": null, "note:payment": null, "payment:american_express": null, "payment:discover_card": null, "payment:mastercard": null, "payment:visa": null, "start_date": null, "chicago:building_id": null, "access": null, "healthcare:counselling": null, "contact:facebook": null, "building:floor": null, "addr:floor": null, "internet_access": null, "payment:cash": null, "payment:credit_cards": null, "payment:debit_cards": null, "contact:instagram": null, "contact:linkedin": null, "contact:twitter": null, "contact:youtube": null, "reservation:website": null, "appointment:website": null, "contact:blog": null, "contact:website": null, "currency:XBT": null, "payment:lightning": null, "payment:lightning:operator": null, "payment:lightning_contactless": null, "payment:onchain": null, "nodes": null, "beds": null, "emergency": null, "gnis:feature_id": null, "building": null, "building:levels": null, "layer": null, "old_name": null, "university_of_chicago:building_id": null, "university_of_chicago:business_unit_name": null, "roof:levels": null, "ele": null, "abbr_name": null, "ref": null, "toilets:wheelchair": null, "healthcare:speciality:wikidata": null, "healthcare:speciality:wikipedia": null, "name:ko": null, "image": null, "payment:cards": null, "payment:cheque": null, "polling_station": null, "architect": null, "height": null, "opening_date": null, "beauty": null, "shop": null, "smoking": null, "ways": null, "type": null, "category": "Primary Care Center – Private / Non-profit" }, "geometry": { "type": "Point", "coordinates": [ -87.713207200000014, 41.9327811 ] } },
{ "type": "Feature", "properties": { "amenity": "clinic", "healthcare": "clinic", "name": "Fullerton-Kimball Medical Surgical Center", "addr:city": null, "addr:housenumber": null, "addr:postcode": null, "addr:state": null, "addr:street": null, "check_date": null, "healthcare:speciality": null, "phone": null, "website": null, "branch": null, "brand": null, "brand:wikidata": null, "disused:amenity": null, "level": null, "opening_hours": null, "designation": null, "operator": null, "urgent_care": null, "wheelchair": null, "addr:unit": null, "addr:street:name": null, "addr:street:prefix": null, "addr:street:type": null, "social_facility": null, "source": "OpenStreetMap", "operator:type": null, "operator:wikidata": null, "operator:wikipedia": null, "addr:country": null, "name:etymology:wikidata": null, "name:etymology:wikipedia": null, "operator:short": null, "air_conditioning": null, "fax": null, "wikidata": null, "wikipedia": null, "description": null, "drive_through": null, "name:vi": null, "healthcare:for": null, "short_name": null, "check_date:opening_hours": null, "contact:phone": null, "email": null, "opening_hours:signed": null, "alt_name": null, "addr:suite": null, "note:payment": null, "payment:american_express": null, "payment:discover_card": null, "payment:mastercard": null, "payment:visa": null, "start_date": null, "chicago:building_id": null, "access": null, "healthcare:counselling": null, "contact:facebook": null, "building:floor": null, "addr:floor": null, "internet_access": null, "payment:cash": null, "payment:credit_cards": null, "payment:debit_cards": null, "contact:instagram": null, "contact:linkedin": null, "contact:twitter": null, "contact:youtube": null, "reservation:website": null, "appointment:website": null, "contact:blog": null, "contact:website": null, "currency:XBT": null, "payment:lightning": null, "payment:lightning:operator": null, "payment:lightning_contactless": null, "payment:onchain": null, "nodes": null, "beds": null, "emergency": null, "gnis:feature_id": null, "building": null, "building:levels": null, "layer": null, "old_name": null, "university_of_chicago:building_id": null, "university_of_chicago:business_unit_name": null, "roof:levels": null, "ele": null, "abbr_name": null, "ref": null, "toilets:wheelchair": null, "healthcare:speciality:wikidata": null, "healthcare:speciality:wikipedia": null, "name:ko": null, "image": null, "payment:cards": null, "payment:cheque": null, "polling_station": null, "architect": null, "height": null, "opening_date": null, "beauty": null, "shop": null, "smoking": null, "ways": null, "type": null, "category": "Primary Care Center – Private / Non-profit" }, "geometry": { "type": "Point", "coordinates": [ -87.7127196, 41.9248432 ] } },
{ "type": "Feature", "properties": { "amenity": "clinic", "healthcare": "clinic", "name": "Logan Square Medical & Aesthetic Center", "addr:city": null, "addr:housenumber": null, "addr:postcode": null, "addr:state": null, "addr:street": null, "check_date": null, "healthcare:speciality": null, "phone": null, "website": null, "branch": null, "brand": null, "brand:wikidata": null, "disused:amenity": null, "level": null, "opening_hours": null, "designation": null, "operator": null, "urgent_care": null, "wheelchair": null, "addr:unit": null, "addr:street:name": null, "addr:street:prefix": null, "addr:street:type": null, "social_facility": null, "source": "OpenStreetMap", "operator:type": null, "operator:wikidata": null, "operator:wikipedia": null, "addr:country": null, "name:etymology:wikidata": null, "name:etymology:wikipedia": null, "operator:short": null, "air_conditioning": null, "fax": null, "wikidata": null, "wikipedia": null, "description": null, "drive_through": null, "name:vi": null, "healthcare:for": null, "short_name": null, "check_date:opening_hours": null, "contact:phone": null, "email": null, "opening_hours:signed": null, "alt_name": null, "addr:suite": null, "note:payment": null, "payment:american_express": null, "payment:discover_card": null, "payment:mastercard": null, "payment:visa": null, "start_date": null, "chicago:building_id": null, "access": null, "healthcare:counselling": null, "contact:facebook": null, "building:floor": null, "addr:floor": null, "internet_access": null, "payment:cash": null, "payment:credit_cards": null, "payment:debit_cards": null, "contact:instagram": null, "contact:linkedin": null, "contact:twitter": null, "contact:youtube": null, "reservation:website": null, "appointment:website": null, "contact:blog": null, "contact:website": null, "currency:XBT": null, "payment:lightning": null, "payment:lightning:operator": null, "payment:lightning_contactless": null, "payment:onchain": null, "nodes": null, "beds": null, "emergency": null, "gnis:feature_id": null, "building": null, "building:levels": null, "layer": null, "old_name": null, "university_of_chicago:building_id": null, "university_of_chicago:business_unit_name": null, "roof:levels": null, "ele": null, "abbr_name": null, "ref": null, "toilets:wheelchair": null, "healthcare:speciality:wikidata": null, "healthcare:speciality:wikipedia": null, "name:ko": null, "image": null, "payment:cards": null, "payment:cheque": null, "polling_station": null, "architect": null, "height": null, "opening_date": null, "beauty": null, "shop": null, "smoking": null, "ways": null, "type": null, "category": "Primary Care Center – Private / Non-profit" }, "geometry": { "type": "Point", "coordinates": [ -87.71335670000002, 41.9244847 ] } },
{ "type": "Feature", "properties": { "amenity": "doctors", "healthcare": "doctor", "name": "Dr. Kenneth Brocker", "addr:city": null, "addr:housenumber": null, "addr:postcode": null, "addr:state": null, "addr:street": null, "check_date": null, "healthcare:speciality": null, "phone": null, "website": null, "branch": null, "brand": null, "brand:wikidata": null, "disused:amenity": null, "level": null, "opening_hours": null, "designation": null, "operator": null, "urgent_care": null, "wheelchair": null, "addr:unit": null, "addr:street:name": null, "addr:street:prefix": null, "addr:street:type": null, "social_facility": null, "source": "OpenStreetMap", "operator:type": null, "operator:wikidata": null, "operator:wikipedia": null, "addr:country": null, "name:etymology:wikidata": null, "name:etymology:wikipedia": null, "operator:short": null, "air_conditioning": null, "fax": null, "wikidata": null, "wikipedia": null, "description": null, "drive_through": null, "name:vi": null, "healthcare:for": null, "short_name": null, "check_date:opening_hours": null, "contact:phone": null, "email": null, "opening_hours:signed": null, "alt_name": null, "addr:suite": null, "note:payment": null, "payment:american_express": null, "payment:discover_card": null, "payment:mastercard": null, "payment:visa": null, "start_date": null, "chicago:building_id": null, "access": null, "healthcare:counselling": null, "contact:facebook": null, "building:floor": null, "addr:floor": null, "internet_access": null, "payment:cash": null, "payment:credit_cards": null, "payment:debit_cards": null, "contact:instagram": null, "contact:linkedin": null, "contact:twitter": null, "contact:youtube": null, "reservation:website": null, "appointment:website": null, "contact:blog": null, "contact:website": null, "currency:XBT": null, "payment:lightning": null, "payment:lightning:operator": null, "payment:lightning_contactless": null, "payment:onchain": null, "nodes": null, "beds": null, "emergency": null, "gnis:feature_id": null, "building": null, "building:levels": null, "layer": null, "old_name": null, "university_of_chicago:building_id": null, "university_of_chicago:business_unit_name": null, "roof:levels": null, "ele": null, "abbr_name": null, "ref": null, "toilets:wheelchair": null, "healthcare:speciality:wikidata": null, "healthcare:speciality:wikipedia": null, "name:ko": null, "image": null, "payment:cards": null, "payment:cheque": null, "polling_station": null, "architect": null, "height": null, "opening_date": null, "beauty": null, "shop": null, "smoking": null, "ways": null, "type": null, "category": "Primary Care Center – Private / Non-profit" }, "geometry": { "type": "Point", "coordinates": [ -87.7519456, 41.9531187 ] } },
{ "type": "Feature", "properties": { "amenity": "doctors", "healthcare": "doctor", "name": "Dr. Spencer & Dr. Blount-Odum", "addr:city": null, "addr:housenumber": null, "addr:postcode": null, "addr:state": null, "addr:street": null, "check_date": null, "healthcare:speciality": null, "phone": null, "website": null, "branch": null, "brand": null, "brand:wikidata": null, "disused:amenity": null, "level": null, "opening_hours": null, "designation": null, "operator": null, "urgent_care": null, "wheelchair": null, "addr:unit": null, "addr:street:name": null, "addr:street:prefix": null, "addr:street:type": null, "social_facility": null, "source": "OpenStreetMap", "operator:type": null, "operator:wikidata": null, "operator:wikipedia": null, "addr:country": null, "name:etymology:wikidata": null, "name:etymology:wikipedia": null, "operator:short": null, "air_conditioning": null, "fax": null, "wikidata": null, "wikipedia": null, "description": null, "drive_through": null, "name:vi": null, "healthcare:for": null, "short_name": null, "check_date:opening_hours": null, "contact:phone": null, "email": null, "opening_hours:signed": null, "alt_name": null, "addr:suite": null, "note:payment": null, "payment:american_express": null, "payment:discover_card": null, "payment:mastercard": null, "payment:visa": null, "start_date": null, "chicago:building_id": null, "access": null, "healthcare:counselling": null, "contact:facebook": null, "building:floor": null, "addr:floor": null, "internet_access": null, "payment:cash": null, "payment:credit_cards": null, "payment:debit_cards": null, "contact:instagram": null, "contact:linkedin": null, "contact:twitter": null, "contact:youtube": null, "reservation:website": null, "appointment:website": null, "contact:blog": null, "contact:website": null, "currency:XBT": null, "payment:lightning": null, "payment:lightning:operator": null, "payment:lightning_contactless": null, "payment:onchain": null, "nodes": null, "beds": null, "emergency": null, "gnis:feature_id": null, "building": null, "building:levels": null, "layer": null, "old_name": null, "university_of_chicago:building_id": null, "university_of_chicago:business_unit_name": null, "roof:levels": null, "ele": null, "abbr_name": null, "ref": null, "toilets:wheelchair": null, "healthcare:speciality:wikidata": null, "healthcare:speciality:wikipedia": null, "name:ko": null, "image": null, "payment:cards": null, "payment:cheque": null, "polling_station": null, "architect": null, "height": null, "opening_date": null, "beauty": null, "shop": null, "smoking": null, "ways": null, "type": null, "category": "Primary Care Center – Private / Non-profit" }, "geometry": { "type": "Point", "coordinates": [ -87.7520703, 41.9529621 ] } },
{ "type": "Feature", "properties": { "amenity": "doctors", "healthcare": "doctor", "name": "Dr. Wanda Sygieda", "addr:city": null, "addr:housenumber": null, "addr:postcode": null, "addr:state": null, "addr:street": null, "check_date": null, "healthcare:speciality": null, "phone": null, "website": null, "branch": null, "brand": null, "brand:wikidata": null, "disused:amenity": null, "level": null, "opening_hours": null, "designation": null, "operator": null, "urgent_care": null, "wheelchair": null, "addr:unit": null, "addr:street:name": null, "addr:street:prefix": null, "addr:street:type": null, "social_facility": null, "source": "OpenStreetMap", "operator:type": null, "operator:wikidata": null, "operator:wikipedia": null, "addr:country": null, "name:etymology:wikidata": null, "name:etymology:wikipedia": null, "operator:short": null, "air_conditioning": null, "fax": null, "wikidata": null, "wikipedia": null, "description": null, "drive_through": null, "name:vi": null, "healthcare:for": null, "short_name": null, "check_date:opening_hours": null, "contact:phone": null, "email": null, "opening_hours:signed": null, "alt_name": null, "addr:suite": null, "note:payment": null, "payment:american_express": null, "payment:discover_card": null, "payment:mastercard": null, "payment:visa": null, "start_date": null, "chicago:building_id": null, "access": null, "healthcare:counselling": null, "contact:facebook": null, "building:floor": null, "addr:floor": null, "internet_access": null, "payment:cash": null, "payment:credit_cards": null, "payment:debit_cards": null, "contact:instagram": null, "contact:linkedin": null, "contact:twitter": null, "contact:youtube": null, "reservation:website": null, "appointment:website": null, "contact:blog": null, "contact:website": null, "currency:XBT": null, "payment:lightning": null, "payment:lightning:operator": null, "payment:lightning_contactless": null, "payment:onchain": null, "nodes": null, "beds": null, "emergency": null, "gnis:feature_id": null, "building": null, "building:levels": null, "layer": null, "old_name": null, "university_of_chicago:building_id": null, "university_of_chicago:business_unit_name": null, "roof:levels": null, "ele": null, "abbr_name": null, "ref": null, "toilets:wheelchair": null, "healthcare:speciality:wikidata": null, "healthcare:speciality:wikipedia": null, "name:ko": null, "image": null, "payment:cards": null, "payment:cheque": null, "polling_station": null, "architect": null, "height": null, "opening_date": null, "beauty": null, "shop": null, "smoking": null, "ways": null, "type": null, "category": "Primary Care Center – Private / Non-profit" }, "geometry": { "type": "Point", "coordinates": [ -87.7518356, 41.9535675 ] } },
{ "type": "Feature", "properties": { "amenity": "doctors", "healthcare": "doctor", "name": "Grand Vein Specialists Ever Clinic", "addr:city": null, "addr:housenumber": null, "addr:postcode": null, "addr:state": null, "addr:street": null, "check_date": null, "healthcare:speciality": null, "phone": null, "website": null, "branch": null, "brand": null, "brand:wikidata": null, "disused:amenity": null, "level": null, "opening_hours": null, "designation": null, "operator": null, "urgent_care": null, "wheelchair": null, "addr:unit": null, "addr:street:name": null, "addr:street:prefix": null, "addr:street:type": null, "social_facility": null, "source": "OpenStreetMap", "operator:type": null, "operator:wikidata": null, "operator:wikipedia": null, "addr:country": null, "name:etymology:wikidata": null, "name:etymology:wikipedia": null, "operator:short": null, "air_conditioning": null, "fax": null, "wikidata": null, "wikipedia": null, "description": null, "drive_through": null, "name:vi": null, "healthcare:for": null, "short_name": null, "check_date:opening_hours": null, "contact:phone": null, "email": null, "opening_hours:signed": null, "alt_name": null, "addr:suite": null, "note:payment": null, "payment:american_express": null, "payment:discover_card": null, "payment:mastercard": null, "payment:visa": null, "start_date": null, "chicago:building_id": null, "access": null, "healthcare:counselling": null, "contact:facebook": null, "building:floor": null, "addr:floor": null, "internet_access": null, "payment:cash": null, "payment:credit_cards": null, "payment:debit_cards": null, "contact:instagram": null, "contact:linkedin": null, "contact:twitter": null, "contact:youtube": null, "reservation:website": null, "appointment:website": null, "contact:blog": null, "contact:website": null, "currency:XBT": null, "payment:lightning": null, "payment:lightning:operator": null, "payment:lightning_contactless": null, "payment:onchain": null, "nodes": null, "beds": null, "emergency": null, "gnis:feature_id": null, "building": null, "building:levels": null, "layer": null, "old_name": null, "university_of_chicago:building_id": null, "university_of_chicago:business_unit_name": null, "roof:levels": null, "ele": null, "abbr_name": null, "ref": null, "toilets:wheelchair": null, "healthcare:speciality:wikidata": null, "healthcare:speciality:wikipedia": null, "name:ko": null, "image": null, "payment:cards": null, "payment:cheque": null, "polling_station": null, "architect": null, "height": null, "opening_date": null, "beauty": null, "shop": null, "smoking": null, "ways": null, "type": null, "category": "Primary Care Center – Private / Non-profit" }, "geometry": { "type": "Point", "coordinates": [ -87.751749799999985, 41.9536603 ] } },
{ "type": "Feature", "properties": { "amenity": "doctors", "healthcare": "doctor", "name": "Munoz Medical Center", "addr:city": null, "addr:housenumber": null, "addr:postcode": null, "addr:state": null, "addr:street": null, "check_date": null, "healthcare:speciality": null, "phone": null, "website": null, "branch": null, "brand": null, "brand:wikidata": null, "disused:amenity": null, "level": null, "opening_hours": null, "designation": null, "operator": null, "urgent_care": null, "wheelchair": null, "addr:unit": null, "addr:street:name": null, "addr:street:prefix": null, "addr:street:type": null, "social_facility": null, "source": "OpenStreetMap", "operator:type": null, "operator:wikidata": null, "operator:wikipedia": null, "addr:country": null, "name:etymology:wikidata": null, "name:etymology:wikipedia": null, "operator:short": null, "air_conditioning": null, "fax": null, "wikidata": null, "wikipedia": null, "description": null, "drive_through": null, "name:vi": null, "healthcare:for": null, "short_name": null, "check_date:opening_hours": null, "contact:phone": null, "email": null, "opening_hours:signed": null, "alt_name": null, "addr:suite": null, "note:payment": null, "payment:american_express": null, "payment:discover_card": null, "payment:mastercard": null, "payment:visa": null, "start_date": null, "chicago:building_id": null, "access": null, "healthcare:counselling": null, "contact:facebook": null, "building:floor": null, "addr:floor": null, "internet_access": null, "payment:cash": null, "payment:credit_cards": null, "payment:debit_cards": null, "contact:instagram": null, "contact:linkedin": null, "contact:twitter": null, "contact:youtube": null, "reservation:website": null, "appointment:website": null, "contact:blog": null, "contact:website": null, "currency:XBT": null, "payment:lightning": null, "payment:lightning:operator": null, "payment:lightning_contactless": null, "payment:onchain": null, "nodes": null, "beds": null, "emergency": null, "gnis:feature_id": null, "building": null, "building:levels": null, "layer": null, "old_name": null, "university_of_chicago:building_id": null, "university_of_chicago:business_unit_name": null, "roof:levels": null, "ele": null, "abbr_name": null, "ref": null, "toilets:wheelchair": null, "healthcare:speciality:wikidata": null, "healthcare:speciality:wikipedia": null, "name:ko": null, "image": null, "payment:cards": null, "payment:cheque": null, "polling_station": null, "architect": null, "height": null, "opening_date": null, "beauty": null, "shop": null, "smoking": null, "ways": null, "type": null, "category": "Primary Care Center – Private / Non-profit" }, "geometry": { "type": "Point", "coordinates": [ -87.7517404, 41.9537291 ] } },
{ "type": "Feature", "properties": { "amenity": "doctors", "healthcare": "doctor", "name": "Chicago Allergy Center", "addr:city": null, "addr:housenumber": null, "addr:postcode": null, "addr:state": null, "addr:street": null, "check_date": null, "healthcare:speciality": null, "phone": null, "website": null, "branch": null, "brand": null, "brand:wikidata": null, "disused:amenity": null, "level": null, "opening_hours": null, "designation": null, "operator": null, "urgent_care": null, "wheelchair": null, "addr:unit": null, "addr:street:name": null, "addr:street:prefix": null, "addr:street:type": null, "social_facility": null, "source": "OpenStreetMap", "operator:type": null, "operator:wikidata": null, "operator:wikipedia": null, "addr:country": null, "name:etymology:wikidata": null, "name:etymology:wikipedia": null, "operator:short": null, "air_conditioning": null, "fax": null, "wikidata": null, "wikipedia": null, "description": null, "drive_through": null, "name:vi": null, "healthcare:for": null, "short_name": null, "check_date:opening_hours": null, "contact:phone": null, "email": null, "opening_hours:signed": null, "alt_name": null, "addr:suite": null, "note:payment": null, "payment:american_express": null, "payment:discover_card": null, "payment:mastercard": null, "payment:visa": null, "start_date": null, "chicago:building_id": null, "access": null, "healthcare:counselling": null, "contact:facebook": null, "building:floor": null, "addr:floor": null, "internet_access": null, "payment:cash": null, "payment:credit_cards": null, "payment:debit_cards": null, "contact:instagram": null, "contact:linkedin": null, "contact:twitter": null, "contact:youtube": null, "reservation:website": null, "appointment:website": null, "contact:blog": null, "contact:website": null, "currency:XBT": null, "payment:lightning": null, "payment:lightning:operator": null, "payment:lightning_contactless": null, "payment:onchain": null, "nodes": null, "beds": null, "emergency": null, "gnis:feature_id": null, "building": null, "building:levels": null, "layer": null, "old_name": null, "university_of_chicago:building_id": null, "university_of_chicago:business_unit_name": null, "roof:levels": null, "ele": null, "abbr_name": null, "ref": null, "toilets:wheelchair": null, "healthcare:speciality:wikidata": null, "healthcare:speciality:wikipedia": null, "name:ko": null, "image": null, "payment:cards": null, "payment:cheque": null, "polling_station": null, "architect": null, "height": null, "opening_date": null, "beauty": null, "shop": null, "smoking": null, "ways": null, "type": null, "category": "Primary Care Center – Private / Non-profit" }, "geometry": { "type": "Point", "coordinates": [ -87.7517109, 41.953778 ] } },
{ "type": "Feature", "properties": { "amenity": "doctors", "healthcare": "doctor", "name": "Presence Medical Group", "addr:city": "Chicago", "addr:housenumber": "4833", "addr:postcode": "60630", "addr:state": "IL", "addr:street": "North Milwaukee Avenue", "check_date": null, "healthcare:speciality": null, "phone": null, "website": null, "branch": null, "brand": null, "brand:wikidata": null, "disused:amenity": null, "level": null, "opening_hours": null, "designation": null, "operator": null, "urgent_care": null, "wheelchair": null, "addr:unit": null, "addr:street:name": null, "addr:street:prefix": null, "addr:street:type": null, "social_facility": null, "source": "OpenStreetMap", "operator:type": null, "operator:wikidata": null, "operator:wikipedia": null, "addr:country": null, "name:etymology:wikidata": null, "name:etymology:wikipedia": null, "operator:short": null, "air_conditioning": null, "fax": null, "wikidata": null, "wikipedia": null, "description": null, "drive_through": null, "name:vi": null, "healthcare:for": null, "short_name": null, "check_date:opening_hours": null, "contact:phone": null, "email": null, "opening_hours:signed": null, "alt_name": null, "addr:suite": null, "note:payment": null, "payment:american_express": null, "payment:discover_card": null, "payment:mastercard": null, "payment:visa": null, "start_date": null, "chicago:building_id": null, "access": null, "healthcare:counselling": null, "contact:facebook": null, "building:floor": null, "addr:floor": null, "internet_access": null, "payment:cash": null, "payment:credit_cards": null, "payment:debit_cards": null, "contact:instagram": null, "contact:linkedin": null, "contact:twitter": null, "contact:youtube": null, "reservation:website": null, "appointment:website": null, "contact:blog": null, "contact:website": null, "currency:XBT": null, "payment:lightning": null, "payment:lightning:operator": null, "payment:lightning_contactless": null, "payment:onchain": null, "nodes": null, "beds": null, "emergency": null, "gnis:feature_id": null, "building": null, "building:levels": null, "layer": null, "old_name": null, "university_of_chicago:building_id": null, "university_of_chicago:business_unit_name": null, "roof:levels": null, "ele": null, "abbr_name": null, "ref": null, "toilets:wheelchair": null, "healthcare:speciality:wikidata": null, "healthcare:speciality:wikipedia": null, "name:ko": null, "image": null, "payment:cards": null, "payment:cheque": null, "polling_station": null, "architect": null, "height": null, "opening_date": null, "beauty": null, "shop": null, "smoking": null, "ways": null, "type": null, "category": "Primary Care Center – Private / Non-profit" }, "geometry": { "type": "Point", "coordinates": [ -87.7612826, 41.9687432 ] } },
{ "type": "Feature", "properties": { "amenity": "doctors", "healthcare": "doctor", "name": "Immediate MD", "addr:city": "Chicago", "addr:housenumber": "5228", "addr:postcode": "60630", "addr:state": "IL", "addr:street": "North Northwest Highway", "check_date": null, "healthcare:speciality": null, "phone": null, "website": null, "branch": null, "brand": null, "brand:wikidata": null, "disused:amenity": null, "level": null, "opening_hours": null, "designation": null, "operator": null, "urgent_care": null, "wheelchair": null, "addr:unit": null, "addr:street:name": null, "addr:street:prefix": null, "addr:street:type": null, "social_facility": null, "source": "OpenStreetMap", "operator:type": null, "operator:wikidata": null, "operator:wikipedia": null, "addr:country": null, "name:etymology:wikidata": null, "name:etymology:wikipedia": null, "operator:short": null, "air_conditioning": null, "fax": null, "wikidata": null, "wikipedia": null, "description": null, "drive_through": null, "name:vi": null, "healthcare:for": null, "short_name": null, "check_date:opening_hours": null, "contact:phone": null, "email": null, "opening_hours:signed": null, "alt_name": null, "addr:suite": null, "note:payment": null, "payment:american_express": null, "payment:discover_card": null, "payment:mastercard": null, "payment:visa": null, "start_date": null, "chicago:building_id": null, "access": null, "healthcare:counselling": null, "contact:facebook": null, "building:floor": null, "addr:floor": null, "internet_access": null, "payment:cash": null, "payment:credit_cards": null, "payment:debit_cards": null, "contact:instagram": null, "contact:linkedin": null, "contact:twitter": null, "contact:youtube": null, "reservation:website": null, "appointment:website": null, "contact:blog": null, "contact:website": null, "currency:XBT": null, "payment:lightning": null, "payment:lightning:operator": null, "payment:lightning_contactless": null, "payment:onchain": null, "nodes": null, "beds": null, "emergency": null, "gnis:feature_id": null, "building": null, "building:levels": null, "layer": null, "old_name": null, "university_of_chicago:building_id": null, "university_of_chicago:business_unit_name": null, "roof:levels": null, "ele": null, "abbr_name": null, "ref": null, "toilets:wheelchair": null, "healthcare:speciality:wikidata": null, "healthcare:speciality:wikipedia": null, "name:ko": null, "image": null, "payment:cards": null, "payment:cheque": null, "polling_station": null, "architect": null, "height": null, "opening_date": null, "beauty": null, "shop": null, "smoking": null, "ways": null, "type": null, "category": "Primary Care Center – Private / Non-profit" }, "geometry": { "type": "Point", "coordinates": [ -87.7698828, 41.9754299 ] } },
{ "type": "Feature", "properties": { "amenity": "doctors", "healthcare": "doctor", "name": "Chicago Medical Health Group", "addr:city": "Chicago", "addr:housenumber": "5528", "addr:postcode": "60630", "addr:state": "IL", "addr:street": "North Milwaukee Avenue", "check_date": null, "healthcare:speciality": null, "phone": null, "website": null, "branch": null, "brand": null, "brand:wikidata": null, "disused:amenity": null, "level": null, "opening_hours": null, "designation": null, "operator": null, "urgent_care": null, "wheelchair": null, "addr:unit": null, "addr:street:name": null, "addr:street:prefix": null, "addr:street:type": null, "social_facility": null, "source": "OpenStreetMap", "operator:type": null, "operator:wikidata": null, "operator:wikipedia": null, "addr:country": null, "name:etymology:wikidata": null, "name:etymology:wikipedia": null, "operator:short": null, "air_conditioning": null, "fax": null, "wikidata": null, "wikipedia": null, "description": null, "drive_through": null, "name:vi": null, "healthcare:for": null, "short_name": null, "check_date:opening_hours": null, "contact:phone": null, "email": null, "opening_hours:signed": null, "alt_name": null, "addr:suite": null, "note:payment": null, "payment:american_express": null, "payment:discover_card": null, "payment:mastercard": null, "payment:visa": null, "start_date": null, "chicago:building_id": null, "access": null, "healthcare:counselling": null, "contact:facebook": null, "building:floor": null, "addr:floor": null, "internet_access": null, "payment:cash": null, "payment:credit_cards": null, "payment:debit_cards": null, "contact:instagram": null, "contact:linkedin": null, "contact:twitter": null, "contact:youtube": null, "reservation:website": null, "appointment:website": null, "contact:blog": null, "contact:website": null, "currency:XBT": null, "payment:lightning": null, "payment:lightning:operator": null, "payment:lightning_contactless": null, "payment:onchain": null, "nodes": null, "beds": null, "emergency": null, "gnis:feature_id": null, "building": null, "building:levels": null, "layer": null, "old_name": null, "university_of_chicago:building_id": null, "university_of_chicago:business_unit_name": null, "roof:levels": null, "ele": null, "abbr_name": null, "ref": null, "toilets:wheelchair": null, "healthcare:speciality:wikidata": null, "healthcare:speciality:wikipedia": null, "name:ko": null, "image": null, "payment:cards": null, "payment:cheque": null, "polling_station": null, "architect": null, "height": null, "opening_date": null, "beauty": null, "shop": null, "smoking": null, "ways": null, "type": null, "category": "Primary Care Center – Private / Non-profit" }, "geometry": { "type": "Point", "coordinates": [ -87.774139799999986, 41.9822861 ] } },
{ "type": "Feature", "properties": { "amenity": null, "healthcare": "clinic", "name": "Uptown Neighborhood Health Center", "addr:city": "Chicago", "addr:housenumber": "845", "addr:postcode": "60640", "addr:state": "IL", "addr:street": "West Wilson Avenue", "check_date": null, "healthcare:speciality": null, "phone": null, "website": null, "branch": null, "brand": null, "brand:wikidata": null, "disused:amenity": null, "level": null, "opening_hours": null, "designation": null, "operator": "Chicago Department of Public Health", "urgent_care": null, "wheelchair": null, "addr:unit": null, "addr:street:name": "Wilson", "addr:street:prefix": "West", "addr:street:type": "Avenue", "social_facility": "outreach", "source": "OpenStreetMap", "operator:type": null, "operator:wikidata": null, "operator:wikipedia": null, "addr:country": null, "name:etymology:wikidata": null, "name:etymology:wikipedia": null, "operator:short": null, "air_conditioning": null, "fax": null, "wikidata": null, "wikipedia": null, "description": null, "drive_through": null, "name:vi": null, "healthcare:for": null, "short_name": null, "check_date:opening_hours": null, "contact:phone": null, "email": null, "opening_hours:signed": null, "alt_name": null, "addr:suite": null, "note:payment": null, "payment:american_express": null, "payment:discover_card": null, "payment:mastercard": null, "payment:visa": null, "start_date": null, "chicago:building_id": null, "access": null, "healthcare:counselling": null, "contact:facebook": null, "building:floor": null, "addr:floor": null, "internet_access": null, "payment:cash": null, "payment:credit_cards": null, "payment:debit_cards": null, "contact:instagram": null, "contact:linkedin": null, "contact:twitter": null, "contact:youtube": null, "reservation:website": null, "appointment:website": null, "contact:blog": null, "contact:website": null, "currency:XBT": null, "payment:lightning": null, "payment:lightning:operator": null, "payment:lightning_contactless": null, "payment:onchain": null, "nodes": null, "beds": null, "emergency": null, "gnis:feature_id": null, "building": null, "building:levels": null, "layer": null, "old_name": null, "university_of_chicago:building_id": null, "university_of_chicago:business_unit_name": null, "roof:levels": null, "ele": null, "abbr_name": null, "ref": null, "toilets:wheelchair": null, "healthcare:speciality:wikidata": null, "healthcare:speciality:wikipedia": null, "name:ko": null, "image": null, "payment:cards": null, "payment:cheque": null, "polling_station": null, "architect": null, "height": null, "opening_date": null, "beauty": null, "shop": null, "smoking": null, "ways": null, "type": null, "category": "Primary Care Center – Public (FQHC / CHC)" }, "geometry": { "type": "Point", "coordinates": [ -87.6520301, 41.9653151 ] } },
{ "type": "Feature", "properties": { "amenity": "doctors", "healthcare": "doctor", "name": "Presence Medical Group", "addr:city": null, "addr:housenumber": null, "addr:postcode": null, "addr:state": null, "addr:street": null, "check_date": null, "healthcare:speciality": null, "phone": null, "website": null, "branch": null, "brand": null, "brand:wikidata": null, "disused:amenity": null, "level": null, "opening_hours": null, "designation": null, "operator": null, "urgent_care": null, "wheelchair": null, "addr:unit": null, "addr:street:name": null, "addr:street:prefix": null, "addr:street:type": null, "social_facility": null, "source": "OpenStreetMap", "operator:type": null, "operator:wikidata": null, "operator:wikipedia": null, "addr:country": null, "name:etymology:wikidata": null, "name:etymology:wikipedia": null, "operator:short": null, "air_conditioning": null, "fax": null, "wikidata": null, "wikipedia": null, "description": null, "drive_through": null, "name:vi": null, "healthcare:for": null, "short_name": null, "check_date:opening_hours": null, "contact:phone": null, "email": null, "opening_hours:signed": null, "alt_name": null, "addr:suite": null, "note:payment": null, "payment:american_express": null, "payment:discover_card": null, "payment:mastercard": null, "payment:visa": null, "start_date": null, "chicago:building_id": null, "access": null, "healthcare:counselling": null, "contact:facebook": null, "building:floor": null, "addr:floor": null, "internet_access": null, "payment:cash": null, "payment:credit_cards": null, "payment:debit_cards": null, "contact:instagram": null, "contact:linkedin": null, "contact:twitter": null, "contact:youtube": null, "reservation:website": null, "appointment:website": null, "contact:blog": null, "contact:website": null, "currency:XBT": null, "payment:lightning": null, "payment:lightning:operator": null, "payment:lightning_contactless": null, "payment:onchain": null, "nodes": null, "beds": null, "emergency": null, "gnis:feature_id": null, "building": null, "building:levels": null, "layer": null, "old_name": null, "university_of_chicago:building_id": null, "university_of_chicago:business_unit_name": null, "roof:levels": null, "ele": null, "abbr_name": null, "ref": null, "toilets:wheelchair": null, "healthcare:speciality:wikidata": null, "healthcare:speciality:wikipedia": null, "name:ko": null, "image": null, "payment:cards": null, "payment:cheque": null, "polling_station": null, "architect": null, "height": null, "opening_date": null, "beauty": null, "shop": null, "smoking": null, "ways": null, "type": null, "category": "Primary Care Center – Private / Non-profit" }, "geometry": { "type": "Point", "coordinates": [ -87.708083299999984, 41.9175368 ] } },
{ "type": "Feature", "properties": { "amenity": "clinic", "healthcare": "clinic", "name": "Michigan Avenue Immediate/Primary Care (MAICOH)", "addr:city": null, "addr:housenumber": null, "addr:postcode": "60601", "addr:state": null, "addr:street": null, "check_date": null, "healthcare:speciality": null, "phone": "+1-312-994-3000", "website": "https://www.michiganavenueprimarycare.com/", "branch": null, "brand": null, "brand:wikidata": null, "disused:amenity": null, "level": null, "opening_hours": null, "designation": null, "operator": null, "urgent_care": null, "wheelchair": null, "addr:unit": null, "addr:street:name": null, "addr:street:prefix": null, "addr:street:type": null, "social_facility": null, "source": "OpenStreetMap", "operator:type": null, "operator:wikidata": null, "operator:wikipedia": null, "addr:country": null, "name:etymology:wikidata": null, "name:etymology:wikipedia": null, "operator:short": null, "air_conditioning": null, "fax": null, "wikidata": null, "wikipedia": null, "description": null, "drive_through": null, "name:vi": null, "healthcare:for": null, "short_name": null, "check_date:opening_hours": null, "contact:phone": null, "email": null, "opening_hours:signed": null, "alt_name": null, "addr:suite": null, "note:payment": null, "payment:american_express": null, "payment:discover_card": null, "payment:mastercard": null, "payment:visa": null, "start_date": null, "chicago:building_id": null, "access": null, "healthcare:counselling": null, "contact:facebook": null, "building:floor": null, "addr:floor": null, "internet_access": null, "payment:cash": null, "payment:credit_cards": null, "payment:debit_cards": null, "contact:instagram": null, "contact:linkedin": null, "contact:twitter": null, "contact:youtube": null, "reservation:website": null, "appointment:website": null, "contact:blog": null, "contact:website": null, "currency:XBT": null, "payment:lightning": null, "payment:lightning:operator": null, "payment:lightning_contactless": null, "payment:onchain": null, "nodes": null, "beds": null, "emergency": null, "gnis:feature_id": null, "building": null, "building:levels": null, "layer": null, "old_name": null, "university_of_chicago:building_id": null, "university_of_chicago:business_unit_name": null, "roof:levels": null, "ele": null, "abbr_name": null, "ref": null, "toilets:wheelchair": null, "healthcare:speciality:wikidata": null, "healthcare:speciality:wikipedia": null, "name:ko": null, "image": null, "payment:cards": null, "payment:cheque": null, "polling_station": null, "architect": null, "height": null, "opening_date": null, "beauty": null, "shop": null, "smoking": null, "ways": null, "type": null, "category": "Primary Care Center – Private / Non-profit" }, "geometry": { "type": "Point", "coordinates": [ -87.624911, 41.8855573 ] } },
{ "type": "Feature", "properties": { "amenity": "doctors", "healthcare": "doctor", "name": "Pilsen Community Health Center Lower West", "addr:city": "Chicago", "addr:housenumber": "1713", "addr:postcode": "60608", "addr:state": "IL", "addr:street": "South Ashland Avenue", "check_date": "2025-10-25", "healthcare:speciality": null, "phone": "+1 866 600 2273", "website": "https://hospital.uillinois.edu/patients-and-visitors/locations-and-directions/family-medicine-pilsen", "branch": null, "brand": null, "brand:wikidata": null, "disused:amenity": null, "level": null, "opening_hours": "Mo-Fr 08:30-17:00", "designation": null, "operator": "UI Health", "urgent_care": null, "wheelchair": null, "addr:unit": null, "addr:street:name": null, "addr:street:prefix": null, "addr:street:type": null, "social_facility": null, "source": "OpenStreetMap", "operator:type": null, "operator:wikidata": null, "operator:wikipedia": null, "addr:country": null, "name:etymology:wikidata": null, "name:etymology:wikipedia": null, "operator:short": null, "air_conditioning": null, "fax": null, "wikidata": null, "wikipedia": null, "description": null, "drive_through": null, "name:vi": null, "healthcare:for": null, "short_name": null, "check_date:opening_hours": null, "contact:phone": null, "email": null, "opening_hours:signed": null, "alt_name": null, "addr:suite": null, "note:payment": null, "payment:american_express": null, "payment:discover_card": null, "payment:mastercard": null, "payment:visa": null, "start_date": null, "chicago:building_id": null, "access": null, "healthcare:counselling": null, "contact:facebook": null, "building:floor": null, "addr:floor": null, "internet_access": null, "payment:cash": null, "payment:credit_cards": null, "payment:debit_cards": null, "contact:instagram": null, "contact:linkedin": null, "contact:twitter": null, "contact:youtube": null, "reservation:website": null, "appointment:website": null, "contact:blog": null, "contact:website": null, "currency:XBT": null, "payment:lightning": null, "payment:lightning:operator": null, "payment:lightning_contactless": null, "payment:onchain": null, "nodes": null, "beds": null, "emergency": null, "gnis:feature_id": null, "building": null, "building:levels": null, "layer": null, "old_name": null, "university_of_chicago:building_id": null, "university_of_chicago:business_unit_name": null, "roof:levels": null, "ele": null, "abbr_name": null, "ref": null, "toilets:wheelchair": null, "healthcare:speciality:wikidata": null, "healthcare:speciality:wikipedia": null, "name:ko": null, "image": null, "payment:cards": null, "payment:cheque": null, "polling_station": null, "architect": null, "height": null, "opening_date": null, "beauty": null, "shop": null, "smoking": null, "ways": null, "type": null, "category": "Primary Care Center – Public (FQHC / CHC)" }, "geometry": { "type": "Point", "coordinates": [ -87.6657754, 41.8581819 ] } },
{ "type": "Feature", "properties": { "amenity": "clinic", "healthcare": "dialysis", "name": "DaVita Dialysis", "addr:city": "Chicago", "addr:housenumber": "8725", "addr:postcode": "60617", "addr:state": "IL", "addr:street": "South Stony Island Avenue", "check_date": null, "healthcare:speciality": "nephrology", "phone": null, "website": null, "branch": "Stony Island", "brand": "DaVita Dialysis", "brand:wikidata": "Q5207184", "disused:amenity": null, "level": null, "opening_hours": null, "designation": null, "operator": "DaVita Dialysis", "urgent_care": null, "wheelchair": null, "addr:unit": null, "addr:street:name": null, "addr:street:prefix": null, "addr:street:type": null, "social_facility": null, "source": "OpenStreetMap", "operator:type": "private", "operator:wikidata": "Q5207184", "operator:wikipedia": "de:DaVita", "addr:country": null, "name:etymology:wikidata": null, "name:etymology:wikipedia": null, "operator:short": null, "air_conditioning": null, "fax": null, "wikidata": null, "wikipedia": null, "description": null, "drive_through": null, "name:vi": null, "healthcare:for": null, "short_name": null, "check_date:opening_hours": null, "contact:phone": null, "email": null, "opening_hours:signed": null, "alt_name": null, "addr:suite": null, "note:payment": null, "payment:american_express": null, "payment:discover_card": null, "payment:mastercard": null, "payment:visa": null, "start_date": null, "chicago:building_id": null, "access": null, "healthcare:counselling": null, "contact:facebook": null, "building:floor": null, "addr:floor": null, "internet_access": null, "payment:cash": null, "payment:credit_cards": null, "payment:debit_cards": null, "contact:instagram": null, "contact:linkedin": null, "contact:twitter": null, "contact:youtube": null, "reservation:website": null, "appointment:website": null, "contact:blog": null, "contact:website": null, "currency:XBT": null, "payment:lightning": null, "payment:lightning:operator": null, "payment:lightning_contactless": null, "payment:onchain": null, "nodes": null, "beds": null, "emergency": null, "gnis:feature_id": null, "building": null, "building:levels": null, "layer": null, "old_name": null, "university_of_chicago:building_id": null, "university_of_chicago:business_unit_name": null, "roof:levels": null, "ele": null, "abbr_name": null, "ref": null, "toilets:wheelchair": null, "healthcare:speciality:wikidata": null, "healthcare:speciality:wikipedia": null, "name:ko": null, "image": null, "payment:cards": null, "payment:cheque": null, "polling_station": null, "architect": null, "height": null, "opening_date": null, "beauty": null, "shop": null, "smoking": null, "ways": null, "type": null, "category": "Primary Care Center – Private / Non-profit" }, "geometry": { "type": "Point", "coordinates": [ -87.5845308, 41.7361541 ] } },
{ "type": "Feature", "properties": { "amenity": "clinic", "healthcare": "clinic", "name": "Heartland Alliance Health Center", "addr:city": null, "addr:housenumber": "5501", "addr:postcode": null, "addr:state": null, "addr:street": "South Halsted Street", "check_date": null, "healthcare:speciality": null, "phone": "+1-773-275-2586", "website": null, "branch": null, "brand": null, "brand:wikidata": null, "disused:amenity": null, "level": null, "opening_hours": "Mo-Fr 08:30-17:00", "designation": null, "operator": null, "urgent_care": null, "wheelchair": null, "addr:unit": null, "addr:street:name": null, "addr:street:prefix": null, "addr:street:type": null, "social_facility": null, "source": "OpenStreetMap", "operator:type": null, "operator:wikidata": null, "operator:wikipedia": null, "addr:country": null, "name:etymology:wikidata": null, "name:etymology:wikipedia": null, "operator:short": null, "air_conditioning": null, "fax": null, "wikidata": null, "wikipedia": null, "description": null, "drive_through": null, "name:vi": null, "healthcare:for": null, "short_name": null, "check_date:opening_hours": null, "contact:phone": null, "email": null, "opening_hours:signed": null, "alt_name": null, "addr:suite": null, "note:payment": null, "payment:american_express": null, "payment:discover_card": null, "payment:mastercard": null, "payment:visa": null, "start_date": null, "chicago:building_id": null, "access": null, "healthcare:counselling": null, "contact:facebook": null, "building:floor": null, "addr:floor": null, "internet_access": null, "payment:cash": null, "payment:credit_cards": null, "payment:debit_cards": null, "contact:instagram": null, "contact:linkedin": null, "contact:twitter": null, "contact:youtube": null, "reservation:website": null, "appointment:website": null, "contact:blog": null, "contact:website": null, "currency:XBT": null, "payment:lightning": null, "payment:lightning:operator": null, "payment:lightning_contactless": null, "payment:onchain": null, "nodes": null, "beds": null, "emergency": null, "gnis:feature_id": null, "building": null, "building:levels": null, "layer": null, "old_name": null, "university_of_chicago:building_id": null, "university_of_chicago:business_unit_name": null, "roof:levels": null, "ele": null, "abbr_name": null, "ref": null, "toilets:wheelchair": null, "healthcare:speciality:wikidata": null, "healthcare:speciality:wikipedia": null, "name:ko": null, "image": null, "payment:cards": null, "payment:cheque": null, "polling_station": null, "architect": null, "height": null, "opening_date": null, "beauty": null, "shop": null, "smoking": null, "ways": null, "type": null, "category": "Primary Care Center – Private / Non-profit" }, "geometry": { "type": "Point", "coordinates": [ -87.644944599999988, 41.7938188 ] } },
{ "type": "Feature", "properties": { "amenity": "clinic", "healthcare": "clinic", "name": "Advocate Medical Group", "addr:city": "Chicago", "addr:housenumber": "5304", "addr:postcode": "60640", "addr:state": "IL", "addr:street": "North Broadway", "check_date": null, "healthcare:speciality": null, "phone": "+1 773 784 2822", "website": "https://www.advocatehealth.com/locations/internal-medicine-chicago-broadway-ave", "branch": null, "brand": null, "brand:wikidata": null, "disused:amenity": null, "level": null, "opening_hours": "Mo,Tu,Th 08:30-18:00; We,Fr 08:30-17:00; Sa 08:00-13:00; Su 09:00-13:00", "designation": null, "operator": null, "urgent_care": null, "wheelchair": null, "addr:unit": null, "addr:street:name": null, "addr:street:prefix": null, "addr:street:type": null, "social_facility": null, "source": "OpenStreetMap", "operator:type": null, "operator:wikidata": null, "operator:wikipedia": null, "addr:country": null, "name:etymology:wikidata": null, "name:etymology:wikipedia": null, "operator:short": null, "air_conditioning": null, "fax": null, "wikidata": null, "wikipedia": null, "description": null, "drive_through": null, "name:vi": null, "healthcare:for": null, "short_name": null, "check_date:opening_hours": null, "contact:phone": null, "email": null, "opening_hours:signed": null, "alt_name": null, "addr:suite": null, "note:payment": null, "payment:american_express": null, "payment:discover_card": null, "payment:mastercard": null, "payment:visa": null, "start_date": null, "chicago:building_id": null, "access": null, "healthcare:counselling": null, "contact:facebook": null, "building:floor": null, "addr:floor": null, "internet_access": null, "payment:cash": null, "payment:credit_cards": null, "payment:debit_cards": null, "contact:instagram": null, "contact:linkedin": null, "contact:twitter": null, "contact:youtube": null, "reservation:website": null, "appointment:website": null, "contact:blog": null, "contact:website": null, "currency:XBT": null, "payment:lightning": null, "payment:lightning:operator": null, "payment:lightning_contactless": null, "payment:onchain": null, "nodes": null, "beds": null, "emergency": null, "gnis:feature_id": null, "building": null, "building:levels": null, "layer": null, "old_name": null, "university_of_chicago:building_id": null, "university_of_chicago:business_unit_name": null, "roof:levels": null, "ele": null, "abbr_name": null, "ref": null, "toilets:wheelchair": null, "healthcare:speciality:wikidata": null, "healthcare:speciality:wikipedia": null, "name:ko": null, "image": null, "payment:cards": null, "payment:cheque": null, "polling_station": null, "architect": null, "height": null, "opening_date": null, "beauty": null, "shop": null, "smoking": null, "ways": null, "type": null, "category": "Primary Care Center – Private / Non-profit" }, "geometry": { "type": "Point", "coordinates": [ -87.6601753, 41.9784808 ] } },
{ "type": "Feature", "properties": { "amenity": null, "healthcare": "centre", "name": "ACCESS Warren Family Health Center", "addr:city": null, "addr:housenumber": null, "addr:postcode": null, "addr:state": null, "addr:street": null, "check_date": null, "healthcare:speciality": null, "phone": null, "website": null, "branch": null, "brand": null, "brand:wikidata": null, "disused:amenity": null, "level": null, "opening_hours": null, "designation": null, "operator": null, "urgent_care": null, "wheelchair": null, "addr:unit": null, "addr:street:name": null, "addr:street:prefix": null, "addr:street:type": null, "social_facility": null, "source": "OpenStreetMap", "operator:type": null, "operator:wikidata": null, "operator:wikipedia": null, "addr:country": null, "name:etymology:wikidata": null, "name:etymology:wikipedia": null, "operator:short": null, "air_conditioning": null, "fax": null, "wikidata": null, "wikipedia": null, "description": null, "drive_through": null, "name:vi": null, "healthcare:for": null, "short_name": null, "check_date:opening_hours": null, "contact:phone": null, "email": null, "opening_hours:signed": null, "alt_name": null, "addr:suite": null, "note:payment": null, "payment:american_express": null, "payment:discover_card": null, "payment:mastercard": null, "payment:visa": null, "start_date": null, "chicago:building_id": null, "access": null, "healthcare:counselling": null, "contact:facebook": null, "building:floor": null, "addr:floor": null, "internet_access": null, "payment:cash": null, "payment:credit_cards": null, "payment:debit_cards": null, "contact:instagram": null, "contact:linkedin": null, "contact:twitter": null, "contact:youtube": null, "reservation:website": null, "appointment:website": null, "contact:blog": null, "contact:website": null, "currency:XBT": null, "payment:lightning": null, "payment:lightning:operator": null, "payment:lightning_contactless": null, "payment:onchain": null, "nodes": null, "beds": null, "emergency": null, "gnis:feature_id": null, "building": null, "building:levels": null, "layer": null, "old_name": null, "university_of_chicago:building_id": null, "university_of_chicago:business_unit_name": null, "roof:levels": null, "ele": null, "abbr_name": null, "ref": null, "toilets:wheelchair": null, "healthcare:speciality:wikidata": null, "healthcare:speciality:wikipedia": null, "name:ko": null, "image": null, "payment:cards": null, "payment:cheque": null, "polling_station": null, "architect": null, "height": null, "opening_date": null, "beauty": null, "shop": null, "smoking": null, "ways": null, "type": null, "category": "Primary Care Center – Private / Non-profit" }, "geometry": { "type": "Point", "coordinates": [ -87.686804900000013, 41.8819182 ] } },
{ "type": "Feature", "properties": { "amenity": "clinic", "healthcare": "clinic", "name": "USA Natural Health Clinic", "addr:city": "Chicago", "addr:housenumber": "5929", "addr:postcode": "60646", "addr:state": "IL", "addr:street": "North Cicero Avenue", "check_date": null, "healthcare:speciality": null, "phone": null, "website": null, "branch": null, "brand": null, "brand:wikidata": null, "disused:amenity": null, "level": null, "opening_hours": null, "designation": null, "operator": null, "urgent_care": null, "wheelchair": null, "addr:unit": null, "addr:street:name": null, "addr:street:prefix": null, "addr:street:type": null, "social_facility": null, "source": "OpenStreetMap", "operator:type": null, "operator:wikidata": null, "operator:wikipedia": null, "addr:country": null, "name:etymology:wikidata": null, "name:etymology:wikipedia": null, "operator:short": null, "air_conditioning": null, "fax": null, "wikidata": null, "wikipedia": null, "description": null, "drive_through": null, "name:vi": null, "healthcare:for": null, "short_name": null, "check_date:opening_hours": null, "contact:phone": null, "email": null, "opening_hours:signed": null, "alt_name": null, "addr:suite": null, "note:payment": null, "payment:american_express": null, "payment:discover_card": null, "payment:mastercard": null, "payment:visa": null, "start_date": null, "chicago:building_id": null, "access": null, "healthcare:counselling": null, "contact:facebook": null, "building:floor": null, "addr:floor": null, "internet_access": null, "payment:cash": null, "payment:credit_cards": null, "payment:debit_cards": null, "contact:instagram": null, "contact:linkedin": null, "contact:twitter": null, "contact:youtube": null, "reservation:website": null, "appointment:website": null, "contact:blog": null, "contact:website": null, "currency:XBT": null, "payment:lightning": null, "payment:lightning:operator": null, "payment:lightning_contactless": null, "payment:onchain": null, "nodes": null, "beds": null, "emergency": null, "gnis:feature_id": null, "building": null, "building:levels": null, "layer": null, "old_name": null, "university_of_chicago:building_id": null, "university_of_chicago:business_unit_name": null, "roof:levels": null, "ele": null, "abbr_name": null, "ref": null, "toilets:wheelchair": null, "healthcare:speciality:wikidata": null, "healthcare:speciality:wikipedia": null, "name:ko": null, "image": null, "payment:cards": null, "payment:cheque": null, "polling_station": null, "architect": null, "height": null, "opening_date": null, "beauty": null, "shop": null, "smoking": null, "ways": null, "type": null, "category": "Primary Care Center – Private / Non-profit" }, "geometry": { "type": "Point", "coordinates": [ -87.7481051, 41.9895513 ] } },
{ "type": "Feature", "properties": { "amenity": "doctors", "healthcare": "doctor", "name": "Linda Marino PhD", "addr:city": "Chicago", "addr:housenumber": "122", "addr:postcode": "60603", "addr:state": "IL", "addr:street": "South Michigan Avenue", "check_date": null, "healthcare:speciality": "psychiatry", "phone": "+1 312-588-5022", "website": "http://lindamarinophd.com", "branch": null, "brand": null, "brand:wikidata": null, "disused:amenity": null, "level": null, "opening_hours": null, "designation": null, "operator": null, "urgent_care": null, "wheelchair": null, "addr:unit": "1406", "addr:street:name": null, "addr:street:prefix": null, "addr:street:type": null, "social_facility": null, "source": "OpenStreetMap", "operator:type": null, "operator:wikidata": null, "operator:wikipedia": null, "addr:country": "US", "name:etymology:wikidata": null, "name:etymology:wikipedia": null, "operator:short": null, "air_conditioning": null, "fax": null, "wikidata": null, "wikipedia": null, "description": null, "drive_through": null, "name:vi": null, "healthcare:for": null, "short_name": null, "check_date:opening_hours": null, "contact:phone": null, "email": null, "opening_hours:signed": null, "alt_name": null, "addr:suite": null, "note:payment": null, "payment:american_express": null, "payment:discover_card": null, "payment:mastercard": null, "payment:visa": null, "start_date": null, "chicago:building_id": null, "access": null, "healthcare:counselling": null, "contact:facebook": null, "building:floor": null, "addr:floor": null, "internet_access": null, "payment:cash": null, "payment:credit_cards": null, "payment:debit_cards": null, "contact:instagram": null, "contact:linkedin": null, "contact:twitter": null, "contact:youtube": null, "reservation:website": null, "appointment:website": null, "contact:blog": null, "contact:website": null, "currency:XBT": null, "payment:lightning": null, "payment:lightning:operator": null, "payment:lightning_contactless": null, "payment:onchain": null, "nodes": null, "beds": null, "emergency": null, "gnis:feature_id": null, "building": null, "building:levels": null, "layer": null, "old_name": null, "university_of_chicago:building_id": null, "university_of_chicago:business_unit_name": null, "roof:levels": null, "ele": null, "abbr_name": null, "ref": null, "toilets:wheelchair": null, "healthcare:speciality:wikidata": null, "healthcare:speciality:wikipedia": null, "name:ko": null, "image": null, "payment:cards": null, "payment:cheque": null, "polling_station": null, "architect": null, "height": null, "opening_date": null, "beauty": null, "shop": null, "smoking": null, "ways": null, "type": null, "category": "Primary Care Center – Private / Non-profit" }, "geometry": { "type": "Point", "coordinates": [ -87.625076799999988, 41.8800931 ] } },
{ "type": "Feature", "properties": { "amenity": "clinic", "healthcare": "clinic", "name": "John Sengstacke Health Center", "addr:city": "Chicago", "addr:housenumber": "500", "addr:postcode": "60615", "addr:state": "IL", "addr:street": "East 51st Street", "check_date": null, "healthcare:speciality": "family_medicine;internal_medicine;obstetrics;gynaecology;pediatrics;psychiatry;surgery", "phone": null, "website": "https://www.cookcountyhhs.org/health-centers/john-sengstacke-health-center/", "branch": null, "brand": null, "brand:wikidata": null, "disused:amenity": null, "level": null, "opening_hours": null, "designation": null, "operator": "Cook County Health", "urgent_care": null, "wheelchair": null, "addr:unit": null, "addr:street:name": null, "addr:street:prefix": null, "addr:street:type": null, "social_facility": null, "source": "OpenStreetMap", "operator:type": "public", "operator:wikidata": "Q30286975", "operator:wikipedia": null, "addr:country": null, "name:etymology:wikidata": "Q10307846", "name:etymology:wikipedia": "en:John H. Sengstacke", "operator:short": "CCH", "air_conditioning": null, "fax": null, "wikidata": null, "wikipedia": null, "description": null, "drive_through": null, "name:vi": null, "healthcare:for": null, "short_name": null, "check_date:opening_hours": null, "contact:phone": null, "email": null, "opening_hours:signed": null, "alt_name": null, "addr:suite": null, "note:payment": null, "payment:american_express": null, "payment:discover_card": null, "payment:mastercard": null, "payment:visa": null, "start_date": null, "chicago:building_id": null, "access": null, "healthcare:counselling": null, "contact:facebook": null, "building:floor": null, "addr:floor": null, "internet_access": null, "payment:cash": null, "payment:credit_cards": null, "payment:debit_cards": null, "contact:instagram": null, "contact:linkedin": null, "contact:twitter": null, "contact:youtube": null, "reservation:website": null, "appointment:website": null, "contact:blog": null, "contact:website": null, "currency:XBT": null, "payment:lightning": null, "payment:lightning:operator": null, "payment:lightning_contactless": null, "payment:onchain": null, "nodes": null, "beds": null, "emergency": null, "gnis:feature_id": null, "building": null, "building:levels": null, "layer": null, "old_name": null, "university_of_chicago:building_id": null, "university_of_chicago:business_unit_name": null, "roof:levels": null, "ele": null, "abbr_name": null, "ref": null, "toilets:wheelchair": null, "healthcare:speciality:wikidata": null, "healthcare:speciality:wikipedia": null, "name:ko": null, "image": null, "payment:cards": null, "payment:cheque": null, "polling_station": null, "architect": null, "height": null, "opening_date": null, "beauty": null, "shop": null, "smoking": null, "ways": null, "type": null, "category": "Primary Care Center – Public (FQHC / CHC)" }, "geometry": { "type": "Point", "coordinates": [ -87.613778, 41.8024002 ] } },
{ "type": "Feature", "properties": { "amenity": "clinic", "healthcare": "clinic", "name": "Washington Park Children's Free Health Clinic", "addr:city": "Chicago", "addr:housenumber": "5350", "addr:postcode": "60615", "addr:state": "IL", "addr:street": "South Prairie Avenue", "check_date": null, "healthcare:speciality": null, "phone": null, "website": "http://wpclinic.uchicago.edu", "branch": null, "brand": null, "brand:wikidata": null, "disused:amenity": null, "level": null, "opening_hours": "Tu 17:30-19:00", "designation": null, "operator": "University of Chicago Hospitals", "urgent_care": null, "wheelchair": null, "addr:unit": null, "addr:street:name": null, "addr:street:prefix": null, "addr:street:type": null, "social_facility": null, "source": "OpenStreetMap", "operator:type": "university", "operator:wikidata": null, "operator:wikipedia": null, "addr:country": null, "name:etymology:wikidata": null, "name:etymology:wikipedia": null, "operator:short": null, "air_conditioning": null, "fax": null, "wikidata": null, "wikipedia": null, "description": null, "drive_through": null, "name:vi": null, "healthcare:for": null, "short_name": null, "check_date:opening_hours": null, "contact:phone": null, "email": null, "opening_hours:signed": null, "alt_name": null, "addr:suite": null, "note:payment": null, "payment:american_express": null, "payment:discover_card": null, "payment:mastercard": null, "payment:visa": null, "start_date": null, "chicago:building_id": null, "access": null, "healthcare:counselling": null, "contact:facebook": null, "building:floor": null, "addr:floor": null, "internet_access": null, "payment:cash": null, "payment:credit_cards": null, "payment:debit_cards": null, "contact:instagram": null, "contact:linkedin": null, "contact:twitter": null, "contact:youtube": null, "reservation:website": null, "appointment:website": null, "contact:blog": null, "contact:website": null, "currency:XBT": null, "payment:lightning": null, "payment:lightning:operator": null, "payment:lightning_contactless": null, "payment:onchain": null, "nodes": null, "beds": null, "emergency": null, "gnis:feature_id": null, "building": null, "building:levels": null, "layer": null, "old_name": null, "university_of_chicago:building_id": null, "university_of_chicago:business_unit_name": null, "roof:levels": null, "ele": null, "abbr_name": null, "ref": null, "toilets:wheelchair": null, "healthcare:speciality:wikidata": null, "healthcare:speciality:wikipedia": null, "name:ko": null, "image": null, "payment:cards": null, "payment:cheque": null, "polling_station": null, "architect": null, "height": null, "opening_date": null, "beauty": null, "shop": null, "smoking": null, "ways": null, "type": null, "category": "Primary Care Center – Private / Non-profit" }, "geometry": { "type": "Point", "coordinates": [ -87.6195845, 41.796922 ] } },
{ "type": "Feature", "properties": { "amenity": "clinic", "healthcare": "clinic", "name": "Lincoln Sqaure Medical Center", "addr:city": "Chicago", "addr:housenumber": "2515", "addr:postcode": "60625", "addr:state": "IL", "addr:street": "West Lawrence Avenue", "check_date": null, "healthcare:speciality": "Immigration;Immunization", "phone": null, "website": null, "branch": null, "brand": null, "brand:wikidata": null, "disused:amenity": null, "level": "1", "opening_hours": null, "designation": null, "operator": null, "urgent_care": null, "wheelchair": null, "addr:unit": null, "addr:street:name": null, "addr:street:prefix": null, "addr:street:type": null, "social_facility": null, "source": "OpenStreetMap", "operator:type": null, "operator:wikidata": null, "operator:wikipedia": null, "addr:country": null, "name:etymology:wikidata": null, "name:etymology:wikipedia": null, "operator:short": null, "air_conditioning": null, "fax": null, "wikidata": null, "wikipedia": null, "description": null, "drive_through": null, "name:vi": null, "healthcare:for": null, "short_name": null, "check_date:opening_hours": null, "contact:phone": null, "email": null, "opening_hours:signed": null, "alt_name": null, "addr:suite": null, "note:payment": null, "payment:american_express": null, "payment:discover_card": null, "payment:mastercard": null, "payment:visa": null, "start_date": null, "chicago:building_id": null, "access": null, "healthcare:counselling": null, "contact:facebook": null, "building:floor": null, "addr:floor": null, "internet_access": null, "payment:cash": null, "payment:credit_cards": null, "payment:debit_cards": null, "contact:instagram": null, "contact:linkedin": null, "contact:twitter": null, "contact:youtube": null, "reservation:website": null, "appointment:website": null, "contact:blog": null, "contact:website": null, "currency:XBT": null, "payment:lightning": null, "payment:lightning:operator": null, "payment:lightning_contactless": null, "payment:onchain": null, "nodes": null, "beds": null, "emergency": null, "gnis:feature_id": null, "building": null, "building:levels": null, "layer": null, "old_name": null, "university_of_chicago:building_id": null, "university_of_chicago:business_unit_name": null, "roof:levels": null, "ele": null, "abbr_name": null, "ref": null, "toilets:wheelchair": null, "healthcare:speciality:wikidata": null, "healthcare:speciality:wikipedia": null, "name:ko": null, "image": null, "payment:cards": null, "payment:cheque": null, "polling_station": null, "architect": null, "height": null, "opening_date": null, "beauty": null, "shop": null, "smoking": null, "ways": null, "type": null, "category": "Primary Care Center – Private / Non-profit" }, "geometry": { "type": "Point", "coordinates": [ -87.6921097, 41.9684437 ] } },
{ "type": "Feature", "properties": { "amenity": "clinic", "healthcare": "clinic", "name": "Howard Brown Health", "addr:city": "Chicago", "addr:housenumber": "1525", "addr:postcode": "60637", "addr:state": "IL", "addr:street": "East 55th Street", "check_date": null, "healthcare:speciality": "general;LGBT;transgender", "phone": "+1-773-388-1600", "website": "https://howardbrown.org/clinic_location/55th-street/", "branch": null, "brand": null, "brand:wikidata": null, "disused:amenity": null, "level": null, "opening_hours": "Mo 09:00-17:00, Tu 10:00-20:00, We 09:00-17:00, Th 09:00-20:00, Fr 09:00-17:00, Sa 14:00-18:00", "designation": null, "operator": "Howard Brown", "urgent_care": null, "wheelchair": null, "addr:unit": null, "addr:street:name": null, "addr:street:prefix": null, "addr:street:type": null, "social_facility": null, "source": "OpenStreetMap", "operator:type": "private_non_profit", "operator:wikidata": null, "operator:wikipedia": null, "addr:country": null, "name:etymology:wikidata": null, "name:etymology:wikipedia": null, "operator:short": null, "air_conditioning": "yes", "fax": "+1-773-363-8809", "wikidata": "Q5919197", "wikipedia": "en:Howard Brown Health", "description": null, "drive_through": null, "name:vi": null, "healthcare:for": null, "short_name": null, "check_date:opening_hours": null, "contact:phone": null, "email": null, "opening_hours:signed": null, "alt_name": null, "addr:suite": null, "note:payment": null, "payment:american_express": null, "payment:discover_card": null, "payment:mastercard": null, "payment:visa": null, "start_date": null, "chicago:building_id": null, "access": null, "healthcare:counselling": null, "contact:facebook": null, "building:floor": null, "addr:floor": null, "internet_access": null, "payment:cash": null, "payment:credit_cards": null, "payment:debit_cards": null, "contact:instagram": null, "contact:linkedin": null, "contact:twitter": null, "contact:youtube": null, "reservation:website": null, "appointment:website": null, "contact:blog": null, "contact:website": null, "currency:XBT": null, "payment:lightning": null, "payment:lightning:operator": null, "payment:lightning_contactless": null, "payment:onchain": null, "nodes": null, "beds": null, "emergency": null, "gnis:feature_id": null, "building": null, "building:levels": null, "layer": null, "old_name": null, "university_of_chicago:building_id": null, "university_of_chicago:business_unit_name": null, "roof:levels": null, "ele": null, "abbr_name": null, "ref": null, "toilets:wheelchair": null, "healthcare:speciality:wikidata": null, "healthcare:speciality:wikipedia": null, "name:ko": null, "image": null, "payment:cards": null, "payment:cheque": null, "polling_station": null, "architect": null, "height": null, "opening_date": null, "beauty": null, "shop": null, "smoking": null, "ways": null, "type": null, "category": "Primary Care Center – Private / Non-profit" }, "geometry": { "type": "Point", "coordinates": [ -87.588053, 41.7949314 ] } },
{ "type": "Feature", "properties": { "amenity": "clinic", "healthcare": "clinic", "name": "Howard Brown Health 63rd Street", "addr:city": "Chicago", "addr:housenumber": "641", "addr:postcode": "60621", "addr:state": "IL", "addr:street": "West 63rd Street", "check_date": null, "healthcare:speciality": "general;LGBT;transgender;dental", "phone": "+1-773-388-1600", "website": "https://howardbrown.org/clinic_location/63rd-street/", "branch": "63rd Street", "brand": null, "brand:wikidata": null, "disused:amenity": null, "level": null, "opening_hours": "Mo 09:00-17:00, Tu 10:00-17:00, We-Th 09:00-19:00, Fr 09:00-05:00", "designation": null, "operator": "Howard Brown", "urgent_care": null, "wheelchair": null, "addr:unit": null, "addr:street:name": null, "addr:street:prefix": null, "addr:street:type": null, "social_facility": null, "source": "OpenStreetMap", "operator:type": "private_non_profit", "operator:wikidata": null, "operator:wikipedia": null, "addr:country": null, "name:etymology:wikidata": null, "name:etymology:wikipedia": null, "operator:short": null, "air_conditioning": "yes", "fax": null, "wikidata": "Q5919197", "wikipedia": "en:Howard Brown Health", "description": null, "drive_through": null, "name:vi": null, "healthcare:for": null, "short_name": null, "check_date:opening_hours": null, "contact:phone": null, "email": null, "opening_hours:signed": null, "alt_name": null, "addr:suite": null, "note:payment": null, "payment:american_express": null, "payment:discover_card": null, "payment:mastercard": null, "payment:visa": null, "start_date": null, "chicago:building_id": null, "access": null, "healthcare:counselling": null, "contact:facebook": null, "building:floor": null, "addr:floor": null, "internet_access": null, "payment:cash": null, "payment:credit_cards": null, "payment:debit_cards": null, "contact:instagram": null, "contact:linkedin": null, "contact:twitter": null, "contact:youtube": null, "reservation:website": null, "appointment:website": null, "contact:blog": null, "contact:website": null, "currency:XBT": null, "payment:lightning": null, "payment:lightning:operator": null, "payment:lightning_contactless": null, "payment:onchain": null, "nodes": null, "beds": null, "emergency": null, "gnis:feature_id": null, "building": null, "building:levels": null, "layer": null, "old_name": null, "university_of_chicago:building_id": null, "university_of_chicago:business_unit_name": null, "roof:levels": null, "ele": null, "abbr_name": null, "ref": null, "toilets:wheelchair": null, "healthcare:speciality:wikidata": null, "healthcare:speciality:wikipedia": null, "name:ko": null, "image": null, "payment:cards": null, "payment:cheque": null, "polling_station": null, "architect": null, "height": null, "opening_date": null, "beauty": null, "shop": null, "smoking": null, "ways": null, "type": null, "category": "Primary Care Center – Private / Non-profit" }, "geometry": { "type": "Point", "coordinates": [ -87.641281699999979, 41.779483 ] } },
{ "type": "Feature", "properties": { "amenity": null, "healthcare": "clinic", "name": "Mile Square Health Center", "addr:city": "Chicago", "addr:housenumber": "641", "addr:postcode": "60621", "addr:state": "IL", "addr:street": "West 63rd Street", "check_date": null, "healthcare:speciality": "general", "phone": "+1-312-996-2000", "website": "https://hospital.uillinois.edu/patients-and-visitors/mile-square-federally-qualified-health-center/locations/englewood", "branch": "Englewood", "brand": null, "brand:wikidata": null, "disused:amenity": null, "level": null, "opening_hours": "Mo-Fr 09:00-17:00", "designation": null, "operator": "University of Illinois", "urgent_care": null, "wheelchair": null, "addr:unit": null, "addr:street:name": null, "addr:street:prefix": null, "addr:street:type": null, "social_facility": null, "source": "OpenStreetMap", "operator:type": null, "operator:wikidata": null, "operator:wikipedia": null, "addr:country": null, "name:etymology:wikidata": null, "name:etymology:wikipedia": null, "operator:short": null, "air_conditioning": null, "fax": null, "wikidata": null, "wikipedia": null, "description": null, "drive_through": null, "name:vi": null, "healthcare:for": null, "short_name": null, "check_date:opening_hours": null, "contact:phone": null, "email": null, "opening_hours:signed": null, "alt_name": null, "addr:suite": null, "note:payment": null, "payment:american_express": null, "payment:discover_card": null, "payment:mastercard": null, "payment:visa": null, "start_date": null, "chicago:building_id": null, "access": null, "healthcare:counselling": null, "contact:facebook": null, "building:floor": null, "addr:floor": null, "internet_access": null, "payment:cash": null, "payment:credit_cards": null, "payment:debit_cards": null, "contact:instagram": null, "contact:linkedin": null, "contact:twitter": null, "contact:youtube": null, "reservation:website": null, "appointment:website": null, "contact:blog": null, "contact:website": null, "currency:XBT": null, "payment:lightning": null, "payment:lightning:operator": null, "payment:lightning_contactless": null, "payment:onchain": null, "nodes": null, "beds": null, "emergency": null, "gnis:feature_id": null, "building": null, "building:levels": null, "layer": null, "old_name": null, "university_of_chicago:building_id": null, "university_of_chicago:business_unit_name": null, "roof:levels": null, "ele": null, "abbr_name": null, "ref": null, "toilets:wheelchair": null, "healthcare:speciality:wikidata": null, "healthcare:speciality:wikipedia": null, "name:ko": null, "image": null, "payment:cards": null, "payment:cheque": null, "polling_station": null, "architect": null, "height": null, "opening_date": null, "beauty": null, "shop": null, "smoking": null, "ways": null, "type": null, "category": "Primary Care Center – Public (FQHC / CHC)" }, "geometry": { "type": "Point", "coordinates": [ -87.64160889999998, 41.779475 ] } },
{ "type": "Feature", "properties": { "amenity": "clinic", "healthcare": "clinic", "name": "Howard Brown Health Diversey", "addr:city": "Chicago", "addr:housenumber": "2800", "addr:postcode": "60657", "addr:state": "IL", "addr:street": "North Sheridan Road", "check_date": null, "healthcare:speciality": "general;lgbt;transgender", "phone": "+1-773-472-7412", "website": "https://howardbrown.org/clinic_location/diversey/", "branch": null, "brand": null, "brand:wikidata": null, "disused:amenity": null, "level": null, "opening_hours": "Mo 09:00-18:00, Tu 9:30-19:00, We 09:00-18:00, Th 09:30-19:00, Fr 09:00-16:00", "designation": null, "operator": "Howard Brown", "urgent_care": null, "wheelchair": null, "addr:unit": "211", "addr:street:name": null, "addr:street:prefix": null, "addr:street:type": null, "social_facility": null, "source": "OpenStreetMap", "operator:type": "private_non_profit", "operator:wikidata": null, "operator:wikipedia": null, "addr:country": null, "name:etymology:wikidata": null, "name:etymology:wikipedia": null, "operator:short": null, "air_conditioning": "yes", "fax": "+1-773-472-7499", "wikidata": "Q5919197", "wikipedia": "en:Howard Brown Health", "description": "From primary care to sexual health testing and prevention, our Lakeview clinic offers healthcare services with the LGBTQ community’s needs in mind. ", "drive_through": null, "name:vi": null, "healthcare:for": null, "short_name": null, "check_date:opening_hours": null, "contact:phone": null, "email": null, "opening_hours:signed": null, "alt_name": null, "addr:suite": null, "note:payment": null, "payment:american_express": null, "payment:discover_card": null, "payment:mastercard": null, "payment:visa": null, "start_date": null, "chicago:building_id": null, "access": null, "healthcare:counselling": null, "contact:facebook": null, "building:floor": null, "addr:floor": null, "internet_access": null, "payment:cash": null, "payment:credit_cards": null, "payment:debit_cards": null, "contact:instagram": null, "contact:linkedin": null, "contact:twitter": null, "contact:youtube": null, "reservation:website": null, "appointment:website": null, "contact:blog": null, "contact:website": null, "currency:XBT": null, "payment:lightning": null, "payment:lightning:operator": null, "payment:lightning_contactless": null, "payment:onchain": null, "nodes": null, "beds": null, "emergency": null, "gnis:feature_id": null, "building": null, "building:levels": null, "layer": null, "old_name": null, "university_of_chicago:building_id": null, "university_of_chicago:business_unit_name": null, "roof:levels": null, "ele": null, "abbr_name": null, "ref": null, "toilets:wheelchair": null, "healthcare:speciality:wikidata": null, "healthcare:speciality:wikipedia": null, "name:ko": null, "image": null, "payment:cards": null, "payment:cheque": null, "polling_station": null, "architect": null, "height": null, "opening_date": null, "beauty": null, "shop": null, "smoking": null, "ways": null, "type": null, "category": "Primary Care Center – Private / Non-profit" }, "geometry": { "type": "Point", "coordinates": [ -87.63990459999998, 41.9331304 ] } },
{ "type": "Feature", "properties": { "amenity": "doctors", "healthcare": "doctor", "name": "Walgreens Healthcare Clinic", "addr:city": "Chicago", "addr:housenumber": "4025", "addr:postcode": "60613", "addr:state": "IL", "addr:street": "North Sheridan Road", "check_date": null, "healthcare:speciality": "community", "phone": "+1-773-528-8314", "website": null, "branch": null, "brand": "Walgreens", "brand:wikidata": "Q1591889", "disused:amenity": null, "level": null, "opening_hours": null, "designation": null, "operator": null, "urgent_care": null, "wheelchair": null, "addr:unit": null, "addr:street:name": null, "addr:street:prefix": null, "addr:street:type": null, "social_facility": null, "source": "OpenStreetMap", "operator:type": null, "operator:wikidata": null, "operator:wikipedia": null, "addr:country": null, "name:etymology:wikidata": null, "name:etymology:wikipedia": null, "operator:short": null, "air_conditioning": null, "fax": null, "wikidata": null, "wikipedia": null, "description": null, "drive_through": "no", "name:vi": null, "healthcare:for": null, "short_name": null, "check_date:opening_hours": null, "contact:phone": null, "email": null, "opening_hours:signed": null, "alt_name": null, "addr:suite": null, "note:payment": null, "payment:american_express": null, "payment:discover_card": null, "payment:mastercard": null, "payment:visa": null, "start_date": null, "chicago:building_id": null, "access": null, "healthcare:counselling": null, "contact:facebook": null, "building:floor": null, "addr:floor": null, "internet_access": null, "payment:cash": null, "payment:credit_cards": null, "payment:debit_cards": null, "contact:instagram": null, "contact:linkedin": null, "contact:twitter": null, "contact:youtube": null, "reservation:website": null, "appointment:website": null, "contact:blog": null, "contact:website": null, "currency:XBT": null, "payment:lightning": null, "payment:lightning:operator": null, "payment:lightning_contactless": null, "payment:onchain": null, "nodes": null, "beds": null, "emergency": null, "gnis:feature_id": null, "building": null, "building:levels": null, "layer": null, "old_name": null, "university_of_chicago:building_id": null, "university_of_chicago:business_unit_name": null, "roof:levels": null, "ele": null, "abbr_name": null, "ref": null, "toilets:wheelchair": null, "healthcare:speciality:wikidata": null, "healthcare:speciality:wikipedia": null, "name:ko": null, "image": null, "payment:cards": null, "payment:cheque": null, "polling_station": null, "architect": null, "height": null, "opening_date": null, "beauty": null, "shop": null, "smoking": null, "ways": null, "type": null, "category": "Primary Care Center – Private / Non-profit" }, "geometry": { "type": "Point", "coordinates": [ -87.6542982, 41.9553002 ] } },
{ "type": "Feature", "properties": { "amenity": "clinic", "healthcare": "clinic", "name": "Vivent Health + TPAN", "addr:city": "Chicago", "addr:housenumber": "5537", "addr:postcode": "60640", "addr:state": "IL", "addr:street": "North Broadway", "check_date": null, "healthcare:speciality": "general;lgbt;transgender", "phone": "+1-773-989-9400", "website": "https://viventhealth.org/chicago/", "branch": null, "brand": null, "brand:wikidata": null, "disused:amenity": null, "level": null, "opening_hours": null, "designation": null, "operator": "Vivent Health", "urgent_care": null, "wheelchair": null, "addr:unit": null, "addr:street:name": null, "addr:street:prefix": null, "addr:street:type": null, "social_facility": null, "source": "OpenStreetMap", "operator:type": "private_non_profit", "operator:wikidata": null, "operator:wikipedia": null, "addr:country": null, "name:etymology:wikidata": null, "name:etymology:wikipedia": null, "operator:short": null, "air_conditioning": "yes", "fax": null, "wikidata": null, "wikipedia": null, "description": "HIV Prevention and Treatment Center", "drive_through": null, "name:vi": null, "healthcare:for": null, "short_name": null, "check_date:opening_hours": null, "contact:phone": null, "email": null, "opening_hours:signed": null, "alt_name": null, "addr:suite": null, "note:payment": null, "payment:american_express": null, "payment:discover_card": null, "payment:mastercard": null, "payment:visa": null, "start_date": null, "chicago:building_id": null, "access": null, "healthcare:counselling": null, "contact:facebook": null, "building:floor": null, "addr:floor": null, "internet_access": null, "payment:cash": null, "payment:credit_cards": null, "payment:debit_cards": null, "contact:instagram": null, "contact:linkedin": null, "contact:twitter": null, "contact:youtube": null, "reservation:website": null, "appointment:website": null, "contact:blog": null, "contact:website": null, "currency:XBT": null, "payment:lightning": null, "payment:lightning:operator": null, "payment:lightning_contactless": null, "payment:onchain": null, "nodes": null, "beds": null, "emergency": null, "gnis:feature_id": null, "building": null, "building:levels": null, "layer": null, "old_name": null, "university_of_chicago:building_id": null, "university_of_chicago:business_unit_name": null, "roof:levels": null, "ele": null, "abbr_name": null, "ref": null, "toilets:wheelchair": null, "healthcare:speciality:wikidata": null, "healthcare:speciality:wikipedia": null, "name:ko": null, "image": null, "payment:cards": null, "payment:cheque": null, "polling_station": null, "architect": null, "height": null, "opening_date": null, "beauty": null, "shop": null, "smoking": null, "ways": null, "type": null, "category": "Primary Care Center – Private / Non-profit" }, "geometry": { "type": "Point", "coordinates": [ -87.6598017, 41.9828289 ] } },
{ "type": "Feature", "properties": { "amenity": "clinic", "healthcare": "clinic", "name": "The Encompassing Center", "addr:city": "Chicago", "addr:housenumber": "3019", "addr:postcode": "60612", "addr:state": "IL", "addr:street": "West Harrison Street", "check_date": null, "healthcare:speciality": "mental_health", "phone": null, "website": null, "branch": null, "brand": null, "brand:wikidata": null, "disused:amenity": null, "level": null, "opening_hours": null, "designation": null, "operator": null, "urgent_care": null, "wheelchair": null, "addr:unit": null, "addr:street:name": null, "addr:street:prefix": null, "addr:street:type": null, "social_facility": null, "source": "OpenStreetMap", "operator:type": null, "operator:wikidata": null, "operator:wikipedia": null, "addr:country": null, "name:etymology:wikidata": null, "name:etymology:wikipedia": null, "operator:short": null, "air_conditioning": null, "fax": null, "wikidata": null, "wikipedia": null, "description": null, "drive_through": null, "name:vi": null, "healthcare:for": null, "short_name": null, "check_date:opening_hours": null, "contact:phone": null, "email": null, "opening_hours:signed": null, "alt_name": null, "addr:suite": null, "note:payment": null, "payment:american_express": null, "payment:discover_card": null, "payment:mastercard": null, "payment:visa": null, "start_date": null, "chicago:building_id": null, "access": null, "healthcare:counselling": null, "contact:facebook": null, "building:floor": null, "addr:floor": null, "internet_access": null, "payment:cash": null, "payment:credit_cards": null, "payment:debit_cards": null, "contact:instagram": null, "contact:linkedin": null, "contact:twitter": null, "contact:youtube": null, "reservation:website": null, "appointment:website": null, "contact:blog": null, "contact:website": null, "currency:XBT": null, "payment:lightning": null, "payment:lightning:operator": null, "payment:lightning_contactless": null, "payment:onchain": null, "nodes": null, "beds": null, "emergency": null, "gnis:feature_id": null, "building": null, "building:levels": null, "layer": null, "old_name": null, "university_of_chicago:building_id": null, "university_of_chicago:business_unit_name": null, "roof:levels": null, "ele": null, "abbr_name": null, "ref": null, "toilets:wheelchair": null, "healthcare:speciality:wikidata": null, "healthcare:speciality:wikipedia": null, "name:ko": null, "image": null, "payment:cards": null, "payment:cheque": null, "polling_station": null, "architect": null, "height": null, "opening_date": null, "beauty": null, "shop": null, "smoking": null, "ways": null, "type": null, "category": "Primary Care Center – Private / Non-profit" }, "geometry": { "type": "Point", "coordinates": [ -87.7018404, 41.8735527 ] } },
{ "type": "Feature", "properties": { "amenity": "doctors", "healthcare": "doctor", "name": null, "addr:city": null, "addr:housenumber": null, "addr:postcode": null, "addr:state": null, "addr:street": null, "check_date": null, "healthcare:speciality": null, "phone": null, "website": null, "branch": null, "brand": null, "brand:wikidata": null, "disused:amenity": null, "level": null, "opening_hours": null, "designation": null, "operator": null, "urgent_care": null, "wheelchair": null, "addr:unit": null, "addr:street:name": null, "addr:street:prefix": null, "addr:street:type": null, "social_facility": null, "source": "OpenStreetMap", "operator:type": null, "operator:wikidata": null, "operator:wikipedia": null, "addr:country": null, "name:etymology:wikidata": null, "name:etymology:wikipedia": null, "operator:short": null, "air_conditioning": null, "fax": null, "wikidata": null, "wikipedia": null, "description": null, "drive_through": null, "name:vi": null, "healthcare:for": null, "short_name": null, "check_date:opening_hours": null, "contact:phone": null, "email": null, "opening_hours:signed": null, "alt_name": null, "addr:suite": null, "note:payment": null, "payment:american_express": null, "payment:discover_card": null, "payment:mastercard": null, "payment:visa": null, "start_date": null, "chicago:building_id": null, "access": null, "healthcare:counselling": null, "contact:facebook": null, "building:floor": null, "addr:floor": null, "internet_access": null, "payment:cash": null, "payment:credit_cards": null, "payment:debit_cards": null, "contact:instagram": null, "contact:linkedin": null, "contact:twitter": null, "contact:youtube": null, "reservation:website": null, "appointment:website": null, "contact:blog": null, "contact:website": null, "currency:XBT": null, "payment:lightning": null, "payment:lightning:operator": null, "payment:lightning_contactless": null, "payment:onchain": null, "nodes": null, "beds": null, "emergency": null, "gnis:feature_id": null, "building": null, "building:levels": null, "layer": null, "old_name": null, "university_of_chicago:building_id": null, "university_of_chicago:business_unit_name": null, "roof:levels": null, "ele": null, "abbr_name": null, "ref": null, "toilets:wheelchair": null, "healthcare:speciality:wikidata": null, "healthcare:speciality:wikipedia": null, "name:ko": null, "image": null, "payment:cards": null, "payment:cheque": null, "polling_station": null, "architect": null, "height": null, "opening_date": null, "beauty": null, "shop": null, "smoking": null, "ways": null, "type": null, "category": "Primary Care Center – Private / Non-profit" }, "geometry": { "type": "Point", "coordinates": [ -87.6571958, 41.9734129 ] } },
{ "type": "Feature", "properties": { "amenity": "doctors", "healthcare": "doctor", "name": "Lau Medical", "addr:city": null, "addr:housenumber": null, "addr:postcode": null, "addr:state": null, "addr:street": null, "check_date": null, "healthcare:speciality": null, "phone": null, "website": null, "branch": null, "brand": null, "brand:wikidata": null, "disused:amenity": null, "level": null, "opening_hours": null, "designation": null, "operator": null, "urgent_care": null, "wheelchair": null, "addr:unit": null, "addr:street:name": null, "addr:street:prefix": null, "addr:street:type": null, "social_facility": null, "source": "OpenStreetMap", "operator:type": null, "operator:wikidata": null, "operator:wikipedia": null, "addr:country": null, "name:etymology:wikidata": null, "name:etymology:wikipedia": null, "operator:short": null, "air_conditioning": null, "fax": null, "wikidata": null, "wikipedia": null, "description": null, "drive_through": null, "name:vi": null, "healthcare:for": null, "short_name": null, "check_date:opening_hours": null, "contact:phone": null, "email": null, "opening_hours:signed": null, "alt_name": null, "addr:suite": null, "note:payment": null, "payment:american_express": null, "payment:discover_card": null, "payment:mastercard": null, "payment:visa": null, "start_date": null, "chicago:building_id": null, "access": null, "healthcare:counselling": null, "contact:facebook": null, "building:floor": null, "addr:floor": null, "internet_access": null, "payment:cash": null, "payment:credit_cards": null, "payment:debit_cards": null, "contact:instagram": null, "contact:linkedin": null, "contact:twitter": null, "contact:youtube": null, "reservation:website": null, "appointment:website": null, "contact:blog": null, "contact:website": null, "currency:XBT": null, "payment:lightning": null, "payment:lightning:operator": null, "payment:lightning_contactless": null, "payment:onchain": null, "nodes": null, "beds": null, "emergency": null, "gnis:feature_id": null, "building": null, "building:levels": null, "layer": null, "old_name": null, "university_of_chicago:building_id": null, "university_of_chicago:business_unit_name": null, "roof:levels": null, "ele": null, "abbr_name": null, "ref": null, "toilets:wheelchair": null, "healthcare:speciality:wikidata": null, "healthcare:speciality:wikipedia": null, "name:ko": null, "image": null, "payment:cards": null, "payment:cheque": null, "polling_station": null, "architect": null, "height": null, "opening_date": null, "beauty": null, "shop": null, "smoking": null, "ways": null, "type": null, "category": "Primary Care Center – Private / Non-profit" }, "geometry": { "type": "Point", "coordinates": [ -87.6579566, 41.9733891 ] } },
{ "type": "Feature", "properties": { "amenity": "clinic", "healthcare": "clinic", "name": "Mini Thương Xá", "addr:city": null, "addr:housenumber": null, "addr:postcode": null, "addr:state": null, "addr:street": null, "check_date": null, "healthcare:speciality": null, "phone": null, "website": null, "branch": null, "brand": null, "brand:wikidata": null, "disused:amenity": null, "level": null, "opening_hours": null, "designation": null, "operator": null, "urgent_care": "yes", "wheelchair": null, "addr:unit": null, "addr:street:name": null, "addr:street:prefix": null, "addr:street:type": null, "social_facility": null, "source": "OpenStreetMap", "operator:type": null, "operator:wikidata": null, "operator:wikipedia": null, "addr:country": null, "name:etymology:wikidata": null, "name:etymology:wikipedia": null, "operator:short": null, "air_conditioning": null, "fax": null, "wikidata": null, "wikipedia": null, "description": null, "drive_through": null, "name:vi": "Mini Thương Xá", "healthcare:for": null, "short_name": null, "check_date:opening_hours": null, "contact:phone": null, "email": null, "opening_hours:signed": null, "alt_name": null, "addr:suite": null, "note:payment": null, "payment:american_express": null, "payment:discover_card": null, "payment:mastercard": null, "payment:visa": null, "start_date": null, "chicago:building_id": null, "access": null, "healthcare:counselling": null, "contact:facebook": null, "building:floor": null, "addr:floor": null, "internet_access": null, "payment:cash": null, "payment:credit_cards": null, "payment:debit_cards": null, "contact:instagram": null, "contact:linkedin": null, "contact:twitter": null, "contact:youtube": null, "reservation:website": null, "appointment:website": null, "contact:blog": null, "contact:website": null, "currency:XBT": null, "payment:lightning": null, "payment:lightning:operator": null, "payment:lightning_contactless": null, "payment:onchain": null, "nodes": null, "beds": null, "emergency": null, "gnis:feature_id": null, "building": null, "building:levels": null, "layer": null, "old_name": null, "university_of_chicago:building_id": null, "university_of_chicago:business_unit_name": null, "roof:levels": null, "ele": null, "abbr_name": null, "ref": null, "toilets:wheelchair": null, "healthcare:speciality:wikidata": null, "healthcare:speciality:wikipedia": null, "name:ko": null, "image": null, "payment:cards": null, "payment:cheque": null, "polling_station": null, "architect": null, "height": null, "opening_date": null, "beauty": null, "shop": null, "smoking": null, "ways": null, "type": null, "category": "Primary Care Center – Private / Non-profit" }, "geometry": { "type": "Point", "coordinates": [ -87.657584499999984, 41.972956 ] } },
{ "type": "Feature", "properties": { "amenity": "clinic", "healthcare": "clinic", "name": "Northwestern Medicine Primary and Specialty Care Lakeview", "addr:city": "Chicago", "addr:housenumber": "1333", "addr:postcode": "60657", "addr:state": "IL", "addr:street": "West Belmont Avenue", "check_date": null, "healthcare:speciality": null, "phone": null, "website": null, "branch": null, "brand": "Northwestern Medicine", "brand:wikidata": "Q50036890", "disused:amenity": null, "level": null, "opening_hours": null, "designation": null, "operator": null, "urgent_care": null, "wheelchair": null, "addr:unit": "200", "addr:street:name": null, "addr:street:prefix": null, "addr:street:type": null, "social_facility": null, "source": "OpenStreetMap", "operator:type": null, "operator:wikidata": null, "operator:wikipedia": null, "addr:country": null, "name:etymology:wikidata": null, "name:etymology:wikipedia": null, "operator:short": null, "air_conditioning": null, "fax": null, "wikidata": null, "wikipedia": null, "description": null, "drive_through": null, "name:vi": null, "healthcare:for": null, "short_name": null, "check_date:opening_hours": null, "contact:phone": null, "email": null, "opening_hours:signed": null, "alt_name": null, "addr:suite": null, "note:payment": null, "payment:american_express": null, "payment:discover_card": null, "payment:mastercard": null, "payment:visa": null, "start_date": null, "chicago:building_id": null, "access": null, "healthcare:counselling": null, "contact:facebook": null, "building:floor": null, "addr:floor": null, "internet_access": null, "payment:cash": null, "payment:credit_cards": null, "payment:debit_cards": null, "contact:instagram": null, "contact:linkedin": null, "contact:twitter": null, "contact:youtube": null, "reservation:website": null, "appointment:website": null, "contact:blog": null, "contact:website": null, "currency:XBT": null, "payment:lightning": null, "payment:lightning:operator": null, "payment:lightning_contactless": null, "payment:onchain": null, "nodes": null, "beds": null, "emergency": null, "gnis:feature_id": null, "building": null, "building:levels": null, "layer": null, "old_name": null, "university_of_chicago:building_id": null, "university_of_chicago:business_unit_name": null, "roof:levels": null, "ele": null, "abbr_name": null, "ref": null, "toilets:wheelchair": null, "healthcare:speciality:wikidata": null, "healthcare:speciality:wikipedia": null, "name:ko": null, "image": null, "payment:cards": null, "payment:cheque": null, "polling_station": null, "architect": null, "height": null, "opening_date": null, "beauty": null, "shop": null, "smoking": null, "ways": null, "type": null, "category": "Primary Care Center – Private / Non-profit" }, "geometry": { "type": "Point", "coordinates": [ -87.6623275, 41.9396431 ] } },
{ "type": "Feature", "properties": { "amenity": "clinic", "healthcare": "dialysis", "name": "Fresenius Kidney Care", "addr:city": "Chicago", "addr:housenumber": "5401", "addr:postcode": "60609", "addr:state": "IL", "addr:street": "South Wentworth Avenue", "check_date": null, "healthcare:speciality": "nephrology", "phone": null, "website": "https://www.freseniuskidneycare.com/dialysis-centers/illinois/4309", "branch": "Garfield Dialysis", "brand": "Fresenius Kidney Care", "brand:wikidata": "Q650259", "disused:amenity": null, "level": null, "opening_hours": null, "designation": null, "operator": "Fresenius Kidney Care", "urgent_care": null, "wheelchair": null, "addr:unit": "18", "addr:street:name": null, "addr:street:prefix": null, "addr:street:type": null, "social_facility": null, "source": "OpenStreetMap", "operator:type": "private", "operator:wikidata": "Q650259", "operator:wikipedia": "en:Fresenius Medical Care", "addr:country": null, "name:etymology:wikidata": null, "name:etymology:wikipedia": null, "operator:short": null, "air_conditioning": null, "fax": null, "wikidata": null, "wikipedia": null, "description": null, "drive_through": null, "name:vi": null, "healthcare:for": null, "short_name": null, "check_date:opening_hours": null, "contact:phone": null, "email": null, "opening_hours:signed": null, "alt_name": null, "addr:suite": null, "note:payment": null, "payment:american_express": null, "payment:discover_card": null, "payment:mastercard": null, "payment:visa": null, "start_date": null, "chicago:building_id": null, "access": null, "healthcare:counselling": null, "contact:facebook": null, "building:floor": null, "addr:floor": null, "internet_access": null, "payment:cash": null, "payment:credit_cards": null, "payment:debit_cards": null, "contact:instagram": null, "contact:linkedin": null, "contact:twitter": null, "contact:youtube": null, "reservation:website": null, "appointment:website": null, "contact:blog": null, "contact:website": null, "currency:XBT": null, "payment:lightning": null, "payment:lightning:operator": null, "payment:lightning_contactless": null, "payment:onchain": null, "nodes": null, "beds": null, "emergency": null, "gnis:feature_id": null, "building": null, "building:levels": null, "layer": null, "old_name": null, "university_of_chicago:building_id": null, "university_of_chicago:business_unit_name": null, "roof:levels": null, "ele": null, "abbr_name": null, "ref": null, "toilets:wheelchair": null, "healthcare:speciality:wikidata": null, "healthcare:speciality:wikipedia": null, "name:ko": null, "image": null, "payment:cards": null, "payment:cheque": null, "polling_station": null, "architect": null, "height": null, "opening_date": null, "beauty": null, "shop": null, "smoking": null, "ways": null, "type": null, "category": "Primary Care Center – Private / Non-profit" }, "geometry": { "type": "Point", "coordinates": [ -87.6293718, 41.7969588 ] } },
{ "type": "Feature", "properties": { "amenity": "clinic", "healthcare": "dialysis", "name": "Fresenius Kidney Care", "addr:city": "Chicago", "addr:housenumber": "1111", "addr:postcode": "60619", "addr:state": "IL", "addr:street": "East 87th Street", "check_date": null, "healthcare:speciality": "nephrology", "phone": null, "website": null, "branch": "Greenwood Avenue", "brand": "Fresenius Kidney Care", "brand:wikidata": "Q650259", "disused:amenity": null, "level": null, "opening_hours": null, "designation": null, "operator": "Fresenius Kidney Care", "urgent_care": null, "wheelchair": null, "addr:unit": "700", "addr:street:name": null, "addr:street:prefix": null, "addr:street:type": null, "social_facility": null, "source": "OpenStreetMap", "operator:type": "private", "operator:wikidata": "Q650259", "operator:wikipedia": "en:Fresenius Medical Care", "addr:country": null, "name:etymology:wikidata": null, "name:etymology:wikipedia": null, "operator:short": null, "air_conditioning": null, "fax": null, "wikidata": null, "wikipedia": null, "description": null, "drive_through": null, "name:vi": null, "healthcare:for": null, "short_name": null, "check_date:opening_hours": null, "contact:phone": null, "email": null, "opening_hours:signed": null, "alt_name": null, "addr:suite": null, "note:payment": null, "payment:american_express": null, "payment:discover_card": null, "payment:mastercard": null, "payment:visa": null, "start_date": null, "chicago:building_id": null, "access": null, "healthcare:counselling": null, "contact:facebook": null, "building:floor": null, "addr:floor": null, "internet_access": null, "payment:cash": null, "payment:credit_cards": null, "payment:debit_cards": null, "contact:instagram": null, "contact:linkedin": null, "contact:twitter": null, "contact:youtube": null, "reservation:website": null, "appointment:website": null, "contact:blog": null, "contact:website": null, "currency:XBT": null, "payment:lightning": null, "payment:lightning:operator": null, "payment:lightning_contactless": null, "payment:onchain": null, "nodes": null, "beds": null, "emergency": null, "gnis:feature_id": null, "building": null, "building:levels": null, "layer": null, "old_name": null, "university_of_chicago:building_id": null, "university_of_chicago:business_unit_name": null, "roof:levels": null, "ele": null, "abbr_name": null, "ref": null, "toilets:wheelchair": null, "healthcare:speciality:wikidata": null, "healthcare:speciality:wikipedia": null, "name:ko": null, "image": null, "payment:cards": null, "payment:cheque": null, "polling_station": null, "architect": null, "height": null, "opening_date": null, "beauty": null, "shop": null, "smoking": null, "ways": null, "type": null, "category": "Primary Care Center – Private / Non-profit" }, "geometry": { "type": "Point", "coordinates": [ -87.5966501, 41.7365134 ] } },
{ "type": "Feature", "properties": { "amenity": "clinic", "healthcare": "clinic", "name": "Homan Square Community Center", "addr:city": "Chicago", "addr:housenumber": "3517", "addr:postcode": "60624", "addr:state": "IL", "addr:street": "West Arthington Street", "check_date": null, "healthcare:speciality": null, "phone": "+1-872-588-3510", "website": "https://lawndale.org/homan-square", "branch": null, "brand": null, "brand:wikidata": null, "disused:amenity": null, "level": null, "opening_hours": null, "designation": null, "operator": "Lawndale Christian Health Center", "urgent_care": null, "wheelchair": null, "addr:unit": null, "addr:street:name": null, "addr:street:prefix": null, "addr:street:type": null, "social_facility": null, "source": "OpenStreetMap", "operator:type": "religious", "operator:wikidata": null, "operator:wikipedia": null, "addr:country": null, "name:etymology:wikidata": null, "name:etymology:wikipedia": null, "operator:short": null, "air_conditioning": null, "fax": null, "wikidata": null, "wikipedia": null, "description": null, "drive_through": null, "name:vi": null, "healthcare:for": null, "short_name": null, "check_date:opening_hours": null, "contact:phone": null, "email": null, "opening_hours:signed": null, "alt_name": null, "addr:suite": null, "note:payment": null, "payment:american_express": null, "payment:discover_card": null, "payment:mastercard": null, "payment:visa": null, "start_date": null, "chicago:building_id": null, "access": null, "healthcare:counselling": null, "contact:facebook": null, "building:floor": null, "addr:floor": null, "internet_access": null, "payment:cash": null, "payment:credit_cards": null, "payment:debit_cards": null, "contact:instagram": null, "contact:linkedin": null, "contact:twitter": null, "contact:youtube": null, "reservation:website": null, "appointment:website": null, "contact:blog": null, "contact:website": null, "currency:XBT": null, "payment:lightning": null, "payment:lightning:operator": null, "payment:lightning_contactless": null, "payment:onchain": null, "nodes": null, "beds": null, "emergency": null, "gnis:feature_id": null, "building": null, "building:levels": null, "layer": null, "old_name": null, "university_of_chicago:building_id": null, "university_of_chicago:business_unit_name": null, "roof:levels": null, "ele": null, "abbr_name": null, "ref": null, "toilets:wheelchair": null, "healthcare:speciality:wikidata": null, "healthcare:speciality:wikipedia": null, "name:ko": null, "image": null, "payment:cards": null, "payment:cheque": null, "polling_station": null, "architect": null, "height": null, "opening_date": null, "beauty": null, "shop": null, "smoking": null, "ways": null, "type": null, "category": "Primary Care Center – Private / Non-profit" }, "geometry": { "type": "Point", "coordinates": [ -87.71377889999998, 41.8692644 ] } },
{ "type": "Feature", "properties": { "amenity": "clinic", "healthcare": "clinic", "name": "Chicago Lakeside VA Clinic", "addr:city": "Chicago", "addr:housenumber": "211", "addr:postcode": "60611", "addr:state": "IL", "addr:street": "East Ontario Street", "check_date": null, "healthcare:speciality": null, "phone": null, "website": "https://www.chicago.va.gov/locations/Lakeside.asp", "branch": "Chicago Lakeside", "brand": "VA", "brand:wikidata": "Q6580225", "disused:amenity": null, "level": null, "opening_hours": null, "designation": null, "operator": "Veterans Health Administration", "urgent_care": null, "wheelchair": null, "addr:unit": null, "addr:street:name": null, "addr:street:prefix": null, "addr:street:type": null, "social_facility": null, "source": "OpenStreetMap", "operator:type": "government", "operator:wikidata": "Q6580225", "operator:wikipedia": "en:Veterans Health Administration", "addr:country": null, "name:etymology:wikidata": null, "name:etymology:wikipedia": null, "operator:short": "VA", "air_conditioning": null, "fax": null, "wikidata": null, "wikipedia": null, "description": null, "drive_through": null, "name:vi": null, "healthcare:for": "veteran", "short_name": "VA", "check_date:opening_hours": null, "contact:phone": null, "email": null, "opening_hours:signed": null, "alt_name": null, "addr:suite": null, "note:payment": null, "payment:american_express": null, "payment:discover_card": null, "payment:mastercard": null, "payment:visa": null, "start_date": null, "chicago:building_id": null, "access": null, "healthcare:counselling": null, "contact:facebook": null, "building:floor": null, "addr:floor": null, "internet_access": null, "payment:cash": null, "payment:credit_cards": null, "payment:debit_cards": null, "contact:instagram": null, "contact:linkedin": null, "contact:twitter": null, "contact:youtube": null, "reservation:website": null, "appointment:website": null, "contact:blog": null, "contact:website": null, "currency:XBT": null, "payment:lightning": null, "payment:lightning:operator": null, "payment:lightning_contactless": null, "payment:onchain": null, "nodes": null, "beds": null, "emergency": null, "gnis:feature_id": null, "building": null, "building:levels": null, "layer": null, "old_name": null, "university_of_chicago:building_id": null, "university_of_chicago:business_unit_name": null, "roof:levels": null, "ele": null, "abbr_name": null, "ref": null, "toilets:wheelchair": null, "healthcare:speciality:wikidata": null, "healthcare:speciality:wikipedia": null, "name:ko": null, "image": null, "payment:cards": null, "payment:cheque": null, "polling_station": null, "architect": null, "height": null, "opening_date": null, "beauty": null, "shop": null, "smoking": null, "ways": null, "type": null, "category": "Primary Care Center – Private / Non-profit" }, "geometry": { "type": "Point", "coordinates": [ -87.6221021, 41.8931536 ] } },
{ "type": "Feature", "properties": { "amenity": "clinic", "healthcare": "clinic", "name": "LCHC Eye Clinic", "addr:city": "Chicago", "addr:housenumber": "3851", "addr:postcode": "60623", "addr:state": "IL", "addr:street": "West Ogden Avenue", "check_date": null, "healthcare:speciality": "ophthalmology", "phone": "+1-872-588-3000", "website": null, "branch": null, "brand": null, "brand:wikidata": null, "disused:amenity": null, "level": null, "opening_hours": null, "designation": null, "operator": "Lawndale Christian Health Center", "urgent_care": null, "wheelchair": null, "addr:unit": null, "addr:street:name": null, "addr:street:prefix": null, "addr:street:type": null, "social_facility": null, "source": "OpenStreetMap", "operator:type": null, "operator:wikidata": null, "operator:wikipedia": null, "addr:country": null, "name:etymology:wikidata": null, "name:etymology:wikipedia": null, "operator:short": null, "air_conditioning": null, "fax": null, "wikidata": null, "wikipedia": null, "description": null, "drive_through": null, "name:vi": null, "healthcare:for": null, "short_name": null, "check_date:opening_hours": null, "contact:phone": null, "email": null, "opening_hours:signed": null, "alt_name": null, "addr:suite": null, "note:payment": null, "payment:american_express": null, "payment:discover_card": null, "payment:mastercard": null, "payment:visa": null, "start_date": null, "chicago:building_id": null, "access": null, "healthcare:counselling": null, "contact:facebook": null, "building:floor": null, "addr:floor": null, "internet_access": null, "payment:cash": null, "payment:credit_cards": null, "payment:debit_cards": null, "contact:instagram": null, "contact:linkedin": null, "contact:twitter": null, "contact:youtube": null, "reservation:website": null, "appointment:website": null, "contact:blog": null, "contact:website": null, "currency:XBT": null, "payment:lightning": null, "payment:lightning:operator": null, "payment:lightning_contactless": null, "payment:onchain": null, "nodes": null, "beds": null, "emergency": null, "gnis:feature_id": null, "building": null, "building:levels": null, "layer": null, "old_name": null, "university_of_chicago:building_id": null, "university_of_chicago:business_unit_name": null, "roof:levels": null, "ele": null, "abbr_name": null, "ref": null, "toilets:wheelchair": null, "healthcare:speciality:wikidata": null, "healthcare:speciality:wikipedia": null, "name:ko": null, "image": null, "payment:cards": null, "payment:cheque": null, "polling_station": null, "architect": null, "height": null, "opening_date": null, "beauty": null, "shop": null, "smoking": null, "ways": null, "type": null, "category": "Primary Care Center – Private / Non-profit" }, "geometry": { "type": "Point", "coordinates": [ -87.7216886, 41.8518894 ] } },
{ "type": "Feature", "properties": { "amenity": "clinic", "healthcare": "clinic", "name": "LCHC Belle Whaley", "addr:city": "Chicago", "addr:housenumber": "3812", "addr:postcode": "60623", "addr:state": "IL", "addr:street": "West Ogden Avenue", "check_date": null, "healthcare:speciality": null, "phone": "+1-773-650-3200", "website": null, "branch": null, "brand": null, "brand:wikidata": null, "disused:amenity": null, "level": null, "opening_hours": null, "designation": null, "operator": null, "urgent_care": null, "wheelchair": null, "addr:unit": null, "addr:street:name": null, "addr:street:prefix": null, "addr:street:type": null, "social_facility": null, "source": "OpenStreetMap", "operator:type": null, "operator:wikidata": null, "operator:wikipedia": null, "addr:country": null, "name:etymology:wikidata": null, "name:etymology:wikipedia": null, "operator:short": null, "air_conditioning": null, "fax": null, "wikidata": null, "wikipedia": null, "description": null, "drive_through": null, "name:vi": null, "healthcare:for": null, "short_name": null, "check_date:opening_hours": null, "contact:phone": null, "email": null, "opening_hours:signed": null, "alt_name": null, "addr:suite": null, "note:payment": null, "payment:american_express": null, "payment:discover_card": null, "payment:mastercard": null, "payment:visa": null, "start_date": null, "chicago:building_id": null, "access": null, "healthcare:counselling": null, "contact:facebook": null, "building:floor": null, "addr:floor": null, "internet_access": null, "payment:cash": null, "payment:credit_cards": null, "payment:debit_cards": null, "contact:instagram": null, "contact:linkedin": null, "contact:twitter": null, "contact:youtube": null, "reservation:website": null, "appointment:website": null, "contact:blog": null, "contact:website": null, "currency:XBT": null, "payment:lightning": null, "payment:lightning:operator": null, "payment:lightning_contactless": null, "payment:onchain": null, "nodes": null, "beds": null, "emergency": null, "gnis:feature_id": null, "building": null, "building:levels": null, "layer": null, "old_name": null, "university_of_chicago:building_id": null, "university_of_chicago:business_unit_name": null, "roof:levels": null, "ele": null, "abbr_name": null, "ref": null, "toilets:wheelchair": null, "healthcare:speciality:wikidata": null, "healthcare:speciality:wikipedia": null, "name:ko": null, "image": null, "payment:cards": null, "payment:cheque": null, "polling_station": null, "architect": null, "height": null, "opening_date": null, "beauty": null, "shop": null, "smoking": null, "ways": null, "type": null, "category": "Primary Care Center – Private / Non-profit" }, "geometry": { "type": "Point", "coordinates": [ -87.7204857, 41.8528533 ] } },
{ "type": "Feature", "properties": { "amenity": "clinic", "healthcare": "clinic", "name": "LCHC at the Gallery", "addr:city": "Chicago", "addr:housenumber": "3824", "addr:postcode": "60623", "addr:state": "IL", "addr:street": "West Ogden Avenue", "check_date": null, "healthcare:speciality": null, "phone": "+1-872-588-3000", "website": null, "branch": null, "brand": null, "brand:wikidata": null, "disused:amenity": null, "level": null, "opening_hours": null, "designation": null, "operator": null, "urgent_care": null, "wheelchair": null, "addr:unit": null, "addr:street:name": null, "addr:street:prefix": null, "addr:street:type": null, "social_facility": null, "source": "OpenStreetMap", "operator:type": null, "operator:wikidata": null, "operator:wikipedia": null, "addr:country": null, "name:etymology:wikidata": null, "name:etymology:wikipedia": null, "operator:short": null, "air_conditioning": null, "fax": null, "wikidata": null, "wikipedia": null, "description": null, "drive_through": null, "name:vi": null, "healthcare:for": null, "short_name": null, "check_date:opening_hours": null, "contact:phone": null, "email": null, "opening_hours:signed": null, "alt_name": null, "addr:suite": null, "note:payment": null, "payment:american_express": null, "payment:discover_card": null, "payment:mastercard": null, "payment:visa": null, "start_date": null, "chicago:building_id": null, "access": null, "healthcare:counselling": null, "contact:facebook": null, "building:floor": null, "addr:floor": null, "internet_access": null, "payment:cash": null, "payment:credit_cards": null, "payment:debit_cards": null, "contact:instagram": null, "contact:linkedin": null, "contact:twitter": null, "contact:youtube": null, "reservation:website": null, "appointment:website": null, "contact:blog": null, "contact:website": null, "currency:XBT": null, "payment:lightning": null, "payment:lightning:operator": null, "payment:lightning_contactless": null, "payment:onchain": null, "nodes": null, "beds": null, "emergency": null, "gnis:feature_id": null, "building": null, "building:levels": null, "layer": null, "old_name": null, "university_of_chicago:building_id": null, "university_of_chicago:business_unit_name": null, "roof:levels": null, "ele": null, "abbr_name": null, "ref": null, "toilets:wheelchair": null, "healthcare:speciality:wikidata": null, "healthcare:speciality:wikipedia": null, "name:ko": null, "image": null, "payment:cards": null, "payment:cheque": null, "polling_station": null, "architect": null, "height": null, "opening_date": null, "beauty": null, "shop": null, "smoking": null, "ways": null, "type": null, "category": "Primary Care Center – Private / Non-profit" }, "geometry": { "type": "Point", "coordinates": [ -87.7208578, 41.8527138 ] } },
{ "type": "Feature", "properties": { "amenity": "clinic", "healthcare": "clinic", "name": "Esperanza Brighton Park", "addr:city": "Chicago", "addr:housenumber": "4700", "addr:postcode": "60632", "addr:state": "IL", "addr:street": "South California Avenue", "check_date": null, "healthcare:speciality": null, "phone": "+1-773-584-6200", "website": null, "branch": null, "brand": null, "brand:wikidata": null, "disused:amenity": null, "level": null, "opening_hours": null, "designation": null, "operator": null, "urgent_care": null, "wheelchair": null, "addr:unit": null, "addr:street:name": null, "addr:street:prefix": null, "addr:street:type": null, "social_facility": null, "source": "OpenStreetMap", "operator:type": null, "operator:wikidata": null, "operator:wikipedia": null, "addr:country": null, "name:etymology:wikidata": null, "name:etymology:wikipedia": null, "operator:short": null, "air_conditioning": null, "fax": null, "wikidata": null, "wikipedia": null, "description": null, "drive_through": null, "name:vi": null, "healthcare:for": null, "short_name": null, "check_date:opening_hours": null, "contact:phone": null, "email": null, "opening_hours:signed": null, "alt_name": null, "addr:suite": null, "note:payment": null, "payment:american_express": null, "payment:discover_card": null, "payment:mastercard": null, "payment:visa": null, "start_date": null, "chicago:building_id": null, "access": null, "healthcare:counselling": null, "contact:facebook": null, "building:floor": null, "addr:floor": null, "internet_access": null, "payment:cash": null, "payment:credit_cards": null, "payment:debit_cards": null, "contact:instagram": null, "contact:linkedin": null, "contact:twitter": null, "contact:youtube": null, "reservation:website": null, "appointment:website": null, "contact:blog": null, "contact:website": null, "currency:XBT": null, "payment:lightning": null, "payment:lightning:operator": null, "payment:lightning_contactless": null, "payment:onchain": null, "nodes": null, "beds": null, "emergency": null, "gnis:feature_id": null, "building": null, "building:levels": null, "layer": null, "old_name": null, "university_of_chicago:building_id": null, "university_of_chicago:business_unit_name": null, "roof:levels": null, "ele": null, "abbr_name": null, "ref": null, "toilets:wheelchair": null, "healthcare:speciality:wikidata": null, "healthcare:speciality:wikipedia": null, "name:ko": null, "image": null, "payment:cards": null, "payment:cheque": null, "polling_station": null, "architect": null, "height": null, "opening_date": null, "beauty": null, "shop": null, "smoking": null, "ways": null, "type": null, "category": "Primary Care Center – Private / Non-profit" }, "geometry": { "type": "Point", "coordinates": [ -87.6945247, 41.8080608 ] } },
{ "type": "Feature", "properties": { "amenity": "clinic", "healthcare": "clinic", "name": "ACCESS Kedzie Family Health Center", "addr:city": "Chicago", "addr:housenumber": "3229", "addr:postcode": "60632", "addr:state": "IL", "addr:street": "West 47th Place", "check_date": null, "healthcare:speciality": null, "phone": "+1-773-254-6044", "website": null, "branch": null, "brand": null, "brand:wikidata": null, "disused:amenity": null, "level": null, "opening_hours": null, "designation": null, "operator": null, "urgent_care": null, "wheelchair": null, "addr:unit": null, "addr:street:name": null, "addr:street:prefix": null, "addr:street:type": null, "social_facility": null, "source": "OpenStreetMap", "operator:type": null, "operator:wikidata": null, "operator:wikipedia": null, "addr:country": null, "name:etymology:wikidata": null, "name:etymology:wikipedia": null, "operator:short": null, "air_conditioning": null, "fax": null, "wikidata": null, "wikipedia": null, "description": null, "drive_through": null, "name:vi": null, "healthcare:for": null, "short_name": null, "check_date:opening_hours": null, "contact:phone": null, "email": null, "opening_hours:signed": null, "alt_name": null, "addr:suite": null, "note:payment": null, "payment:american_express": null, "payment:discover_card": null, "payment:mastercard": null, "payment:visa": null, "start_date": null, "chicago:building_id": null, "access": null, "healthcare:counselling": null, "contact:facebook": null, "building:floor": null, "addr:floor": null, "internet_access": null, "payment:cash": null, "payment:credit_cards": null, "payment:debit_cards": null, "contact:instagram": null, "contact:linkedin": null, "contact:twitter": null, "contact:youtube": null, "reservation:website": null, "appointment:website": null, "contact:blog": null, "contact:website": null, "currency:XBT": null, "payment:lightning": null, "payment:lightning:operator": null, "payment:lightning_contactless": null, "payment:onchain": null, "nodes": null, "beds": null, "emergency": null, "gnis:feature_id": null, "building": null, "building:levels": null, "layer": null, "old_name": null, "university_of_chicago:building_id": null, "university_of_chicago:business_unit_name": null, "roof:levels": null, "ele": null, "abbr_name": null, "ref": null, "toilets:wheelchair": null, "healthcare:speciality:wikidata": null, "healthcare:speciality:wikipedia": null, "name:ko": null, "image": null, "payment:cards": null, "payment:cheque": null, "polling_station": null, "architect": null, "height": null, "opening_date": null, "beauty": null, "shop": null, "smoking": null, "ways": null, "type": null, "category": "Primary Care Center – Private / Non-profit" }, "geometry": { "type": "Point", "coordinates": [ -87.7055043, 41.8066793 ] } },
{ "type": "Feature", "properties": { "amenity": "clinic", "healthcare": "clinic", "name": "ACCESS Ashland Family Health Center", "addr:city": "Chicago", "addr:housenumber": "5159", "addr:postcode": "60609", "addr:state": "IL", "addr:street": "South Ashland Avenue", "check_date": null, "healthcare:speciality": null, "phone": "+1-773-434-9216", "website": null, "branch": null, "brand": null, "brand:wikidata": null, "disused:amenity": null, "level": null, "opening_hours": null, "designation": null, "operator": null, "urgent_care": null, "wheelchair": null, "addr:unit": null, "addr:street:name": null, "addr:street:prefix": null, "addr:street:type": null, "social_facility": null, "source": "OpenStreetMap", "operator:type": null, "operator:wikidata": null, "operator:wikipedia": null, "addr:country": null, "name:etymology:wikidata": null, "name:etymology:wikipedia": null, "operator:short": null, "air_conditioning": null, "fax": null, "wikidata": null, "wikipedia": null, "description": null, "drive_through": null, "name:vi": null, "healthcare:for": null, "short_name": null, "check_date:opening_hours": null, "contact:phone": null, "email": null, "opening_hours:signed": null, "alt_name": null, "addr:suite": null, "note:payment": null, "payment:american_express": null, "payment:discover_card": null, "payment:mastercard": null, "payment:visa": null, "start_date": null, "chicago:building_id": null, "access": null, "healthcare:counselling": null, "contact:facebook": null, "building:floor": null, "addr:floor": null, "internet_access": null, "payment:cash": null, "payment:credit_cards": null, "payment:debit_cards": null, "contact:instagram": null, "contact:linkedin": null, "contact:twitter": null, "contact:youtube": null, "reservation:website": null, "appointment:website": null, "contact:blog": null, "contact:website": null, "currency:XBT": null, "payment:lightning": null, "payment:lightning:operator": null, "payment:lightning_contactless": null, "payment:onchain": null, "nodes": null, "beds": null, "emergency": null, "gnis:feature_id": null, "building": null, "building:levels": null, "layer": null, "old_name": null, "university_of_chicago:building_id": null, "university_of_chicago:business_unit_name": null, "roof:levels": null, "ele": null, "abbr_name": null, "ref": null, "toilets:wheelchair": null, "healthcare:speciality:wikidata": null, "healthcare:speciality:wikipedia": null, "name:ko": null, "image": null, "payment:cards": null, "payment:cheque": null, "polling_station": null, "architect": null, "height": null, "opening_date": null, "beauty": null, "shop": null, "smoking": null, "ways": null, "type": null, "category": "Primary Care Center – Private / Non-profit" }, "geometry": { "type": "Point", "coordinates": [ -87.6644558, 41.7997523 ] } },
{ "type": "Feature", "properties": { "amenity": "clinic", "healthcare": "clinic", "name": "ACCESS Centro Médico", "addr:city": "Chicago", "addr:housenumber": "3700", "addr:postcode": "60623", "addr:state": "IL", "addr:street": "West 26th Street", "check_date": null, "healthcare:speciality": null, "phone": "+1-773-542-5203", "website": null, "branch": null, "brand": null, "brand:wikidata": null, "disused:amenity": null, "level": null, "opening_hours": null, "designation": null, "operator": null, "urgent_care": null, "wheelchair": null, "addr:unit": null, "addr:street:name": null, "addr:street:prefix": null, "addr:street:type": null, "social_facility": null, "source": "OpenStreetMap", "operator:type": null, "operator:wikidata": null, "operator:wikipedia": null, "addr:country": null, "name:etymology:wikidata": null, "name:etymology:wikipedia": null, "operator:short": null, "air_conditioning": null, "fax": null, "wikidata": null, "wikipedia": null, "description": null, "drive_through": null, "name:vi": null, "healthcare:for": null, "short_name": null, "check_date:opening_hours": null, "contact:phone": null, "email": null, "opening_hours:signed": null, "alt_name": null, "addr:suite": null, "note:payment": null, "payment:american_express": null, "payment:discover_card": null, "payment:mastercard": null, "payment:visa": null, "start_date": null, "chicago:building_id": null, "access": null, "healthcare:counselling": null, "contact:facebook": null, "building:floor": null, "addr:floor": null, "internet_access": null, "payment:cash": null, "payment:credit_cards": null, "payment:debit_cards": null, "contact:instagram": null, "contact:linkedin": null, "contact:twitter": null, "contact:youtube": null, "reservation:website": null, "appointment:website": null, "contact:blog": null, "contact:website": null, "currency:XBT": null, "payment:lightning": null, "payment:lightning:operator": null, "payment:lightning_contactless": null, "payment:onchain": null, "nodes": null, "beds": null, "emergency": null, "gnis:feature_id": null, "building": null, "building:levels": null, "layer": null, "old_name": null, "university_of_chicago:building_id": null, "university_of_chicago:business_unit_name": null, "roof:levels": null, "ele": null, "abbr_name": null, "ref": null, "toilets:wheelchair": null, "healthcare:speciality:wikidata": null, "healthcare:speciality:wikipedia": null, "name:ko": null, "image": null, "payment:cards": null, "payment:cheque": null, "polling_station": null, "architect": null, "height": null, "opening_date": null, "beauty": null, "shop": null, "smoking": null, "ways": null, "type": null, "category": "Primary Care Center – Private / Non-profit" }, "geometry": { "type": "Point", "coordinates": [ -87.7174079, 41.8444822 ] } },
{ "type": "Feature", "properties": { "amenity": "clinic", "healthcare": "clinic", "name": "University of Illinois - Mile Square Health Center at Back of The Yards", "addr:city": "Chicago", "addr:housenumber": "4630", "addr:postcode": "60609", "addr:state": "IL", "addr:street": "South Bishop Street", "check_date": null, "healthcare:speciality": null, "phone": "+1-312-355-5645", "website": null, "branch": null, "brand": null, "brand:wikidata": null, "disused:amenity": null, "level": null, "opening_hours": null, "designation": null, "operator": "University of Illinois Medical Center", "urgent_care": null, "wheelchair": null, "addr:unit": null, "addr:street:name": null, "addr:street:prefix": null, "addr:street:type": null, "social_facility": null, "source": "OpenStreetMap", "operator:type": null, "operator:wikidata": null, "operator:wikipedia": null, "addr:country": null, "name:etymology:wikidata": null, "name:etymology:wikipedia": null, "operator:short": null, "air_conditioning": null, "fax": null, "wikidata": null, "wikipedia": null, "description": null, "drive_through": null, "name:vi": null, "healthcare:for": null, "short_name": null, "check_date:opening_hours": null, "contact:phone": null, "email": null, "opening_hours:signed": null, "alt_name": null, "addr:suite": null, "note:payment": null, "payment:american_express": null, "payment:discover_card": null, "payment:mastercard": null, "payment:visa": null, "start_date": null, "chicago:building_id": null, "access": null, "healthcare:counselling": null, "contact:facebook": null, "building:floor": null, "addr:floor": null, "internet_access": null, "payment:cash": null, "payment:credit_cards": null, "payment:debit_cards": null, "contact:instagram": null, "contact:linkedin": null, "contact:twitter": null, "contact:youtube": null, "reservation:website": null, "appointment:website": null, "contact:blog": null, "contact:website": null, "currency:XBT": null, "payment:lightning": null, "payment:lightning:operator": null, "payment:lightning_contactless": null, "payment:onchain": null, "nodes": null, "beds": null, "emergency": null, "gnis:feature_id": null, "building": null, "building:levels": null, "layer": null, "old_name": null, "university_of_chicago:building_id": null, "university_of_chicago:business_unit_name": null, "roof:levels": null, "ele": null, "abbr_name": null, "ref": null, "toilets:wheelchair": null, "healthcare:speciality:wikidata": null, "healthcare:speciality:wikipedia": null, "name:ko": null, "image": null, "payment:cards": null, "payment:cheque": null, "polling_station": null, "architect": null, "height": null, "opening_date": null, "beauty": null, "shop": null, "smoking": null, "ways": null, "type": null, "category": "Primary Care Center – Public (FQHC / CHC)" }, "geometry": { "type": "Point", "coordinates": [ -87.661784299999979, 41.8094153 ] } },
{ "type": "Feature", "properties": { "amenity": "clinic", "healthcare": "clinic", "name": "FFHC-Ashland", "addr:city": "Chicago", "addr:housenumber": "4802", "addr:postcode": "60609", "addr:state": "IL", "addr:street": "South Ashland Avenue", "check_date": null, "healthcare:speciality": null, "phone": "+1-773-376-9400", "website": null, "branch": null, "brand": null, "brand:wikidata": null, "disused:amenity": null, "level": null, "opening_hours": null, "designation": null, "operator": null, "urgent_care": null, "wheelchair": null, "addr:unit": null, "addr:street:name": null, "addr:street:prefix": null, "addr:street:type": null, "social_facility": null, "source": "OpenStreetMap", "operator:type": null, "operator:wikidata": null, "operator:wikipedia": null, "addr:country": null, "name:etymology:wikidata": null, "name:etymology:wikipedia": null, "operator:short": null, "air_conditioning": null, "fax": null, "wikidata": null, "wikipedia": null, "description": null, "drive_through": null, "name:vi": null, "healthcare:for": null, "short_name": null, "check_date:opening_hours": null, "contact:phone": null, "email": null, "opening_hours:signed": null, "alt_name": null, "addr:suite": null, "note:payment": null, "payment:american_express": null, "payment:discover_card": null, "payment:mastercard": null, "payment:visa": null, "start_date": null, "chicago:building_id": null, "access": null, "healthcare:counselling": null, "contact:facebook": null, "building:floor": null, "addr:floor": null, "internet_access": null, "payment:cash": null, "payment:credit_cards": null, "payment:debit_cards": null, "contact:instagram": null, "contact:linkedin": null, "contact:twitter": null, "contact:youtube": null, "reservation:website": null, "appointment:website": null, "contact:blog": null, "contact:website": null, "currency:XBT": null, "payment:lightning": null, "payment:lightning:operator": null, "payment:lightning_contactless": null, "payment:onchain": null, "nodes": null, "beds": null, "emergency": null, "gnis:feature_id": null, "building": null, "building:levels": null, "layer": null, "old_name": null, "university_of_chicago:building_id": null, "university_of_chicago:business_unit_name": null, "roof:levels": null, "ele": null, "abbr_name": null, "ref": null, "toilets:wheelchair": null, "healthcare:speciality:wikidata": null, "healthcare:speciality:wikipedia": null, "name:ko": null, "image": null, "payment:cards": null, "payment:cheque": null, "polling_station": null, "architect": null, "height": null, "opening_date": null, "beauty": null, "shop": null, "smoking": null, "ways": null, "type": null, "category": "Primary Care Center – Private / Non-profit" }, "geometry": { "type": "Point", "coordinates": [ -87.665216199999989, 41.8066003 ] } },
{ "type": "Feature", "properties": { "amenity": "clinic", "healthcare": "clinic", "name": "Esperanza Little Village", "addr:city": "Chicago", "addr:housenumber": "3059", "addr:postcode": "60623", "addr:state": "IL", "addr:street": "West 26th Street", "check_date": null, "healthcare:speciality": null, "phone": "+1-773-932-2111", "website": null, "branch": null, "brand": null, "brand:wikidata": null, "disused:amenity": null, "level": null, "opening_hours": null, "designation": null, "operator": "Esperanza", "urgent_care": null, "wheelchair": null, "addr:unit": null, "addr:street:name": null, "addr:street:prefix": null, "addr:street:type": null, "social_facility": null, "source": "OpenStreetMap", "operator:type": null, "operator:wikidata": null, "operator:wikipedia": null, "addr:country": "US", "name:etymology:wikidata": null, "name:etymology:wikipedia": null, "operator:short": null, "air_conditioning": null, "fax": null, "wikidata": null, "wikipedia": null, "description": null, "drive_through": null, "name:vi": null, "healthcare:for": null, "short_name": null, "check_date:opening_hours": null, "contact:phone": null, "email": null, "opening_hours:signed": null, "alt_name": null, "addr:suite": null, "note:payment": null, "payment:american_express": null, "payment:discover_card": null, "payment:mastercard": null, "payment:visa": null, "start_date": null, "chicago:building_id": null, "access": null, "healthcare:counselling": null, "contact:facebook": null, "building:floor": null, "addr:floor": null, "internet_access": null, "payment:cash": null, "payment:credit_cards": null, "payment:debit_cards": null, "contact:instagram": null, "contact:linkedin": null, "contact:twitter": null, "contact:youtube": null, "reservation:website": null, "appointment:website": null, "contact:blog": null, "contact:website": null, "currency:XBT": null, "payment:lightning": null, "payment:lightning:operator": null, "payment:lightning_contactless": null, "payment:onchain": null, "nodes": null, "beds": null, "emergency": null, "gnis:feature_id": null, "building": null, "building:levels": null, "layer": null, "old_name": null, "university_of_chicago:building_id": null, "university_of_chicago:business_unit_name": null, "roof:levels": null, "ele": null, "abbr_name": null, "ref": null, "toilets:wheelchair": null, "healthcare:speciality:wikidata": null, "healthcare:speciality:wikipedia": null, "name:ko": null, "image": null, "payment:cards": null, "payment:cheque": null, "polling_station": null, "architect": null, "height": null, "opening_date": null, "beauty": null, "shop": null, "smoking": null, "ways": null, "type": null, "category": "Primary Care Center – Private / Non-profit" }, "geometry": { "type": "Point", "coordinates": [ -87.7022079, 41.843586 ] } },
{ "type": "Feature", "properties": { "amenity": "clinic", "healthcare": "clinic", "name": "ACCESS Servicios Médicos La Villita", "addr:city": "Chicago", "addr:housenumber": "3303", "addr:postcode": "60623", "addr:state": "IL", "addr:street": "West 26th Street", "check_date": null, "healthcare:speciality": null, "phone": "+1-773-277-6589", "website": null, "branch": null, "brand": null, "brand:wikidata": null, "disused:amenity": null, "level": null, "opening_hours": null, "designation": null, "operator": "ACCESS", "urgent_care": null, "wheelchair": null, "addr:unit": null, "addr:street:name": null, "addr:street:prefix": null, "addr:street:type": null, "social_facility": null, "source": "OpenStreetMap", "operator:type": null, "operator:wikidata": null, "operator:wikipedia": null, "addr:country": null, "name:etymology:wikidata": null, "name:etymology:wikipedia": null, "operator:short": null, "air_conditioning": null, "fax": null, "wikidata": null, "wikipedia": null, "description": null, "drive_through": null, "name:vi": null, "healthcare:for": null, "short_name": null, "check_date:opening_hours": null, "contact:phone": null, "email": null, "opening_hours:signed": null, "alt_name": null, "addr:suite": null, "note:payment": null, "payment:american_express": null, "payment:discover_card": null, "payment:mastercard": null, "payment:visa": null, "start_date": null, "chicago:building_id": null, "access": null, "healthcare:counselling": null, "contact:facebook": null, "building:floor": null, "addr:floor": null, "internet_access": null, "payment:cash": null, "payment:credit_cards": null, "payment:debit_cards": null, "contact:instagram": null, "contact:linkedin": null, "contact:twitter": null, "contact:youtube": null, "reservation:website": null, "appointment:website": null, "contact:blog": null, "contact:website": null, "currency:XBT": null, "payment:lightning": null, "payment:lightning:operator": null, "payment:lightning_contactless": null, "payment:onchain": null, "nodes": null, "beds": null, "emergency": null, "gnis:feature_id": null, "building": null, "building:levels": null, "layer": null, "old_name": null, "university_of_chicago:building_id": null, "university_of_chicago:business_unit_name": null, "roof:levels": null, "ele": null, "abbr_name": null, "ref": null, "toilets:wheelchair": null, "healthcare:speciality:wikidata": null, "healthcare:speciality:wikipedia": null, "name:ko": null, "image": null, "payment:cards": null, "payment:cheque": null, "polling_station": null, "architect": null, "height": null, "opening_date": null, "beauty": null, "shop": null, "smoking": null, "ways": null, "type": null, "category": "Primary Care Center – Private / Non-profit" }, "geometry": { "type": "Point", "coordinates": [ -87.7078056, 41.8439357 ] } },
{ "type": "Feature", "properties": { "amenity": "clinic", "healthcare": "clinic", "name": "ACCESS Centro Médico San Rafael", "addr:city": "Chicago", "addr:housenumber": "3204", "addr:postcode": "60623", "addr:state": "IL", "addr:street": "West 26th Street", "check_date": null, "healthcare:speciality": null, "phone": "+1-773-927-3100", "website": null, "branch": null, "brand": null, "brand:wikidata": null, "disused:amenity": null, "level": null, "opening_hours": null, "designation": null, "operator": null, "urgent_care": null, "wheelchair": null, "addr:unit": null, "addr:street:name": null, "addr:street:prefix": null, "addr:street:type": null, "social_facility": null, "source": "OpenStreetMap", "operator:type": null, "operator:wikidata": null, "operator:wikipedia": null, "addr:country": null, "name:etymology:wikidata": null, "name:etymology:wikipedia": null, "operator:short": null, "air_conditioning": null, "fax": null, "wikidata": null, "wikipedia": null, "description": null, "drive_through": null, "name:vi": null, "healthcare:for": null, "short_name": null, "check_date:opening_hours": null, "contact:phone": null, "email": null, "opening_hours:signed": null, "alt_name": null, "addr:suite": null, "note:payment": null, "payment:american_express": null, "payment:discover_card": null, "payment:mastercard": null, "payment:visa": null, "start_date": null, "chicago:building_id": null, "access": null, "healthcare:counselling": null, "contact:facebook": null, "building:floor": null, "addr:floor": null, "internet_access": null, "payment:cash": null, "payment:credit_cards": null, "payment:debit_cards": null, "contact:instagram": null, "contact:linkedin": null, "contact:twitter": null, "contact:youtube": null, "reservation:website": null, "appointment:website": null, "contact:blog": null, "contact:website": null, "currency:XBT": null, "payment:lightning": null, "payment:lightning:operator": null, "payment:lightning_contactless": null, "payment:onchain": null, "nodes": null, "beds": null, "emergency": null, "gnis:feature_id": null, "building": null, "building:levels": null, "layer": null, "old_name": null, "university_of_chicago:building_id": null, "university_of_chicago:business_unit_name": null, "roof:levels": null, "ele": null, "abbr_name": null, "ref": null, "toilets:wheelchair": null, "healthcare:speciality:wikidata": null, "healthcare:speciality:wikipedia": null, "name:ko": null, "image": null, "payment:cards": null, "payment:cheque": null, "polling_station": null, "architect": null, "height": null, "opening_date": null, "beauty": null, "shop": null, "smoking": null, "ways": null, "type": null, "category": "Primary Care Center – Private / Non-profit" }, "geometry": { "type": "Point", "coordinates": [ -87.7053025, 41.8446265 ] } },
{ "type": "Feature", "properties": { "amenity": "clinic", "healthcare": "clinic", "name": "PCC Clinic at The Boulevard", "addr:city": "Chicago", "addr:housenumber": "3456", "addr:postcode": "60624", "addr:state": "IL", "addr:street": "West Franklin Boulevard", "check_date": null, "healthcare:speciality": null, "phone": "+1-708-533-6013", "website": "https://www.pccwellness.org/pcc-clinic-at-the-boulevard", "branch": null, "brand": null, "brand:wikidata": null, "disused:amenity": null, "level": null, "opening_hours": null, "designation": null, "operator": null, "urgent_care": null, "wheelchair": null, "addr:unit": null, "addr:street:name": null, "addr:street:prefix": null, "addr:street:type": null, "social_facility": null, "source": "OpenStreetMap", "operator:type": null, "operator:wikidata": null, "operator:wikipedia": null, "addr:country": null, "name:etymology:wikidata": null, "name:etymology:wikipedia": null, "operator:short": null, "air_conditioning": null, "fax": null, "wikidata": null, "wikipedia": null, "description": "The PCC Clinic at The Boulevard provides care only to individuals who reside at The Boulevard.", "drive_through": null, "name:vi": null, "healthcare:for": null, "short_name": null, "check_date:opening_hours": null, "contact:phone": null, "email": null, "opening_hours:signed": null, "alt_name": null, "addr:suite": null, "note:payment": null, "payment:american_express": null, "payment:discover_card": null, "payment:mastercard": null, "payment:visa": null, "start_date": null, "chicago:building_id": null, "access": null, "healthcare:counselling": null, "contact:facebook": null, "building:floor": null, "addr:floor": null, "internet_access": null, "payment:cash": null, "payment:credit_cards": null, "payment:debit_cards": null, "contact:instagram": null, "contact:linkedin": null, "contact:twitter": null, "contact:youtube": null, "reservation:website": null, "appointment:website": null, "contact:blog": null, "contact:website": null, "currency:XBT": null, "payment:lightning": null, "payment:lightning:operator": null, "payment:lightning_contactless": null, "payment:onchain": null, "nodes": null, "beds": null, "emergency": null, "gnis:feature_id": null, "building": null, "building:levels": null, "layer": null, "old_name": null, "university_of_chicago:building_id": null, "university_of_chicago:business_unit_name": null, "roof:levels": null, "ele": null, "abbr_name": null, "ref": null, "toilets:wheelchair": null, "healthcare:speciality:wikidata": null, "healthcare:speciality:wikipedia": null, "name:ko": null, "image": null, "payment:cards": null, "payment:cheque": null, "polling_station": null, "architect": null, "height": null, "opening_date": null, "beauty": null, "shop": null, "smoking": null, "ways": null, "type": null, "category": "Primary Care Center – Private / Non-profit" }, "geometry": { "type": "Point", "coordinates": [ -87.7131003, 41.8906224 ] } },
{ "type": "Feature", "properties": { "amenity": "clinic", "healthcare": "clinic", "name": "LCHC at Garfield Park FamilyPlex", "addr:city": "Chicago", "addr:housenumber": "3219", "addr:postcode": "60624", "addr:state": "IL", "addr:street": "West Carroll Avenue", "check_date": null, "healthcare:speciality": null, "phone": "+1-872-588-3000", "website": null, "branch": null, "brand": null, "brand:wikidata": null, "disused:amenity": null, "level": null, "opening_hours": null, "designation": null, "operator": null, "urgent_care": null, "wheelchair": null, "addr:unit": null, "addr:street:name": null, "addr:street:prefix": null, "addr:street:type": null, "social_facility": null, "source": "OpenStreetMap", "operator:type": null, "operator:wikidata": null, "operator:wikipedia": null, "addr:country": null, "name:etymology:wikidata": null, "name:etymology:wikipedia": null, "operator:short": null, "air_conditioning": null, "fax": null, "wikidata": null, "wikipedia": null, "description": null, "drive_through": null, "name:vi": null, "healthcare:for": null, "short_name": null, "check_date:opening_hours": null, "contact:phone": null, "email": null, "opening_hours:signed": null, "alt_name": null, "addr:suite": null, "note:payment": null, "payment:american_express": null, "payment:discover_card": null, "payment:mastercard": null, "payment:visa": null, "start_date": null, "chicago:building_id": null, "access": null, "healthcare:counselling": null, "contact:facebook": null, "building:floor": null, "addr:floor": null, "internet_access": null, "payment:cash": null, "payment:credit_cards": null, "payment:debit_cards": null, "contact:instagram": null, "contact:linkedin": null, "contact:twitter": null, "contact:youtube": null, "reservation:website": null, "appointment:website": null, "contact:blog": null, "contact:website": null, "currency:XBT": null, "payment:lightning": null, "payment:lightning:operator": null, "payment:lightning_contactless": null, "payment:onchain": null, "nodes": null, "beds": null, "emergency": null, "gnis:feature_id": null, "building": null, "building:levels": null, "layer": null, "old_name": null, "university_of_chicago:building_id": null, "university_of_chicago:business_unit_name": null, "roof:levels": null, "ele": null, "abbr_name": null, "ref": null, "toilets:wheelchair": null, "healthcare:speciality:wikidata": null, "healthcare:speciality:wikipedia": null, "name:ko": null, "image": null, "payment:cards": null, "payment:cheque": null, "polling_station": null, "architect": null, "height": null, "opening_date": null, "beauty": null, "shop": null, "smoking": null, "ways": null, "type": null, "category": "Primary Care Center – Private / Non-profit" }, "geometry": { "type": "Point", "coordinates": [ -87.7070707, 41.8872539 ] } },
{ "type": "Feature", "properties": { "amenity": "clinic", "healthcare": "clinic", "name": "University of Illinois Mile Square Health Center - Humboldt Park", "addr:city": "Chicago", "addr:housenumber": "3240", "addr:postcode": "60651", "addr:state": "IL", "addr:street": "West Division Street", "check_date": null, "healthcare:speciality": null, "phone": "+1-312-413-7425", "website": "https://hospital.uillinois.edu/patients-and-visitors/mile-square-federally-qualified-health-center/locations/humboldt-park", "branch": null, "brand": null, "brand:wikidata": null, "disused:amenity": null, "level": null, "opening_hours": null, "designation": null, "operator": "University of Illinois Medicine", "urgent_care": null, "wheelchair": null, "addr:unit": null, "addr:street:name": null, "addr:street:prefix": null, "addr:street:type": null, "social_facility": null, "source": "OpenStreetMap", "operator:type": null, "operator:wikidata": null, "operator:wikipedia": null, "addr:country": null, "name:etymology:wikidata": null, "name:etymology:wikipedia": null, "operator:short": null, "air_conditioning": null, "fax": null, "wikidata": null, "wikipedia": null, "description": null, "drive_through": null, "name:vi": null, "healthcare:for": null, "short_name": null, "check_date:opening_hours": null, "contact:phone": null, "email": null, "opening_hours:signed": null, "alt_name": null, "addr:suite": null, "note:payment": null, "payment:american_express": null, "payment:discover_card": null, "payment:mastercard": null, "payment:visa": null, "start_date": null, "chicago:building_id": null, "access": null, "healthcare:counselling": null, "contact:facebook": null, "building:floor": null, "addr:floor": null, "internet_access": null, "payment:cash": null, "payment:credit_cards": null, "payment:debit_cards": null, "contact:instagram": null, "contact:linkedin": null, "contact:twitter": null, "contact:youtube": null, "reservation:website": null, "appointment:website": null, "contact:blog": null, "contact:website": null, "currency:XBT": null, "payment:lightning": null, "payment:lightning:operator": null, "payment:lightning_contactless": null, "payment:onchain": null, "nodes": null, "beds": null, "emergency": null, "gnis:feature_id": null, "building": null, "building:levels": null, "layer": null, "old_name": null, "university_of_chicago:building_id": null, "university_of_chicago:business_unit_name": null, "roof:levels": null, "ele": null, "abbr_name": null, "ref": null, "toilets:wheelchair": null, "healthcare:speciality:wikidata": null, "healthcare:speciality:wikipedia": null, "name:ko": null, "image": null, "payment:cards": null, "payment:cheque": null, "polling_station": null, "architect": null, "height": null, "opening_date": null, "beauty": null, "shop": null, "smoking": null, "ways": null, "type": null, "category": "Primary Care Center – Public (FQHC / CHC)" }, "geometry": { "type": "Point", "coordinates": [ -87.7083434, 41.9029578 ] } },
{ "type": "Feature", "properties": { "amenity": "clinic", "healthcare": "clinic", "name": "Advocate Medical Group", "addr:city": "Chicago", "addr:housenumber": "2511", "addr:postcode": "60647", "addr:state": "IL", "addr:street": "North Kedzie Avenue", "check_date": null, "healthcare:speciality": null, "phone": null, "website": "https://care.advocatehealth.com/locations/family-medicine-chicago-kedzie-ave-il", "branch": null, "brand": "Advocate Health Care", "brand:wikidata": "Q30254233", "disused:amenity": null, "level": null, "opening_hours": null, "designation": null, "operator": null, "urgent_care": null, "wheelchair": null, "addr:unit": null, "addr:street:name": null, "addr:street:prefix": null, "addr:street:type": null, "social_facility": null, "source": "OpenStreetMap", "operator:type": null, "operator:wikidata": null, "operator:wikipedia": null, "addr:country": null, "name:etymology:wikidata": null, "name:etymology:wikipedia": null, "operator:short": null, "air_conditioning": null, "fax": null, "wikidata": null, "wikipedia": null, "description": null, "drive_through": null, "name:vi": null, "healthcare:for": null, "short_name": null, "check_date:opening_hours": null, "contact:phone": null, "email": null, "opening_hours:signed": null, "alt_name": null, "addr:suite": null, "note:payment": null, "payment:american_express": null, "payment:discover_card": null, "payment:mastercard": null, "payment:visa": null, "start_date": null, "chicago:building_id": null, "access": null, "healthcare:counselling": null, "contact:facebook": null, "building:floor": null, "addr:floor": null, "internet_access": null, "payment:cash": null, "payment:credit_cards": null, "payment:debit_cards": null, "contact:instagram": null, "contact:linkedin": null, "contact:twitter": null, "contact:youtube": null, "reservation:website": null, "appointment:website": null, "contact:blog": null, "contact:website": null, "currency:XBT": null, "payment:lightning": null, "payment:lightning:operator": null, "payment:lightning_contactless": null, "payment:onchain": null, "nodes": null, "beds": null, "emergency": null, "gnis:feature_id": null, "building": null, "building:levels": null, "layer": null, "old_name": null, "university_of_chicago:building_id": null, "university_of_chicago:business_unit_name": null, "roof:levels": null, "ele": null, "abbr_name": null, "ref": null, "toilets:wheelchair": null, "healthcare:speciality:wikidata": null, "healthcare:speciality:wikipedia": null, "name:ko": null, "image": null, "payment:cards": null, "payment:cheque": null, "polling_station": null, "architect": null, "height": null, "opening_date": null, "beauty": null, "shop": null, "smoking": null, "ways": null, "type": null, "category": "Primary Care Center – Private / Non-profit" }, "geometry": { "type": "Point", "coordinates": [ -87.706778300000011, 41.9269868 ] } },
{ "type": "Feature", "properties": { "amenity": "clinic", "healthcare": "clinic", "name": "AMITA Health Digestive Institute Chicago", "addr:city": "Chicago", "addr:housenumber": "331", "addr:postcode": "60657", "addr:state": "IL", "addr:street": "West Surf Street", "check_date": null, "healthcare:speciality": null, "phone": null, "website": null, "branch": null, "brand": null, "brand:wikidata": null, "disused:amenity": null, "level": null, "opening_hours": null, "designation": null, "operator": null, "urgent_care": null, "wheelchair": null, "addr:unit": null, "addr:street:name": null, "addr:street:prefix": null, "addr:street:type": null, "social_facility": null, "source": "OpenStreetMap", "operator:type": null, "operator:wikidata": null, "operator:wikipedia": null, "addr:country": null, "name:etymology:wikidata": null, "name:etymology:wikipedia": null, "operator:short": null, "air_conditioning": null, "fax": null, "wikidata": null, "wikipedia": null, "description": null, "drive_through": null, "name:vi": null, "healthcare:for": null, "short_name": null, "check_date:opening_hours": null, "contact:phone": null, "email": null, "opening_hours:signed": null, "alt_name": null, "addr:suite": null, "note:payment": null, "payment:american_express": null, "payment:discover_card": null, "payment:mastercard": null, "payment:visa": null, "start_date": null, "chicago:building_id": null, "access": null, "healthcare:counselling": null, "contact:facebook": null, "building:floor": null, "addr:floor": null, "internet_access": null, "payment:cash": null, "payment:credit_cards": null, "payment:debit_cards": null, "contact:instagram": null, "contact:linkedin": null, "contact:twitter": null, "contact:youtube": null, "reservation:website": null, "appointment:website": null, "contact:blog": null, "contact:website": null, "currency:XBT": null, "payment:lightning": null, "payment:lightning:operator": null, "payment:lightning_contactless": null, "payment:onchain": null, "nodes": null, "beds": null, "emergency": null, "gnis:feature_id": null, "building": null, "building:levels": null, "layer": null, "old_name": null, "university_of_chicago:building_id": null, "university_of_chicago:business_unit_name": null, "roof:levels": null, "ele": null, "abbr_name": null, "ref": null, "toilets:wheelchair": null, "healthcare:speciality:wikidata": null, "healthcare:speciality:wikipedia": null, "name:ko": null, "image": null, "payment:cards": null, "payment:cheque": null, "polling_station": null, "architect": null, "height": null, "opening_date": null, "beauty": null, "shop": null, "smoking": null, "ways": null, "type": null, "category": "Primary Care Center – Private / Non-profit" }, "geometry": { "type": "Point", "coordinates": [ -87.6384085, 41.9341131 ] } },
{ "type": "Feature", "properties": { "amenity": null, "healthcare": "clinic", "name": "Howard Brown Health Center", "addr:city": "Chicago", "addr:housenumber": "1525", "addr:postcode": "60637", "addr:state": "IL", "addr:street": "East 55th Street", "check_date": null, "healthcare:speciality": null, "phone": "+1-773-388-1600", "website": "https://howardbrown.org/clinic_location/55th-street/", "branch": null, "brand": null, "brand:wikidata": null, "disused:amenity": null, "level": null, "opening_hours": null, "designation": null, "operator": "Howard Brown Health", "urgent_care": null, "wheelchair": null, "addr:unit": null, "addr:street:name": null, "addr:street:prefix": null, "addr:street:type": null, "social_facility": null, "source": "OpenStreetMap", "operator:type": null, "operator:wikidata": null, "operator:wikipedia": null, "addr:country": null, "name:etymology:wikidata": null, "name:etymology:wikipedia": null, "operator:short": null, "air_conditioning": null, "fax": null, "wikidata": null, "wikipedia": null, "description": null, "drive_through": null, "name:vi": null, "healthcare:for": null, "short_name": null, "check_date:opening_hours": null, "contact:phone": null, "email": null, "opening_hours:signed": null, "alt_name": null, "addr:suite": null, "note:payment": null, "payment:american_express": null, "payment:discover_card": null, "payment:mastercard": null, "payment:visa": null, "start_date": null, "chicago:building_id": null, "access": null, "healthcare:counselling": null, "contact:facebook": null, "building:floor": null, "addr:floor": null, "internet_access": null, "payment:cash": null, "payment:credit_cards": null, "payment:debit_cards": null, "contact:instagram": null, "contact:linkedin": null, "contact:twitter": null, "contact:youtube": null, "reservation:website": null, "appointment:website": null, "contact:blog": null, "contact:website": null, "currency:XBT": null, "payment:lightning": null, "payment:lightning:operator": null, "payment:lightning_contactless": null, "payment:onchain": null, "nodes": null, "beds": null, "emergency": null, "gnis:feature_id": null, "building": null, "building:levels": null, "layer": null, "old_name": null, "university_of_chicago:building_id": null, "university_of_chicago:business_unit_name": null, "roof:levels": null, "ele": null, "abbr_name": null, "ref": null, "toilets:wheelchair": null, "healthcare:speciality:wikidata": null, "healthcare:speciality:wikipedia": null, "name:ko": null, "image": null, "payment:cards": null, "payment:cheque": null, "polling_station": null, "architect": null, "height": null, "opening_date": null, "beauty": null, "shop": null, "smoking": null, "ways": null, "type": null, "category": "Primary Care Center – Private / Non-profit" }, "geometry": { "type": "Point", "coordinates": [ -87.5878641, 41.795026 ] } },
{ "type": "Feature", "properties": { "amenity": "clinic", "healthcare": "clinic", "name": "Lawndale Christian Health Center Immediate Care", "addr:city": "Chicago", "addr:housenumber": "3910", "addr:postcode": "60623", "addr:state": "IL", "addr:street": "West Ogden Avenue", "check_date": null, "healthcare:speciality": "urgent", "phone": null, "website": null, "branch": null, "brand": null, "brand:wikidata": null, "disused:amenity": null, "level": null, "opening_hours": null, "designation": null, "operator": "Lawndale Christian Health Center", "urgent_care": null, "wheelchair": null, "addr:unit": null, "addr:street:name": null, "addr:street:prefix": null, "addr:street:type": null, "social_facility": null, "source": "OpenStreetMap", "operator:type": null, "operator:wikidata": null, "operator:wikipedia": null, "addr:country": null, "name:etymology:wikidata": null, "name:etymology:wikipedia": null, "operator:short": null, "air_conditioning": null, "fax": null, "wikidata": null, "wikipedia": null, "description": null, "drive_through": null, "name:vi": null, "healthcare:for": null, "short_name": null, "check_date:opening_hours": null, "contact:phone": null, "email": null, "opening_hours:signed": null, "alt_name": null, "addr:suite": null, "note:payment": null, "payment:american_express": null, "payment:discover_card": null, "payment:mastercard": null, "payment:visa": null, "start_date": null, "chicago:building_id": null, "access": null, "healthcare:counselling": null, "contact:facebook": null, "building:floor": null, "addr:floor": null, "internet_access": null, "payment:cash": null, "payment:credit_cards": null, "payment:debit_cards": null, "contact:instagram": null, "contact:linkedin": null, "contact:twitter": null, "contact:youtube": null, "reservation:website": null, "appointment:website": null, "contact:blog": null, "contact:website": null, "currency:XBT": null, "payment:lightning": null, "payment:lightning:operator": null, "payment:lightning_contactless": null, "payment:onchain": null, "nodes": null, "beds": null, "emergency": null, "gnis:feature_id": null, "building": null, "building:levels": null, "layer": null, "old_name": null, "university_of_chicago:building_id": null, "university_of_chicago:business_unit_name": null, "roof:levels": null, "ele": null, "abbr_name": null, "ref": null, "toilets:wheelchair": null, "healthcare:speciality:wikidata": null, "healthcare:speciality:wikipedia": null, "name:ko": null, "image": null, "payment:cards": null, "payment:cheque": null, "polling_station": null, "architect": null, "height": null, "opening_date": null, "beauty": null, "shop": null, "smoking": null, "ways": null, "type": null, "category": "Primary Care Center – Private / Non-profit" }, "geometry": { "type": "Point", "coordinates": [ -87.722737699999982, 41.8520866 ] } },
{ "type": "Feature", "properties": { "amenity": "clinic", "healthcare": "clinic", "name": "NorthShore Immediate Care", "addr:city": null, "addr:housenumber": null, "addr:postcode": null, "addr:state": null, "addr:street": null, "check_date": null, "healthcare:speciality": null, "phone": null, "website": null, "branch": null, "brand": null, "brand:wikidata": null, "disused:amenity": null, "level": null, "opening_hours": null, "designation": null, "operator": "NorthShore University HealthSystem", "urgent_care": null, "wheelchair": null, "addr:unit": null, "addr:street:name": null, "addr:street:prefix": null, "addr:street:type": null, "social_facility": null, "source": "OpenStreetMap", "operator:type": null, "operator:wikidata": null, "operator:wikipedia": null, "addr:country": null, "name:etymology:wikidata": null, "name:etymology:wikipedia": null, "operator:short": null, "air_conditioning": null, "fax": null, "wikidata": null, "wikipedia": null, "description": null, "drive_through": null, "name:vi": null, "healthcare:for": null, "short_name": null, "check_date:opening_hours": null, "contact:phone": null, "email": null, "opening_hours:signed": null, "alt_name": null, "addr:suite": null, "note:payment": null, "payment:american_express": null, "payment:discover_card": null, "payment:mastercard": null, "payment:visa": null, "start_date": null, "chicago:building_id": null, "access": null, "healthcare:counselling": null, "contact:facebook": null, "building:floor": null, "addr:floor": null, "internet_access": null, "payment:cash": null, "payment:credit_cards": null, "payment:debit_cards": null, "contact:instagram": null, "contact:linkedin": null, "contact:twitter": null, "contact:youtube": null, "reservation:website": null, "appointment:website": null, "contact:blog": null, "contact:website": null, "currency:XBT": null, "payment:lightning": null, "payment:lightning:operator": null, "payment:lightning_contactless": null, "payment:onchain": null, "nodes": null, "beds": null, "emergency": null, "gnis:feature_id": null, "building": null, "building:levels": null, "layer": null, "old_name": null, "university_of_chicago:building_id": null, "university_of_chicago:business_unit_name": null, "roof:levels": null, "ele": null, "abbr_name": null, "ref": null, "toilets:wheelchair": null, "healthcare:speciality:wikidata": null, "healthcare:speciality:wikipedia": null, "name:ko": null, "image": null, "payment:cards": null, "payment:cheque": null, "polling_station": null, "architect": null, "height": null, "opening_date": null, "beauty": null, "shop": null, "smoking": null, "ways": null, "type": null, "category": "Primary Care Center – Private / Non-profit" }, "geometry": { "type": "Point", "coordinates": [ -87.6680727, 41.9720998 ] } },
{ "type": "Feature", "properties": { "amenity": "clinic", "healthcare": "clinic", "name": "Physicians Immediate Care", "addr:city": "Chicago", "addr:housenumber": "825", "addr:postcode": "60605", "addr:state": "IL", "addr:street": "South State Street", "check_date": null, "healthcare:speciality": null, "phone": null, "website": null, "branch": null, "brand": null, "brand:wikidata": null, "disused:amenity": null, "level": null, "opening_hours": null, "designation": null, "operator": null, "urgent_care": null, "wheelchair": null, "addr:unit": null, "addr:street:name": null, "addr:street:prefix": null, "addr:street:type": null, "social_facility": null, "source": "OpenStreetMap", "operator:type": null, "operator:wikidata": null, "operator:wikipedia": null, "addr:country": null, "name:etymology:wikidata": null, "name:etymology:wikipedia": null, "operator:short": null, "air_conditioning": null, "fax": null, "wikidata": null, "wikipedia": null, "description": null, "drive_through": null, "name:vi": null, "healthcare:for": null, "short_name": null, "check_date:opening_hours": null, "contact:phone": null, "email": null, "opening_hours:signed": null, "alt_name": null, "addr:suite": null, "note:payment": null, "payment:american_express": null, "payment:discover_card": null, "payment:mastercard": null, "payment:visa": null, "start_date": null, "chicago:building_id": null, "access": null, "healthcare:counselling": null, "contact:facebook": null, "building:floor": null, "addr:floor": null, "internet_access": null, "payment:cash": null, "payment:credit_cards": null, "payment:debit_cards": null, "contact:instagram": null, "contact:linkedin": null, "contact:twitter": null, "contact:youtube": null, "reservation:website": null, "appointment:website": null, "contact:blog": null, "contact:website": null, "currency:XBT": null, "payment:lightning": null, "payment:lightning:operator": null, "payment:lightning_contactless": null, "payment:onchain": null, "nodes": null, "beds": null, "emergency": null, "gnis:feature_id": null, "building": null, "building:levels": null, "layer": null, "old_name": null, "university_of_chicago:building_id": null, "university_of_chicago:business_unit_name": null, "roof:levels": null, "ele": null, "abbr_name": null, "ref": null, "toilets:wheelchair": null, "healthcare:speciality:wikidata": null, "healthcare:speciality:wikipedia": null, "name:ko": null, "image": null, "payment:cards": null, "payment:cheque": null, "polling_station": null, "architect": null, "height": null, "opening_date": null, "beauty": null, "shop": null, "smoking": null, "ways": null, "type": null, "category": "Primary Care Center – Private / Non-profit" }, "geometry": { "type": "Point", "coordinates": [ -87.627319199999988, 41.8710904 ] } },
{ "type": "Feature", "properties": { "amenity": null, "healthcare": "clinic", "name": "Esperanza Marquette", "addr:city": "Chicago", "addr:housenumber": "6550", "addr:postcode": "60629", "addr:state": "IL", "addr:street": "South Richmond Street", "check_date": null, "healthcare:speciality": null, "phone": null, "website": null, "branch": null, "brand": null, "brand:wikidata": null, "disused:amenity": null, "level": null, "opening_hours": null, "designation": null, "operator": "Esperanza Health Center", "urgent_care": null, "wheelchair": null, "addr:unit": null, "addr:street:name": null, "addr:street:prefix": null, "addr:street:type": null, "social_facility": null, "source": "OpenStreetMap", "operator:type": "public", "operator:wikidata": null, "operator:wikipedia": null, "addr:country": null, "name:etymology:wikidata": null, "name:etymology:wikipedia": null, "operator:short": null, "air_conditioning": null, "fax": null, "wikidata": null, "wikipedia": null, "description": null, "drive_through": null, "name:vi": null, "healthcare:for": null, "short_name": null, "check_date:opening_hours": null, "contact:phone": null, "email": null, "opening_hours:signed": null, "alt_name": null, "addr:suite": null, "note:payment": null, "payment:american_express": null, "payment:discover_card": null, "payment:mastercard": null, "payment:visa": null, "start_date": null, "chicago:building_id": null, "access": null, "healthcare:counselling": null, "contact:facebook": null, "building:floor": null, "addr:floor": null, "internet_access": null, "payment:cash": null, "payment:credit_cards": null, "payment:debit_cards": null, "contact:instagram": null, "contact:linkedin": null, "contact:twitter": null, "contact:youtube": null, "reservation:website": null, "appointment:website": null, "contact:blog": null, "contact:website": null, "currency:XBT": null, "payment:lightning": null, "payment:lightning:operator": null, "payment:lightning_contactless": null, "payment:onchain": null, "nodes": null, "beds": null, "emergency": null, "gnis:feature_id": null, "building": null, "building:levels": null, "layer": null, "old_name": null, "university_of_chicago:building_id": null, "university_of_chicago:business_unit_name": null, "roof:levels": null, "ele": null, "abbr_name": null, "ref": null, "toilets:wheelchair": null, "healthcare:speciality:wikidata": null, "healthcare:speciality:wikipedia": null, "name:ko": null, "image": null, "payment:cards": null, "payment:cheque": null, "polling_station": null, "architect": null, "height": null, "opening_date": null, "beauty": null, "shop": null, "smoking": null, "ways": null, "type": null, "category": "Primary Care Center – Private / Non-profit" }, "geometry": { "type": "Point", "coordinates": [ -87.6972018, 41.7737993 ] } },
{ "type": "Feature", "properties": { "amenity": "doctors", "healthcare": "doctor", "name": "Apollo Family Medical Center", "addr:city": "Chicago", "addr:housenumber": "2017", "addr:postcode": "60608", "addr:state": "IL", "addr:street": "South Western Avenue", "check_date": null, "healthcare:speciality": null, "phone": null, "website": null, "branch": null, "brand": null, "brand:wikidata": null, "disused:amenity": null, "level": null, "opening_hours": null, "designation": null, "operator": null, "urgent_care": null, "wheelchair": null, "addr:unit": null, "addr:street:name": null, "addr:street:prefix": null, "addr:street:type": null, "social_facility": null, "source": "OpenStreetMap", "operator:type": null, "operator:wikidata": null, "operator:wikipedia": null, "addr:country": null, "name:etymology:wikidata": null, "name:etymology:wikipedia": null, "operator:short": null, "air_conditioning": null, "fax": null, "wikidata": null, "wikipedia": null, "description": null, "drive_through": null, "name:vi": null, "healthcare:for": null, "short_name": null, "check_date:opening_hours": null, "contact:phone": null, "email": null, "opening_hours:signed": null, "alt_name": null, "addr:suite": null, "note:payment": null, "payment:american_express": null, "payment:discover_card": null, "payment:mastercard": null, "payment:visa": null, "start_date": null, "chicago:building_id": null, "access": null, "healthcare:counselling": null, "contact:facebook": null, "building:floor": null, "addr:floor": null, "internet_access": null, "payment:cash": null, "payment:credit_cards": null, "payment:debit_cards": null, "contact:instagram": null, "contact:linkedin": null, "contact:twitter": null, "contact:youtube": null, "reservation:website": null, "appointment:website": null, "contact:blog": null, "contact:website": null, "currency:XBT": null, "payment:lightning": null, "payment:lightning:operator": null, "payment:lightning_contactless": null, "payment:onchain": null, "nodes": null, "beds": null, "emergency": null, "gnis:feature_id": null, "building": null, "building:levels": null, "layer": null, "old_name": null, "university_of_chicago:building_id": null, "university_of_chicago:business_unit_name": null, "roof:levels": null, "ele": null, "abbr_name": null, "ref": null, "toilets:wheelchair": null, "healthcare:speciality:wikidata": null, "healthcare:speciality:wikipedia": null, "name:ko": null, "image": null, "payment:cards": null, "payment:cheque": null, "polling_station": null, "architect": null, "height": null, "opening_date": null, "beauty": null, "shop": null, "smoking": null, "ways": null, "type": null, "category": "Primary Care Center – Private / Non-profit" }, "geometry": { "type": "Point", "coordinates": [ -87.685483, 41.8541803 ] } },
{ "type": "Feature", "properties": { "amenity": "clinic", "healthcare": "clinic", "name": "The Clark", "addr:city": "Chicago", "addr:housenumber": "5346", "addr:postcode": "60640", "addr:state": "IL", "addr:street": "North Clark Street", "check_date": null, "healthcare:speciality": "general;obstetrics;gynecologist;family_medicine", "phone": null, "website": "https://theclarkmed.com", "branch": null, "brand": null, "brand:wikidata": null, "disused:amenity": null, "level": null, "opening_hours": null, "designation": null, "operator": "Northshore University HealthSystem", "urgent_care": null, "wheelchair": null, "addr:unit": null, "addr:street:name": null, "addr:street:prefix": null, "addr:street:type": null, "social_facility": null, "source": "OpenStreetMap", "operator:type": null, "operator:wikidata": null, "operator:wikipedia": null, "addr:country": null, "name:etymology:wikidata": null, "name:etymology:wikipedia": null, "operator:short": null, "air_conditioning": null, "fax": null, "wikidata": null, "wikipedia": null, "description": null, "drive_through": null, "name:vi": null, "healthcare:for": null, "short_name": null, "check_date:opening_hours": null, "contact:phone": null, "email": null, "opening_hours:signed": null, "alt_name": null, "addr:suite": null, "note:payment": null, "payment:american_express": null, "payment:discover_card": null, "payment:mastercard": null, "payment:visa": null, "start_date": null, "chicago:building_id": null, "access": null, "healthcare:counselling": null, "contact:facebook": null, "building:floor": null, "addr:floor": null, "internet_access": null, "payment:cash": null, "payment:credit_cards": null, "payment:debit_cards": null, "contact:instagram": null, "contact:linkedin": null, "contact:twitter": null, "contact:youtube": null, "reservation:website": null, "appointment:website": null, "contact:blog": null, "contact:website": null, "currency:XBT": null, "payment:lightning": null, "payment:lightning:operator": null, "payment:lightning_contactless": null, "payment:onchain": null, "nodes": null, "beds": null, "emergency": null, "gnis:feature_id": null, "building": null, "building:levels": null, "layer": null, "old_name": null, "university_of_chicago:building_id": null, "university_of_chicago:business_unit_name": null, "roof:levels": null, "ele": null, "abbr_name": null, "ref": null, "toilets:wheelchair": null, "healthcare:speciality:wikidata": null, "healthcare:speciality:wikipedia": null, "name:ko": null, "image": null, "payment:cards": null, "payment:cheque": null, "polling_station": null, "architect": null, "height": null, "opening_date": null, "beauty": null, "shop": null, "smoking": null, "ways": null, "type": null, "category": "Primary Care Center – Private / Non-profit" }, "geometry": { "type": "Point", "coordinates": [ -87.668447599999979, 41.9793968 ] } },
{ "type": "Feature", "properties": { "amenity": "clinic", "healthcare": "clinic", "name": "One Lawndale Community Care & Surgery Center", "addr:city": "Chicago", "addr:housenumber": "2652", "addr:postcode": "60608", "addr:state": "IL", "addr:street": "West Ogden Avenue", "check_date": null, "healthcare:speciality": null, "phone": null, "website": null, "branch": null, "brand": null, "brand:wikidata": null, "disused:amenity": null, "level": null, "opening_hours": null, "designation": null, "operator": "Sinai Chicago", "urgent_care": null, "wheelchair": null, "addr:unit": null, "addr:street:name": null, "addr:street:prefix": null, "addr:street:type": null, "social_facility": null, "source": "OpenStreetMap", "operator:type": "ngo", "operator:wikidata": null, "operator:wikipedia": null, "addr:country": null, "name:etymology:wikidata": null, "name:etymology:wikipedia": null, "operator:short": null, "air_conditioning": null, "fax": null, "wikidata": null, "wikipedia": null, "description": "Opens to patients in 2022.", "drive_through": null, "name:vi": null, "healthcare:for": null, "short_name": null, "check_date:opening_hours": null, "contact:phone": null, "email": null, "opening_hours:signed": null, "alt_name": null, "addr:suite": null, "note:payment": null, "payment:american_express": null, "payment:discover_card": null, "payment:mastercard": null, "payment:visa": null, "start_date": null, "chicago:building_id": null, "access": null, "healthcare:counselling": null, "contact:facebook": null, "building:floor": null, "addr:floor": null, "internet_access": null, "payment:cash": null, "payment:credit_cards": null, "payment:debit_cards": null, "contact:instagram": null, "contact:linkedin": null, "contact:twitter": null, "contact:youtube": null, "reservation:website": null, "appointment:website": null, "contact:blog": null, "contact:website": null, "currency:XBT": null, "payment:lightning": null, "payment:lightning:operator": null, "payment:lightning_contactless": null, "payment:onchain": null, "nodes": null, "beds": null, "emergency": null, "gnis:feature_id": null, "building": null, "building:levels": null, "layer": null, "old_name": null, "university_of_chicago:building_id": null, "university_of_chicago:business_unit_name": null, "roof:levels": null, "ele": null, "abbr_name": null, "ref": null, "toilets:wheelchair": null, "healthcare:speciality:wikidata": null, "healthcare:speciality:wikipedia": null, "name:ko": null, "image": null, "payment:cards": null, "payment:cheque": null, "polling_station": null, "architect": null, "height": null, "opening_date": null, "beauty": null, "shop": null, "smoking": null, "ways": null, "type": null, "category": "Primary Care Center – Private / Non-profit" }, "geometry": { "type": "Point", "coordinates": [ -87.6930005, 41.8626782 ] } },
{ "type": "Feature", "properties": { "amenity": "doctors", "healthcare": "doctor", "name": "MinuteClinic", "addr:city": "Chicago", "addr:housenumber": "4051", "addr:postcode": "60618", "addr:state": "IL", "addr:street": "North Lincoln Avenue", "check_date": null, "healthcare:speciality": "community", "phone": null, "website": null, "branch": null, "brand": "MinuteClinic", "brand:wikidata": "Q6871141", "disused:amenity": null, "level": null, "opening_hours": null, "designation": null, "operator": null, "urgent_care": null, "wheelchair": null, "addr:unit": null, "addr:street:name": null, "addr:street:prefix": null, "addr:street:type": null, "social_facility": null, "source": "OpenStreetMap", "operator:type": null, "operator:wikidata": null, "operator:wikipedia": null, "addr:country": null, "name:etymology:wikidata": null, "name:etymology:wikipedia": null, "operator:short": null, "air_conditioning": null, "fax": null, "wikidata": null, "wikipedia": null, "description": null, "drive_through": null, "name:vi": null, "healthcare:for": null, "short_name": null, "check_date:opening_hours": null, "contact:phone": null, "email": null, "opening_hours:signed": null, "alt_name": null, "addr:suite": null, "note:payment": null, "payment:american_express": null, "payment:discover_card": null, "payment:mastercard": null, "payment:visa": null, "start_date": null, "chicago:building_id": null, "access": null, "healthcare:counselling": null, "contact:facebook": null, "building:floor": null, "addr:floor": null, "internet_access": null, "payment:cash": null, "payment:credit_cards": null, "payment:debit_cards": null, "contact:instagram": null, "contact:linkedin": null, "contact:twitter": null, "contact:youtube": null, "reservation:website": null, "appointment:website": null, "contact:blog": null, "contact:website": null, "currency:XBT": null, "payment:lightning": null, "payment:lightning:operator": null, "payment:lightning_contactless": null, "payment:onchain": null, "nodes": null, "beds": null, "emergency": null, "gnis:feature_id": null, "building": null, "building:levels": null, "layer": null, "old_name": null, "university_of_chicago:building_id": null, "university_of_chicago:business_unit_name": null, "roof:levels": null, "ele": null, "abbr_name": null, "ref": null, "toilets:wheelchair": null, "healthcare:speciality:wikidata": null, "healthcare:speciality:wikipedia": null, "name:ko": null, "image": null, "payment:cards": null, "payment:cheque": null, "polling_station": null, "architect": null, "height": null, "opening_date": null, "beauty": null, "shop": null, "smoking": null, "ways": null, "type": null, "category": "Primary Care Center – Private / Non-profit" }, "geometry": { "type": "Point", "coordinates": [ -87.679206099999988, 41.955504 ] } },
{ "type": "Feature", "properties": { "amenity": "doctors", "healthcare": "doctor", "name": "Chicago Pediatric Clinic", "addr:city": "Chicago", "addr:housenumber": "1916", "addr:postcode": "60613", "addr:state": "IL", "addr:street": "West Irving Park Road", "check_date": null, "healthcare:speciality": "paediatrics", "phone": null, "website": null, "branch": null, "brand": null, "brand:wikidata": null, "disused:amenity": null, "level": null, "opening_hours": null, "designation": null, "operator": null, "urgent_care": null, "wheelchair": null, "addr:unit": null, "addr:street:name": null, "addr:street:prefix": null, "addr:street:type": null, "social_facility": null, "source": "OpenStreetMap", "operator:type": null, "operator:wikidata": null, "operator:wikipedia": null, "addr:country": null, "name:etymology:wikidata": null, "name:etymology:wikipedia": null, "operator:short": null, "air_conditioning": null, "fax": null, "wikidata": null, "wikipedia": null, "description": null, "drive_through": null, "name:vi": null, "healthcare:for": null, "short_name": null, "check_date:opening_hours": null, "contact:phone": null, "email": null, "opening_hours:signed": null, "alt_name": null, "addr:suite": null, "note:payment": null, "payment:american_express": null, "payment:discover_card": null, "payment:mastercard": null, "payment:visa": null, "start_date": null, "chicago:building_id": null, "access": null, "healthcare:counselling": null, "contact:facebook": null, "building:floor": null, "addr:floor": null, "internet_access": null, "payment:cash": null, "payment:credit_cards": null, "payment:debit_cards": null, "contact:instagram": null, "contact:linkedin": null, "contact:twitter": null, "contact:youtube": null, "reservation:website": null, "appointment:website": null, "contact:blog": null, "contact:website": null, "currency:XBT": null, "payment:lightning": null, "payment:lightning:operator": null, "payment:lightning_contactless": null, "payment:onchain": null, "nodes": null, "beds": null, "emergency": null, "gnis:feature_id": null, "building": null, "building:levels": null, "layer": null, "old_name": null, "university_of_chicago:building_id": null, "university_of_chicago:business_unit_name": null, "roof:levels": null, "ele": null, "abbr_name": null, "ref": null, "toilets:wheelchair": null, "healthcare:speciality:wikidata": null, "healthcare:speciality:wikipedia": null, "name:ko": null, "image": null, "payment:cards": null, "payment:cheque": null, "polling_station": null, "architect": null, "height": null, "opening_date": null, "beauty": null, "shop": null, "smoking": null, "ways": null, "type": null, "category": "Primary Care Center – Private / Non-profit" }, "geometry": { "type": "Point", "coordinates": [ -87.677035, 41.9543694 ] } },
{ "type": "Feature", "properties": { "amenity": "clinic", "healthcare": "clinic", "name": "Northwestern Medicine Immediate Care South Loop", "addr:city": "Chicago", "addr:housenumber": "1135", "addr:postcode": "60605", "addr:state": "IL", "addr:street": "South Delano Court", "check_date": null, "healthcare:speciality": "urgent", "phone": null, "website": null, "branch": null, "brand": "Northwestern Medicine", "brand:wikidata": "Q50036890", "disused:amenity": null, "level": null, "opening_hours": null, "designation": null, "operator": null, "urgent_care": null, "wheelchair": null, "addr:unit": null, "addr:street:name": null, "addr:street:prefix": null, "addr:street:type": null, "social_facility": null, "source": "OpenStreetMap", "operator:type": null, "operator:wikidata": null, "operator:wikipedia": null, "addr:country": null, "name:etymology:wikidata": null, "name:etymology:wikipedia": null, "operator:short": null, "air_conditioning": null, "fax": null, "wikidata": null, "wikipedia": null, "description": null, "drive_through": null, "name:vi": null, "healthcare:for": null, "short_name": null, "check_date:opening_hours": null, "contact:phone": null, "email": null, "opening_hours:signed": null, "alt_name": null, "addr:suite": null, "note:payment": null, "payment:american_express": null, "payment:discover_card": null, "payment:mastercard": null, "payment:visa": null, "start_date": null, "chicago:building_id": null, "access": null, "healthcare:counselling": null, "contact:facebook": null, "building:floor": null, "addr:floor": null, "internet_access": null, "payment:cash": null, "payment:credit_cards": null, "payment:debit_cards": null, "contact:instagram": null, "contact:linkedin": null, "contact:twitter": null, "contact:youtube": null, "reservation:website": null, "appointment:website": null, "contact:blog": null, "contact:website": null, "currency:XBT": null, "payment:lightning": null, "payment:lightning:operator": null, "payment:lightning_contactless": null, "payment:onchain": null, "nodes": null, "beds": null, "emergency": null, "gnis:feature_id": null, "building": null, "building:levels": null, "layer": null, "old_name": null, "university_of_chicago:building_id": null, "university_of_chicago:business_unit_name": null, "roof:levels": null, "ele": null, "abbr_name": null, "ref": null, "toilets:wheelchair": null, "healthcare:speciality:wikidata": null, "healthcare:speciality:wikipedia": null, "name:ko": null, "image": null, "payment:cards": null, "payment:cheque": null, "polling_station": null, "architect": null, "height": null, "opening_date": null, "beauty": null, "shop": null, "smoking": null, "ways": null, "type": null, "category": "Primary Care Center – Private / Non-profit" }, "geometry": { "type": "Point", "coordinates": [ -87.632104899999987, 41.8680024 ] } },
{ "type": "Feature", "properties": { "amenity": "clinic", "healthcare": "dialysis", "name": "DaVita Dialysis", "addr:city": "Chicago", "addr:housenumber": "1600", "addr:postcode": "60608", "addr:state": "IL", "addr:street": "West 13th Street", "check_date": null, "healthcare:speciality": "nephrology", "phone": null, "website": null, "branch": null, "brand": null, "brand:wikidata": null, "disused:amenity": null, "level": null, "opening_hours": null, "designation": null, "operator": "DaVita Dialysis", "urgent_care": null, "wheelchair": null, "addr:unit": null, "addr:street:name": null, "addr:street:prefix": null, "addr:street:type": null, "social_facility": null, "source": "OpenStreetMap", "operator:type": "private", "operator:wikidata": "Q5207184", "operator:wikipedia": null, "addr:country": null, "name:etymology:wikidata": null, "name:etymology:wikipedia": null, "operator:short": null, "air_conditioning": null, "fax": null, "wikidata": null, "wikipedia": null, "description": null, "drive_through": null, "name:vi": null, "healthcare:for": null, "short_name": null, "check_date:opening_hours": null, "contact:phone": null, "email": null, "opening_hours:signed": null, "alt_name": null, "addr:suite": null, "note:payment": null, "payment:american_express": null, "payment:discover_card": null, "payment:mastercard": null, "payment:visa": null, "start_date": null, "chicago:building_id": null, "access": null, "healthcare:counselling": null, "contact:facebook": null, "building:floor": null, "addr:floor": null, "internet_access": null, "payment:cash": null, "payment:credit_cards": null, "payment:debit_cards": null, "contact:instagram": null, "contact:linkedin": null, "contact:twitter": null, "contact:youtube": null, "reservation:website": null, "appointment:website": null, "contact:blog": null, "contact:website": null, "currency:XBT": null, "payment:lightning": null, "payment:lightning:operator": null, "payment:lightning_contactless": null, "payment:onchain": null, "nodes": null, "beds": null, "emergency": null, "gnis:feature_id": null, "building": null, "building:levels": null, "layer": null, "old_name": null, "university_of_chicago:building_id": null, "university_of_chicago:business_unit_name": null, "roof:levels": null, "ele": null, "abbr_name": null, "ref": null, "toilets:wheelchair": null, "healthcare:speciality:wikidata": null, "healthcare:speciality:wikipedia": null, "name:ko": null, "image": null, "payment:cards": null, "payment:cheque": null, "polling_station": null, "architect": null, "height": null, "opening_date": null, "beauty": null, "shop": null, "smoking": null, "ways": null, "type": null, "category": "Primary Care Center – Private / Non-profit" }, "geometry": { "type": "Point", "coordinates": [ -87.667106899999979, 41.8652905 ] } },
{ "type": "Feature", "properties": { "amenity": "clinic", "healthcare": "clinic", "name": "Seby Medical Center", "addr:city": "Chicago", "addr:housenumber": "10830", "addr:postcode": "60628", "addr:state": "IL", "addr:street": "South Halsted Street", "check_date": null, "healthcare:speciality": null, "phone": "+1-773-785-8000", "website": "https://www.sebyclinic.com/", "branch": null, "brand": null, "brand:wikidata": null, "disused:amenity": null, "level": null, "opening_hours": null, "designation": null, "operator": null, "urgent_care": null, "wheelchair": null, "addr:unit": null, "addr:street:name": null, "addr:street:prefix": null, "addr:street:type": null, "social_facility": null, "source": "OpenStreetMap", "operator:type": null, "operator:wikidata": null, "operator:wikipedia": null, "addr:country": null, "name:etymology:wikidata": null, "name:etymology:wikipedia": null, "operator:short": null, "air_conditioning": null, "fax": null, "wikidata": null, "wikipedia": null, "description": null, "drive_through": null, "name:vi": null, "healthcare:for": null, "short_name": null, "check_date:opening_hours": null, "contact:phone": null, "email": null, "opening_hours:signed": null, "alt_name": null, "addr:suite": null, "note:payment": null, "payment:american_express": null, "payment:discover_card": null, "payment:mastercard": null, "payment:visa": null, "start_date": null, "chicago:building_id": null, "access": null, "healthcare:counselling": null, "contact:facebook": null, "building:floor": null, "addr:floor": null, "internet_access": null, "payment:cash": null, "payment:credit_cards": null, "payment:debit_cards": null, "contact:instagram": null, "contact:linkedin": null, "contact:twitter": null, "contact:youtube": null, "reservation:website": null, "appointment:website": null, "contact:blog": null, "contact:website": null, "currency:XBT": null, "payment:lightning": null, "payment:lightning:operator": null, "payment:lightning_contactless": null, "payment:onchain": null, "nodes": null, "beds": null, "emergency": null, "gnis:feature_id": null, "building": null, "building:levels": null, "layer": null, "old_name": null, "university_of_chicago:building_id": null, "university_of_chicago:business_unit_name": null, "roof:levels": null, "ele": null, "abbr_name": null, "ref": null, "toilets:wheelchair": null, "healthcare:speciality:wikidata": null, "healthcare:speciality:wikipedia": null, "name:ko": null, "image": null, "payment:cards": null, "payment:cheque": null, "polling_station": null, "architect": null, "height": null, "opening_date": null, "beauty": null, "shop": null, "smoking": null, "ways": null, "type": null, "category": "Primary Care Center – Private / Non-profit" }, "geometry": { "type": "Point", "coordinates": [ -87.6427533, 41.6967068 ] } },
{ "type": "Feature", "properties": { "amenity": "clinic", "healthcare": "dialysis", "name": "Fresenius Kidney Care", "addr:city": "Chicago", "addr:housenumber": "132", "addr:postcode": "60628", "addr:state": "IL", "addr:street": "West 111th Street", "check_date": null, "healthcare:speciality": "nephrology", "phone": null, "website": null, "branch": null, "brand": null, "brand:wikidata": null, "disused:amenity": null, "level": null, "opening_hours": null, "designation": null, "operator": "Fresenius Kidney Care", "urgent_care": null, "wheelchair": null, "addr:unit": null, "addr:street:name": null, "addr:street:prefix": null, "addr:street:type": null, "social_facility": null, "source": "OpenStreetMap", "operator:type": "private", "operator:wikidata": "Q650259", "operator:wikipedia": null, "addr:country": null, "name:etymology:wikidata": null, "name:etymology:wikipedia": null, "operator:short": null, "air_conditioning": null, "fax": null, "wikidata": null, "wikipedia": null, "description": null, "drive_through": null, "name:vi": null, "healthcare:for": null, "short_name": null, "check_date:opening_hours": null, "contact:phone": null, "email": null, "opening_hours:signed": null, "alt_name": null, "addr:suite": null, "note:payment": null, "payment:american_express": null, "payment:discover_card": null, "payment:mastercard": null, "payment:visa": null, "start_date": null, "chicago:building_id": null, "access": null, "healthcare:counselling": null, "contact:facebook": null, "building:floor": null, "addr:floor": null, "internet_access": null, "payment:cash": null, "payment:credit_cards": null, "payment:debit_cards": null, "contact:instagram": null, "contact:linkedin": null, "contact:twitter": null, "contact:youtube": null, "reservation:website": null, "appointment:website": null, "contact:blog": null, "contact:website": null, "currency:XBT": null, "payment:lightning": null, "payment:lightning:operator": null, "payment:lightning_contactless": null, "payment:onchain": null, "nodes": null, "beds": null, "emergency": null, "gnis:feature_id": null, "building": null, "building:levels": null, "layer": null, "old_name": null, "university_of_chicago:building_id": null, "university_of_chicago:business_unit_name": null, "roof:levels": null, "ele": null, "abbr_name": null, "ref": null, "toilets:wheelchair": null, "healthcare:speciality:wikidata": null, "healthcare:speciality:wikipedia": null, "name:ko": null, "image": null, "payment:cards": null, "payment:cheque": null, "polling_station": null, "architect": null, "height": null, "opening_date": null, "beauty": null, "shop": null, "smoking": null, "ways": null, "type": null, "category": "Primary Care Center – Private / Non-profit" }, "geometry": { "type": "Point", "coordinates": [ -87.6271569, 41.692806 ] } },
{ "type": "Feature", "properties": { "amenity": "clinic", "healthcare": "clinic", "name": "Specialized Forensic Unit PC", "addr:city": "Chicago", "addr:housenumber": "1005", "addr:postcode": "60622", "addr:state": "IL", "addr:street": "North Western Avenue", "check_date": null, "healthcare:speciality": null, "phone": null, "website": "http://sfunit.com/", "branch": null, "brand": null, "brand:wikidata": null, "disused:amenity": null, "level": null, "opening_hours": null, "designation": null, "operator": null, "urgent_care": null, "wheelchair": "yes", "addr:unit": "1", "addr:street:name": null, "addr:street:prefix": null, "addr:street:type": null, "social_facility": null, "source": "OpenStreetMap", "operator:type": null, "operator:wikidata": null, "operator:wikipedia": null, "addr:country": null, "name:etymology:wikidata": null, "name:etymology:wikipedia": null, "operator:short": null, "air_conditioning": null, "fax": null, "wikidata": null, "wikipedia": null, "description": "Private clinic providing psychological treatment and evaluation services to adults, juveniles, and children.", "drive_through": null, "name:vi": null, "healthcare:for": null, "short_name": null, "check_date:opening_hours": "2022-09-17", "contact:phone": "+1-800-488-9790", "email": "info@sfunit.com", "opening_hours:signed": "no", "alt_name": null, "addr:suite": null, "note:payment": null, "payment:american_express": null, "payment:discover_card": null, "payment:mastercard": null, "payment:visa": null, "start_date": null, "chicago:building_id": null, "access": null, "healthcare:counselling": null, "contact:facebook": null, "building:floor": null, "addr:floor": null, "internet_access": null, "payment:cash": null, "payment:credit_cards": null, "payment:debit_cards": null, "contact:instagram": null, "contact:linkedin": null, "contact:twitter": null, "contact:youtube": null, "reservation:website": null, "appointment:website": null, "contact:blog": null, "contact:website": null, "currency:XBT": null, "payment:lightning": null, "payment:lightning:operator": null, "payment:lightning_contactless": null, "payment:onchain": null, "nodes": null, "beds": null, "emergency": null, "gnis:feature_id": null, "building": null, "building:levels": null, "layer": null, "old_name": null, "university_of_chicago:building_id": null, "university_of_chicago:business_unit_name": null, "roof:levels": null, "ele": null, "abbr_name": null, "ref": null, "toilets:wheelchair": null, "healthcare:speciality:wikidata": null, "healthcare:speciality:wikipedia": null, "name:ko": null, "image": null, "payment:cards": null, "payment:cheque": null, "polling_station": null, "architect": null, "height": null, "opening_date": null, "beauty": null, "shop": null, "smoking": null, "ways": null, "type": null, "category": "Primary Care Center – Private / Non-profit" }, "geometry": { "type": "Point", "coordinates": [ -87.686682, 41.8995972 ] } },
{ "type": "Feature", "properties": { "amenity": "doctors", "healthcare": "doctor", "name": "Dr. Barbara Klempel M.D.", "addr:city": null, "addr:housenumber": null, "addr:postcode": null, "addr:state": null, "addr:street": null, "check_date": null, "healthcare:speciality": null, "phone": null, "website": null, "branch": null, "brand": null, "brand:wikidata": null, "disused:amenity": null, "level": null, "opening_hours": "Mo,Th 12:00-16:00; Tu,Sa 10:00-13:00", "designation": null, "operator": null, "urgent_care": null, "wheelchair": "yes", "addr:unit": null, "addr:street:name": null, "addr:street:prefix": null, "addr:street:type": null, "social_facility": null, "source": "OpenStreetMap", "operator:type": null, "operator:wikidata": null, "operator:wikipedia": null, "addr:country": null, "name:etymology:wikidata": null, "name:etymology:wikipedia": null, "operator:short": null, "air_conditioning": null, "fax": null, "wikidata": null, "wikipedia": null, "description": null, "drive_through": null, "name:vi": null, "healthcare:for": null, "short_name": null, "check_date:opening_hours": null, "contact:phone": null, "email": null, "opening_hours:signed": null, "alt_name": "Dr. Barbara Klempel M.D. Neurology & General Practice", "addr:suite": null, "note:payment": null, "payment:american_express": null, "payment:discover_card": null, "payment:mastercard": null, "payment:visa": null, "start_date": null, "chicago:building_id": null, "access": null, "healthcare:counselling": null, "contact:facebook": null, "building:floor": null, "addr:floor": null, "internet_access": null, "payment:cash": null, "payment:credit_cards": null, "payment:debit_cards": null, "contact:instagram": null, "contact:linkedin": null, "contact:twitter": null, "contact:youtube": null, "reservation:website": null, "appointment:website": null, "contact:blog": null, "contact:website": null, "currency:XBT": null, "payment:lightning": null, "payment:lightning:operator": null, "payment:lightning_contactless": null, "payment:onchain": null, "nodes": null, "beds": null, "emergency": null, "gnis:feature_id": null, "building": null, "building:levels": null, "layer": null, "old_name": null, "university_of_chicago:building_id": null, "university_of_chicago:business_unit_name": null, "roof:levels": null, "ele": null, "abbr_name": null, "ref": null, "toilets:wheelchair": null, "healthcare:speciality:wikidata": null, "healthcare:speciality:wikipedia": null, "name:ko": null, "image": null, "payment:cards": null, "payment:cheque": null, "polling_station": null, "architect": null, "height": null, "opening_date": null, "beauty": null, "shop": null, "smoking": null, "ways": null, "type": null, "category": "Primary Care Center – Private / Non-profit" }, "geometry": { "type": "Point", "coordinates": [ -87.6871671, 41.8995709 ] } },
{ "type": "Feature", "properties": { "amenity": "doctors", "healthcare": "doctor", "name": "Swedish Medical Group - Mayfair", "addr:city": "Chicago", "addr:housenumber": "4753", "addr:postcode": "60630", "addr:state": "IL", "addr:street": "North Elston Avenue", "check_date": null, "healthcare:speciality": null, "phone": "+17732057200", "website": null, "branch": null, "brand": null, "brand:wikidata": null, "disused:amenity": null, "level": null, "opening_hours": null, "designation": null, "operator": null, "urgent_care": null, "wheelchair": null, "addr:unit": null, "addr:street:name": null, "addr:street:prefix": null, "addr:street:type": null, "social_facility": null, "source": "OpenStreetMap", "operator:type": null, "operator:wikidata": null, "operator:wikipedia": null, "addr:country": null, "name:etymology:wikidata": null, "name:etymology:wikipedia": null, "operator:short": null, "air_conditioning": null, "fax": null, "wikidata": null, "wikipedia": null, "description": null, "drive_through": null, "name:vi": null, "healthcare:for": null, "short_name": null, "check_date:opening_hours": null, "contact:phone": null, "email": null, "opening_hours:signed": null, "alt_name": null, "addr:suite": null, "note:payment": null, "payment:american_express": null, "payment:discover_card": null, "payment:mastercard": null, "payment:visa": null, "start_date": null, "chicago:building_id": null, "access": null, "healthcare:counselling": null, "contact:facebook": null, "building:floor": null, "addr:floor": null, "internet_access": null, "payment:cash": null, "payment:credit_cards": null, "payment:debit_cards": null, "contact:instagram": null, "contact:linkedin": null, "contact:twitter": null, "contact:youtube": null, "reservation:website": null, "appointment:website": null, "contact:blog": null, "contact:website": null, "currency:XBT": null, "payment:lightning": null, "payment:lightning:operator": null, "payment:lightning_contactless": null, "payment:onchain": null, "nodes": null, "beds": null, "emergency": null, "gnis:feature_id": null, "building": null, "building:levels": null, "layer": null, "old_name": null, "university_of_chicago:building_id": null, "university_of_chicago:business_unit_name": null, "roof:levels": null, "ele": null, "abbr_name": null, "ref": null, "toilets:wheelchair": null, "healthcare:speciality:wikidata": null, "healthcare:speciality:wikipedia": null, "name:ko": null, "image": null, "payment:cards": null, "payment:cheque": null, "polling_station": null, "architect": null, "height": null, "opening_date": null, "beauty": null, "shop": null, "smoking": null, "ways": null, "type": null, "category": "Primary Care Center – Private / Non-profit" }, "geometry": { "type": "Point", "coordinates": [ -87.7388998, 41.9675393 ] } },
{ "type": "Feature", "properties": { "amenity": "doctors", "healthcare": "doctor", "name": "Family Doctor", "addr:city": "Chicago", "addr:housenumber": "5240", "addr:postcode": "60630", "addr:state": "IL", "addr:street": "North Pulaski Road", "check_date": null, "healthcare:speciality": null, "phone": null, "website": null, "branch": null, "brand": null, "brand:wikidata": null, "disused:amenity": null, "level": null, "opening_hours": null, "designation": null, "operator": null, "urgent_care": null, "wheelchair": null, "addr:unit": null, "addr:street:name": null, "addr:street:prefix": null, "addr:street:type": null, "social_facility": null, "source": "OpenStreetMap", "operator:type": null, "operator:wikidata": null, "operator:wikipedia": null, "addr:country": null, "name:etymology:wikidata": null, "name:etymology:wikipedia": null, "operator:short": null, "air_conditioning": null, "fax": null, "wikidata": null, "wikipedia": null, "description": null, "drive_through": null, "name:vi": null, "healthcare:for": null, "short_name": null, "check_date:opening_hours": null, "contact:phone": null, "email": null, "opening_hours:signed": null, "alt_name": null, "addr:suite": null, "note:payment": null, "payment:american_express": null, "payment:discover_card": null, "payment:mastercard": null, "payment:visa": null, "start_date": null, "chicago:building_id": null, "access": null, "healthcare:counselling": null, "contact:facebook": null, "building:floor": null, "addr:floor": null, "internet_access": null, "payment:cash": null, "payment:credit_cards": null, "payment:debit_cards": null, "contact:instagram": null, "contact:linkedin": null, "contact:twitter": null, "contact:youtube": null, "reservation:website": null, "appointment:website": null, "contact:blog": null, "contact:website": null, "currency:XBT": null, "payment:lightning": null, "payment:lightning:operator": null, "payment:lightning_contactless": null, "payment:onchain": null, "nodes": null, "beds": null, "emergency": null, "gnis:feature_id": null, "building": null, "building:levels": null, "layer": null, "old_name": null, "university_of_chicago:building_id": null, "university_of_chicago:business_unit_name": null, "roof:levels": null, "ele": null, "abbr_name": null, "ref": null, "toilets:wheelchair": null, "healthcare:speciality:wikidata": null, "healthcare:speciality:wikipedia": null, "name:ko": null, "image": null, "payment:cards": null, "payment:cheque": null, "polling_station": null, "architect": null, "height": null, "opening_date": null, "beauty": null, "shop": null, "smoking": null, "ways": null, "type": null, "category": "Primary Care Center – Private / Non-profit" }, "geometry": { "type": "Point", "coordinates": [ -87.7290849, 41.9768167 ] } },
{ "type": "Feature", "properties": { "amenity": "doctors", "healthcare": "doctor", "name": "Chicago Family Asthma & Allergy", "addr:city": "Chicago", "addr:housenumber": "2551", "addr:postcode": "60614", "addr:state": "IL", "addr:street": "North Clark Street", "check_date": null, "healthcare:speciality": "allergology", "phone": "+1 773 388 2322", "website": "https://www.chicagofamilyasthma.com/", "branch": null, "brand": null, "brand:wikidata": null, "disused:amenity": null, "level": null, "opening_hours": "Mo-We 08:00-18:00; Th 09:00-18:00; Fr 09:00-17:00; PH off", "designation": null, "operator": null, "urgent_care": null, "wheelchair": null, "addr:unit": "Suite 100", "addr:street:name": null, "addr:street:prefix": null, "addr:street:type": null, "social_facility": null, "source": "OpenStreetMap", "operator:type": null, "operator:wikidata": null, "operator:wikipedia": null, "addr:country": null, "name:etymology:wikidata": null, "name:etymology:wikipedia": null, "operator:short": null, "air_conditioning": null, "fax": "+1 773 388 2333", "wikidata": null, "wikipedia": null, "description": null, "drive_through": null, "name:vi": null, "healthcare:for": null, "short_name": null, "check_date:opening_hours": null, "contact:phone": null, "email": null, "opening_hours:signed": null, "alt_name": null, "addr:suite": null, "note:payment": null, "payment:american_express": null, "payment:discover_card": null, "payment:mastercard": null, "payment:visa": null, "start_date": null, "chicago:building_id": null, "access": null, "healthcare:counselling": null, "contact:facebook": null, "building:floor": null, "addr:floor": null, "internet_access": null, "payment:cash": null, "payment:credit_cards": null, "payment:debit_cards": null, "contact:instagram": null, "contact:linkedin": null, "contact:twitter": null, "contact:youtube": null, "reservation:website": null, "appointment:website": null, "contact:blog": null, "contact:website": null, "currency:XBT": null, "payment:lightning": null, "payment:lightning:operator": null, "payment:lightning_contactless": null, "payment:onchain": null, "nodes": null, "beds": null, "emergency": null, "gnis:feature_id": null, "building": null, "building:levels": null, "layer": null, "old_name": null, "university_of_chicago:building_id": null, "university_of_chicago:business_unit_name": null, "roof:levels": null, "ele": null, "abbr_name": null, "ref": null, "toilets:wheelchair": null, "healthcare:speciality:wikidata": null, "healthcare:speciality:wikipedia": null, "name:ko": null, "image": null, "payment:cards": null, "payment:cheque": null, "polling_station": null, "architect": null, "height": null, "opening_date": null, "beauty": null, "shop": null, "smoking": null, "ways": null, "type": null, "category": "Primary Care Center – Private / Non-profit" }, "geometry": { "type": "Point", "coordinates": [ -87.642429, 41.9292258 ] } },
{ "type": "Feature", "properties": { "amenity": "clinic", "healthcare": "clinic", "name": "PCC Community Wellness Center", "addr:city": "Chicago", "addr:housenumber": "3030", "addr:postcode": "60634", "addr:state": "IL", "addr:street": "North Mobile Avenue", "check_date": null, "healthcare:speciality": null, "phone": null, "website": null, "branch": null, "brand": null, "brand:wikidata": null, "disused:amenity": null, "level": null, "opening_hours": null, "designation": null, "operator": null, "urgent_care": null, "wheelchair": null, "addr:unit": null, "addr:street:name": null, "addr:street:prefix": null, "addr:street:type": null, "social_facility": null, "source": "OpenStreetMap", "operator:type": null, "operator:wikidata": null, "operator:wikipedia": null, "addr:country": null, "name:etymology:wikidata": null, "name:etymology:wikipedia": null, "operator:short": null, "air_conditioning": null, "fax": null, "wikidata": null, "wikipedia": null, "description": null, "drive_through": null, "name:vi": null, "healthcare:for": null, "short_name": null, "check_date:opening_hours": null, "contact:phone": null, "email": null, "opening_hours:signed": null, "alt_name": null, "addr:suite": null, "note:payment": null, "payment:american_express": null, "payment:discover_card": null, "payment:mastercard": null, "payment:visa": null, "start_date": null, "chicago:building_id": null, "access": null, "healthcare:counselling": null, "contact:facebook": null, "building:floor": null, "addr:floor": null, "internet_access": null, "payment:cash": null, "payment:credit_cards": null, "payment:debit_cards": null, "contact:instagram": null, "contact:linkedin": null, "contact:twitter": null, "contact:youtube": null, "reservation:website": null, "appointment:website": null, "contact:blog": null, "contact:website": null, "currency:XBT": null, "payment:lightning": null, "payment:lightning:operator": null, "payment:lightning_contactless": null, "payment:onchain": null, "nodes": null, "beds": null, "emergency": null, "gnis:feature_id": null, "building": null, "building:levels": null, "layer": null, "old_name": null, "university_of_chicago:building_id": null, "university_of_chicago:business_unit_name": null, "roof:levels": null, "ele": null, "abbr_name": null, "ref": null, "toilets:wheelchair": null, "healthcare:speciality:wikidata": null, "healthcare:speciality:wikipedia": null, "name:ko": null, "image": null, "payment:cards": null, "payment:cheque": null, "polling_station": null, "architect": null, "height": null, "opening_date": null, "beauty": null, "shop": null, "smoking": null, "ways": null, "type": null, "category": "Primary Care Center – Private / Non-profit" }, "geometry": { "type": "Point", "coordinates": [ -87.784844699999979, 41.9358046 ] } },
{ "type": "Feature", "properties": { "amenity": "clinic", "healthcare": "dialysis", "name": "DaVita Dialysis", "addr:city": "Chicago", "addr:housenumber": "3934", "addr:postcode": "60623", "addr:state": "IL", "addr:street": "West 24th Street", "check_date": null, "healthcare:speciality": "nephrology", "phone": null, "website": null, "branch": null, "brand": null, "brand:wikidata": null, "disused:amenity": null, "level": null, "opening_hours": null, "designation": null, "operator": "DaVita Dialysis", "urgent_care": null, "wheelchair": null, "addr:unit": "D", "addr:street:name": null, "addr:street:prefix": null, "addr:street:type": null, "social_facility": null, "source": "OpenStreetMap", "operator:type": "private", "operator:wikidata": "Q5207184", "operator:wikipedia": null, "addr:country": null, "name:etymology:wikidata": null, "name:etymology:wikipedia": null, "operator:short": null, "air_conditioning": null, "fax": null, "wikidata": null, "wikipedia": null, "description": null, "drive_through": null, "name:vi": null, "healthcare:for": null, "short_name": null, "check_date:opening_hours": null, "contact:phone": null, "email": null, "opening_hours:signed": null, "alt_name": null, "addr:suite": null, "note:payment": null, "payment:american_express": null, "payment:discover_card": null, "payment:mastercard": null, "payment:visa": null, "start_date": null, "chicago:building_id": null, "access": null, "healthcare:counselling": null, "contact:facebook": null, "building:floor": null, "addr:floor": null, "internet_access": null, "payment:cash": null, "payment:credit_cards": null, "payment:debit_cards": null, "contact:instagram": null, "contact:linkedin": null, "contact:twitter": null, "contact:youtube": null, "reservation:website": null, "appointment:website": null, "contact:blog": null, "contact:website": null, "currency:XBT": null, "payment:lightning": null, "payment:lightning:operator": null, "payment:lightning_contactless": null, "payment:onchain": null, "nodes": null, "beds": null, "emergency": null, "gnis:feature_id": null, "building": null, "building:levels": null, "layer": null, "old_name": null, "university_of_chicago:building_id": null, "university_of_chicago:business_unit_name": null, "roof:levels": null, "ele": null, "abbr_name": null, "ref": null, "toilets:wheelchair": null, "healthcare:speciality:wikidata": null, "healthcare:speciality:wikipedia": null, "name:ko": null, "image": null, "payment:cards": null, "payment:cheque": null, "polling_station": null, "architect": null, "height": null, "opening_date": null, "beauty": null, "shop": null, "smoking": null, "ways": null, "type": null, "category": "Primary Care Center – Private / Non-profit" }, "geometry": { "type": "Point", "coordinates": [ -87.723675799999981, 41.84812560000001 ] } },
{ "type": "Feature", "properties": { "amenity": "clinic", "healthcare": "dialysis", "name": "DaVita Dialysis", "addr:city": null, "addr:housenumber": null, "addr:postcode": null, "addr:state": null, "addr:street": null, "check_date": null, "healthcare:speciality": "nephrology", "phone": null, "website": null, "branch": null, "brand": null, "brand:wikidata": null, "disused:amenity": null, "level": null, "opening_hours": null, "designation": null, "operator": "DaVita Dialysis", "urgent_care": null, "wheelchair": null, "addr:unit": null, "addr:street:name": null, "addr:street:prefix": null, "addr:street:type": null, "social_facility": null, "source": "OpenStreetMap", "operator:type": "private", "operator:wikidata": "Q5207184", "operator:wikipedia": null, "addr:country": null, "name:etymology:wikidata": null, "name:etymology:wikipedia": null, "operator:short": null, "air_conditioning": null, "fax": null, "wikidata": null, "wikipedia": null, "description": null, "drive_through": null, "name:vi": null, "healthcare:for": null, "short_name": null, "check_date:opening_hours": null, "contact:phone": null, "email": null, "opening_hours:signed": null, "alt_name": null, "addr:suite": null, "note:payment": null, "payment:american_express": null, "payment:discover_card": null, "payment:mastercard": null, "payment:visa": null, "start_date": null, "chicago:building_id": null, "access": null, "healthcare:counselling": null, "contact:facebook": null, "building:floor": null, "addr:floor": null, "internet_access": null, "payment:cash": null, "payment:credit_cards": null, "payment:debit_cards": null, "contact:instagram": null, "contact:linkedin": null, "contact:twitter": null, "contact:youtube": null, "reservation:website": null, "appointment:website": null, "contact:blog": null, "contact:website": null, "currency:XBT": null, "payment:lightning": null, "payment:lightning:operator": null, "payment:lightning_contactless": null, "payment:onchain": null, "nodes": null, "beds": null, "emergency": null, "gnis:feature_id": null, "building": null, "building:levels": null, "layer": null, "old_name": null, "university_of_chicago:building_id": null, "university_of_chicago:business_unit_name": null, "roof:levels": null, "ele": null, "abbr_name": null, "ref": null, "toilets:wheelchair": null, "healthcare:speciality:wikidata": null, "healthcare:speciality:wikipedia": null, "name:ko": null, "image": null, "payment:cards": null, "payment:cheque": null, "polling_station": null, "architect": null, "height": null, "opening_date": null, "beauty": null, "shop": null, "smoking": null, "ways": null, "type": null, "category": "Primary Care Center – Private / Non-profit" }, "geometry": { "type": "Point", "coordinates": [ -87.7234504, 41.765229 ] } },
{ "type": "Feature", "properties": { "amenity": "clinic", "healthcare": "clinic", "name": "Preferred Imaging", "addr:city": "Chicago", "addr:housenumber": "1845", "addr:postcode": "60614", "addr:state": "IL", "addr:street": "North Clybourn Avenue", "check_date": null, "healthcare:speciality": "radiology", "phone": null, "website": null, "branch": null, "brand": null, "brand:wikidata": null, "disused:amenity": null, "level": null, "opening_hours": null, "designation": null, "operator": null, "urgent_care": null, "wheelchair": null, "addr:unit": null, "addr:street:name": null, "addr:street:prefix": null, "addr:street:type": null, "social_facility": null, "source": "OpenStreetMap", "operator:type": null, "operator:wikidata": null, "operator:wikipedia": null, "addr:country": null, "name:etymology:wikidata": null, "name:etymology:wikipedia": null, "operator:short": null, "air_conditioning": null, "fax": null, "wikidata": null, "wikipedia": null, "description": null, "drive_through": null, "name:vi": null, "healthcare:for": null, "short_name": null, "check_date:opening_hours": null, "contact:phone": null, "email": null, "opening_hours:signed": null, "alt_name": null, "addr:suite": "C", "note:payment": null, "payment:american_express": null, "payment:discover_card": null, "payment:mastercard": null, "payment:visa": null, "start_date": null, "chicago:building_id": null, "access": null, "healthcare:counselling": null, "contact:facebook": null, "building:floor": null, "addr:floor": null, "internet_access": null, "payment:cash": null, "payment:credit_cards": null, "payment:debit_cards": null, "contact:instagram": null, "contact:linkedin": null, "contact:twitter": null, "contact:youtube": null, "reservation:website": null, "appointment:website": null, "contact:blog": null, "contact:website": null, "currency:XBT": null, "payment:lightning": null, "payment:lightning:operator": null, "payment:lightning_contactless": null, "payment:onchain": null, "nodes": null, "beds": null, "emergency": null, "gnis:feature_id": null, "building": null, "building:levels": null, "layer": null, "old_name": null, "university_of_chicago:building_id": null, "university_of_chicago:business_unit_name": null, "roof:levels": null, "ele": null, "abbr_name": null, "ref": null, "toilets:wheelchair": null, "healthcare:speciality:wikidata": null, "healthcare:speciality:wikipedia": null, "name:ko": null, "image": null, "payment:cards": null, "payment:cheque": null, "polling_station": null, "architect": null, "height": null, "opening_date": null, "beauty": null, "shop": null, "smoking": null, "ways": null, "type": null, "category": "Primary Care Center – Private / Non-profit" }, "geometry": { "type": "Point", "coordinates": [ -87.65446009999998, 41.9146388 ] } },
{ "type": "Feature", "properties": { "amenity": "clinic", "healthcare": "clinic", "name": "Lurie Children's Pediatrics in Uptown", "addr:city": "Chicago", "addr:housenumber": "4867", "addr:postcode": "60640", "addr:state": "IL", "addr:street": "North Broadway", "check_date": null, "healthcare:speciality": null, "phone": "+1-312-227-2610", "website": "https://www.luriechildrens.org/en/specialties-conditions/pediatricians/pediatrics-uptown/", "branch": null, "brand": null, "brand:wikidata": null, "disused:amenity": null, "level": null, "opening_hours": null, "designation": null, "operator": null, "urgent_care": null, "wheelchair": null, "addr:unit": null, "addr:street:name": null, "addr:street:prefix": null, "addr:street:type": null, "social_facility": null, "source": "OpenStreetMap", "operator:type": null, "operator:wikidata": null, "operator:wikipedia": null, "addr:country": null, "name:etymology:wikidata": null, "name:etymology:wikipedia": null, "operator:short": null, "air_conditioning": null, "fax": null, "wikidata": null, "wikipedia": null, "description": null, "drive_through": null, "name:vi": null, "healthcare:for": null, "short_name": null, "check_date:opening_hours": null, "contact:phone": null, "email": null, "opening_hours:signed": null, "alt_name": null, "addr:suite": null, "note:payment": null, "payment:american_express": null, "payment:discover_card": null, "payment:mastercard": null, "payment:visa": null, "start_date": null, "chicago:building_id": null, "access": null, "healthcare:counselling": null, "contact:facebook": null, "building:floor": null, "addr:floor": null, "internet_access": null, "payment:cash": null, "payment:credit_cards": null, "payment:debit_cards": null, "contact:instagram": null, "contact:linkedin": null, "contact:twitter": null, "contact:youtube": null, "reservation:website": null, "appointment:website": null, "contact:blog": null, "contact:website": null, "currency:XBT": null, "payment:lightning": null, "payment:lightning:operator": null, "payment:lightning_contactless": null, "payment:onchain": null, "nodes": null, "beds": null, "emergency": null, "gnis:feature_id": null, "building": null, "building:levels": null, "layer": null, "old_name": null, "university_of_chicago:building_id": null, "university_of_chicago:business_unit_name": null, "roof:levels": null, "ele": null, "abbr_name": null, "ref": null, "toilets:wheelchair": null, "healthcare:speciality:wikidata": null, "healthcare:speciality:wikipedia": null, "name:ko": null, "image": null, "payment:cards": null, "payment:cheque": null, "polling_station": null, "architect": null, "height": null, "opening_date": null, "beauty": null, "shop": null, "smoking": null, "ways": null, "type": null, "category": "Primary Care Center – Private / Non-profit" }, "geometry": { "type": "Point", "coordinates": [ -87.6589319, 41.9706872 ] } },
{ "type": "Feature", "properties": { "amenity": "clinic", "healthcare": "clinic", "name": "RUSH South Loop", "addr:city": "Chicago", "addr:housenumber": "1411", "addr:postcode": "60605", "addr:state": "IL", "addr:street": "South Michigan Avenue", "check_date": null, "healthcare:speciality": null, "phone": null, "website": null, "branch": null, "brand": null, "brand:wikidata": null, "disused:amenity": null, "level": "4;5", "opening_hours": null, "designation": null, "operator": null, "urgent_care": null, "wheelchair": null, "addr:unit": null, "addr:street:name": null, "addr:street:prefix": null, "addr:street:type": null, "social_facility": null, "source": "OpenStreetMap", "operator:type": null, "operator:wikidata": null, "operator:wikipedia": null, "addr:country": null, "name:etymology:wikidata": null, "name:etymology:wikipedia": null, "operator:short": null, "air_conditioning": null, "fax": null, "wikidata": null, "wikipedia": null, "description": null, "drive_through": null, "name:vi": null, "healthcare:for": null, "short_name": null, "check_date:opening_hours": null, "contact:phone": null, "email": null, "opening_hours:signed": null, "alt_name": null, "addr:suite": null, "note:payment": null, "payment:american_express": null, "payment:discover_card": null, "payment:mastercard": null, "payment:visa": null, "start_date": null, "chicago:building_id": null, "access": null, "healthcare:counselling": null, "contact:facebook": null, "building:floor": null, "addr:floor": null, "internet_access": null, "payment:cash": null, "payment:credit_cards": null, "payment:debit_cards": null, "contact:instagram": null, "contact:linkedin": null, "contact:twitter": null, "contact:youtube": null, "reservation:website": null, "appointment:website": null, "contact:blog": null, "contact:website": null, "currency:XBT": null, "payment:lightning": null, "payment:lightning:operator": null, "payment:lightning_contactless": null, "payment:onchain": null, "nodes": null, "beds": null, "emergency": null, "gnis:feature_id": null, "building": null, "building:levels": null, "layer": null, "old_name": null, "university_of_chicago:building_id": null, "university_of_chicago:business_unit_name": null, "roof:levels": null, "ele": null, "abbr_name": null, "ref": null, "toilets:wheelchair": null, "healthcare:speciality:wikidata": null, "healthcare:speciality:wikipedia": null, "name:ko": null, "image": null, "payment:cards": null, "payment:cheque": null, "polling_station": null, "architect": null, "height": null, "opening_date": null, "beauty": null, "shop": null, "smoking": null, "ways": null, "type": null, "category": "Primary Care Center – Private / Non-profit" }, "geometry": { "type": "Point", "coordinates": [ -87.6238399, 41.8636346 ] } },
{ "type": "Feature", "properties": { "amenity": "clinic", "healthcare": "clinic", "name": "Mercy Care Center", "addr:city": "Chicago", "addr:housenumber": "3753", "addr:postcode": "60653", "addr:state": "IL", "addr:street": "South Cottage Grove Avenue", "check_date": null, "healthcare:speciality": null, "phone": null, "website": "https://www.mercycarecenter.org/", "branch": null, "brand": null, "brand:wikidata": null, "disused:amenity": null, "level": null, "opening_hours": null, "designation": null, "operator": "Mercy Care Center", "urgent_care": null, "wheelchair": null, "addr:unit": null, "addr:street:name": null, "addr:street:prefix": null, "addr:street:type": null, "social_facility": null, "source": "OpenStreetMap", "operator:type": null, "operator:wikidata": null, "operator:wikipedia": null, "addr:country": null, "name:etymology:wikidata": null, "name:etymology:wikipedia": null, "operator:short": null, "air_conditioning": null, "fax": null, "wikidata": null, "wikipedia": null, "description": null, "drive_through": null, "name:vi": null, "healthcare:for": null, "short_name": null, "check_date:opening_hours": null, "contact:phone": null, "email": null, "opening_hours:signed": null, "alt_name": null, "addr:suite": null, "note:payment": null, "payment:american_express": null, "payment:discover_card": null, "payment:mastercard": null, "payment:visa": null, "start_date": null, "chicago:building_id": null, "access": null, "healthcare:counselling": null, "contact:facebook": null, "building:floor": null, "addr:floor": null, "internet_access": null, "payment:cash": null, "payment:credit_cards": null, "payment:debit_cards": null, "contact:instagram": null, "contact:linkedin": null, "contact:twitter": null, "contact:youtube": null, "reservation:website": null, "appointment:website": null, "contact:blog": null, "contact:website": null, "currency:XBT": null, "payment:lightning": null, "payment:lightning:operator": null, "payment:lightning_contactless": null, "payment:onchain": null, "nodes": null, "beds": null, "emergency": null, "gnis:feature_id": null, "building": null, "building:levels": null, "layer": null, "old_name": null, "university_of_chicago:building_id": null, "university_of_chicago:business_unit_name": null, "roof:levels": null, "ele": null, "abbr_name": null, "ref": null, "toilets:wheelchair": null, "healthcare:speciality:wikidata": null, "healthcare:speciality:wikipedia": null, "name:ko": null, "image": null, "payment:cards": null, "payment:cheque": null, "polling_station": null, "architect": null, "height": null, "opening_date": null, "beauty": null, "shop": null, "smoking": null, "ways": null, "type": null, "category": "Primary Care Center – Private / Non-profit" }, "geometry": { "type": "Point", "coordinates": [ -87.6079786, 41.8264568 ] } },
{ "type": "Feature", "properties": { "amenity": "clinic", "healthcare": "dialysis", "name": "Fresenius Kidney Care", "addr:city": "Chicago", "addr:housenumber": "557", "addr:postcode": "60607", "addr:state": "IL", "addr:street": "West Polk Street", "check_date": null, "healthcare:speciality": "nephrology", "phone": null, "website": null, "branch": null, "brand": null, "brand:wikidata": null, "disused:amenity": null, "level": null, "opening_hours": null, "designation": null, "operator": "Fresenius Kidney Care", "urgent_care": null, "wheelchair": null, "addr:unit": null, "addr:street:name": null, "addr:street:prefix": null, "addr:street:type": null, "social_facility": null, "source": "OpenStreetMap", "operator:type": "private", "operator:wikidata": "Q650259", "operator:wikipedia": null, "addr:country": null, "name:etymology:wikidata": null, "name:etymology:wikipedia": null, "operator:short": null, "air_conditioning": null, "fax": null, "wikidata": null, "wikipedia": null, "description": null, "drive_through": null, "name:vi": null, "healthcare:for": null, "short_name": null, "check_date:opening_hours": null, "contact:phone": null, "email": null, "opening_hours:signed": null, "alt_name": null, "addr:suite": null, "note:payment": null, "payment:american_express": null, "payment:discover_card": null, "payment:mastercard": null, "payment:visa": null, "start_date": null, "chicago:building_id": null, "access": null, "healthcare:counselling": null, "contact:facebook": null, "building:floor": null, "addr:floor": null, "internet_access": null, "payment:cash": null, "payment:credit_cards": null, "payment:debit_cards": null, "contact:instagram": null, "contact:linkedin": null, "contact:twitter": null, "contact:youtube": null, "reservation:website": null, "appointment:website": null, "contact:blog": null, "contact:website": null, "currency:XBT": null, "payment:lightning": null, "payment:lightning:operator": null, "payment:lightning_contactless": null, "payment:onchain": null, "nodes": null, "beds": null, "emergency": null, "gnis:feature_id": null, "building": null, "building:levels": null, "layer": null, "old_name": null, "university_of_chicago:building_id": null, "university_of_chicago:business_unit_name": null, "roof:levels": null, "ele": null, "abbr_name": null, "ref": null, "toilets:wheelchair": null, "healthcare:speciality:wikidata": null, "healthcare:speciality:wikipedia": null, "name:ko": null, "image": null, "payment:cards": null, "payment:cheque": null, "polling_station": null, "architect": null, "height": null, "opening_date": null, "beauty": null, "shop": null, "smoking": null, "ways": null, "type": null, "category": "Primary Care Center – Private / Non-profit" }, "geometry": { "type": "Point", "coordinates": [ -87.642030099999985, 41.8718574 ] } },
{ "type": "Feature", "properties": { "amenity": "doctors", "healthcare": "doctor", "name": "Forward", "addr:city": null, "addr:housenumber": null, "addr:postcode": null, "addr:state": null, "addr:street": null, "check_date": null, "healthcare:speciality": null, "phone": null, "website": null, "branch": null, "brand": null, "brand:wikidata": null, "disused:amenity": null, "level": null, "opening_hours": null, "designation": null, "operator": null, "urgent_care": null, "wheelchair": null, "addr:unit": null, "addr:street:name": null, "addr:street:prefix": null, "addr:street:type": null, "social_facility": null, "source": "OpenStreetMap", "operator:type": null, "operator:wikidata": null, "operator:wikipedia": null, "addr:country": null, "name:etymology:wikidata": null, "name:etymology:wikipedia": null, "operator:short": null, "air_conditioning": null, "fax": null, "wikidata": null, "wikipedia": null, "description": null, "drive_through": null, "name:vi": null, "healthcare:for": null, "short_name": null, "check_date:opening_hours": null, "contact:phone": null, "email": null, "opening_hours:signed": null, "alt_name": null, "addr:suite": null, "note:payment": null, "payment:american_express": null, "payment:discover_card": null, "payment:mastercard": null, "payment:visa": null, "start_date": null, "chicago:building_id": null, "access": null, "healthcare:counselling": null, "contact:facebook": null, "building:floor": null, "addr:floor": null, "internet_access": null, "payment:cash": null, "payment:credit_cards": null, "payment:debit_cards": null, "contact:instagram": null, "contact:linkedin": null, "contact:twitter": null, "contact:youtube": null, "reservation:website": null, "appointment:website": null, "contact:blog": null, "contact:website": null, "currency:XBT": null, "payment:lightning": null, "payment:lightning:operator": null, "payment:lightning_contactless": null, "payment:onchain": null, "nodes": null, "beds": null, "emergency": null, "gnis:feature_id": null, "building": null, "building:levels": null, "layer": null, "old_name": null, "university_of_chicago:building_id": null, "university_of_chicago:business_unit_name": null, "roof:levels": null, "ele": null, "abbr_name": null, "ref": null, "toilets:wheelchair": null, "healthcare:speciality:wikidata": null, "healthcare:speciality:wikipedia": null, "name:ko": null, "image": null, "payment:cards": null, "payment:cheque": null, "polling_station": null, "architect": null, "height": null, "opening_date": null, "beauty": null, "shop": null, "smoking": null, "ways": null, "type": null, "category": "Primary Care Center – Private / Non-profit" }, "geometry": { "type": "Point", "coordinates": [ -87.6247897, 41.8861818 ] } },
{ "type": "Feature", "properties": { "amenity": "clinic", "healthcare": "clinic", "name": "Chicagoland Foot and Ankle", "addr:city": "Chicago", "addr:housenumber": "5943", "addr:postcode": "60634", "addr:state": "IL", "addr:street": "West Irving Park Road", "check_date": null, "healthcare:speciality": "podiatry", "phone": "+1-773-282-6111", "website": "https://www.chicagolandfootandankle.com/", "branch": null, "brand": null, "brand:wikidata": null, "disused:amenity": null, "level": null, "opening_hours": null, "designation": null, "operator": null, "urgent_care": null, "wheelchair": null, "addr:unit": null, "addr:street:name": null, "addr:street:prefix": null, "addr:street:type": null, "social_facility": null, "source": "OpenStreetMap", "operator:type": null, "operator:wikidata": null, "operator:wikipedia": null, "addr:country": null, "name:etymology:wikidata": null, "name:etymology:wikipedia": null, "operator:short": null, "air_conditioning": null, "fax": null, "wikidata": null, "wikipedia": null, "description": null, "drive_through": null, "name:vi": null, "healthcare:for": null, "short_name": null, "check_date:opening_hours": null, "contact:phone": null, "email": null, "opening_hours:signed": null, "alt_name": null, "addr:suite": null, "note:payment": null, "payment:american_express": null, "payment:discover_card": null, "payment:mastercard": null, "payment:visa": null, "start_date": null, "chicago:building_id": null, "access": null, "healthcare:counselling": null, "contact:facebook": null, "building:floor": null, "addr:floor": null, "internet_access": null, "payment:cash": null, "payment:credit_cards": null, "payment:debit_cards": null, "contact:instagram": null, "contact:linkedin": null, "contact:twitter": null, "contact:youtube": null, "reservation:website": null, "appointment:website": null, "contact:blog": null, "contact:website": null, "currency:XBT": null, "payment:lightning": null, "payment:lightning:operator": null, "payment:lightning_contactless": null, "payment:onchain": null, "nodes": null, "beds": null, "emergency": null, "gnis:feature_id": null, "building": null, "building:levels": null, "layer": null, "old_name": null, "university_of_chicago:building_id": null, "university_of_chicago:business_unit_name": null, "roof:levels": null, "ele": null, "abbr_name": null, "ref": null, "toilets:wheelchair": null, "healthcare:speciality:wikidata": null, "healthcare:speciality:wikipedia": null, "name:ko": null, "image": null, "payment:cards": null, "payment:cheque": null, "polling_station": null, "architect": null, "height": null, "opening_date": null, "beauty": null, "shop": null, "smoking": null, "ways": null, "type": null, "category": "Primary Care Center – Private / Non-profit" }, "geometry": { "type": "Point", "coordinates": [ -87.7760427, 41.9529042 ] } },
{ "type": "Feature", "properties": { "amenity": "doctors", "healthcare": "doctor", "name": "Shifrin Plastic Surgery", "addr:city": "Chicago", "addr:housenumber": "2335", "addr:postcode": "60616", "addr:state": "IL", "addr:street": "South Michigan Avenue", "check_date": null, "healthcare:speciality": "plastic_surgery", "phone": "+1-312-502-6200", "website": "https://www.davidshifrinmd.com/", "branch": null, "brand": null, "brand:wikidata": null, "disused:amenity": null, "level": null, "opening_hours": "Mo-Fr 09:00-17:00", "designation": null, "operator": null, "urgent_care": null, "wheelchair": null, "addr:unit": "2", "addr:street:name": null, "addr:street:prefix": null, "addr:street:type": null, "social_facility": null, "source": "OpenStreetMap", "operator:type": null, "operator:wikidata": null, "operator:wikipedia": null, "addr:country": null, "name:etymology:wikidata": null, "name:etymology:wikipedia": null, "operator:short": null, "air_conditioning": null, "fax": null, "wikidata": null, "wikipedia": null, "description": "Breast Augmentation", "drive_through": null, "name:vi": null, "healthcare:for": null, "short_name": null, "check_date:opening_hours": null, "contact:phone": null, "email": null, "opening_hours:signed": null, "alt_name": null, "addr:suite": null, "note:payment": "other mentioned, unusual payment options (insurance carriers)> Lending USA;United Medical Credit;Alphaeon", "payment:american_express": "yes", "payment:discover_card": "yes", "payment:mastercard": "yes", "payment:visa": "yes", "start_date": "2010", "chicago:building_id": null, "access": null, "healthcare:counselling": null, "contact:facebook": null, "building:floor": null, "addr:floor": null, "internet_access": null, "payment:cash": null, "payment:credit_cards": null, "payment:debit_cards": null, "contact:instagram": null, "contact:linkedin": null, "contact:twitter": null, "contact:youtube": null, "reservation:website": null, "appointment:website": null, "contact:blog": null, "contact:website": null, "currency:XBT": null, "payment:lightning": null, "payment:lightning:operator": null, "payment:lightning_contactless": null, "payment:onchain": null, "nodes": null, "beds": null, "emergency": null, "gnis:feature_id": null, "building": null, "building:levels": null, "layer": null, "old_name": null, "university_of_chicago:building_id": null, "university_of_chicago:business_unit_name": null, "roof:levels": null, "ele": null, "abbr_name": null, "ref": null, "toilets:wheelchair": null, "healthcare:speciality:wikidata": null, "healthcare:speciality:wikipedia": null, "name:ko": null, "image": null, "payment:cards": null, "payment:cheque": null, "polling_station": null, "architect": null, "height": null, "opening_date": null, "beauty": null, "shop": null, "smoking": null, "ways": null, "type": null, "category": "Primary Care Center – Private / Non-profit" }, "geometry": { "type": "Point", "coordinates": [ -87.6231494, 41.8500198 ] } },
{ "type": "Feature", "properties": { "amenity": "clinic", "healthcare": "clinic", "name": "Specialty Care Center", "addr:city": "Chicago", "addr:housenumber": "1901", "addr:postcode": "60612", "addr:state": "IL", "addr:street": "West Harrison Street", "check_date": null, "healthcare:speciality": null, "phone": null, "website": "https://cookcountyhealth.org/locations/specialty-care-center/", "branch": null, "brand": null, "brand:wikidata": null, "disused:amenity": null, "level": null, "opening_hours": null, "designation": null, "operator": "Cook County Health", "urgent_care": null, "wheelchair": null, "addr:unit": null, "addr:street:name": null, "addr:street:prefix": null, "addr:street:type": null, "social_facility": null, "source": "OpenStreetMap", "operator:type": "public", "operator:wikidata": "Q30286975", "operator:wikipedia": null, "addr:country": null, "name:etymology:wikidata": null, "name:etymology:wikipedia": null, "operator:short": "CCH", "air_conditioning": null, "fax": null, "wikidata": null, "wikipedia": null, "description": null, "drive_through": null, "name:vi": null, "healthcare:for": null, "short_name": null, "check_date:opening_hours": null, "contact:phone": null, "email": null, "opening_hours:signed": null, "alt_name": null, "addr:suite": null, "note:payment": null, "payment:american_express": null, "payment:discover_card": null, "payment:mastercard": null, "payment:visa": null, "start_date": null, "chicago:building_id": null, "access": null, "healthcare:counselling": null, "contact:facebook": null, "building:floor": null, "addr:floor": null, "internet_access": null, "payment:cash": null, "payment:credit_cards": null, "payment:debit_cards": null, "contact:instagram": null, "contact:linkedin": null, "contact:twitter": null, "contact:youtube": null, "reservation:website": null, "appointment:website": null, "contact:blog": null, "contact:website": null, "currency:XBT": null, "payment:lightning": null, "payment:lightning:operator": null, "payment:lightning_contactless": null, "payment:onchain": null, "nodes": null, "beds": null, "emergency": null, "gnis:feature_id": null, "building": null, "building:levels": null, "layer": null, "old_name": null, "university_of_chicago:building_id": null, "university_of_chicago:business_unit_name": null, "roof:levels": null, "ele": null, "abbr_name": null, "ref": null, "toilets:wheelchair": null, "healthcare:speciality:wikidata": null, "healthcare:speciality:wikipedia": null, "name:ko": null, "image": null, "payment:cards": null, "payment:cheque": null, "polling_station": null, "architect": null, "height": null, "opening_date": null, "beauty": null, "shop": null, "smoking": null, "ways": null, "type": null, "category": "Primary Care Center – Public (FQHC / CHC)" }, "geometry": { "type": "Point", "coordinates": [ -87.6743453, 41.8722592 ] } },
{ "type": "Feature", "properties": { "amenity": "clinic", "healthcare": "clinic", "name": "Westside Community Triage & Wellness Center", "addr:city": null, "addr:housenumber": "4133", "addr:postcode": null, "addr:state": null, "addr:street": "West Madison Street", "check_date": null, "healthcare:speciality": null, "phone": null, "website": null, "branch": null, "brand": null, "brand:wikidata": null, "disused:amenity": null, "level": null, "opening_hours": null, "designation": null, "operator": "Habilitative Systems, Inc. & Bobby E. Wright Comprehensive Behavioral Health Center", "urgent_care": null, "wheelchair": null, "addr:unit": null, "addr:street:name": null, "addr:street:prefix": null, "addr:street:type": null, "social_facility": null, "source": "OpenStreetMap", "operator:type": null, "operator:wikidata": null, "operator:wikipedia": null, "addr:country": null, "name:etymology:wikidata": null, "name:etymology:wikipedia": null, "operator:short": null, "air_conditioning": null, "fax": null, "wikidata": null, "wikipedia": null, "description": "Promoting mental health, opioid overdose prevention and wellness", "drive_through": null, "name:vi": null, "healthcare:for": null, "short_name": null, "check_date:opening_hours": null, "contact:phone": "+1 773-745-2620", "email": null, "opening_hours:signed": null, "alt_name": null, "addr:suite": null, "note:payment": null, "payment:american_express": null, "payment:discover_card": null, "payment:mastercard": null, "payment:visa": null, "start_date": null, "chicago:building_id": null, "access": null, "healthcare:counselling": null, "contact:facebook": null, "building:floor": null, "addr:floor": null, "internet_access": null, "payment:cash": null, "payment:credit_cards": null, "payment:debit_cards": null, "contact:instagram": null, "contact:linkedin": null, "contact:twitter": null, "contact:youtube": null, "reservation:website": null, "appointment:website": null, "contact:blog": null, "contact:website": null, "currency:XBT": null, "payment:lightning": null, "payment:lightning:operator": null, "payment:lightning_contactless": null, "payment:onchain": null, "nodes": null, "beds": null, "emergency": null, "gnis:feature_id": null, "building": null, "building:levels": null, "layer": null, "old_name": null, "university_of_chicago:building_id": null, "university_of_chicago:business_unit_name": null, "roof:levels": null, "ele": null, "abbr_name": null, "ref": null, "toilets:wheelchair": null, "healthcare:speciality:wikidata": null, "healthcare:speciality:wikipedia": null, "name:ko": null, "image": null, "payment:cards": null, "payment:cheque": null, "polling_station": null, "architect": null, "height": null, "opening_date": null, "beauty": null, "shop": null, "smoking": null, "ways": null, "type": null, "category": "Primary Care Center – Private / Non-profit" }, "geometry": { "type": "Point", "coordinates": [ -87.7296073, 41.8804673 ] } },
{ "type": "Feature", "properties": { "amenity": "clinic", "healthcare": "clinic", "name": "UI Health 55th & Pulaski Health Collaborative", "addr:city": "Chicago", "addr:housenumber": "5525", "addr:postcode": "60632", "addr:state": "IL", "addr:street": "South Pulaski Road", "check_date": null, "healthcare:speciality": null, "phone": "+1-312-492-0060", "website": "https://hospital.uillinois.edu/patients-and-visitors/locations-and-directions/55th-and-pulaski", "branch": null, "brand": null, "brand:wikidata": null, "disused:amenity": null, "level": null, "opening_hours": "Mo-Fr 08:00-17:00", "designation": null, "operator": null, "urgent_care": null, "wheelchair": null, "addr:unit": null, "addr:street:name": null, "addr:street:prefix": null, "addr:street:type": null, "social_facility": null, "source": "OpenStreetMap", "operator:type": null, "operator:wikidata": null, "operator:wikipedia": null, "addr:country": null, "name:etymology:wikidata": null, "name:etymology:wikipedia": null, "operator:short": null, "air_conditioning": null, "fax": null, "wikidata": null, "wikipedia": null, "description": null, "drive_through": null, "name:vi": null, "healthcare:for": null, "short_name": null, "check_date:opening_hours": null, "contact:phone": null, "email": null, "opening_hours:signed": null, "alt_name": null, "addr:suite": null, "note:payment": null, "payment:american_express": null, "payment:discover_card": null, "payment:mastercard": null, "payment:visa": null, "start_date": null, "chicago:building_id": null, "access": null, "healthcare:counselling": null, "contact:facebook": null, "building:floor": null, "addr:floor": null, "internet_access": null, "payment:cash": null, "payment:credit_cards": null, "payment:debit_cards": null, "contact:instagram": null, "contact:linkedin": null, "contact:twitter": null, "contact:youtube": null, "reservation:website": null, "appointment:website": null, "contact:blog": null, "contact:website": null, "currency:XBT": null, "payment:lightning": null, "payment:lightning:operator": null, "payment:lightning_contactless": null, "payment:onchain": null, "nodes": null, "beds": null, "emergency": null, "gnis:feature_id": null, "building": null, "building:levels": null, "layer": null, "old_name": null, "university_of_chicago:building_id": null, "university_of_chicago:business_unit_name": null, "roof:levels": null, "ele": null, "abbr_name": null, "ref": null, "toilets:wheelchair": null, "healthcare:speciality:wikidata": null, "healthcare:speciality:wikipedia": null, "name:ko": null, "image": null, "payment:cards": null, "payment:cheque": null, "polling_station": null, "architect": null, "height": null, "opening_date": null, "beauty": null, "shop": null, "smoking": null, "ways": null, "type": null, "category": "Primary Care Center – Public (FQHC / CHC)" }, "geometry": { "type": "Point", "coordinates": [ -87.72282, 41.7925424 ] } },
{ "type": "Feature", "properties": { "amenity": "clinic", "healthcare": "doctor", "name": "Vesper", "addr:city": "Chicago", "addr:housenumber": "3916", "addr:postcode": "60613", "addr:state": "IL", "addr:street": "North Broadway", "check_date": "2023-10-01", "healthcare:speciality": "dermatology", "phone": "+1-773-360-8501", "website": "https://vesperchi.com", "branch": null, "brand": null, "brand:wikidata": null, "disused:amenity": null, "level": null, "opening_hours": "Mo-Fr 09:00-19:00; Sa 10:00-15:00; Su off", "designation": null, "operator": null, "urgent_care": null, "wheelchair": null, "addr:unit": null, "addr:street:name": null, "addr:street:prefix": null, "addr:street:type": null, "social_facility": null, "source": "OpenStreetMap", "operator:type": null, "operator:wikidata": null, "operator:wikipedia": null, "addr:country": null, "name:etymology:wikidata": null, "name:etymology:wikipedia": null, "operator:short": null, "air_conditioning": null, "fax": null, "wikidata": null, "wikipedia": null, "description": null, "drive_through": null, "name:vi": null, "healthcare:for": null, "short_name": null, "check_date:opening_hours": null, "contact:phone": null, "email": null, "opening_hours:signed": null, "alt_name": null, "addr:suite": null, "note:payment": null, "payment:american_express": null, "payment:discover_card": null, "payment:mastercard": null, "payment:visa": null, "start_date": null, "chicago:building_id": null, "access": null, "healthcare:counselling": null, "contact:facebook": null, "building:floor": null, "addr:floor": null, "internet_access": null, "payment:cash": null, "payment:credit_cards": null, "payment:debit_cards": null, "contact:instagram": null, "contact:linkedin": null, "contact:twitter": null, "contact:youtube": null, "reservation:website": null, "appointment:website": null, "contact:blog": null, "contact:website": null, "currency:XBT": null, "payment:lightning": null, "payment:lightning:operator": null, "payment:lightning_contactless": null, "payment:onchain": null, "nodes": null, "beds": null, "emergency": null, "gnis:feature_id": null, "building": null, "building:levels": null, "layer": null, "old_name": null, "university_of_chicago:building_id": null, "university_of_chicago:business_unit_name": null, "roof:levels": null, "ele": null, "abbr_name": null, "ref": null, "toilets:wheelchair": null, "healthcare:speciality:wikidata": null, "healthcare:speciality:wikipedia": null, "name:ko": null, "image": null, "payment:cards": null, "payment:cheque": null, "polling_station": null, "architect": null, "height": null, "opening_date": null, "beauty": null, "shop": null, "smoking": null, "ways": null, "type": null, "category": "Primary Care Center – Private / Non-profit" }, "geometry": { "type": "Point", "coordinates": [ -87.649844099999981, 41.9532504 ] } },
{ "type": "Feature", "properties": { "amenity": "clinic", "healthcare": "clinic", "name": "Learning Through Play Center for Child Development", "addr:city": "Chicago", "addr:housenumber": "633", "addr:postcode": "60657", "addr:state": "IL", "addr:street": "West Addison Street", "check_date": "2023-09-29", "healthcare:speciality": null, "phone": "+1 312-458-9865", "website": "https://www.pediatricresources.org/", "branch": null, "brand": null, "brand:wikidata": null, "disused:amenity": null, "level": null, "opening_hours": null, "designation": null, "operator": null, "urgent_care": null, "wheelchair": null, "addr:unit": null, "addr:street:name": null, "addr:street:prefix": null, "addr:street:type": null, "social_facility": null, "source": "OpenStreetMap", "operator:type": null, "operator:wikidata": null, "operator:wikipedia": null, "addr:country": null, "name:etymology:wikidata": null, "name:etymology:wikipedia": null, "operator:short": null, "air_conditioning": null, "fax": null, "wikidata": null, "wikipedia": null, "description": null, "drive_through": null, "name:vi": null, "healthcare:for": null, "short_name": null, "check_date:opening_hours": null, "contact:phone": null, "email": null, "opening_hours:signed": null, "alt_name": null, "addr:suite": null, "note:payment": null, "payment:american_express": null, "payment:discover_card": null, "payment:mastercard": null, "payment:visa": null, "start_date": null, "chicago:building_id": null, "access": null, "healthcare:counselling": null, "contact:facebook": null, "building:floor": null, "addr:floor": null, "internet_access": null, "payment:cash": null, "payment:credit_cards": null, "payment:debit_cards": null, "contact:instagram": null, "contact:linkedin": null, "contact:twitter": null, "contact:youtube": null, "reservation:website": null, "appointment:website": null, "contact:blog": null, "contact:website": null, "currency:XBT": null, "payment:lightning": null, "payment:lightning:operator": null, "payment:lightning_contactless": null, "payment:onchain": null, "nodes": null, "beds": null, "emergency": null, "gnis:feature_id": null, "building": null, "building:levels": null, "layer": null, "old_name": null, "university_of_chicago:building_id": null, "university_of_chicago:business_unit_name": null, "roof:levels": null, "ele": null, "abbr_name": null, "ref": null, "toilets:wheelchair": null, "healthcare:speciality:wikidata": null, "healthcare:speciality:wikipedia": null, "name:ko": null, "image": null, "payment:cards": null, "payment:cheque": null, "polling_station": null, "architect": null, "height": null, "opening_date": null, "beauty": null, "shop": null, "smoking": null, "ways": null, "type": null, "category": "Primary Care Center – Private / Non-profit" }, "geometry": { "type": "Point", "coordinates": [ -87.646752099999986, 41.9473725 ] } },
{ "type": "Feature", "properties": { "amenity": "clinic", "healthcare": "clinic", "name": "Sunnyside Health Center", "addr:city": "Chicago", "addr:housenumber": "4140", "addr:postcode": "60613", "addr:state": "IL", "addr:street": "North Broadway", "check_date": "2023-10-05", "healthcare:speciality": null, "phone": null, "website": null, "branch": null, "brand": null, "brand:wikidata": null, "disused:amenity": null, "level": null, "opening_hours": null, "designation": null, "operator": null, "urgent_care": null, "wheelchair": null, "addr:unit": null, "addr:street:name": null, "addr:street:prefix": null, "addr:street:type": null, "social_facility": null, "source": "OpenStreetMap", "operator:type": null, "operator:wikidata": null, "operator:wikipedia": null, "addr:country": null, "name:etymology:wikidata": null, "name:etymology:wikipedia": null, "operator:short": null, "air_conditioning": null, "fax": null, "wikidata": null, "wikipedia": null, "description": null, "drive_through": null, "name:vi": null, "healthcare:for": null, "short_name": null, "check_date:opening_hours": null, "contact:phone": null, "email": null, "opening_hours:signed": null, "alt_name": null, "addr:suite": null, "note:payment": null, "payment:american_express": null, "payment:discover_card": null, "payment:mastercard": null, "payment:visa": null, "start_date": null, "chicago:building_id": null, "access": null, "healthcare:counselling": null, "contact:facebook": null, "building:floor": null, "addr:floor": null, "internet_access": null, "payment:cash": null, "payment:credit_cards": null, "payment:debit_cards": null, "contact:instagram": null, "contact:linkedin": null, "contact:twitter": null, "contact:youtube": null, "reservation:website": null, "appointment:website": null, "contact:blog": null, "contact:website": null, "currency:XBT": null, "payment:lightning": null, "payment:lightning:operator": null, "payment:lightning_contactless": null, "payment:onchain": null, "nodes": null, "beds": null, "emergency": null, "gnis:feature_id": null, "building": null, "building:levels": null, "layer": null, "old_name": null, "university_of_chicago:building_id": null, "university_of_chicago:business_unit_name": null, "roof:levels": null, "ele": null, "abbr_name": null, "ref": null, "toilets:wheelchair": null, "healthcare:speciality:wikidata": null, "healthcare:speciality:wikipedia": null, "name:ko": null, "image": null, "payment:cards": null, "payment:cheque": null, "polling_station": null, "architect": null, "height": null, "opening_date": null, "beauty": null, "shop": null, "smoking": null, "ways": null, "type": null, "category": "Primary Care Center – Private / Non-profit" }, "geometry": { "type": "Point", "coordinates": [ -87.6530559, 41.957829 ] } },
{ "type": "Feature", "properties": { "amenity": "clinic", "healthcare": "clinic", "name": "Caring Hands Inc", "addr:city": "Chicago", "addr:housenumber": "4220", "addr:postcode": "60613", "addr:state": "IL", "addr:street": "North Broadway", "check_date": "2023-10-05", "healthcare:speciality": null, "phone": "+1 773-871-6443", "website": null, "branch": null, "brand": null, "brand:wikidata": null, "disused:amenity": null, "level": null, "opening_hours": null, "designation": null, "operator": null, "urgent_care": null, "wheelchair": null, "addr:unit": null, "addr:street:name": null, "addr:street:prefix": null, "addr:street:type": null, "social_facility": null, "source": "OpenStreetMap", "operator:type": null, "operator:wikidata": null, "operator:wikipedia": null, "addr:country": null, "name:etymology:wikidata": null, "name:etymology:wikipedia": null, "operator:short": null, "air_conditioning": null, "fax": null, "wikidata": null, "wikipedia": null, "description": null, "drive_through": null, "name:vi": null, "healthcare:for": null, "short_name": null, "check_date:opening_hours": null, "contact:phone": null, "email": null, "opening_hours:signed": null, "alt_name": null, "addr:suite": null, "note:payment": null, "payment:american_express": null, "payment:discover_card": null, "payment:mastercard": null, "payment:visa": null, "start_date": null, "chicago:building_id": null, "access": null, "healthcare:counselling": null, "contact:facebook": null, "building:floor": null, "addr:floor": null, "internet_access": null, "payment:cash": null, "payment:credit_cards": null, "payment:debit_cards": null, "contact:instagram": null, "contact:linkedin": null, "contact:twitter": null, "contact:youtube": null, "reservation:website": null, "appointment:website": null, "contact:blog": null, "contact:website": null, "currency:XBT": null, "payment:lightning": null, "payment:lightning:operator": null, "payment:lightning_contactless": null, "payment:onchain": null, "nodes": null, "beds": null, "emergency": null, "gnis:feature_id": null, "building": null, "building:levels": null, "layer": null, "old_name": null, "university_of_chicago:building_id": null, "university_of_chicago:business_unit_name": null, "roof:levels": null, "ele": null, "abbr_name": null, "ref": null, "toilets:wheelchair": null, "healthcare:speciality:wikidata": null, "healthcare:speciality:wikipedia": null, "name:ko": null, "image": null, "payment:cards": null, "payment:cheque": null, "polling_station": null, "architect": null, "height": null, "opening_date": null, "beauty": null, "shop": null, "smoking": null, "ways": null, "type": null, "category": "Primary Care Center – Private / Non-profit" }, "geometry": { "type": "Point", "coordinates": [ -87.653503200000017, 41.9588699 ] } },
{ "type": "Feature", "properties": { "amenity": "clinic", "healthcare": "clinic", "name": "One Medical", "addr:city": "Chicago", "addr:housenumber": "1931", "addr:postcode": "60614", "addr:state": "IL", "addr:street": "North Halsted Street", "check_date": null, "healthcare:speciality": "general", "phone": "+1 8886636331", "website": "https://www.onemedical.com/locations/chi/lincolnpark/", "branch": "Lincoln Park", "brand": null, "brand:wikidata": null, "disused:amenity": null, "level": null, "opening_hours": null, "designation": null, "operator": "1Life Healthcare", "urgent_care": null, "wheelchair": null, "addr:unit": null, "addr:street:name": null, "addr:street:prefix": null, "addr:street:type": null, "social_facility": null, "source": "OpenStreetMap", "operator:type": "private", "operator:wikidata": "Q85727717", "operator:wikipedia": null, "addr:country": null, "name:etymology:wikidata": null, "name:etymology:wikipedia": null, "operator:short": null, "air_conditioning": null, "fax": null, "wikidata": null, "wikipedia": null, "description": null, "drive_through": null, "name:vi": null, "healthcare:for": null, "short_name": null, "check_date:opening_hours": null, "contact:phone": null, "email": null, "opening_hours:signed": null, "alt_name": null, "addr:suite": null, "note:payment": null, "payment:american_express": null, "payment:discover_card": null, "payment:mastercard": null, "payment:visa": null, "start_date": null, "chicago:building_id": null, "access": null, "healthcare:counselling": null, "contact:facebook": null, "building:floor": null, "addr:floor": null, "internet_access": null, "payment:cash": null, "payment:credit_cards": null, "payment:debit_cards": null, "contact:instagram": null, "contact:linkedin": null, "contact:twitter": null, "contact:youtube": null, "reservation:website": null, "appointment:website": null, "contact:blog": null, "contact:website": null, "currency:XBT": null, "payment:lightning": null, "payment:lightning:operator": null, "payment:lightning_contactless": null, "payment:onchain": null, "nodes": null, "beds": null, "emergency": null, "gnis:feature_id": null, "building": null, "building:levels": null, "layer": null, "old_name": null, "university_of_chicago:building_id": null, "university_of_chicago:business_unit_name": null, "roof:levels": null, "ele": null, "abbr_name": null, "ref": null, "toilets:wheelchair": null, "healthcare:speciality:wikidata": null, "healthcare:speciality:wikipedia": null, "name:ko": null, "image": null, "payment:cards": null, "payment:cheque": null, "polling_station": null, "architect": null, "height": null, "opening_date": null, "beauty": null, "shop": null, "smoking": null, "ways": null, "type": null, "category": "Primary Care Center – Private / Non-profit" }, "geometry": { "type": "Point", "coordinates": [ -87.6482992, 41.9170651 ] } },
{ "type": "Feature", "properties": { "amenity": "clinic", "healthcare": "clinic", "name": "Compass Health Centers", "addr:city": "Chicago", "addr:housenumber": "2500", "addr:postcode": "60618", "addr:state": "IL", "addr:street": "West Bradley Place", "check_date": null, "healthcare:speciality": "psychiatry", "phone": null, "website": "https://compasshealthcenter.net/locations/chicago", "branch": null, "brand": null, "brand:wikidata": null, "disused:amenity": null, "level": null, "opening_hours": null, "designation": null, "operator": null, "urgent_care": null, "wheelchair": null, "addr:unit": null, "addr:street:name": null, "addr:street:prefix": null, "addr:street:type": null, "social_facility": null, "source": "OpenStreetMap", "operator:type": null, "operator:wikidata": null, "operator:wikipedia": null, "addr:country": null, "name:etymology:wikidata": null, "name:etymology:wikipedia": null, "operator:short": null, "air_conditioning": null, "fax": null, "wikidata": null, "wikipedia": null, "description": null, "drive_through": null, "name:vi": null, "healthcare:for": null, "short_name": null, "check_date:opening_hours": null, "contact:phone": null, "email": null, "opening_hours:signed": null, "alt_name": null, "addr:suite": null, "note:payment": null, "payment:american_express": null, "payment:discover_card": null, "payment:mastercard": null, "payment:visa": null, "start_date": null, "chicago:building_id": null, "access": null, "healthcare:counselling": null, "contact:facebook": null, "building:floor": null, "addr:floor": null, "internet_access": null, "payment:cash": null, "payment:credit_cards": null, "payment:debit_cards": null, "contact:instagram": null, "contact:linkedin": null, "contact:twitter": null, "contact:youtube": null, "reservation:website": null, "appointment:website": null, "contact:blog": null, "contact:website": null, "currency:XBT": null, "payment:lightning": null, "payment:lightning:operator": null, "payment:lightning_contactless": null, "payment:onchain": null, "nodes": null, "beds": null, "emergency": null, "gnis:feature_id": null, "building": null, "building:levels": null, "layer": null, "old_name": null, "university_of_chicago:building_id": null, "university_of_chicago:business_unit_name": null, "roof:levels": null, "ele": null, "abbr_name": null, "ref": null, "toilets:wheelchair": null, "healthcare:speciality:wikidata": null, "healthcare:speciality:wikipedia": null, "name:ko": null, "image": null, "payment:cards": null, "payment:cheque": null, "polling_station": null, "architect": null, "height": null, "opening_date": null, "beauty": null, "shop": null, "smoking": null, "ways": null, "type": null, "category": "Primary Care Center – Private / Non-profit" }, "geometry": { "type": "Point", "coordinates": [ -87.6921578, 41.9502447 ] } },
{ "type": "Feature", "properties": { "amenity": "doctors", "healthcare": "doctor", "name": "Adult Emergency Room", "addr:city": null, "addr:housenumber": null, "addr:postcode": null, "addr:state": null, "addr:street": null, "check_date": null, "healthcare:speciality": "trauma", "phone": null, "website": "https://www.uchicagomedicine.org/conditions-services/trauma-emergency-services", "branch": null, "brand": null, "brand:wikidata": null, "disused:amenity": null, "level": null, "opening_hours": null, "designation": null, "operator": null, "urgent_care": null, "wheelchair": null, "addr:unit": null, "addr:street:name": null, "addr:street:prefix": null, "addr:street:type": null, "social_facility": null, "source": "OpenStreetMap", "operator:type": null, "operator:wikidata": null, "operator:wikipedia": null, "addr:country": null, "name:etymology:wikidata": null, "name:etymology:wikipedia": null, "operator:short": null, "air_conditioning": null, "fax": null, "wikidata": null, "wikipedia": null, "description": null, "drive_through": null, "name:vi": null, "healthcare:for": null, "short_name": null, "check_date:opening_hours": null, "contact:phone": "+1 773 702 6250", "email": null, "opening_hours:signed": null, "alt_name": null, "addr:suite": null, "note:payment": null, "payment:american_express": null, "payment:discover_card": null, "payment:mastercard": null, "payment:visa": null, "start_date": null, "chicago:building_id": null, "access": null, "healthcare:counselling": null, "contact:facebook": null, "building:floor": null, "addr:floor": null, "internet_access": null, "payment:cash": null, "payment:credit_cards": null, "payment:debit_cards": null, "contact:instagram": null, "contact:linkedin": null, "contact:twitter": null, "contact:youtube": null, "reservation:website": null, "appointment:website": null, "contact:blog": null, "contact:website": null, "currency:XBT": null, "payment:lightning": null, "payment:lightning:operator": null, "payment:lightning_contactless": null, "payment:onchain": null, "nodes": null, "beds": null, "emergency": null, "gnis:feature_id": null, "building": null, "building:levels": null, "layer": null, "old_name": null, "university_of_chicago:building_id": null, "university_of_chicago:business_unit_name": null, "roof:levels": null, "ele": null, "abbr_name": null, "ref": null, "toilets:wheelchair": null, "healthcare:speciality:wikidata": null, "healthcare:speciality:wikipedia": null, "name:ko": null, "image": null, "payment:cards": null, "payment:cheque": null, "polling_station": null, "architect": null, "height": null, "opening_date": null, "beauty": null, "shop": null, "smoking": null, "ways": null, "type": null, "category": "Primary Care Center – Private / Non-profit" }, "geometry": { "type": "Point", "coordinates": [ -87.6055516, 41.7915291 ] } },
{ "type": "Feature", "properties": { "amenity": "doctors", "healthcare": "doctor", "name": "Pediatric Emergency Room", "addr:city": null, "addr:housenumber": null, "addr:postcode": null, "addr:state": null, "addr:street": null, "check_date": null, "healthcare:speciality": "trauma", "phone": null, "website": "https://www.uchicagomedicine.org/conditions-services/trauma-emergency-services", "branch": null, "brand": null, "brand:wikidata": null, "disused:amenity": null, "level": null, "opening_hours": null, "designation": null, "operator": null, "urgent_care": null, "wheelchair": null, "addr:unit": null, "addr:street:name": null, "addr:street:prefix": null, "addr:street:type": null, "social_facility": null, "source": "OpenStreetMap", "operator:type": null, "operator:wikidata": null, "operator:wikipedia": null, "addr:country": null, "name:etymology:wikidata": null, "name:etymology:wikipedia": null, "operator:short": null, "air_conditioning": null, "fax": null, "wikidata": null, "wikipedia": null, "description": null, "drive_through": null, "name:vi": null, "healthcare:for": null, "short_name": null, "check_date:opening_hours": null, "contact:phone": "+1 773 702 6249", "email": null, "opening_hours:signed": null, "alt_name": null, "addr:suite": null, "note:payment": null, "payment:american_express": null, "payment:discover_card": null, "payment:mastercard": null, "payment:visa": null, "start_date": null, "chicago:building_id": null, "access": null, "healthcare:counselling": null, "contact:facebook": null, "building:floor": null, "addr:floor": null, "internet_access": null, "payment:cash": null, "payment:credit_cards": null, "payment:debit_cards": null, "contact:instagram": null, "contact:linkedin": null, "contact:twitter": null, "contact:youtube": null, "reservation:website": null, "appointment:website": null, "contact:blog": null, "contact:website": null, "currency:XBT": null, "payment:lightning": null, "payment:lightning:operator": null, "payment:lightning_contactless": null, "payment:onchain": null, "nodes": null, "beds": null, "emergency": null, "gnis:feature_id": null, "building": null, "building:levels": null, "layer": null, "old_name": null, "university_of_chicago:building_id": null, "university_of_chicago:business_unit_name": null, "roof:levels": null, "ele": null, "abbr_name": null, "ref": null, "toilets:wheelchair": null, "healthcare:speciality:wikidata": null, "healthcare:speciality:wikipedia": null, "name:ko": null, "image": null, "payment:cards": null, "payment:cheque": null, "polling_station": null, "architect": null, "height": null, "opening_date": null, "beauty": null, "shop": null, "smoking": null, "ways": null, "type": null, "category": "Primary Care Center – Private / Non-profit" }, "geometry": { "type": "Point", "coordinates": [ -87.603961199999986, 41.790322 ] } },
{ "type": "Feature", "properties": { "amenity": "doctors", "healthcare": "doctor", "name": "RUSH Pediatric Primary Care", "addr:city": "Chicago", "addr:housenumber": "1645", "addr:postcode": "60612", "addr:state": "IL", "addr:street": "West Jackson Boulevard", "check_date": null, "healthcare:speciality": "paediatrics", "phone": null, "website": "https://www.rush.edu/kids/services/pediatric-primary-care", "branch": "Westgate Building", "brand": null, "brand:wikidata": null, "disused:amenity": null, "level": null, "opening_hours": null, "designation": null, "operator": "RUSH University", "urgent_care": null, "wheelchair": null, "addr:unit": "200", "addr:street:name": null, "addr:street:prefix": null, "addr:street:type": null, "social_facility": null, "source": "OpenStreetMap", "operator:type": null, "operator:wikidata": null, "operator:wikipedia": null, "addr:country": null, "name:etymology:wikidata": null, "name:etymology:wikipedia": null, "operator:short": null, "air_conditioning": null, "fax": null, "wikidata": null, "wikipedia": null, "description": null, "drive_through": null, "name:vi": null, "healthcare:for": null, "short_name": null, "check_date:opening_hours": null, "contact:phone": "+1 312 942 3034", "email": null, "opening_hours:signed": null, "alt_name": null, "addr:suite": null, "note:payment": null, "payment:american_express": null, "payment:discover_card": null, "payment:mastercard": null, "payment:visa": null, "start_date": null, "chicago:building_id": null, "access": null, "healthcare:counselling": null, "contact:facebook": null, "building:floor": null, "addr:floor": null, "internet_access": null, "payment:cash": null, "payment:credit_cards": null, "payment:debit_cards": null, "contact:instagram": null, "contact:linkedin": null, "contact:twitter": null, "contact:youtube": null, "reservation:website": null, "appointment:website": null, "contact:blog": null, "contact:website": null, "currency:XBT": null, "payment:lightning": null, "payment:lightning:operator": null, "payment:lightning_contactless": null, "payment:onchain": null, "nodes": null, "beds": null, "emergency": null, "gnis:feature_id": null, "building": null, "building:levels": null, "layer": null, "old_name": null, "university_of_chicago:building_id": null, "university_of_chicago:business_unit_name": null, "roof:levels": null, "ele": null, "abbr_name": null, "ref": null, "toilets:wheelchair": null, "healthcare:speciality:wikidata": null, "healthcare:speciality:wikipedia": null, "name:ko": null, "image": null, "payment:cards": null, "payment:cheque": null, "polling_station": null, "architect": null, "height": null, "opening_date": null, "beauty": null, "shop": null, "smoking": null, "ways": null, "type": null, "category": "Primary Care Center – Private / Non-profit" }, "geometry": { "type": "Point", "coordinates": [ -87.6682042, 41.8771862 ] } },
{ "type": "Feature", "properties": { "amenity": "doctors", "healthcare": "doctor", "name": "Autism Assessment, Research, Treatment & Services Center", "addr:city": "Chicago", "addr:housenumber": "1645", "addr:postcode": "60612", "addr:state": "IL", "addr:street": "West Jackson Boulevard", "check_date": null, "healthcare:speciality": "psychiatry;child_psychiatry;paediatrics", "phone": null, "website": "https://www.rush.edu/locations/autism-assessment-research-treatment-services-aarts-center", "branch": null, "brand": null, "brand:wikidata": null, "disused:amenity": null, "level": null, "opening_hours": null, "designation": null, "operator": null, "urgent_care": null, "wheelchair": null, "addr:unit": "603", "addr:street:name": null, "addr:street:prefix": null, "addr:street:type": null, "social_facility": null, "source": "OpenStreetMap", "operator:type": null, "operator:wikidata": null, "operator:wikipedia": null, "addr:country": null, "name:etymology:wikidata": null, "name:etymology:wikipedia": null, "operator:short": null, "air_conditioning": null, "fax": null, "wikidata": null, "wikipedia": null, "description": null, "drive_through": null, "name:vi": null, "healthcare:for": null, "short_name": "AARTS Center", "check_date:opening_hours": null, "contact:phone": "+1 312 942 0819", "email": null, "opening_hours:signed": null, "alt_name": null, "addr:suite": null, "note:payment": null, "payment:american_express": null, "payment:discover_card": null, "payment:mastercard": null, "payment:visa": null, "start_date": null, "chicago:building_id": null, "access": null, "healthcare:counselling": null, "contact:facebook": null, "building:floor": null, "addr:floor": null, "internet_access": null, "payment:cash": null, "payment:credit_cards": null, "payment:debit_cards": null, "contact:instagram": null, "contact:linkedin": null, "contact:twitter": null, "contact:youtube": null, "reservation:website": null, "appointment:website": null, "contact:blog": null, "contact:website": null, "currency:XBT": null, "payment:lightning": null, "payment:lightning:operator": null, "payment:lightning_contactless": null, "payment:onchain": null, "nodes": null, "beds": null, "emergency": null, "gnis:feature_id": null, "building": null, "building:levels": null, "layer": null, "old_name": null, "university_of_chicago:building_id": null, "university_of_chicago:business_unit_name": null, "roof:levels": null, "ele": null, "abbr_name": null, "ref": null, "toilets:wheelchair": null, "healthcare:speciality:wikidata": null, "healthcare:speciality:wikipedia": null, "name:ko": null, "image": null, "payment:cards": null, "payment:cheque": null, "polling_station": null, "architect": null, "height": null, "opening_date": null, "beauty": null, "shop": null, "smoking": null, "ways": null, "type": null, "category": "Primary Care Center – Private / Non-profit" }, "geometry": { "type": "Point", "coordinates": [ -87.668717199999989, 41.8771781 ] } },
{ "type": "Feature", "properties": { "amenity": "doctors", "healthcare": "doctor", "name": "RUSH Adult and Pediatric Primary Care", "addr:city": "Chicago", "addr:housenumber": "1645", "addr:postcode": "60612", "addr:state": "IL", "addr:street": "West Jackson Boulevard", "check_date": null, "healthcare:speciality": "paediatrics;general", "phone": null, "website": "https://www.rush.edu/locations/rush-adult-and-pediatric-primary-care", "branch": null, "brand": null, "brand:wikidata": null, "disused:amenity": null, "level": null, "opening_hours": null, "designation": null, "operator": null, "urgent_care": null, "wheelchair": null, "addr:unit": null, "addr:street:name": null, "addr:street:prefix": null, "addr:street:type": null, "social_facility": null, "source": "OpenStreetMap", "operator:type": null, "operator:wikidata": null, "operator:wikipedia": null, "addr:country": null, "name:etymology:wikidata": null, "name:etymology:wikipedia": null, "operator:short": null, "air_conditioning": null, "fax": null, "wikidata": null, "wikipedia": null, "description": null, "drive_through": null, "name:vi": null, "healthcare:for": null, "short_name": null, "check_date:opening_hours": null, "contact:phone": "+1 312 942 3034", "email": null, "opening_hours:signed": null, "alt_name": null, "addr:suite": null, "note:payment": null, "payment:american_express": null, "payment:discover_card": null, "payment:mastercard": null, "payment:visa": null, "start_date": null, "chicago:building_id": null, "access": null, "healthcare:counselling": null, "contact:facebook": null, "building:floor": null, "addr:floor": null, "internet_access": null, "payment:cash": null, "payment:credit_cards": null, "payment:debit_cards": null, "contact:instagram": null, "contact:linkedin": null, "contact:twitter": null, "contact:youtube": null, "reservation:website": null, "appointment:website": null, "contact:blog": null, "contact:website": null, "currency:XBT": null, "payment:lightning": null, "payment:lightning:operator": null, "payment:lightning_contactless": null, "payment:onchain": null, "nodes": null, "beds": null, "emergency": null, "gnis:feature_id": null, "building": null, "building:levels": null, "layer": null, "old_name": null, "university_of_chicago:building_id": null, "university_of_chicago:business_unit_name": null, "roof:levels": null, "ele": null, "abbr_name": null, "ref": null, "toilets:wheelchair": null, "healthcare:speciality:wikidata": null, "healthcare:speciality:wikipedia": null, "name:ko": null, "image": null, "payment:cards": null, "payment:cheque": null, "polling_station": null, "architect": null, "height": null, "opening_date": null, "beauty": null, "shop": null, "smoking": null, "ways": null, "type": null, "category": "Primary Care Center – Private / Non-profit" }, "geometry": { "type": "Point", "coordinates": [ -87.668298899999982, 41.87736060000001 ] } },
{ "type": "Feature", "properties": { "amenity": "doctors", "healthcare": "doctor", "name": "RUSH Behavioral Medicine", "addr:city": "Chicago", "addr:housenumber": "1645", "addr:postcode": "60612", "addr:state": "IL", "addr:street": "West Jackson Boulevard", "check_date": null, "healthcare:speciality": "psychiatry;paediatrics;child_psychiatry", "phone": null, "website": "https://www.rush.edu/locations/rush-behavioral-medicine-westgate-building", "branch": "Westgate Building", "brand": null, "brand:wikidata": null, "disused:amenity": null, "level": null, "opening_hours": null, "designation": null, "operator": null, "urgent_care": null, "wheelchair": null, "addr:unit": "400", "addr:street:name": null, "addr:street:prefix": null, "addr:street:type": null, "social_facility": null, "source": "OpenStreetMap", "operator:type": null, "operator:wikidata": null, "operator:wikipedia": null, "addr:country": null, "name:etymology:wikidata": null, "name:etymology:wikipedia": null, "operator:short": null, "air_conditioning": null, "fax": null, "wikidata": null, "wikipedia": null, "description": null, "drive_through": null, "name:vi": null, "healthcare:for": null, "short_name": null, "check_date:opening_hours": null, "contact:phone": "+1 312 942 5932", "email": null, "opening_hours:signed": null, "alt_name": null, "addr:suite": null, "note:payment": null, "payment:american_express": null, "payment:discover_card": null, "payment:mastercard": null, "payment:visa": null, "start_date": null, "chicago:building_id": null, "access": null, "healthcare:counselling": null, "contact:facebook": null, "building:floor": null, "addr:floor": null, "internet_access": null, "payment:cash": null, "payment:credit_cards": null, "payment:debit_cards": null, "contact:instagram": null, "contact:linkedin": null, "contact:twitter": null, "contact:youtube": null, "reservation:website": null, "appointment:website": null, "contact:blog": null, "contact:website": null, "currency:XBT": null, "payment:lightning": null, "payment:lightning:operator": null, "payment:lightning_contactless": null, "payment:onchain": null, "nodes": null, "beds": null, "emergency": null, "gnis:feature_id": null, "building": null, "building:levels": null, "layer": null, "old_name": null, "university_of_chicago:building_id": null, "university_of_chicago:business_unit_name": null, "roof:levels": null, "ele": null, "abbr_name": null, "ref": null, "toilets:wheelchair": null, "healthcare:speciality:wikidata": null, "healthcare:speciality:wikipedia": null, "name:ko": null, "image": null, "payment:cards": null, "payment:cheque": null, "polling_station": null, "architect": null, "height": null, "opening_date": null, "beauty": null, "shop": null, "smoking": null, "ways": null, "type": null, "category": "Primary Care Center – Private / Non-profit" }, "geometry": { "type": "Point", "coordinates": [ -87.668722, 41.8773487 ] } },
{ "type": "Feature", "properties": { "amenity": "doctors", "healthcare": "doctor", "name": "RUSH Behavioral Medicine", "addr:city": "Chicago", "addr:housenumber": "1645", "addr:postcode": "60612", "addr:state": "IL", "addr:street": "West Jackson Boulevard", "check_date": null, "healthcare:speciality": "psychiatry", "phone": null, "website": "https://www.rush.edu/locations/rush-behavioral-medicine-suite-600", "branch": "Westgate Building - Suite 600", "brand": null, "brand:wikidata": null, "disused:amenity": null, "level": null, "opening_hours": null, "designation": null, "operator": null, "urgent_care": null, "wheelchair": null, "addr:unit": "600", "addr:street:name": null, "addr:street:prefix": null, "addr:street:type": null, "social_facility": null, "source": "OpenStreetMap", "operator:type": null, "operator:wikidata": null, "operator:wikipedia": null, "addr:country": null, "name:etymology:wikidata": null, "name:etymology:wikipedia": null, "operator:short": null, "air_conditioning": null, "fax": null, "wikidata": null, "wikipedia": null, "description": null, "drive_through": null, "name:vi": null, "healthcare:for": null, "short_name": null, "check_date:opening_hours": null, "contact:phone": "+1 312-563-6637", "email": null, "opening_hours:signed": null, "alt_name": null, "addr:suite": null, "note:payment": null, "payment:american_express": null, "payment:discover_card": null, "payment:mastercard": null, "payment:visa": null, "start_date": null, "chicago:building_id": null, "access": null, "healthcare:counselling": null, "contact:facebook": null, "building:floor": null, "addr:floor": null, "internet_access": null, "payment:cash": null, "payment:credit_cards": null, "payment:debit_cards": null, "contact:instagram": null, "contact:linkedin": null, "contact:twitter": null, "contact:youtube": null, "reservation:website": null, "appointment:website": null, "contact:blog": null, "contact:website": null, "currency:XBT": null, "payment:lightning": null, "payment:lightning:operator": null, "payment:lightning_contactless": null, "payment:onchain": null, "nodes": null, "beds": null, "emergency": null, "gnis:feature_id": null, "building": null, "building:levels": null, "layer": null, "old_name": null, "university_of_chicago:building_id": null, "university_of_chicago:business_unit_name": null, "roof:levels": null, "ele": null, "abbr_name": null, "ref": null, "toilets:wheelchair": null, "healthcare:speciality:wikidata": null, "healthcare:speciality:wikipedia": null, "name:ko": null, "image": null, "payment:cards": null, "payment:cheque": null, "polling_station": null, "architect": null, "height": null, "opening_date": null, "beauty": null, "shop": null, "smoking": null, "ways": null, "type": null, "category": "Primary Care Center – Private / Non-profit" }, "geometry": { "type": "Point", "coordinates": [ -87.6687207, 41.8772683 ] } },
{ "type": "Feature", "properties": { "amenity": "clinic", "healthcare": "dialysis", "name": "Fresenius Kidney Care", "addr:city": "Chicago", "addr:housenumber": "1444", "addr:postcode": "60642", "addr:state": "IL", "addr:street": "West Willow Street", "check_date": null, "healthcare:speciality": "nephrology", "phone": "+1-773-772-4079", "website": "https://www.freseniuskidneycare.com/dialysis-centers/illinois/6747", "branch": "West Willow", "brand": null, "brand:wikidata": null, "disused:amenity": null, "level": null, "opening_hours": "Mo-Sa 05:00-15:30", "designation": null, "operator": "Fresenius Kidney Care", "urgent_care": null, "wheelchair": null, "addr:unit": null, "addr:street:name": null, "addr:street:prefix": null, "addr:street:type": null, "social_facility": null, "source": "OpenStreetMap", "operator:type": "private", "operator:wikidata": "Q650259", "operator:wikipedia": null, "addr:country": null, "name:etymology:wikidata": null, "name:etymology:wikipedia": null, "operator:short": null, "air_conditioning": null, "fax": null, "wikidata": null, "wikipedia": null, "description": null, "drive_through": null, "name:vi": null, "healthcare:for": null, "short_name": null, "check_date:opening_hours": null, "contact:phone": null, "email": null, "opening_hours:signed": null, "alt_name": null, "addr:suite": null, "note:payment": null, "payment:american_express": null, "payment:discover_card": null, "payment:mastercard": null, "payment:visa": null, "start_date": null, "chicago:building_id": null, "access": null, "healthcare:counselling": null, "contact:facebook": null, "building:floor": null, "addr:floor": null, "internet_access": null, "payment:cash": null, "payment:credit_cards": null, "payment:debit_cards": null, "contact:instagram": null, "contact:linkedin": null, "contact:twitter": null, "contact:youtube": null, "reservation:website": null, "appointment:website": null, "contact:blog": null, "contact:website": null, "currency:XBT": null, "payment:lightning": null, "payment:lightning:operator": null, "payment:lightning_contactless": null, "payment:onchain": null, "nodes": null, "beds": null, "emergency": null, "gnis:feature_id": null, "building": null, "building:levels": null, "layer": null, "old_name": null, "university_of_chicago:building_id": null, "university_of_chicago:business_unit_name": null, "roof:levels": null, "ele": null, "abbr_name": null, "ref": null, "toilets:wheelchair": null, "healthcare:speciality:wikidata": null, "healthcare:speciality:wikipedia": null, "name:ko": null, "image": null, "payment:cards": null, "payment:cheque": null, "polling_station": null, "architect": null, "height": null, "opening_date": null, "beauty": null, "shop": null, "smoking": null, "ways": null, "type": null, "category": "Primary Care Center – Private / Non-profit" }, "geometry": { "type": "Point", "coordinates": [ -87.663826, 41.914406 ] } },
{ "type": "Feature", "properties": { "amenity": "clinic", "healthcare": "clinic", "name": "Kaminska Dermatology", "addr:city": "Chicago", "addr:housenumber": "3808", "addr:postcode": "60613", "addr:state": "IL", "addr:street": "North Lincoln Avenue", "check_date": null, "healthcare:speciality": "dermatology", "phone": null, "website": null, "branch": null, "brand": null, "brand:wikidata": null, "disused:amenity": null, "level": null, "opening_hours": null, "designation": null, "operator": null, "urgent_care": null, "wheelchair": null, "addr:unit": null, "addr:street:name": null, "addr:street:prefix": null, "addr:street:type": null, "social_facility": null, "source": "OpenStreetMap", "operator:type": null, "operator:wikidata": null, "operator:wikipedia": null, "addr:country": null, "name:etymology:wikidata": null, "name:etymology:wikipedia": null, "operator:short": null, "air_conditioning": null, "fax": null, "wikidata": null, "wikipedia": null, "description": null, "drive_through": null, "name:vi": null, "healthcare:for": null, "short_name": null, "check_date:opening_hours": null, "contact:phone": null, "email": null, "opening_hours:signed": null, "alt_name": null, "addr:suite": null, "note:payment": null, "payment:american_express": null, "payment:discover_card": null, "payment:mastercard": null, "payment:visa": null, "start_date": null, "chicago:building_id": null, "access": null, "healthcare:counselling": null, "contact:facebook": null, "building:floor": null, "addr:floor": null, "internet_access": null, "payment:cash": null, "payment:credit_cards": null, "payment:debit_cards": null, "contact:instagram": null, "contact:linkedin": null, "contact:twitter": null, "contact:youtube": null, "reservation:website": null, "appointment:website": null, "contact:blog": null, "contact:website": null, "currency:XBT": null, "payment:lightning": null, "payment:lightning:operator": null, "payment:lightning_contactless": null, "payment:onchain": null, "nodes": null, "beds": null, "emergency": null, "gnis:feature_id": null, "building": null, "building:levels": null, "layer": null, "old_name": null, "university_of_chicago:building_id": null, "university_of_chicago:business_unit_name": null, "roof:levels": null, "ele": null, "abbr_name": null, "ref": null, "toilets:wheelchair": null, "healthcare:speciality:wikidata": null, "healthcare:speciality:wikipedia": null, "name:ko": null, "image": null, "payment:cards": null, "payment:cheque": null, "polling_station": null, "architect": null, "height": null, "opening_date": null, "beauty": null, "shop": null, "smoking": null, "ways": null, "type": null, "category": "Primary Care Center – Private / Non-profit" }, "geometry": { "type": "Point", "coordinates": [ -87.6764953, 41.9506643 ] } },
{ "type": "Feature", "properties": { "amenity": "clinic", "healthcare": "birthing_centre", "name": "Birth Center of Chicago", "addr:city": "Chicago", "addr:housenumber": "3832", "addr:postcode": "60613", "addr:state": "IL", "addr:street": "North Lincoln Avenue", "check_date": null, "healthcare:speciality": null, "phone": null, "website": null, "branch": null, "brand": null, "brand:wikidata": null, "disused:amenity": null, "level": null, "opening_hours": "Mo-Th 09:00-17:00", "designation": null, "operator": null, "urgent_care": null, "wheelchair": null, "addr:unit": null, "addr:street:name": null, "addr:street:prefix": null, "addr:street:type": null, "social_facility": null, "source": "OpenStreetMap", "operator:type": null, "operator:wikidata": null, "operator:wikipedia": null, "addr:country": null, "name:etymology:wikidata": null, "name:etymology:wikipedia": null, "operator:short": null, "air_conditioning": null, "fax": null, "wikidata": null, "wikipedia": null, "description": null, "drive_through": null, "name:vi": null, "healthcare:for": null, "short_name": null, "check_date:opening_hours": null, "contact:phone": null, "email": null, "opening_hours:signed": null, "alt_name": null, "addr:suite": null, "note:payment": null, "payment:american_express": null, "payment:discover_card": null, "payment:mastercard": null, "payment:visa": null, "start_date": null, "chicago:building_id": null, "access": null, "healthcare:counselling": null, "contact:facebook": null, "building:floor": null, "addr:floor": null, "internet_access": null, "payment:cash": null, "payment:credit_cards": null, "payment:debit_cards": null, "contact:instagram": null, "contact:linkedin": null, "contact:twitter": null, "contact:youtube": null, "reservation:website": null, "appointment:website": null, "contact:blog": null, "contact:website": null, "currency:XBT": null, "payment:lightning": null, "payment:lightning:operator": null, "payment:lightning_contactless": null, "payment:onchain": null, "nodes": null, "beds": null, "emergency": null, "gnis:feature_id": null, "building": null, "building:levels": null, "layer": null, "old_name": null, "university_of_chicago:building_id": null, "university_of_chicago:business_unit_name": null, "roof:levels": null, "ele": null, "abbr_name": null, "ref": null, "toilets:wheelchair": null, "healthcare:speciality:wikidata": null, "healthcare:speciality:wikipedia": null, "name:ko": null, "image": null, "payment:cards": null, "payment:cheque": null, "polling_station": null, "architect": null, "height": null, "opening_date": null, "beauty": null, "shop": null, "smoking": null, "ways": null, "type": null, "category": "Primary Care Center – Private / Non-profit" }, "geometry": { "type": "Point", "coordinates": [ -87.6769562, 41.9513407 ] } },
{ "type": "Feature", "properties": { "amenity": "clinic", "healthcare": "clinic", "name": "Midwest Express Clinic - West Loop", "addr:city": "Chicago", "addr:housenumber": "779", "addr:postcode": "60661", "addr:state": "IL", "addr:street": "West Adams Street", "check_date": "2024-09-09", "healthcare:speciality": null, "phone": "+1-312-382-8308", "website": "https://midwestexpressclinic.com/locations/west-loop-chicago-il-urgent-care/", "branch": null, "brand": null, "brand:wikidata": null, "disused:amenity": null, "level": null, "opening_hours": "Mo-Fr 08:00-20:00; Sa-Su 08:00-18:00", "designation": null, "operator": "Midwest Express Clinic", "urgent_care": null, "wheelchair": null, "addr:unit": null, "addr:street:name": null, "addr:street:prefix": null, "addr:street:type": null, "social_facility": null, "source": "OpenStreetMap", "operator:type": "business", "operator:wikidata": null, "operator:wikipedia": null, "addr:country": null, "name:etymology:wikidata": null, "name:etymology:wikipedia": null, "operator:short": null, "air_conditioning": null, "fax": null, "wikidata": null, "wikipedia": null, "description": null, "drive_through": null, "name:vi": null, "healthcare:for": null, "short_name": null, "check_date:opening_hours": null, "contact:phone": null, "email": null, "opening_hours:signed": null, "alt_name": null, "addr:suite": null, "note:payment": null, "payment:american_express": null, "payment:discover_card": null, "payment:mastercard": null, "payment:visa": null, "start_date": null, "chicago:building_id": null, "access": null, "healthcare:counselling": null, "contact:facebook": null, "building:floor": null, "addr:floor": null, "internet_access": null, "payment:cash": null, "payment:credit_cards": null, "payment:debit_cards": null, "contact:instagram": null, "contact:linkedin": null, "contact:twitter": null, "contact:youtube": null, "reservation:website": null, "appointment:website": null, "contact:blog": null, "contact:website": null, "currency:XBT": null, "payment:lightning": null, "payment:lightning:operator": null, "payment:lightning_contactless": null, "payment:onchain": null, "nodes": null, "beds": null, "emergency": null, "gnis:feature_id": null, "building": null, "building:levels": null, "layer": null, "old_name": null, "university_of_chicago:building_id": null, "university_of_chicago:business_unit_name": null, "roof:levels": null, "ele": null, "abbr_name": null, "ref": null, "toilets:wheelchair": null, "healthcare:speciality:wikidata": null, "healthcare:speciality:wikipedia": null, "name:ko": null, "image": null, "payment:cards": null, "payment:cheque": null, "polling_station": null, "architect": null, "height": null, "opening_date": null, "beauty": null, "shop": null, "smoking": null, "ways": null, "type": null, "category": "Primary Care Center – Private / Non-profit" }, "geometry": { "type": "Point", "coordinates": [ -87.647092299999983, 41.8791116 ] } },
{ "type": "Feature", "properties": { "amenity": "clinic", "healthcare": "clinic", "name": "Passport Health Downtown Chicago Travel Clinic", "addr:city": "Chicago", "addr:housenumber": "111", "addr:postcode": "60602", "addr:state": "IL", "addr:street": "West Washington Street", "check_date": null, "healthcare:speciality": "travel_clinic;vaccination", "phone": null, "website": null, "branch": null, "brand": null, "brand:wikidata": null, "disused:amenity": null, "level": null, "opening_hours": null, "designation": null, "operator": "Passport Health", "urgent_care": null, "wheelchair": null, "addr:unit": "1440", "addr:street:name": null, "addr:street:prefix": null, "addr:street:type": null, "social_facility": null, "source": "OpenStreetMap", "operator:type": "private", "operator:wikidata": "Q30270336", "operator:wikipedia": null, "addr:country": null, "name:etymology:wikidata": null, "name:etymology:wikipedia": null, "operator:short": null, "air_conditioning": null, "fax": null, "wikidata": null, "wikipedia": null, "description": null, "drive_through": null, "name:vi": null, "healthcare:for": null, "short_name": null, "check_date:opening_hours": null, "contact:phone": null, "email": null, "opening_hours:signed": null, "alt_name": null, "addr:suite": null, "note:payment": null, "payment:american_express": null, "payment:discover_card": null, "payment:mastercard": null, "payment:visa": null, "start_date": null, "chicago:building_id": null, "access": null, "healthcare:counselling": null, "contact:facebook": null, "building:floor": null, "addr:floor": null, "internet_access": null, "payment:cash": null, "payment:credit_cards": null, "payment:debit_cards": null, "contact:instagram": null, "contact:linkedin": null, "contact:twitter": null, "contact:youtube": null, "reservation:website": null, "appointment:website": null, "contact:blog": null, "contact:website": null, "currency:XBT": null, "payment:lightning": null, "payment:lightning:operator": null, "payment:lightning_contactless": null, "payment:onchain": null, "nodes": null, "beds": null, "emergency": null, "gnis:feature_id": null, "building": null, "building:levels": null, "layer": null, "old_name": null, "university_of_chicago:building_id": null, "university_of_chicago:business_unit_name": null, "roof:levels": null, "ele": null, "abbr_name": null, "ref": null, "toilets:wheelchair": null, "healthcare:speciality:wikidata": null, "healthcare:speciality:wikipedia": null, "name:ko": null, "image": null, "payment:cards": null, "payment:cheque": null, "polling_station": null, "architect": null, "height": null, "opening_date": null, "beauty": null, "shop": null, "smoking": null, "ways": null, "type": null, "category": "Primary Care Center – Private / Non-profit" }, "geometry": { "type": "Point", "coordinates": [ -87.631358299999988, 41.88289 ] } },
{ "type": "Feature", "properties": { "amenity": "clinic", "healthcare": "clinic", "name": "Passport Health River North Travel Clinic", "addr:city": "Chicago", "addr:housenumber": "730", "addr:postcode": "60654", "addr:state": "IL", "addr:street": "North Franklin Street", "check_date": null, "healthcare:speciality": "travel_clinic;vaccination", "phone": null, "website": null, "branch": null, "brand": null, "brand:wikidata": null, "disused:amenity": null, "level": null, "opening_hours": null, "designation": null, "operator": "Passport Health", "urgent_care": null, "wheelchair": null, "addr:unit": "602", "addr:street:name": null, "addr:street:prefix": null, "addr:street:type": null, "social_facility": null, "source": "OpenStreetMap", "operator:type": "private", "operator:wikidata": "Q30270336", "operator:wikipedia": null, "addr:country": null, "name:etymology:wikidata": null, "name:etymology:wikipedia": null, "operator:short": null, "air_conditioning": null, "fax": null, "wikidata": null, "wikipedia": null, "description": null, "drive_through": null, "name:vi": null, "healthcare:for": null, "short_name": null, "check_date:opening_hours": null, "contact:phone": null, "email": null, "opening_hours:signed": null, "alt_name": null, "addr:suite": null, "note:payment": null, "payment:american_express": null, "payment:discover_card": null, "payment:mastercard": null, "payment:visa": null, "start_date": null, "chicago:building_id": null, "access": null, "healthcare:counselling": null, "contact:facebook": null, "building:floor": null, "addr:floor": null, "internet_access": null, "payment:cash": null, "payment:credit_cards": null, "payment:debit_cards": null, "contact:instagram": null, "contact:linkedin": null, "contact:twitter": null, "contact:youtube": null, "reservation:website": null, "appointment:website": null, "contact:blog": null, "contact:website": null, "currency:XBT": null, "payment:lightning": null, "payment:lightning:operator": null, "payment:lightning_contactless": null, "payment:onchain": null, "nodes": null, "beds": null, "emergency": null, "gnis:feature_id": null, "building": null, "building:levels": null, "layer": null, "old_name": null, "university_of_chicago:building_id": null, "university_of_chicago:business_unit_name": null, "roof:levels": null, "ele": null, "abbr_name": null, "ref": null, "toilets:wheelchair": null, "healthcare:speciality:wikidata": null, "healthcare:speciality:wikipedia": null, "name:ko": null, "image": null, "payment:cards": null, "payment:cheque": null, "polling_station": null, "architect": null, "height": null, "opening_date": null, "beauty": null, "shop": null, "smoking": null, "ways": null, "type": null, "category": "Primary Care Center – Private / Non-profit" }, "geometry": { "type": "Point", "coordinates": [ -87.635884099999984, 41.8959269 ] } },
{ "type": "Feature", "properties": { "amenity": "clinic", "healthcare": "clinic", "name": "Passport Health Chicago - West Loop Travel Clinic", "addr:city": "Chicago", "addr:housenumber": "171", "addr:postcode": "60607", "addr:state": "IL", "addr:street": "North Aberdeen Street", "check_date": null, "healthcare:speciality": "travel_clinic;vaccination", "phone": null, "website": null, "branch": null, "brand": null, "brand:wikidata": null, "disused:amenity": null, "level": null, "opening_hours": null, "designation": null, "operator": "Passport Health", "urgent_care": null, "wheelchair": null, "addr:unit": "400", "addr:street:name": null, "addr:street:prefix": null, "addr:street:type": null, "social_facility": null, "source": "OpenStreetMap", "operator:type": "private", "operator:wikidata": "Q30270336", "operator:wikipedia": null, "addr:country": null, "name:etymology:wikidata": null, "name:etymology:wikipedia": null, "operator:short": null, "air_conditioning": null, "fax": null, "wikidata": null, "wikipedia": null, "description": null, "drive_through": null, "name:vi": null, "healthcare:for": null, "short_name": null, "check_date:opening_hours": null, "contact:phone": null, "email": null, "opening_hours:signed": null, "alt_name": null, "addr:suite": null, "note:payment": null, "payment:american_express": null, "payment:discover_card": null, "payment:mastercard": null, "payment:visa": null, "start_date": null, "chicago:building_id": null, "access": null, "healthcare:counselling": null, "contact:facebook": null, "building:floor": null, "addr:floor": null, "internet_access": null, "payment:cash": null, "payment:credit_cards": null, "payment:debit_cards": null, "contact:instagram": null, "contact:linkedin": null, "contact:twitter": null, "contact:youtube": null, "reservation:website": null, "appointment:website": null, "contact:blog": null, "contact:website": null, "currency:XBT": null, "payment:lightning": null, "payment:lightning:operator": null, "payment:lightning_contactless": null, "payment:onchain": null, "nodes": null, "beds": null, "emergency": null, "gnis:feature_id": null, "building": null, "building:levels": null, "layer": null, "old_name": null, "university_of_chicago:building_id": null, "university_of_chicago:business_unit_name": null, "roof:levels": null, "ele": null, "abbr_name": null, "ref": null, "toilets:wheelchair": null, "healthcare:speciality:wikidata": null, "healthcare:speciality:wikipedia": null, "name:ko": null, "image": null, "payment:cards": null, "payment:cheque": null, "polling_station": null, "architect": null, "height": null, "opening_date": null, "beauty": null, "shop": null, "smoking": null, "ways": null, "type": null, "category": "Primary Care Center – Private / Non-profit" }, "geometry": { "type": "Point", "coordinates": [ -87.65422479999998, 41.8851269 ] } },
{ "type": "Feature", "properties": { "amenity": "clinic", "healthcare": "clinic", "name": "Passport Health Lakeview Travel Clinic", "addr:city": "Chicago", "addr:housenumber": "3000", "addr:postcode": "60657", "addr:state": "IL", "addr:street": "North Halsted Street", "check_date": null, "healthcare:speciality": "travel_clinic;vaccination", "phone": null, "website": null, "branch": null, "brand": null, "brand:wikidata": null, "disused:amenity": null, "level": null, "opening_hours": null, "designation": null, "operator": "Passport Health", "urgent_care": null, "wheelchair": null, "addr:unit": "503", "addr:street:name": null, "addr:street:prefix": null, "addr:street:type": null, "social_facility": null, "source": "OpenStreetMap", "operator:type": "private", "operator:wikidata": "Q30270336", "operator:wikipedia": null, "addr:country": null, "name:etymology:wikidata": null, "name:etymology:wikipedia": null, "operator:short": null, "air_conditioning": null, "fax": null, "wikidata": null, "wikipedia": null, "description": null, "drive_through": null, "name:vi": null, "healthcare:for": null, "short_name": null, "check_date:opening_hours": null, "contact:phone": null, "email": null, "opening_hours:signed": null, "alt_name": null, "addr:suite": null, "note:payment": null, "payment:american_express": null, "payment:discover_card": null, "payment:mastercard": null, "payment:visa": null, "start_date": null, "chicago:building_id": null, "access": null, "healthcare:counselling": null, "contact:facebook": null, "building:floor": null, "addr:floor": null, "internet_access": null, "payment:cash": null, "payment:credit_cards": null, "payment:debit_cards": null, "contact:instagram": null, "contact:linkedin": null, "contact:twitter": null, "contact:youtube": null, "reservation:website": null, "appointment:website": null, "contact:blog": null, "contact:website": null, "currency:XBT": null, "payment:lightning": null, "payment:lightning:operator": null, "payment:lightning_contactless": null, "payment:onchain": null, "nodes": null, "beds": null, "emergency": null, "gnis:feature_id": null, "building": null, "building:levels": null, "layer": null, "old_name": null, "university_of_chicago:building_id": null, "university_of_chicago:business_unit_name": null, "roof:levels": null, "ele": null, "abbr_name": null, "ref": null, "toilets:wheelchair": null, "healthcare:speciality:wikidata": null, "healthcare:speciality:wikipedia": null, "name:ko": null, "image": null, "payment:cards": null, "payment:cheque": null, "polling_station": null, "architect": null, "height": null, "opening_date": null, "beauty": null, "shop": null, "smoking": null, "ways": null, "type": null, "category": "Primary Care Center – Private / Non-profit" }, "geometry": { "type": "Point", "coordinates": [ -87.649492, 41.9366599 ] } },
{ "type": "Feature", "properties": { "amenity": "clinic", "healthcare": "clinic", "name": "Northwestern Medicine Imediate Care", "addr:city": null, "addr:housenumber": null, "addr:postcode": null, "addr:state": null, "addr:street": null, "check_date": null, "healthcare:speciality": null, "phone": null, "website": null, "branch": null, "brand": "Northwestern Medicine", "brand:wikidata": "Q50036890", "disused:amenity": null, "level": null, "opening_hours": null, "designation": null, "operator": null, "urgent_care": null, "wheelchair": null, "addr:unit": null, "addr:street:name": null, "addr:street:prefix": null, "addr:street:type": null, "social_facility": null, "source": "OpenStreetMap", "operator:type": null, "operator:wikidata": null, "operator:wikipedia": null, "addr:country": null, "name:etymology:wikidata": null, "name:etymology:wikipedia": null, "operator:short": null, "air_conditioning": null, "fax": null, "wikidata": null, "wikipedia": null, "description": null, "drive_through": null, "name:vi": null, "healthcare:for": null, "short_name": null, "check_date:opening_hours": null, "contact:phone": null, "email": null, "opening_hours:signed": null, "alt_name": null, "addr:suite": null, "note:payment": null, "payment:american_express": null, "payment:discover_card": null, "payment:mastercard": null, "payment:visa": null, "start_date": null, "chicago:building_id": null, "access": null, "healthcare:counselling": null, "contact:facebook": null, "building:floor": null, "addr:floor": null, "internet_access": null, "payment:cash": null, "payment:credit_cards": null, "payment:debit_cards": null, "contact:instagram": null, "contact:linkedin": null, "contact:twitter": null, "contact:youtube": null, "reservation:website": null, "appointment:website": null, "contact:blog": null, "contact:website": null, "currency:XBT": null, "payment:lightning": null, "payment:lightning:operator": null, "payment:lightning_contactless": null, "payment:onchain": null, "nodes": null, "beds": null, "emergency": null, "gnis:feature_id": null, "building": null, "building:levels": null, "layer": null, "old_name": null, "university_of_chicago:building_id": null, "university_of_chicago:business_unit_name": null, "roof:levels": null, "ele": null, "abbr_name": null, "ref": null, "toilets:wheelchair": null, "healthcare:speciality:wikidata": null, "healthcare:speciality:wikipedia": null, "name:ko": null, "image": null, "payment:cards": null, "payment:cheque": null, "polling_station": null, "architect": null, "height": null, "opening_date": null, "beauty": null, "shop": null, "smoking": null, "ways": null, "type": null, "category": "Primary Care Center – Private / Non-profit" }, "geometry": { "type": "Point", "coordinates": [ -87.620103899999989, 41.8937558 ] } },
{ "type": "Feature", "properties": { "amenity": "clinic", "healthcare": "dialysis", "name": "DaVita Dialysis", "addr:city": "Chicago", "addr:housenumber": "2484", "addr:postcode": "60647", "addr:state": "IL", "addr:street": "North Elston Avenue", "check_date": null, "healthcare:speciality": "nephrology", "phone": null, "website": null, "branch": "Lincoln Park Dialysis", "brand": "DaVita Dialysis", "brand:wikidata": "Q5207184", "disused:amenity": null, "level": null, "opening_hours": null, "designation": null, "operator": "DaVita Dialysis", "urgent_care": null, "wheelchair": null, "addr:unit": null, "addr:street:name": "Elston", "addr:street:prefix": "North", "addr:street:type": "Avenue", "social_facility": null, "source": "OpenStreetMap", "operator:type": "private", "operator:wikidata": "Q5207184", "operator:wikipedia": "de:DaVita", "addr:country": null, "name:etymology:wikidata": null, "name:etymology:wikipedia": null, "operator:short": null, "air_conditioning": null, "fax": null, "wikidata": null, "wikipedia": null, "description": null, "drive_through": null, "name:vi": null, "healthcare:for": null, "short_name": null, "check_date:opening_hours": null, "contact:phone": null, "email": null, "opening_hours:signed": null, "alt_name": null, "addr:suite": null, "note:payment": null, "payment:american_express": null, "payment:discover_card": null, "payment:mastercard": null, "payment:visa": null, "start_date": null, "chicago:building_id": "885461", "access": null, "healthcare:counselling": null, "contact:facebook": null, "building:floor": null, "addr:floor": null, "internet_access": null, "payment:cash": null, "payment:credit_cards": null, "payment:debit_cards": null, "contact:instagram": null, "contact:linkedin": null, "contact:twitter": null, "contact:youtube": null, "reservation:website": null, "appointment:website": null, "contact:blog": null, "contact:website": null, "currency:XBT": null, "payment:lightning": null, "payment:lightning:operator": null, "payment:lightning_contactless": null, "payment:onchain": null, "nodes": null, "beds": null, "emergency": null, "gnis:feature_id": null, "building": null, "building:levels": null, "layer": null, "old_name": null, "university_of_chicago:building_id": null, "university_of_chicago:business_unit_name": null, "roof:levels": null, "ele": null, "abbr_name": null, "ref": null, "toilets:wheelchair": null, "healthcare:speciality:wikidata": null, "healthcare:speciality:wikipedia": null, "name:ko": null, "image": null, "payment:cards": null, "payment:cheque": null, "polling_station": null, "architect": null, "height": null, "opening_date": null, "beauty": null, "shop": null, "smoking": null, "ways": null, "type": null, "category": "Primary Care Center – Private / Non-profit" }, "geometry": { "type": "Point", "coordinates": [ -87.680360799999988, 41.9261805 ] } },
{ "type": "Feature", "properties": { "amenity": "doctors", "healthcare": "doctor", "name": "Medrina", "addr:city": "Chicago", "addr:housenumber": "401", "addr:postcode": "60611", "addr:state": "IL", "addr:street": "North Michigan Avenue", "check_date": null, "healthcare:speciality": "psychiatry", "phone": "+1 312-635-0973", "website": "https://medrina.com", "branch": null, "brand": null, "brand:wikidata": null, "disused:amenity": null, "level": null, "opening_hours": "Mo - Su 09:00-17:00", "designation": null, "operator": null, "urgent_care": null, "wheelchair": null, "addr:unit": null, "addr:street:name": null, "addr:street:prefix": null, "addr:street:type": null, "social_facility": null, "source": "OpenStreetMap", "operator:type": null, "operator:wikidata": null, "operator:wikipedia": null, "addr:country": null, "name:etymology:wikidata": null, "name:etymology:wikipedia": null, "operator:short": null, "air_conditioning": null, "fax": null, "wikidata": null, "wikipedia": null, "description": null, "drive_through": null, "name:vi": null, "healthcare:for": null, "short_name": null, "check_date:opening_hours": null, "contact:phone": null, "email": null, "opening_hours:signed": null, "alt_name": null, "addr:suite": null, "note:payment": null, "payment:american_express": null, "payment:discover_card": null, "payment:mastercard": null, "payment:visa": null, "start_date": null, "chicago:building_id": null, "access": null, "healthcare:counselling": null, "contact:facebook": null, "building:floor": null, "addr:floor": null, "internet_access": null, "payment:cash": null, "payment:credit_cards": null, "payment:debit_cards": null, "contact:instagram": null, "contact:linkedin": null, "contact:twitter": null, "contact:youtube": null, "reservation:website": null, "appointment:website": null, "contact:blog": null, "contact:website": null, "currency:XBT": null, "payment:lightning": null, "payment:lightning:operator": null, "payment:lightning_contactless": null, "payment:onchain": null, "nodes": null, "beds": null, "emergency": null, "gnis:feature_id": null, "building": null, "building:levels": null, "layer": null, "old_name": null, "university_of_chicago:building_id": null, "university_of_chicago:business_unit_name": null, "roof:levels": null, "ele": null, "abbr_name": null, "ref": null, "toilets:wheelchair": null, "healthcare:speciality:wikidata": null, "healthcare:speciality:wikipedia": null, "name:ko": null, "image": null, "payment:cards": null, "payment:cheque": null, "polling_station": null, "architect": null, "height": null, "opening_date": null, "beauty": null, "shop": null, "smoking": null, "ways": null, "type": null, "category": "Primary Care Center – Private / Non-profit" }, "geometry": { "type": "Point", "coordinates": [ -87.6229919, 41.8896279 ] } },
{ "type": "Feature", "properties": { "amenity": "clinic", "healthcare": "clinic", "name": "Chicago VA Clinic", "addr:city": "Chicago", "addr:housenumber": "1141", "addr:postcode": "60608", "addr:state": "IL", "addr:street": "South California Avenue", "check_date": null, "healthcare:speciality": null, "phone": null, "website": "https://www.va.gov/chicago-health-care/locations/chicago-va-clinic/", "branch": null, "brand": null, "brand:wikidata": null, "disused:amenity": null, "level": null, "opening_hours": null, "designation": null, "operator": "Veterans Health Administration", "urgent_care": null, "wheelchair": null, "addr:unit": null, "addr:street:name": null, "addr:street:prefix": null, "addr:street:type": null, "social_facility": null, "source": "OpenStreetMap", "operator:type": "government", "operator:wikidata": "Q6580225", "operator:wikipedia": null, "addr:country": null, "name:etymology:wikidata": null, "name:etymology:wikipedia": null, "operator:short": "VA", "air_conditioning": null, "fax": null, "wikidata": null, "wikipedia": null, "description": null, "drive_through": null, "name:vi": null, "healthcare:for": "veteran", "short_name": "VA", "check_date:opening_hours": null, "contact:phone": null, "email": null, "opening_hours:signed": null, "alt_name": null, "addr:suite": null, "note:payment": null, "payment:american_express": null, "payment:discover_card": null, "payment:mastercard": null, "payment:visa": null, "start_date": null, "chicago:building_id": null, "access": null, "healthcare:counselling": null, "contact:facebook": null, "building:floor": null, "addr:floor": null, "internet_access": null, "payment:cash": null, "payment:credit_cards": null, "payment:debit_cards": null, "contact:instagram": null, "contact:linkedin": null, "contact:twitter": null, "contact:youtube": null, "reservation:website": null, "appointment:website": null, "contact:blog": null, "contact:website": null, "currency:XBT": null, "payment:lightning": null, "payment:lightning:operator": null, "payment:lightning_contactless": null, "payment:onchain": null, "nodes": null, "beds": null, "emergency": null, "gnis:feature_id": null, "building": null, "building:levels": null, "layer": null, "old_name": null, "university_of_chicago:building_id": null, "university_of_chicago:business_unit_name": null, "roof:levels": null, "ele": null, "abbr_name": null, "ref": null, "toilets:wheelchair": null, "healthcare:speciality:wikidata": null, "healthcare:speciality:wikipedia": null, "name:ko": null, "image": null, "payment:cards": null, "payment:cheque": null, "polling_station": null, "architect": null, "height": null, "opening_date": null, "beauty": null, "shop": null, "smoking": null, "ways": null, "type": null, "category": "Primary Care Center – Private / Non-profit" }, "geometry": { "type": "Point", "coordinates": [ -87.695668, 41.8669596 ] } },
{ "type": "Feature", "properties": { "amenity": "clinic", "healthcare": "counselling", "name": "Planned Parenthood", "addr:city": "Chicago", "addr:housenumber": "5725", "addr:postcode": "60660", "addr:state": "IL", "addr:street": "North Broadway", "check_date": null, "healthcare:speciality": null, "phone": null, "website": "https://www.plannedparenthood.org/health-center/illinois/chicago/60660/rogers-park-health-center-2266-90430", "branch": "Rogers Park", "brand": null, "brand:wikidata": null, "disused:amenity": null, "level": null, "opening_hours": null, "designation": null, "operator": "Planned Parenthood", "urgent_care": null, "wheelchair": null, "addr:unit": null, "addr:street:name": null, "addr:street:prefix": null, "addr:street:type": null, "social_facility": null, "source": "OpenStreetMap", "operator:type": "ngo", "operator:wikidata": "Q2553262", "operator:wikipedia": null, "addr:country": null, "name:etymology:wikidata": null, "name:etymology:wikipedia": null, "operator:short": null, "air_conditioning": null, "fax": null, "wikidata": null, "wikipedia": null, "description": null, "drive_through": null, "name:vi": null, "healthcare:for": null, "short_name": null, "check_date:opening_hours": null, "contact:phone": null, "email": null, "opening_hours:signed": null, "alt_name": null, "addr:suite": null, "note:payment": null, "payment:american_express": null, "payment:discover_card": null, "payment:mastercard": null, "payment:visa": null, "start_date": null, "chicago:building_id": null, "access": null, "healthcare:counselling": "antenatal;sexual", "contact:facebook": null, "building:floor": null, "addr:floor": null, "internet_access": null, "payment:cash": null, "payment:credit_cards": null, "payment:debit_cards": null, "contact:instagram": null, "contact:linkedin": null, "contact:twitter": null, "contact:youtube": null, "reservation:website": null, "appointment:website": null, "contact:blog": null, "contact:website": null, "currency:XBT": null, "payment:lightning": null, "payment:lightning:operator": null, "payment:lightning_contactless": null, "payment:onchain": null, "nodes": null, "beds": null, "emergency": null, "gnis:feature_id": null, "building": null, "building:levels": null, "layer": null, "old_name": null, "university_of_chicago:building_id": null, "university_of_chicago:business_unit_name": null, "roof:levels": null, "ele": null, "abbr_name": null, "ref": null, "toilets:wheelchair": null, "healthcare:speciality:wikidata": null, "healthcare:speciality:wikipedia": null, "name:ko": null, "image": null, "payment:cards": null, "payment:cheque": null, "polling_station": null, "architect": null, "height": null, "opening_date": null, "beauty": null, "shop": null, "smoking": null, "ways": null, "type": null, "category": "Primary Care Center – Private / Non-profit" }, "geometry": { "type": "Point", "coordinates": [ -87.659667099999979, 41.9862686 ] } },
{ "type": "Feature", "properties": { "amenity": "doctors", "healthcare": "doctor", "name": "Kraff Eye Institute", "addr:city": "Chicago", "addr:housenumber": "25", "addr:postcode": "60602", "addr:state": "IL", "addr:street": "East Washington Street", "check_date": null, "healthcare:speciality": "ophthalmology", "phone": "+1 312-444-1111", "website": "https://kraffeye.com", "branch": null, "brand": null, "brand:wikidata": null, "disused:amenity": null, "level": null, "opening_hours": "Mo-Fr 08:00-16:30", "designation": null, "operator": null, "urgent_care": null, "wheelchair": null, "addr:unit": "606", "addr:street:name": null, "addr:street:prefix": null, "addr:street:type": null, "social_facility": null, "source": "OpenStreetMap", "operator:type": null, "operator:wikidata": null, "operator:wikipedia": null, "addr:country": null, "name:etymology:wikidata": null, "name:etymology:wikipedia": null, "operator:short": null, "air_conditioning": null, "fax": null, "wikidata": null, "wikipedia": null, "description": null, "drive_through": null, "name:vi": null, "healthcare:for": null, "short_name": null, "check_date:opening_hours": null, "contact:phone": null, "email": "info@kraffeye.com", "opening_hours:signed": null, "alt_name": null, "addr:suite": null, "note:payment": null, "payment:american_express": null, "payment:discover_card": null, "payment:mastercard": null, "payment:visa": null, "start_date": null, "chicago:building_id": null, "access": null, "healthcare:counselling": null, "contact:facebook": "https://www.facebook.com/kraffeye", "building:floor": null, "addr:floor": null, "internet_access": null, "payment:cash": null, "payment:credit_cards": null, "payment:debit_cards": null, "contact:instagram": null, "contact:linkedin": null, "contact:twitter": null, "contact:youtube": null, "reservation:website": null, "appointment:website": null, "contact:blog": null, "contact:website": null, "currency:XBT": null, "payment:lightning": null, "payment:lightning:operator": null, "payment:lightning_contactless": null, "payment:onchain": null, "nodes": null, "beds": null, "emergency": null, "gnis:feature_id": null, "building": null, "building:levels": null, "layer": null, "old_name": null, "university_of_chicago:building_id": null, "university_of_chicago:business_unit_name": null, "roof:levels": null, "ele": null, "abbr_name": null, "ref": null, "toilets:wheelchair": null, "healthcare:speciality:wikidata": null, "healthcare:speciality:wikipedia": null, "name:ko": null, "image": null, "payment:cards": null, "payment:cheque": null, "polling_station": null, "architect": null, "height": null, "opening_date": null, "beauty": null, "shop": null, "smoking": null, "ways": null, "type": null, "category": "Primary Care Center – Private / Non-profit" }, "geometry": { "type": "Point", "coordinates": [ -87.626816, 41.8829316 ] } },
{ "type": "Feature", "properties": { "amenity": "doctors", "healthcare": "doctor", "name": "Innovative Primary Care", "addr:city": null, "addr:housenumber": null, "addr:postcode": null, "addr:state": null, "addr:street": null, "check_date": "2024-10-04", "healthcare:speciality": "general", "phone": null, "website": null, "branch": "Logan Square", "brand": null, "brand:wikidata": null, "disused:amenity": null, "level": null, "opening_hours": null, "designation": null, "operator": null, "urgent_care": null, "wheelchair": null, "addr:unit": null, "addr:street:name": null, "addr:street:prefix": null, "addr:street:type": null, "social_facility": null, "source": "OpenStreetMap", "operator:type": null, "operator:wikidata": null, "operator:wikipedia": null, "addr:country": null, "name:etymology:wikidata": null, "name:etymology:wikipedia": null, "operator:short": null, "air_conditioning": null, "fax": null, "wikidata": null, "wikipedia": null, "description": null, "drive_through": null, "name:vi": null, "healthcare:for": null, "short_name": null, "check_date:opening_hours": null, "contact:phone": null, "email": null, "opening_hours:signed": null, "alt_name": null, "addr:suite": null, "note:payment": null, "payment:american_express": null, "payment:discover_card": null, "payment:mastercard": null, "payment:visa": null, "start_date": null, "chicago:building_id": null, "access": null, "healthcare:counselling": null, "contact:facebook": null, "building:floor": null, "addr:floor": null, "internet_access": null, "payment:cash": null, "payment:credit_cards": null, "payment:debit_cards": null, "contact:instagram": null, "contact:linkedin": null, "contact:twitter": null, "contact:youtube": null, "reservation:website": null, "appointment:website": null, "contact:blog": null, "contact:website": null, "currency:XBT": null, "payment:lightning": null, "payment:lightning:operator": null, "payment:lightning_contactless": null, "payment:onchain": null, "nodes": null, "beds": null, "emergency": null, "gnis:feature_id": null, "building": null, "building:levels": null, "layer": null, "old_name": null, "university_of_chicago:building_id": null, "university_of_chicago:business_unit_name": null, "roof:levels": null, "ele": null, "abbr_name": null, "ref": null, "toilets:wheelchair": null, "healthcare:speciality:wikidata": null, "healthcare:speciality:wikipedia": null, "name:ko": null, "image": null, "payment:cards": null, "payment:cheque": null, "polling_station": null, "architect": null, "height": null, "opening_date": null, "beauty": null, "shop": null, "smoking": null, "ways": null, "type": null, "category": "Primary Care Center – Private / Non-profit" }, "geometry": { "type": "Point", "coordinates": [ -87.6972535, 41.9246034 ] } },
{ "type": "Feature", "properties": { "amenity": "clinic", "healthcare": "dialysis", "name": "DaVita Dialysis", "addr:city": "Chicago", "addr:housenumber": "7319", "addr:postcode": "60619", "addr:state": "IL", "addr:street": "South Cottage Grove Avenue", "check_date": null, "healthcare:speciality": "nephrology", "phone": null, "website": "https://www.davita.com/locations/il/chicago/7319-s-cottage-grove-ave--4361", "branch": "Grand Crossing", "brand": null, "brand:wikidata": null, "disused:amenity": null, "level": null, "opening_hours": null, "designation": null, "operator": "DaVita Dialysis", "urgent_care": null, "wheelchair": null, "addr:unit": null, "addr:street:name": null, "addr:street:prefix": null, "addr:street:type": null, "social_facility": null, "source": "OpenStreetMap", "operator:type": "private", "operator:wikidata": "Q5207184", "operator:wikipedia": null, "addr:country": null, "name:etymology:wikidata": null, "name:etymology:wikipedia": null, "operator:short": null, "air_conditioning": null, "fax": null, "wikidata": null, "wikipedia": null, "description": null, "drive_through": null, "name:vi": null, "healthcare:for": null, "short_name": null, "check_date:opening_hours": null, "contact:phone": null, "email": null, "opening_hours:signed": null, "alt_name": null, "addr:suite": null, "note:payment": null, "payment:american_express": null, "payment:discover_card": null, "payment:mastercard": null, "payment:visa": null, "start_date": null, "chicago:building_id": null, "access": null, "healthcare:counselling": null, "contact:facebook": null, "building:floor": null, "addr:floor": null, "internet_access": null, "payment:cash": null, "payment:credit_cards": null, "payment:debit_cards": null, "contact:instagram": null, "contact:linkedin": null, "contact:twitter": null, "contact:youtube": null, "reservation:website": null, "appointment:website": null, "contact:blog": null, "contact:website": null, "currency:XBT": null, "payment:lightning": null, "payment:lightning:operator": null, "payment:lightning_contactless": null, "payment:onchain": null, "nodes": null, "beds": null, "emergency": null, "gnis:feature_id": null, "building": null, "building:levels": null, "layer": null, "old_name": null, "university_of_chicago:building_id": null, "university_of_chicago:business_unit_name": null, "roof:levels": null, "ele": null, "abbr_name": null, "ref": null, "toilets:wheelchair": null, "healthcare:speciality:wikidata": null, "healthcare:speciality:wikipedia": null, "name:ko": null, "image": null, "payment:cards": null, "payment:cheque": null, "polling_station": null, "architect": null, "height": null, "opening_date": null, "beauty": null, "shop": null, "smoking": null, "ways": null, "type": null, "category": "Primary Care Center – Private / Non-profit" }, "geometry": { "type": "Point", "coordinates": [ -87.6051811, 41.7615558 ] } },
{ "type": "Feature", "properties": { "amenity": "clinic", "healthcare": "dialysis", "name": "DaVita Dialysis", "addr:city": "Chicago", "addr:housenumber": "4259", "addr:postcode": "60653", "addr:state": "IL", "addr:street": "South Cottage Grove Avenue", "check_date": null, "healthcare:speciality": "nephrology", "phone": null, "website": "https://www.davita.com/locations/il/chicago/4259-s-cottage-grove-ave--5933", "branch": "Kenwood", "brand": null, "brand:wikidata": null, "disused:amenity": null, "level": null, "opening_hours": null, "designation": null, "operator": "DaVita Dialysis", "urgent_care": null, "wheelchair": null, "addr:unit": "200", "addr:street:name": null, "addr:street:prefix": null, "addr:street:type": null, "social_facility": null, "source": "OpenStreetMap", "operator:type": "private", "operator:wikidata": "Q5207184", "operator:wikipedia": null, "addr:country": null, "name:etymology:wikidata": null, "name:etymology:wikipedia": null, "operator:short": null, "air_conditioning": null, "fax": null, "wikidata": null, "wikipedia": null, "description": null, "drive_through": null, "name:vi": null, "healthcare:for": null, "short_name": null, "check_date:opening_hours": null, "contact:phone": null, "email": null, "opening_hours:signed": null, "alt_name": null, "addr:suite": null, "note:payment": null, "payment:american_express": null, "payment:discover_card": null, "payment:mastercard": null, "payment:visa": null, "start_date": null, "chicago:building_id": null, "access": null, "healthcare:counselling": null, "contact:facebook": null, "building:floor": null, "addr:floor": null, "internet_access": null, "payment:cash": null, "payment:credit_cards": null, "payment:debit_cards": null, "contact:instagram": null, "contact:linkedin": null, "contact:twitter": null, "contact:youtube": null, "reservation:website": null, "appointment:website": null, "contact:blog": null, "contact:website": null, "currency:XBT": null, "payment:lightning": null, "payment:lightning:operator": null, "payment:lightning_contactless": null, "payment:onchain": null, "nodes": null, "beds": null, "emergency": null, "gnis:feature_id": null, "building": null, "building:levels": null, "layer": null, "old_name": null, "university_of_chicago:building_id": null, "university_of_chicago:business_unit_name": null, "roof:levels": null, "ele": null, "abbr_name": null, "ref": null, "toilets:wheelchair": null, "healthcare:speciality:wikidata": null, "healthcare:speciality:wikipedia": null, "name:ko": null, "image": null, "payment:cards": null, "payment:cheque": null, "polling_station": null, "architect": null, "height": null, "opening_date": null, "beauty": null, "shop": null, "smoking": null, "ways": null, "type": null, "category": "Primary Care Center – Private / Non-profit" }, "geometry": { "type": "Point", "coordinates": [ -87.6065105, 41.8173151 ] } },
{ "type": "Feature", "properties": { "amenity": "clinic", "healthcare": "clinic", "name": "Kindbody (formerly Vios)", "addr:city": "Chicago", "addr:housenumber": "1455", "addr:postcode": "60622", "addr:state": "IL", "addr:street": "North Milwaukee Avenue", "check_date": null, "healthcare:speciality": "fertility", "phone": null, "website": null, "branch": null, "brand": null, "brand:wikidata": null, "disused:amenity": null, "level": null, "opening_hours": null, "designation": null, "operator": null, "urgent_care": null, "wheelchair": null, "addr:unit": "2", "addr:street:name": null, "addr:street:prefix": null, "addr:street:type": null, "social_facility": null, "source": "OpenStreetMap", "operator:type": null, "operator:wikidata": null, "operator:wikipedia": null, "addr:country": null, "name:etymology:wikidata": null, "name:etymology:wikipedia": null, "operator:short": null, "air_conditioning": null, "fax": null, "wikidata": null, "wikipedia": null, "description": null, "drive_through": null, "name:vi": null, "healthcare:for": null, "short_name": null, "check_date:opening_hours": null, "contact:phone": null, "email": null, "opening_hours:signed": null, "alt_name": null, "addr:suite": null, "note:payment": null, "payment:american_express": null, "payment:discover_card": null, "payment:mastercard": null, "payment:visa": null, "start_date": null, "chicago:building_id": null, "access": null, "healthcare:counselling": null, "contact:facebook": null, "building:floor": "2", "addr:floor": null, "internet_access": null, "payment:cash": null, "payment:credit_cards": null, "payment:debit_cards": null, "contact:instagram": null, "contact:linkedin": null, "contact:twitter": null, "contact:youtube": null, "reservation:website": null, "appointment:website": null, "contact:blog": null, "contact:website": null, "currency:XBT": null, "payment:lightning": null, "payment:lightning:operator": null, "payment:lightning_contactless": null, "payment:onchain": null, "nodes": null, "beds": null, "emergency": null, "gnis:feature_id": null, "building": null, "building:levels": null, "layer": null, "old_name": null, "university_of_chicago:building_id": null, "university_of_chicago:business_unit_name": null, "roof:levels": null, "ele": null, "abbr_name": null, "ref": null, "toilets:wheelchair": null, "healthcare:speciality:wikidata": null, "healthcare:speciality:wikipedia": null, "name:ko": null, "image": null, "payment:cards": null, "payment:cheque": null, "polling_station": null, "architect": null, "height": null, "opening_date": null, "beauty": null, "shop": null, "smoking": null, "ways": null, "type": null, "category": "Primary Care Center – Private / Non-profit" }, "geometry": { "type": "Point", "coordinates": [ -87.6740651, 41.9083703 ] } },
{ "type": "Feature", "properties": { "amenity": "clinic", "healthcare": "clinic", "name": "RUSH", "addr:city": "Chicago", "addr:housenumber": "839", "addr:postcode": "60607", "addr:state": "IL", "addr:street": "West Madison Street", "check_date": "2024-12-15", "healthcare:speciality": null, "phone": null, "website": null, "branch": "West Loop", "brand": null, "brand:wikidata": null, "disused:amenity": null, "level": null, "opening_hours": null, "designation": null, "operator": null, "urgent_care": null, "wheelchair": null, "addr:unit": null, "addr:street:name": null, "addr:street:prefix": null, "addr:street:type": null, "social_facility": null, "source": "OpenStreetMap", "operator:type": null, "operator:wikidata": null, "operator:wikipedia": null, "addr:country": null, "name:etymology:wikidata": null, "name:etymology:wikipedia": null, "operator:short": null, "air_conditioning": null, "fax": null, "wikidata": null, "wikipedia": null, "description": null, "drive_through": null, "name:vi": null, "healthcare:for": null, "short_name": null, "check_date:opening_hours": null, "contact:phone": null, "email": null, "opening_hours:signed": null, "alt_name": null, "addr:suite": null, "note:payment": null, "payment:american_express": null, "payment:discover_card": null, "payment:mastercard": null, "payment:visa": null, "start_date": null, "chicago:building_id": null, "access": null, "healthcare:counselling": null, "contact:facebook": null, "building:floor": null, "addr:floor": null, "internet_access": null, "payment:cash": null, "payment:credit_cards": null, "payment:debit_cards": null, "contact:instagram": null, "contact:linkedin": null, "contact:twitter": null, "contact:youtube": null, "reservation:website": null, "appointment:website": null, "contact:blog": null, "contact:website": null, "currency:XBT": null, "payment:lightning": null, "payment:lightning:operator": null, "payment:lightning_contactless": null, "payment:onchain": null, "nodes": null, "beds": null, "emergency": null, "gnis:feature_id": null, "building": null, "building:levels": null, "layer": null, "old_name": null, "university_of_chicago:building_id": null, "university_of_chicago:business_unit_name": null, "roof:levels": null, "ele": null, "abbr_name": null, "ref": null, "toilets:wheelchair": null, "healthcare:speciality:wikidata": null, "healthcare:speciality:wikipedia": null, "name:ko": null, "image": null, "payment:cards": null, "payment:cheque": null, "polling_station": null, "architect": null, "height": null, "opening_date": null, "beauty": null, "shop": null, "smoking": null, "ways": null, "type": null, "category": "Primary Care Center – Private / Non-profit" }, "geometry": { "type": "Point", "coordinates": [ -87.648764299999982, 41.8815534 ] } },
{ "type": "Feature", "properties": { "amenity": "doctors", "healthcare": "doctor", "name": "South Loop Physicians Group Internal Medicine", "addr:city": "Chicago", "addr:housenumber": "2600", "addr:postcode": "60616", "addr:state": "IL", "addr:street": "South Michigan Avenue", "check_date": null, "healthcare:speciality": null, "phone": null, "website": null, "branch": null, "brand": null, "brand:wikidata": null, "disused:amenity": null, "level": null, "opening_hours": null, "designation": null, "operator": "University of Illinois Hospital & Health Sciences System", "urgent_care": null, "wheelchair": null, "addr:unit": null, "addr:street:name": null, "addr:street:prefix": null, "addr:street:type": null, "social_facility": null, "source": "OpenStreetMap", "operator:type": null, "operator:wikidata": null, "operator:wikipedia": null, "addr:country": null, "name:etymology:wikidata": null, "name:etymology:wikipedia": null, "operator:short": null, "air_conditioning": null, "fax": null, "wikidata": null, "wikipedia": null, "description": null, "drive_through": null, "name:vi": null, "healthcare:for": null, "short_name": null, "check_date:opening_hours": null, "contact:phone": null, "email": null, "opening_hours:signed": null, "alt_name": null, "addr:suite": null, "note:payment": null, "payment:american_express": null, "payment:discover_card": null, "payment:mastercard": null, "payment:visa": null, "start_date": null, "chicago:building_id": null, "access": null, "healthcare:counselling": null, "contact:facebook": null, "building:floor": null, "addr:floor": null, "internet_access": null, "payment:cash": null, "payment:credit_cards": null, "payment:debit_cards": null, "contact:instagram": null, "contact:linkedin": null, "contact:twitter": null, "contact:youtube": null, "reservation:website": null, "appointment:website": null, "contact:blog": null, "contact:website": null, "currency:XBT": null, "payment:lightning": null, "payment:lightning:operator": null, "payment:lightning_contactless": null, "payment:onchain": null, "nodes": null, "beds": null, "emergency": null, "gnis:feature_id": null, "building": null, "building:levels": null, "layer": null, "old_name": null, "university_of_chicago:building_id": null, "university_of_chicago:business_unit_name": null, "roof:levels": null, "ele": null, "abbr_name": null, "ref": null, "toilets:wheelchair": null, "healthcare:speciality:wikidata": null, "healthcare:speciality:wikipedia": null, "name:ko": null, "image": null, "payment:cards": null, "payment:cheque": null, "polling_station": null, "architect": null, "height": null, "opening_date": null, "beauty": null, "shop": null, "smoking": null, "ways": null, "type": null, "category": "Primary Care Center – Public (FQHC / CHC)" }, "geometry": { "type": "Point", "coordinates": [ -87.624167, 41.8454094 ] } },
{ "type": "Feature", "properties": { "amenity": "clinic", "healthcare": "clinic", "name": "Physicians Immediate Care", "addr:city": "Chicago", "addr:housenumber": "600", "addr:postcode": "60661", "addr:state": "IL", "addr:street": "West Adams Street", "check_date": "2025-12-07", "healthcare:speciality": null, "phone": null, "website": null, "branch": null, "brand": null, "brand:wikidata": null, "disused:amenity": null, "level": "0", "opening_hours": null, "designation": null, "operator": null, "urgent_care": null, "wheelchair": "yes", "addr:unit": null, "addr:street:name": null, "addr:street:prefix": null, "addr:street:type": null, "social_facility": null, "source": "OpenStreetMap", "operator:type": null, "operator:wikidata": null, "operator:wikipedia": null, "addr:country": null, "name:etymology:wikidata": null, "name:etymology:wikipedia": null, "operator:short": null, "air_conditioning": null, "fax": null, "wikidata": null, "wikipedia": null, "description": null, "drive_through": null, "name:vi": null, "healthcare:for": null, "short_name": null, "check_date:opening_hours": null, "contact:phone": null, "email": null, "opening_hours:signed": null, "alt_name": null, "addr:suite": null, "note:payment": null, "payment:american_express": null, "payment:discover_card": null, "payment:mastercard": null, "payment:visa": null, "start_date": null, "chicago:building_id": null, "access": null, "healthcare:counselling": null, "contact:facebook": null, "building:floor": null, "addr:floor": "1", "internet_access": "no", "payment:cash": "yes", "payment:credit_cards": "yes", "payment:debit_cards": "yes", "contact:instagram": null, "contact:linkedin": null, "contact:twitter": null, "contact:youtube": null, "reservation:website": null, "appointment:website": null, "contact:blog": null, "contact:website": null, "currency:XBT": null, "payment:lightning": null, "payment:lightning:operator": null, "payment:lightning_contactless": null, "payment:onchain": null, "nodes": null, "beds": null, "emergency": null, "gnis:feature_id": null, "building": null, "building:levels": null, "layer": null, "old_name": null, "university_of_chicago:building_id": null, "university_of_chicago:business_unit_name": null, "roof:levels": null, "ele": null, "abbr_name": null, "ref": null, "toilets:wheelchair": null, "healthcare:speciality:wikidata": null, "healthcare:speciality:wikipedia": null, "name:ko": null, "image": null, "payment:cards": null, "payment:cheque": null, "polling_station": null, "architect": null, "height": null, "opening_date": null, "beauty": null, "shop": null, "smoking": null, "ways": null, "type": null, "category": "Primary Care Center – Private / Non-profit" }, "geometry": { "type": "Point", "coordinates": [ -87.6428421, 41.8794147 ] } },
{ "type": "Feature", "properties": { "amenity": "doctors", "healthcare": "doctor", "name": "Innovative Primary Care", "addr:city": null, "addr:housenumber": null, "addr:postcode": null, "addr:state": null, "addr:street": null, "check_date": null, "healthcare:speciality": "general", "phone": null, "website": null, "branch": null, "brand": null, "brand:wikidata": null, "disused:amenity": null, "level": null, "opening_hours": null, "designation": null, "operator": null, "urgent_care": null, "wheelchair": null, "addr:unit": null, "addr:street:name": null, "addr:street:prefix": null, "addr:street:type": null, "social_facility": null, "source": "OpenStreetMap", "operator:type": null, "operator:wikidata": null, "operator:wikipedia": null, "addr:country": null, "name:etymology:wikidata": null, "name:etymology:wikipedia": null, "operator:short": null, "air_conditioning": null, "fax": null, "wikidata": null, "wikipedia": null, "description": null, "drive_through": null, "name:vi": null, "healthcare:for": null, "short_name": null, "check_date:opening_hours": null, "contact:phone": null, "email": null, "opening_hours:signed": null, "alt_name": null, "addr:suite": null, "note:payment": null, "payment:american_express": null, "payment:discover_card": null, "payment:mastercard": null, "payment:visa": null, "start_date": null, "chicago:building_id": null, "access": null, "healthcare:counselling": null, "contact:facebook": null, "building:floor": null, "addr:floor": null, "internet_access": null, "payment:cash": null, "payment:credit_cards": null, "payment:debit_cards": null, "contact:instagram": null, "contact:linkedin": null, "contact:twitter": null, "contact:youtube": null, "reservation:website": null, "appointment:website": null, "contact:blog": null, "contact:website": null, "currency:XBT": null, "payment:lightning": null, "payment:lightning:operator": null, "payment:lightning_contactless": null, "payment:onchain": null, "nodes": null, "beds": null, "emergency": null, "gnis:feature_id": null, "building": null, "building:levels": null, "layer": null, "old_name": null, "university_of_chicago:building_id": null, "university_of_chicago:business_unit_name": null, "roof:levels": null, "ele": null, "abbr_name": null, "ref": null, "toilets:wheelchair": null, "healthcare:speciality:wikidata": null, "healthcare:speciality:wikipedia": null, "name:ko": null, "image": null, "payment:cards": null, "payment:cheque": null, "polling_station": null, "architect": null, "height": null, "opening_date": null, "beauty": null, "shop": null, "smoking": null, "ways": null, "type": null, "category": "Primary Care Center – Private / Non-profit" }, "geometry": { "type": "Point", "coordinates": [ -87.6677908, 41.9045471 ] } },
{ "type": "Feature", "properties": { "amenity": "clinic", "healthcare": "clinic", "name": "Louise Landau Health Center", "addr:city": "Chicago", "addr:housenumber": "800", "addr:postcode": "60651", "addr:state": "IL", "addr:street": "North Kedzie Avenue", "check_date": null, "healthcare:speciality": null, "phone": null, "website": null, "branch": null, "brand": null, "brand:wikidata": null, "disused:amenity": null, "level": null, "opening_hours": "Mo-Fr 08:00-17:00", "designation": null, "operator": "Near North Health", "urgent_care": null, "wheelchair": "yes", "addr:unit": null, "addr:street:name": null, "addr:street:prefix": null, "addr:street:type": null, "social_facility": null, "source": "OpenStreetMap", "operator:type": null, "operator:wikidata": null, "operator:wikipedia": null, "addr:country": null, "name:etymology:wikidata": null, "name:etymology:wikipedia": null, "operator:short": null, "air_conditioning": null, "fax": null, "wikidata": null, "wikipedia": null, "description": null, "drive_through": null, "name:vi": null, "healthcare:for": null, "short_name": null, "check_date:opening_hours": null, "contact:phone": null, "email": null, "opening_hours:signed": null, "alt_name": null, "addr:suite": null, "note:payment": null, "payment:american_express": null, "payment:discover_card": null, "payment:mastercard": null, "payment:visa": null, "start_date": null, "chicago:building_id": null, "access": null, "healthcare:counselling": null, "contact:facebook": null, "building:floor": null, "addr:floor": null, "internet_access": null, "payment:cash": null, "payment:credit_cards": null, "payment:debit_cards": null, "contact:instagram": null, "contact:linkedin": null, "contact:twitter": null, "contact:youtube": null, "reservation:website": null, "appointment:website": null, "contact:blog": null, "contact:website": null, "currency:XBT": null, "payment:lightning": null, "payment:lightning:operator": null, "payment:lightning_contactless": null, "payment:onchain": null, "nodes": null, "beds": null, "emergency": null, "gnis:feature_id": null, "building": null, "building:levels": null, "layer": null, "old_name": null, "university_of_chicago:building_id": null, "university_of_chicago:business_unit_name": null, "roof:levels": null, "ele": null, "abbr_name": null, "ref": null, "toilets:wheelchair": null, "healthcare:speciality:wikidata": null, "healthcare:speciality:wikipedia": null, "name:ko": null, "image": null, "payment:cards": null, "payment:cheque": null, "polling_station": null, "architect": null, "height": null, "opening_date": null, "beauty": null, "shop": null, "smoking": null, "ways": null, "type": null, "category": "Primary Care Center – Private / Non-profit" }, "geometry": { "type": "Point", "coordinates": [ -87.7083429, 41.8958556 ] } },
{ "type": "Feature", "properties": { "amenity": "clinic", "healthcare": "clinic", "name": "Passport Health Evergreen Park Travel Clinic", "addr:city": "Chicago", "addr:housenumber": "9415", "addr:postcode": "60643", "addr:state": "IL", "addr:street": "South Western Avenue", "check_date": null, "healthcare:speciality": "travel_clinic;vaccination", "phone": null, "website": null, "branch": null, "brand": null, "brand:wikidata": null, "disused:amenity": null, "level": null, "opening_hours": null, "designation": null, "operator": "Passport Health", "urgent_care": null, "wheelchair": null, "addr:unit": "112", "addr:street:name": null, "addr:street:prefix": null, "addr:street:type": null, "social_facility": null, "source": "OpenStreetMap", "operator:type": "private", "operator:wikidata": "Q30270336", "operator:wikipedia": null, "addr:country": null, "name:etymology:wikidata": null, "name:etymology:wikipedia": null, "operator:short": null, "air_conditioning": null, "fax": null, "wikidata": null, "wikipedia": null, "description": null, "drive_through": null, "name:vi": null, "healthcare:for": null, "short_name": null, "check_date:opening_hours": null, "contact:phone": null, "email": null, "opening_hours:signed": null, "alt_name": null, "addr:suite": null, "note:payment": null, "payment:american_express": null, "payment:discover_card": null, "payment:mastercard": null, "payment:visa": null, "start_date": null, "chicago:building_id": null, "access": null, "healthcare:counselling": null, "contact:facebook": null, "building:floor": null, "addr:floor": null, "internet_access": null, "payment:cash": null, "payment:credit_cards": null, "payment:debit_cards": null, "contact:instagram": null, "contact:linkedin": null, "contact:twitter": null, "contact:youtube": null, "reservation:website": null, "appointment:website": null, "contact:blog": null, "contact:website": null, "currency:XBT": null, "payment:lightning": null, "payment:lightning:operator": null, "payment:lightning_contactless": null, "payment:onchain": null, "nodes": null, "beds": null, "emergency": null, "gnis:feature_id": null, "building": null, "building:levels": null, "layer": null, "old_name": null, "university_of_chicago:building_id": null, "university_of_chicago:business_unit_name": null, "roof:levels": null, "ele": null, "abbr_name": null, "ref": null, "toilets:wheelchair": null, "healthcare:speciality:wikidata": null, "healthcare:speciality:wikipedia": null, "name:ko": null, "image": null, "payment:cards": null, "payment:cheque": null, "polling_station": null, "architect": null, "height": null, "opening_date": null, "beauty": null, "shop": null, "smoking": null, "ways": null, "type": null, "category": "Primary Care Center – Private / Non-profit" }, "geometry": { "type": "Point", "coordinates": [ -87.681753499999985, 41.7225346 ] } },
{ "type": "Feature", "properties": { "amenity": "clinic", "healthcare": "clinic", "name": "Advocate Illinois Masonic Emergency Services", "addr:city": null, "addr:housenumber": "836", "addr:postcode": null, "addr:state": null, "addr:street": "West Wellington Avenue", "check_date": "2025-12-08", "healthcare:speciality": "emergency", "phone": "+1-773-296-7078", "website": "https://www.advocatehealth.com/locations/advocate-illinois-masonic-emergency-services-chicago", "branch": null, "brand": null, "brand:wikidata": null, "disused:amenity": null, "level": null, "opening_hours": null, "designation": null, "operator": "Advocate Illinois Masonic Hospital", "urgent_care": null, "wheelchair": "yes", "addr:unit": null, "addr:street:name": null, "addr:street:prefix": null, "addr:street:type": null, "social_facility": null, "source": "OpenStreetMap", "operator:type": "private", "operator:wikidata": null, "operator:wikipedia": null, "addr:country": null, "name:etymology:wikidata": null, "name:etymology:wikipedia": null, "operator:short": null, "air_conditioning": null, "fax": null, "wikidata": null, "wikipedia": null, "description": null, "drive_through": null, "name:vi": null, "healthcare:for": null, "short_name": null, "check_date:opening_hours": null, "contact:phone": null, "email": null, "opening_hours:signed": null, "alt_name": null, "addr:suite": null, "note:payment": null, "payment:american_express": null, "payment:discover_card": null, "payment:mastercard": null, "payment:visa": null, "start_date": null, "chicago:building_id": null, "access": null, "healthcare:counselling": null, "contact:facebook": null, "building:floor": null, "addr:floor": null, "internet_access": null, "payment:cash": null, "payment:credit_cards": null, "payment:debit_cards": null, "contact:instagram": null, "contact:linkedin": null, "contact:twitter": null, "contact:youtube": null, "reservation:website": null, "appointment:website": null, "contact:blog": null, "contact:website": null, "currency:XBT": null, "payment:lightning": null, "payment:lightning:operator": null, "payment:lightning_contactless": null, "payment:onchain": null, "nodes": null, "beds": null, "emergency": null, "gnis:feature_id": null, "building": null, "building:levels": null, "layer": null, "old_name": null, "university_of_chicago:building_id": null, "university_of_chicago:business_unit_name": null, "roof:levels": null, "ele": null, "abbr_name": null, "ref": null, "toilets:wheelchair": null, "healthcare:speciality:wikidata": null, "healthcare:speciality:wikipedia": null, "name:ko": null, "image": null, "payment:cards": null, "payment:cheque": null, "polling_station": null, "architect": null, "height": null, "opening_date": null, "beauty": null, "shop": null, "smoking": null, "ways": null, "type": null, "category": "Primary Care Center – Private / Non-profit" }, "geometry": { "type": "Point", "coordinates": [ -87.651993299999987, 41.9367332 ] } },
{ "type": "Feature", "properties": { "amenity": "clinic", "healthcare": "clinic", "name": "Outpatient Recovery Services", "addr:city": null, "addr:housenumber": null, "addr:postcode": null, "addr:state": null, "addr:street": null, "check_date": null, "healthcare:speciality": null, "phone": null, "website": null, "branch": null, "brand": null, "brand:wikidata": null, "disused:amenity": null, "level": null, "opening_hours": null, "designation": null, "operator": null, "urgent_care": null, "wheelchair": null, "addr:unit": null, "addr:street:name": null, "addr:street:prefix": null, "addr:street:type": null, "social_facility": null, "source": "OpenStreetMap", "operator:type": null, "operator:wikidata": null, "operator:wikipedia": null, "addr:country": null, "name:etymology:wikidata": null, "name:etymology:wikipedia": null, "operator:short": null, "air_conditioning": null, "fax": null, "wikidata": null, "wikipedia": null, "description": null, "drive_through": null, "name:vi": null, "healthcare:for": null, "short_name": null, "check_date:opening_hours": null, "contact:phone": null, "email": null, "opening_hours:signed": null, "alt_name": null, "addr:suite": null, "note:payment": null, "payment:american_express": null, "payment:discover_card": null, "payment:mastercard": null, "payment:visa": null, "start_date": null, "chicago:building_id": null, "access": null, "healthcare:counselling": null, "contact:facebook": null, "building:floor": null, "addr:floor": null, "internet_access": null, "payment:cash": null, "payment:credit_cards": null, "payment:debit_cards": null, "contact:instagram": null, "contact:linkedin": null, "contact:twitter": null, "contact:youtube": null, "reservation:website": null, "appointment:website": null, "contact:blog": null, "contact:website": null, "currency:XBT": null, "payment:lightning": null, "payment:lightning:operator": null, "payment:lightning_contactless": null, "payment:onchain": null, "nodes": null, "beds": null, "emergency": null, "gnis:feature_id": null, "building": null, "building:levels": null, "layer": null, "old_name": null, "university_of_chicago:building_id": null, "university_of_chicago:business_unit_name": null, "roof:levels": null, "ele": null, "abbr_name": null, "ref": null, "toilets:wheelchair": null, "healthcare:speciality:wikidata": null, "healthcare:speciality:wikipedia": null, "name:ko": null, "image": null, "payment:cards": null, "payment:cheque": null, "polling_station": null, "architect": null, "height": null, "opening_date": null, "beauty": null, "shop": null, "smoking": null, "ways": null, "type": null, "category": "Primary Care Center – Private / Non-profit" }, "geometry": { "type": "Point", "coordinates": [ -87.7049551, 41.7936056 ] } },
{ "type": "Feature", "properties": { "amenity": "clinic", "healthcare": "clinic", "name": "Midwest Express Clinic", "addr:city": null, "addr:housenumber": null, "addr:postcode": null, "addr:state": null, "addr:street": null, "check_date": null, "healthcare:speciality": null, "phone": null, "website": null, "branch": null, "brand": null, "brand:wikidata": null, "disused:amenity": null, "level": null, "opening_hours": "Mo-Fr 08:00-20:00; Sa,Su 08:00-18:00", "designation": null, "operator": null, "urgent_care": null, "wheelchair": null, "addr:unit": null, "addr:street:name": null, "addr:street:prefix": null, "addr:street:type": null, "social_facility": null, "source": "OpenStreetMap", "operator:type": null, "operator:wikidata": null, "operator:wikipedia": null, "addr:country": null, "name:etymology:wikidata": null, "name:etymology:wikipedia": null, "operator:short": null, "air_conditioning": null, "fax": null, "wikidata": null, "wikipedia": null, "description": null, "drive_through": null, "name:vi": null, "healthcare:for": null, "short_name": null, "check_date:opening_hours": null, "contact:phone": null, "email": null, "opening_hours:signed": null, "alt_name": null, "addr:suite": null, "note:payment": null, "payment:american_express": null, "payment:discover_card": null, "payment:mastercard": null, "payment:visa": null, "start_date": null, "chicago:building_id": null, "access": null, "healthcare:counselling": null, "contact:facebook": null, "building:floor": null, "addr:floor": null, "internet_access": null, "payment:cash": null, "payment:credit_cards": null, "payment:debit_cards": null, "contact:instagram": null, "contact:linkedin": null, "contact:twitter": null, "contact:youtube": null, "reservation:website": null, "appointment:website": null, "contact:blog": null, "contact:website": null, "currency:XBT": null, "payment:lightning": null, "payment:lightning:operator": null, "payment:lightning_contactless": null, "payment:onchain": null, "nodes": null, "beds": null, "emergency": null, "gnis:feature_id": null, "building": null, "building:levels": null, "layer": null, "old_name": null, "university_of_chicago:building_id": null, "university_of_chicago:business_unit_name": null, "roof:levels": null, "ele": null, "abbr_name": null, "ref": null, "toilets:wheelchair": null, "healthcare:speciality:wikidata": null, "healthcare:speciality:wikipedia": null, "name:ko": null, "image": null, "payment:cards": null, "payment:cheque": null, "polling_station": null, "architect": null, "height": null, "opening_date": null, "beauty": null, "shop": null, "smoking": null, "ways": null, "type": null, "category": "Primary Care Center – Private / Non-profit" }, "geometry": { "type": "Point", "coordinates": [ -87.677634, 41.90887140000001 ] } },
{ "type": "Feature", "properties": { "amenity": "clinic", "healthcare": "clinic", "name": "Physician's Immediate Care", "addr:city": "Chicago", "addr:housenumber": "2077", "addr:postcode": "60614", "addr:state": "IL", "addr:street": "North Clybourn Avenue", "check_date": null, "healthcare:speciality": null, "phone": null, "website": "https://www.wellnow.com/urgent-care-centers/illinois/chicago/2077-n-clybourn-avenue-60614/", "branch": null, "brand": null, "brand:wikidata": null, "disused:amenity": null, "level": null, "opening_hours": null, "designation": null, "operator": null, "urgent_care": null, "wheelchair": null, "addr:unit": null, "addr:street:name": null, "addr:street:prefix": null, "addr:street:type": null, "social_facility": null, "source": "OpenStreetMap", "operator:type": null, "operator:wikidata": null, "operator:wikipedia": null, "addr:country": null, "name:etymology:wikidata": null, "name:etymology:wikipedia": null, "operator:short": null, "air_conditioning": null, "fax": null, "wikidata": null, "wikipedia": null, "description": null, "drive_through": null, "name:vi": null, "healthcare:for": null, "short_name": null, "check_date:opening_hours": null, "contact:phone": null, "email": null, "opening_hours:signed": null, "alt_name": null, "addr:suite": null, "note:payment": null, "payment:american_express": null, "payment:discover_card": null, "payment:mastercard": null, "payment:visa": null, "start_date": null, "chicago:building_id": null, "access": null, "healthcare:counselling": null, "contact:facebook": null, "building:floor": null, "addr:floor": null, "internet_access": null, "payment:cash": null, "payment:credit_cards": null, "payment:debit_cards": null, "contact:instagram": null, "contact:linkedin": null, "contact:twitter": null, "contact:youtube": null, "reservation:website": null, "appointment:website": null, "contact:blog": null, "contact:website": null, "currency:XBT": null, "payment:lightning": null, "payment:lightning:operator": null, "payment:lightning_contactless": null, "payment:onchain": null, "nodes": null, "beds": null, "emergency": null, "gnis:feature_id": null, "building": null, "building:levels": null, "layer": null, "old_name": null, "university_of_chicago:building_id": null, "university_of_chicago:business_unit_name": null, "roof:levels": null, "ele": null, "abbr_name": null, "ref": null, "toilets:wheelchair": null, "healthcare:speciality:wikidata": null, "healthcare:speciality:wikipedia": null, "name:ko": null, "image": null, "payment:cards": null, "payment:cheque": null, "polling_station": null, "architect": null, "height": null, "opening_date": null, "beauty": null, "shop": null, "smoking": null, "ways": null, "type": null, "category": "Primary Care Center – Private / Non-profit" }, "geometry": { "type": "Point", "coordinates": [ -87.6608439, 41.9194466 ] } },
{ "type": "Feature", "properties": { "amenity": "clinic", "healthcare": "clinic", "name": "Northwestern Medicine Immediate Care", "addr:city": "Chicago", "addr:housenumber": "171", "addr:postcode": "60607", "addr:state": "IL", "addr:street": "North Aberdeen Street", "check_date": null, "healthcare:speciality": null, "phone": null, "website": null, "branch": "West Loop", "brand": "Northwestern Medicine", "brand:wikidata": "Q50036890", "disused:amenity": null, "level": null, "opening_hours": null, "designation": null, "operator": null, "urgent_care": null, "wheelchair": null, "addr:unit": "100", "addr:street:name": null, "addr:street:prefix": null, "addr:street:type": null, "social_facility": null, "source": "OpenStreetMap", "operator:type": null, "operator:wikidata": null, "operator:wikipedia": null, "addr:country": null, "name:etymology:wikidata": null, "name:etymology:wikipedia": null, "operator:short": null, "air_conditioning": null, "fax": null, "wikidata": null, "wikipedia": null, "description": null, "drive_through": null, "name:vi": null, "healthcare:for": null, "short_name": null, "check_date:opening_hours": null, "contact:phone": null, "email": null, "opening_hours:signed": null, "alt_name": null, "addr:suite": null, "note:payment": null, "payment:american_express": null, "payment:discover_card": null, "payment:mastercard": null, "payment:visa": null, "start_date": null, "chicago:building_id": null, "access": null, "healthcare:counselling": null, "contact:facebook": null, "building:floor": null, "addr:floor": null, "internet_access": null, "payment:cash": null, "payment:credit_cards": null, "payment:debit_cards": null, "contact:instagram": null, "contact:linkedin": null, "contact:twitter": null, "contact:youtube": null, "reservation:website": null, "appointment:website": null, "contact:blog": null, "contact:website": null, "currency:XBT": null, "payment:lightning": null, "payment:lightning:operator": null, "payment:lightning_contactless": null, "payment:onchain": null, "nodes": null, "beds": null, "emergency": null, "gnis:feature_id": null, "building": null, "building:levels": null, "layer": null, "old_name": null, "university_of_chicago:building_id": null, "university_of_chicago:business_unit_name": null, "roof:levels": null, "ele": null, "abbr_name": null, "ref": null, "toilets:wheelchair": null, "healthcare:speciality:wikidata": null, "healthcare:speciality:wikipedia": null, "name:ko": null, "image": null, "payment:cards": null, "payment:cheque": null, "polling_station": null, "architect": null, "height": null, "opening_date": null, "beauty": null, "shop": null, "smoking": null, "ways": null, "type": null, "category": "Primary Care Center – Private / Non-profit" }, "geometry": { "type": "Point", "coordinates": [ -87.6542542, 41.8853858 ] } },
{ "type": "Feature", "properties": { "amenity": "doctors", "healthcare": "doctor", "name": "Chapter Aesthetic Studio", "addr:city": null, "addr:housenumber": null, "addr:postcode": null, "addr:state": null, "addr:street": null, "check_date": "2025-01-07", "healthcare:speciality": "plastic_surgery", "phone": null, "website": null, "branch": null, "brand": null, "brand:wikidata": null, "disused:amenity": null, "level": null, "opening_hours": null, "designation": null, "operator": null, "urgent_care": null, "wheelchair": null, "addr:unit": null, "addr:street:name": null, "addr:street:prefix": null, "addr:street:type": null, "social_facility": null, "source": "OpenStreetMap", "operator:type": null, "operator:wikidata": null, "operator:wikipedia": null, "addr:country": null, "name:etymology:wikidata": null, "name:etymology:wikipedia": null, "operator:short": null, "air_conditioning": null, "fax": null, "wikidata": null, "wikipedia": null, "description": null, "drive_through": null, "name:vi": null, "healthcare:for": null, "short_name": null, "check_date:opening_hours": null, "contact:phone": null, "email": null, "opening_hours:signed": null, "alt_name": null, "addr:suite": null, "note:payment": null, "payment:american_express": null, "payment:discover_card": null, "payment:mastercard": null, "payment:visa": null, "start_date": null, "chicago:building_id": null, "access": null, "healthcare:counselling": null, "contact:facebook": null, "building:floor": null, "addr:floor": null, "internet_access": null, "payment:cash": null, "payment:credit_cards": null, "payment:debit_cards": null, "contact:instagram": null, "contact:linkedin": null, "contact:twitter": null, "contact:youtube": null, "reservation:website": null, "appointment:website": null, "contact:blog": null, "contact:website": null, "currency:XBT": null, "payment:lightning": null, "payment:lightning:operator": null, "payment:lightning_contactless": null, "payment:onchain": null, "nodes": null, "beds": null, "emergency": null, "gnis:feature_id": null, "building": null, "building:levels": null, "layer": null, "old_name": null, "university_of_chicago:building_id": null, "university_of_chicago:business_unit_name": null, "roof:levels": null, "ele": null, "abbr_name": null, "ref": null, "toilets:wheelchair": null, "healthcare:speciality:wikidata": null, "healthcare:speciality:wikipedia": null, "name:ko": null, "image": null, "payment:cards": null, "payment:cheque": null, "polling_station": null, "architect": null, "height": null, "opening_date": null, "beauty": null, "shop": null, "smoking": null, "ways": null, "type": null, "category": "Primary Care Center – Private / Non-profit" }, "geometry": { "type": "Point", "coordinates": [ -87.6481641, 41.8869587 ] } },
{ "type": "Feature", "properties": { "amenity": "clinic", "healthcare": "physiotherapist", "name": "Athletico Physical Therapy", "addr:city": "Chicago", "addr:housenumber": "8905", "addr:postcode": "60617", "addr:state": "IL", "addr:street": "South Commercial Avenue", "check_date": null, "healthcare:speciality": null, "phone": null, "website": null, "branch": null, "brand": "Athletico Physical Therapy", "brand:wikidata": "Q85743525", "disused:amenity": null, "level": null, "opening_hours": null, "designation": null, "operator": null, "urgent_care": null, "wheelchair": null, "addr:unit": null, "addr:street:name": "Commercial", "addr:street:prefix": "South", "addr:street:type": "Avenue", "social_facility": null, "source": "OpenStreetMap", "operator:type": null, "operator:wikidata": null, "operator:wikipedia": null, "addr:country": null, "name:etymology:wikidata": null, "name:etymology:wikipedia": null, "operator:short": null, "air_conditioning": null, "fax": null, "wikidata": null, "wikipedia": null, "description": null, "drive_through": null, "name:vi": null, "healthcare:for": null, "short_name": null, "check_date:opening_hours": null, "contact:phone": null, "email": null, "opening_hours:signed": null, "alt_name": null, "addr:suite": null, "note:payment": null, "payment:american_express": null, "payment:discover_card": null, "payment:mastercard": null, "payment:visa": null, "start_date": null, "chicago:building_id": null, "access": null, "healthcare:counselling": null, "contact:facebook": null, "building:floor": null, "addr:floor": null, "internet_access": null, "payment:cash": null, "payment:credit_cards": null, "payment:debit_cards": null, "contact:instagram": null, "contact:linkedin": null, "contact:twitter": null, "contact:youtube": null, "reservation:website": null, "appointment:website": null, "contact:blog": null, "contact:website": null, "currency:XBT": null, "payment:lightning": null, "payment:lightning:operator": null, "payment:lightning_contactless": null, "payment:onchain": null, "nodes": null, "beds": null, "emergency": null, "gnis:feature_id": null, "building": null, "building:levels": null, "layer": null, "old_name": null, "university_of_chicago:building_id": null, "university_of_chicago:business_unit_name": null, "roof:levels": null, "ele": null, "abbr_name": null, "ref": null, "toilets:wheelchair": null, "healthcare:speciality:wikidata": null, "healthcare:speciality:wikipedia": null, "name:ko": null, "image": null, "payment:cards": null, "payment:cheque": null, "polling_station": null, "architect": null, "height": null, "opening_date": null, "beauty": null, "shop": null, "smoking": null, "ways": null, "type": null, "category": "Primary Care Center – Private / Non-profit" }, "geometry": { "type": "Point", "coordinates": [ -87.551156599999985, 41.7335096 ] } },
{ "type": "Feature", "properties": { "amenity": "clinic", "healthcare": "clinic", "name": "Metro Infusion Center", "addr:city": "Chicago", "addr:housenumber": "120", "addr:postcode": "60661", "addr:state": "IL", "addr:street": "South Halsted Street", "check_date": "2025-03-06", "healthcare:speciality": null, "phone": null, "website": null, "branch": null, "brand": null, "brand:wikidata": null, "disused:amenity": null, "level": null, "opening_hours": null, "designation": null, "operator": null, "urgent_care": null, "wheelchair": null, "addr:unit": "B", "addr:street:name": null, "addr:street:prefix": null, "addr:street:type": null, "social_facility": null, "source": "OpenStreetMap", "operator:type": null, "operator:wikidata": null, "operator:wikipedia": null, "addr:country": null, "name:etymology:wikidata": null, "name:etymology:wikipedia": null, "operator:short": null, "air_conditioning": null, "fax": null, "wikidata": null, "wikipedia": null, "description": null, "drive_through": null, "name:vi": null, "healthcare:for": null, "short_name": null, "check_date:opening_hours": null, "contact:phone": null, "email": null, "opening_hours:signed": null, "alt_name": null, "addr:suite": null, "note:payment": null, "payment:american_express": null, "payment:discover_card": null, "payment:mastercard": null, "payment:visa": null, "start_date": null, "chicago:building_id": null, "access": null, "healthcare:counselling": null, "contact:facebook": null, "building:floor": null, "addr:floor": null, "internet_access": null, "payment:cash": null, "payment:credit_cards": null, "payment:debit_cards": null, "contact:instagram": null, "contact:linkedin": null, "contact:twitter": null, "contact:youtube": null, "reservation:website": null, "appointment:website": null, "contact:blog": null, "contact:website": null, "currency:XBT": null, "payment:lightning": null, "payment:lightning:operator": null, "payment:lightning_contactless": null, "payment:onchain": null, "nodes": null, "beds": null, "emergency": null, "gnis:feature_id": null, "building": null, "building:levels": null, "layer": null, "old_name": null, "university_of_chicago:building_id": null, "university_of_chicago:business_unit_name": null, "roof:levels": null, "ele": null, "abbr_name": null, "ref": null, "toilets:wheelchair": null, "healthcare:speciality:wikidata": null, "healthcare:speciality:wikipedia": null, "name:ko": null, "image": null, "payment:cards": null, "payment:cheque": null, "polling_station": null, "architect": null, "height": null, "opening_date": null, "beauty": null, "shop": null, "smoking": null, "ways": null, "type": null, "category": "Primary Care Center – Private / Non-profit" }, "geometry": { "type": "Point", "coordinates": [ -87.6474668, 41.8797955 ] } },
{ "type": "Feature", "properties": { "amenity": "doctors", "healthcare": "doctor", "name": "Bruno and Sallie Pasquinelli Outpatient Surgery Center", "addr:city": null, "addr:housenumber": "1009", "addr:postcode": null, "addr:state": null, "addr:street": "South Wood Street", "check_date": null, "healthcare:speciality": "surgery", "phone": null, "website": null, "branch": null, "brand": null, "brand:wikidata": null, "disused:amenity": null, "level": null, "opening_hours": null, "designation": null, "operator": null, "urgent_care": null, "wheelchair": null, "addr:unit": null, "addr:street:name": null, "addr:street:prefix": null, "addr:street:type": null, "social_facility": null, "source": "OpenStreetMap", "operator:type": null, "operator:wikidata": null, "operator:wikipedia": null, "addr:country": null, "name:etymology:wikidata": null, "name:etymology:wikipedia": null, "operator:short": null, "air_conditioning": null, "fax": null, "wikidata": null, "wikipedia": null, "description": null, "drive_through": null, "name:vi": null, "healthcare:for": null, "short_name": null, "check_date:opening_hours": null, "contact:phone": null, "email": null, "opening_hours:signed": null, "alt_name": null, "addr:suite": null, "note:payment": null, "payment:american_express": null, "payment:discover_card": null, "payment:mastercard": null, "payment:visa": null, "start_date": null, "chicago:building_id": null, "access": null, "healthcare:counselling": null, "contact:facebook": null, "building:floor": null, "addr:floor": null, "internet_access": null, "payment:cash": null, "payment:credit_cards": null, "payment:debit_cards": null, "contact:instagram": null, "contact:linkedin": null, "contact:twitter": null, "contact:youtube": null, "reservation:website": null, "appointment:website": null, "contact:blog": null, "contact:website": null, "currency:XBT": null, "payment:lightning": null, "payment:lightning:operator": null, "payment:lightning_contactless": null, "payment:onchain": null, "nodes": null, "beds": null, "emergency": null, "gnis:feature_id": null, "building": null, "building:levels": null, "layer": null, "old_name": null, "university_of_chicago:building_id": null, "university_of_chicago:business_unit_name": null, "roof:levels": null, "ele": null, "abbr_name": null, "ref": null, "toilets:wheelchair": null, "healthcare:speciality:wikidata": null, "healthcare:speciality:wikipedia": null, "name:ko": null, "image": null, "payment:cards": null, "payment:cheque": null, "polling_station": null, "architect": null, "height": null, "opening_date": null, "beauty": null, "shop": null, "smoking": null, "ways": null, "type": null, "category": "Primary Care Center – Private / Non-profit" }, "geometry": { "type": "Point", "coordinates": [ -87.6710336, 41.8687886 ] } },
{ "type": "Feature", "properties": { "amenity": "clinic", "healthcare": "clinic", "name": null, "addr:city": "Chicago", "addr:housenumber": "3145", "addr:postcode": "60608", "addr:state": "IL", "addr:street": "South Ashland Avenue", "check_date": null, "healthcare:speciality": null, "phone": null, "website": null, "branch": null, "brand": null, "brand:wikidata": null, "disused:amenity": null, "level": null, "opening_hours": null, "designation": null, "operator": "Concentra", "urgent_care": null, "wheelchair": null, "addr:unit": "110", "addr:street:name": null, "addr:street:prefix": null, "addr:street:type": null, "social_facility": null, "source": "OpenStreetMap", "operator:type": "private", "operator:wikidata": "Q5158304", "operator:wikipedia": null, "addr:country": null, "name:etymology:wikidata": null, "name:etymology:wikipedia": null, "operator:short": null, "air_conditioning": null, "fax": null, "wikidata": null, "wikipedia": null, "description": null, "drive_through": null, "name:vi": null, "healthcare:for": null, "short_name": null, "check_date:opening_hours": null, "contact:phone": null, "email": null, "opening_hours:signed": null, "alt_name": null, "addr:suite": null, "note:payment": null, "payment:american_express": null, "payment:discover_card": null, "payment:mastercard": null, "payment:visa": null, "start_date": null, "chicago:building_id": null, "access": null, "healthcare:counselling": null, "contact:facebook": null, "building:floor": null, "addr:floor": null, "internet_access": null, "payment:cash": null, "payment:credit_cards": null, "payment:debit_cards": null, "contact:instagram": null, "contact:linkedin": null, "contact:twitter": null, "contact:youtube": null, "reservation:website": null, "appointment:website": null, "contact:blog": null, "contact:website": null, "currency:XBT": null, "payment:lightning": null, "payment:lightning:operator": null, "payment:lightning_contactless": null, "payment:onchain": null, "nodes": null, "beds": null, "emergency": null, "gnis:feature_id": null, "building": null, "building:levels": null, "layer": null, "old_name": null, "university_of_chicago:building_id": null, "university_of_chicago:business_unit_name": null, "roof:levels": null, "ele": null, "abbr_name": null, "ref": null, "toilets:wheelchair": null, "healthcare:speciality:wikidata": null, "healthcare:speciality:wikipedia": null, "name:ko": null, "image": null, "payment:cards": null, "payment:cheque": null, "polling_station": null, "architect": null, "height": null, "opening_date": null, "beauty": null, "shop": null, "smoking": null, "ways": null, "type": null, "category": "Primary Care Center – Private / Non-profit" }, "geometry": { "type": "Point", "coordinates": [ -87.663941599999987, 41.837127700000011 ] } },
{ "type": "Feature", "properties": { "amenity": "clinic", "healthcare": "dialysis", "name": "DaVita Dialysis Woodlawn", "addr:city": "Chicago", "addr:housenumber": "5060", "addr:postcode": "60615", "addr:state": "IL", "addr:street": "South State Street", "check_date": null, "healthcare:speciality": "nephrology", "phone": null, "website": "https://www.davita.com/locations/il/chicago/5060-s-state-st--5580", "branch": "Woodlawn", "brand": null, "brand:wikidata": null, "disused:amenity": null, "level": null, "opening_hours": null, "designation": null, "operator": "DaVita Dialysis", "urgent_care": null, "wheelchair": null, "addr:unit": null, "addr:street:name": null, "addr:street:prefix": null, "addr:street:type": null, "social_facility": null, "source": "OpenStreetMap", "operator:type": "private", "operator:wikidata": "Q5207184", "operator:wikipedia": null, "addr:country": null, "name:etymology:wikidata": null, "name:etymology:wikipedia": null, "operator:short": null, "air_conditioning": null, "fax": null, "wikidata": null, "wikipedia": null, "description": null, "drive_through": null, "name:vi": null, "healthcare:for": null, "short_name": null, "check_date:opening_hours": null, "contact:phone": null, "email": null, "opening_hours:signed": null, "alt_name": null, "addr:suite": null, "note:payment": null, "payment:american_express": null, "payment:discover_card": null, "payment:mastercard": null, "payment:visa": null, "start_date": null, "chicago:building_id": null, "access": null, "healthcare:counselling": null, "contact:facebook": null, "building:floor": null, "addr:floor": null, "internet_access": null, "payment:cash": null, "payment:credit_cards": null, "payment:debit_cards": null, "contact:instagram": null, "contact:linkedin": null, "contact:twitter": null, "contact:youtube": null, "reservation:website": null, "appointment:website": null, "contact:blog": null, "contact:website": null, "currency:XBT": null, "payment:lightning": null, "payment:lightning:operator": null, "payment:lightning_contactless": null, "payment:onchain": null, "nodes": null, "beds": null, "emergency": null, "gnis:feature_id": null, "building": null, "building:levels": null, "layer": null, "old_name": null, "university_of_chicago:building_id": null, "university_of_chicago:business_unit_name": null, "roof:levels": null, "ele": null, "abbr_name": null, "ref": null, "toilets:wheelchair": null, "healthcare:speciality:wikidata": null, "healthcare:speciality:wikipedia": null, "name:ko": null, "image": null, "payment:cards": null, "payment:cheque": null, "polling_station": null, "architect": null, "height": null, "opening_date": null, "beauty": null, "shop": null, "smoking": null, "ways": null, "type": null, "category": "Primary Care Center – Private / Non-profit" }, "geometry": { "type": "Point", "coordinates": [ -87.626735899999986, 41.8026514 ] } },
{ "type": "Feature", "properties": { "amenity": "clinic", "healthcare": "clinic", "name": "UChicago Medicine Kenwood", "addr:city": "Chicago", "addr:housenumber": "4646", "addr:postcode": "60653", "addr:state": "IL", "addr:street": "South Drexel Boulevard", "check_date": null, "healthcare:speciality": "general;internal;geriatrics", "phone": "+1-773-702-6840", "website": "https://www.uchicagomedicine.org/find-a-location/uchicago-medicine-kenwood", "branch": null, "brand": null, "brand:wikidata": null, "disused:amenity": null, "level": null, "opening_hours": "Mo-Fr 08:00-17:00", "designation": null, "operator": "UChicago Medicine", "urgent_care": null, "wheelchair": null, "addr:unit": null, "addr:street:name": "Drexel", "addr:street:prefix": "South", "addr:street:type": "Boulevard", "social_facility": null, "source": "OpenStreetMap", "operator:type": "university", "operator:wikidata": null, "operator:wikipedia": null, "addr:country": null, "name:etymology:wikidata": null, "name:etymology:wikipedia": null, "operator:short": null, "air_conditioning": null, "fax": null, "wikidata": null, "wikipedia": null, "description": null, "drive_through": null, "name:vi": null, "healthcare:for": null, "short_name": null, "check_date:opening_hours": null, "contact:phone": null, "email": null, "opening_hours:signed": null, "alt_name": null, "addr:suite": null, "note:payment": null, "payment:american_express": null, "payment:discover_card": null, "payment:mastercard": null, "payment:visa": null, "start_date": null, "chicago:building_id": null, "access": null, "healthcare:counselling": null, "contact:facebook": null, "building:floor": null, "addr:floor": null, "internet_access": null, "payment:cash": null, "payment:credit_cards": null, "payment:debit_cards": null, "contact:instagram": null, "contact:linkedin": null, "contact:twitter": null, "contact:youtube": null, "reservation:website": null, "appointment:website": null, "contact:blog": null, "contact:website": null, "currency:XBT": null, "payment:lightning": null, "payment:lightning:operator": null, "payment:lightning_contactless": null, "payment:onchain": null, "nodes": null, "beds": null, "emergency": null, "gnis:feature_id": null, "building": null, "building:levels": null, "layer": null, "old_name": null, "university_of_chicago:building_id": null, "university_of_chicago:business_unit_name": null, "roof:levels": null, "ele": null, "abbr_name": null, "ref": null, "toilets:wheelchair": null, "healthcare:speciality:wikidata": null, "healthcare:speciality:wikipedia": null, "name:ko": null, "image": null, "payment:cards": null, "payment:cheque": null, "polling_station": null, "architect": null, "height": null, "opening_date": null, "beauty": null, "shop": null, "smoking": null, "ways": null, "type": null, "category": "Primary Care Center – Private / Non-profit" }, "geometry": { "type": "Point", "coordinates": [ -87.6047927, 41.809938099999989 ] } },
{ "type": "Feature", "properties": { "amenity": "clinic", "healthcare": "clinic", "name": "Premier Allergy, Asthma & Sinus Care", "addr:city": null, "addr:housenumber": "2073", "addr:postcode": null, "addr:state": null, "addr:street": "North Clybourn Avenue", "check_date": null, "healthcare:speciality": null, "phone": null, "website": null, "branch": null, "brand": null, "brand:wikidata": null, "disused:amenity": null, "level": null, "opening_hours": null, "designation": null, "operator": null, "urgent_care": null, "wheelchair": null, "addr:unit": null, "addr:street:name": null, "addr:street:prefix": null, "addr:street:type": null, "social_facility": null, "source": "OpenStreetMap", "operator:type": null, "operator:wikidata": null, "operator:wikipedia": null, "addr:country": null, "name:etymology:wikidata": null, "name:etymology:wikipedia": null, "operator:short": null, "air_conditioning": null, "fax": null, "wikidata": null, "wikipedia": null, "description": null, "drive_through": null, "name:vi": null, "healthcare:for": null, "short_name": null, "check_date:opening_hours": null, "contact:phone": null, "email": null, "opening_hours:signed": null, "alt_name": null, "addr:suite": null, "note:payment": null, "payment:american_express": null, "payment:discover_card": null, "payment:mastercard": null, "payment:visa": null, "start_date": null, "chicago:building_id": null, "access": null, "healthcare:counselling": null, "contact:facebook": null, "building:floor": null, "addr:floor": null, "internet_access": null, "payment:cash": null, "payment:credit_cards": null, "payment:debit_cards": null, "contact:instagram": null, "contact:linkedin": null, "contact:twitter": null, "contact:youtube": null, "reservation:website": null, "appointment:website": null, "contact:blog": null, "contact:website": null, "currency:XBT": null, "payment:lightning": null, "payment:lightning:operator": null, "payment:lightning_contactless": null, "payment:onchain": null, "nodes": null, "beds": null, "emergency": null, "gnis:feature_id": null, "building": null, "building:levels": null, "layer": null, "old_name": null, "university_of_chicago:building_id": null, "university_of_chicago:business_unit_name": null, "roof:levels": null, "ele": null, "abbr_name": null, "ref": null, "toilets:wheelchair": null, "healthcare:speciality:wikidata": null, "healthcare:speciality:wikipedia": null, "name:ko": null, "image": null, "payment:cards": null, "payment:cheque": null, "polling_station": null, "architect": null, "height": null, "opening_date": null, "beauty": null, "shop": null, "smoking": null, "ways": null, "type": null, "category": "Primary Care Center – Private / Non-profit" }, "geometry": { "type": "Point", "coordinates": [ -87.66072, 41.9193399 ] } },
{ "type": "Feature", "properties": { "amenity": "doctors", "healthcare": "doctor", "name": "Dr J. Tymouch, MD Pain Management", "addr:city": null, "addr:housenumber": null, "addr:postcode": null, "addr:state": null, "addr:street": null, "check_date": null, "healthcare:speciality": null, "phone": "+17736977946", "website": null, "branch": null, "brand": null, "brand:wikidata": null, "disused:amenity": null, "level": null, "opening_hours": "\"by appointment\"", "designation": null, "operator": null, "urgent_care": null, "wheelchair": null, "addr:unit": null, "addr:street:name": null, "addr:street:prefix": null, "addr:street:type": null, "social_facility": null, "source": "OpenStreetMap", "operator:type": null, "operator:wikidata": null, "operator:wikipedia": null, "addr:country": null, "name:etymology:wikidata": null, "name:etymology:wikipedia": null, "operator:short": null, "air_conditioning": null, "fax": null, "wikidata": null, "wikipedia": null, "description": null, "drive_through": null, "name:vi": null, "healthcare:for": null, "short_name": null, "check_date:opening_hours": null, "contact:phone": null, "email": null, "opening_hours:signed": null, "alt_name": null, "addr:suite": null, "note:payment": null, "payment:american_express": null, "payment:discover_card": null, "payment:mastercard": null, "payment:visa": null, "start_date": null, "chicago:building_id": null, "access": null, "healthcare:counselling": null, "contact:facebook": null, "building:floor": null, "addr:floor": null, "internet_access": null, "payment:cash": null, "payment:credit_cards": null, "payment:debit_cards": null, "contact:instagram": null, "contact:linkedin": null, "contact:twitter": null, "contact:youtube": null, "reservation:website": null, "appointment:website": null, "contact:blog": null, "contact:website": null, "currency:XBT": null, "payment:lightning": null, "payment:lightning:operator": null, "payment:lightning_contactless": null, "payment:onchain": null, "nodes": null, "beds": null, "emergency": null, "gnis:feature_id": null, "building": null, "building:levels": null, "layer": null, "old_name": null, "university_of_chicago:building_id": null, "university_of_chicago:business_unit_name": null, "roof:levels": null, "ele": null, "abbr_name": null, "ref": null, "toilets:wheelchair": null, "healthcare:speciality:wikidata": null, "healthcare:speciality:wikipedia": null, "name:ko": null, "image": null, "payment:cards": null, "payment:cheque": null, "polling_station": null, "architect": null, "height": null, "opening_date": null, "beauty": null, "shop": null, "smoking": null, "ways": null, "type": null, "category": "Primary Care Center – Private / Non-profit" }, "geometry": { "type": "Point", "coordinates": [ -87.690012, 41.8955791 ] } },
{ "type": "Feature", "properties": { "amenity": "doctors", "healthcare": "doctor", "name": "SPS Family Care S.C.", "addr:city": null, "addr:housenumber": null, "addr:postcode": null, "addr:state": null, "addr:street": null, "check_date": null, "healthcare:speciality": null, "phone": "+17734896100", "website": null, "branch": null, "brand": null, "brand:wikidata": null, "disused:amenity": null, "level": null, "opening_hours": null, "designation": null, "operator": null, "urgent_care": null, "wheelchair": null, "addr:unit": null, "addr:street:name": null, "addr:street:prefix": null, "addr:street:type": null, "social_facility": null, "source": "OpenStreetMap", "operator:type": null, "operator:wikidata": null, "operator:wikipedia": null, "addr:country": null, "name:etymology:wikidata": null, "name:etymology:wikipedia": null, "operator:short": null, "air_conditioning": null, "fax": null, "wikidata": null, "wikipedia": null, "description": null, "drive_through": null, "name:vi": null, "healthcare:for": null, "short_name": null, "check_date:opening_hours": null, "contact:phone": null, "email": null, "opening_hours:signed": null, "alt_name": null, "addr:suite": null, "note:payment": null, "payment:american_express": null, "payment:discover_card": null, "payment:mastercard": null, "payment:visa": null, "start_date": null, "chicago:building_id": null, "access": null, "healthcare:counselling": null, "contact:facebook": null, "building:floor": null, "addr:floor": null, "internet_access": null, "payment:cash": null, "payment:credit_cards": null, "payment:debit_cards": null, "contact:instagram": null, "contact:linkedin": null, "contact:twitter": null, "contact:youtube": null, "reservation:website": null, "appointment:website": null, "contact:blog": null, "contact:website": null, "currency:XBT": null, "payment:lightning": null, "payment:lightning:operator": null, "payment:lightning_contactless": null, "payment:onchain": null, "nodes": null, "beds": null, "emergency": null, "gnis:feature_id": null, "building": null, "building:levels": null, "layer": null, "old_name": null, "university_of_chicago:building_id": null, "university_of_chicago:business_unit_name": null, "roof:levels": null, "ele": null, "abbr_name": null, "ref": null, "toilets:wheelchair": null, "healthcare:speciality:wikidata": null, "healthcare:speciality:wikipedia": null, "name:ko": null, "image": null, "payment:cards": null, "payment:cheque": null, "polling_station": null, "architect": null, "height": null, "opening_date": null, "beauty": null, "shop": null, "smoking": null, "ways": null, "type": null, "category": "Primary Care Center – Private / Non-profit" }, "geometry": { "type": "Point", "coordinates": [ -87.680058799999983, 41.8957402 ] } },
{ "type": "Feature", "properties": { "amenity": "doctors", "healthcare": "doctor", "name": "Thorek Family Practice", "addr:city": null, "addr:housenumber": null, "addr:postcode": null, "addr:state": null, "addr:street": null, "check_date": null, "healthcare:speciality": null, "phone": "+13125831066", "website": null, "branch": null, "brand": null, "brand:wikidata": null, "disused:amenity": null, "level": null, "opening_hours": "We 09:00-18:00; Fr 08:00-16:00", "designation": null, "operator": null, "urgent_care": null, "wheelchair": null, "addr:unit": null, "addr:street:name": null, "addr:street:prefix": null, "addr:street:type": null, "social_facility": null, "source": "OpenStreetMap", "operator:type": null, "operator:wikidata": null, "operator:wikipedia": null, "addr:country": null, "name:etymology:wikidata": null, "name:etymology:wikipedia": null, "operator:short": null, "air_conditioning": null, "fax": null, "wikidata": null, "wikipedia": null, "description": null, "drive_through": null, "name:vi": null, "healthcare:for": null, "short_name": null, "check_date:opening_hours": null, "contact:phone": null, "email": null, "opening_hours:signed": null, "alt_name": null, "addr:suite": null, "note:payment": null, "payment:american_express": null, "payment:discover_card": null, "payment:mastercard": null, "payment:visa": null, "start_date": null, "chicago:building_id": null, "access": null, "healthcare:counselling": null, "contact:facebook": null, "building:floor": null, "addr:floor": null, "internet_access": null, "payment:cash": null, "payment:credit_cards": null, "payment:debit_cards": null, "contact:instagram": null, "contact:linkedin": null, "contact:twitter": null, "contact:youtube": null, "reservation:website": null, "appointment:website": null, "contact:blog": null, "contact:website": null, "currency:XBT": null, "payment:lightning": null, "payment:lightning:operator": null, "payment:lightning_contactless": null, "payment:onchain": null, "nodes": null, "beds": null, "emergency": null, "gnis:feature_id": null, "building": null, "building:levels": null, "layer": null, "old_name": null, "university_of_chicago:building_id": null, "university_of_chicago:business_unit_name": null, "roof:levels": null, "ele": null, "abbr_name": null, "ref": null, "toilets:wheelchair": null, "healthcare:speciality:wikidata": null, "healthcare:speciality:wikipedia": null, "name:ko": null, "image": null, "payment:cards": null, "payment:cheque": null, "polling_station": null, "architect": null, "height": null, "opening_date": null, "beauty": null, "shop": null, "smoking": null, "ways": null, "type": null, "category": "Primary Care Center – Private / Non-profit" }, "geometry": { "type": "Point", "coordinates": [ -87.6899978, 41.8955814 ] } },
{ "type": "Feature", "properties": { "amenity": "clinic", "healthcare": "clinic", "name": "One Medical", "addr:city": "Chicago", "addr:housenumber": "230", "addr:postcode": "60606", "addr:state": "IL", "addr:street": "West Monroe Street", "check_date": "2025-06-26", "healthcare:speciality": null, "phone": "+1 888-663-6331", "website": "https://www.onemedical.com/locations/chi/loop/", "branch": null, "brand": null, "brand:wikidata": null, "disused:amenity": null, "level": "0", "opening_hours": null, "designation": null, "operator": "1Life Healthcare", "urgent_care": null, "wheelchair": "yes", "addr:unit": null, "addr:street:name": null, "addr:street:prefix": null, "addr:street:type": null, "social_facility": null, "source": "OpenStreetMap", "operator:type": "private", "operator:wikidata": "Q85727717", "operator:wikipedia": null, "addr:country": null, "name:etymology:wikidata": null, "name:etymology:wikipedia": null, "operator:short": null, "air_conditioning": null, "fax": null, "wikidata": null, "wikipedia": null, "description": null, "drive_through": null, "name:vi": null, "healthcare:for": null, "short_name": null, "check_date:opening_hours": null, "contact:phone": null, "email": null, "opening_hours:signed": null, "alt_name": null, "addr:suite": null, "note:payment": null, "payment:american_express": null, "payment:discover_card": null, "payment:mastercard": null, "payment:visa": null, "start_date": null, "chicago:building_id": null, "access": null, "healthcare:counselling": null, "contact:facebook": null, "building:floor": null, "addr:floor": "1", "internet_access": null, "payment:cash": null, "payment:credit_cards": null, "payment:debit_cards": null, "contact:instagram": null, "contact:linkedin": null, "contact:twitter": null, "contact:youtube": null, "reservation:website": null, "appointment:website": null, "contact:blog": null, "contact:website": null, "currency:XBT": null, "payment:lightning": null, "payment:lightning:operator": null, "payment:lightning_contactless": null, "payment:onchain": null, "nodes": null, "beds": null, "emergency": null, "gnis:feature_id": null, "building": null, "building:levels": null, "layer": null, "old_name": null, "university_of_chicago:building_id": null, "university_of_chicago:business_unit_name": null, "roof:levels": null, "ele": null, "abbr_name": null, "ref": null, "toilets:wheelchair": null, "healthcare:speciality:wikidata": null, "healthcare:speciality:wikipedia": null, "name:ko": null, "image": null, "payment:cards": null, "payment:cheque": null, "polling_station": null, "architect": null, "height": null, "opening_date": null, "beauty": null, "shop": null, "smoking": null, "ways": null, "type": null, "category": "Primary Care Center – Private / Non-profit" }, "geometry": { "type": "Point", "coordinates": [ -87.6350259, 41.8807785 ] } },
{ "type": "Feature", "properties": { "amenity": "clinic", "healthcare": "clinic", "name": "Ankle N Foot Centers", "addr:city": null, "addr:housenumber": "225", "addr:postcode": null, "addr:state": null, "addr:street": "South Jefferson Street", "check_date": "2025-07-25", "healthcare:speciality": null, "phone": null, "website": null, "branch": null, "brand": null, "brand:wikidata": null, "disused:amenity": null, "level": null, "opening_hours": null, "designation": null, "operator": null, "urgent_care": null, "wheelchair": null, "addr:unit": null, "addr:street:name": null, "addr:street:prefix": null, "addr:street:type": null, "social_facility": null, "source": "OpenStreetMap", "operator:type": null, "operator:wikidata": null, "operator:wikipedia": null, "addr:country": null, "name:etymology:wikidata": null, "name:etymology:wikipedia": null, "operator:short": null, "air_conditioning": null, "fax": null, "wikidata": null, "wikipedia": null, "description": null, "drive_through": null, "name:vi": null, "healthcare:for": null, "short_name": null, "check_date:opening_hours": null, "contact:phone": null, "email": null, "opening_hours:signed": null, "alt_name": null, "addr:suite": null, "note:payment": null, "payment:american_express": null, "payment:discover_card": null, "payment:mastercard": null, "payment:visa": null, "start_date": null, "chicago:building_id": null, "access": null, "healthcare:counselling": null, "contact:facebook": null, "building:floor": null, "addr:floor": null, "internet_access": null, "payment:cash": null, "payment:credit_cards": null, "payment:debit_cards": null, "contact:instagram": null, "contact:linkedin": null, "contact:twitter": null, "contact:youtube": null, "reservation:website": null, "appointment:website": null, "contact:blog": null, "contact:website": null, "currency:XBT": null, "payment:lightning": null, "payment:lightning:operator": null, "payment:lightning_contactless": null, "payment:onchain": null, "nodes": null, "beds": null, "emergency": null, "gnis:feature_id": null, "building": null, "building:levels": null, "layer": null, "old_name": null, "university_of_chicago:building_id": null, "university_of_chicago:business_unit_name": null, "roof:levels": null, "ele": null, "abbr_name": null, "ref": null, "toilets:wheelchair": null, "healthcare:speciality:wikidata": null, "healthcare:speciality:wikipedia": null, "name:ko": null, "image": null, "payment:cards": null, "payment:cheque": null, "polling_station": null, "architect": null, "height": null, "opening_date": null, "beauty": null, "shop": null, "smoking": null, "ways": null, "type": null, "category": "Primary Care Center – Private / Non-profit" }, "geometry": { "type": "Point", "coordinates": [ -87.6422835, 41.8784695 ] } },
{ "type": "Feature", "properties": { "amenity": "clinic", "healthcare": "clinic", "name": "Donohoe Pediatrics", "addr:city": "Chicago", "addr:housenumber": "3916", "addr:postcode": "60618", "addr:state": "IL", "addr:street": "North Damen Avenue", "check_date": null, "healthcare:speciality": "paediatrics", "phone": null, "website": null, "branch": null, "brand": null, "brand:wikidata": null, "disused:amenity": null, "level": null, "opening_hours": null, "designation": null, "operator": null, "urgent_care": null, "wheelchair": null, "addr:unit": null, "addr:street:name": null, "addr:street:prefix": null, "addr:street:type": null, "social_facility": null, "source": "OpenStreetMap", "operator:type": null, "operator:wikidata": null, "operator:wikipedia": null, "addr:country": null, "name:etymology:wikidata": null, "name:etymology:wikipedia": null, "operator:short": null, "air_conditioning": null, "fax": null, "wikidata": null, "wikipedia": null, "description": null, "drive_through": null, "name:vi": null, "healthcare:for": null, "short_name": null, "check_date:opening_hours": null, "contact:phone": null, "email": null, "opening_hours:signed": null, "alt_name": null, "addr:suite": null, "note:payment": null, "payment:american_express": null, "payment:discover_card": null, "payment:mastercard": null, "payment:visa": null, "start_date": null, "chicago:building_id": null, "access": null, "healthcare:counselling": null, "contact:facebook": null, "building:floor": null, "addr:floor": null, "internet_access": null, "payment:cash": null, "payment:credit_cards": null, "payment:debit_cards": null, "contact:instagram": null, "contact:linkedin": null, "contact:twitter": null, "contact:youtube": null, "reservation:website": null, "appointment:website": null, "contact:blog": null, "contact:website": null, "currency:XBT": null, "payment:lightning": null, "payment:lightning:operator": null, "payment:lightning_contactless": null, "payment:onchain": null, "nodes": null, "beds": null, "emergency": null, "gnis:feature_id": null, "building": null, "building:levels": null, "layer": null, "old_name": null, "university_of_chicago:building_id": null, "university_of_chicago:business_unit_name": null, "roof:levels": null, "ele": null, "abbr_name": null, "ref": null, "toilets:wheelchair": null, "healthcare:speciality:wikidata": null, "healthcare:speciality:wikipedia": null, "name:ko": null, "image": null, "payment:cards": null, "payment:cheque": null, "polling_station": null, "architect": null, "height": null, "opening_date": null, "beauty": null, "shop": null, "smoking": null, "ways": null, "type": null, "category": "Primary Care Center – Private / Non-profit" }, "geometry": { "type": "Point", "coordinates": [ -87.6788771, 41.9529608 ] } },
{ "type": "Feature", "properties": { "amenity": "doctors", "healthcare": "doctor", "name": "Family Doctor Medical Center", "addr:city": "Chicago", "addr:housenumber": "1918", "addr:postcode": "60613", "addr:state": "IL", "addr:street": "West Irving Park Road", "check_date": null, "healthcare:speciality": null, "phone": null, "website": null, "branch": null, "brand": null, "brand:wikidata": null, "disused:amenity": null, "level": null, "opening_hours": null, "designation": null, "operator": null, "urgent_care": null, "wheelchair": null, "addr:unit": null, "addr:street:name": null, "addr:street:prefix": null, "addr:street:type": null, "social_facility": null, "source": "OpenStreetMap", "operator:type": null, "operator:wikidata": null, "operator:wikipedia": null, "addr:country": null, "name:etymology:wikidata": null, "name:etymology:wikipedia": null, "operator:short": null, "air_conditioning": null, "fax": null, "wikidata": null, "wikipedia": null, "description": null, "drive_through": null, "name:vi": null, "healthcare:for": null, "short_name": null, "check_date:opening_hours": null, "contact:phone": null, "email": null, "opening_hours:signed": null, "alt_name": null, "addr:suite": null, "note:payment": null, "payment:american_express": null, "payment:discover_card": null, "payment:mastercard": null, "payment:visa": null, "start_date": null, "chicago:building_id": null, "access": null, "healthcare:counselling": null, "contact:facebook": null, "building:floor": null, "addr:floor": null, "internet_access": null, "payment:cash": null, "payment:credit_cards": null, "payment:debit_cards": null, "contact:instagram": null, "contact:linkedin": null, "contact:twitter": null, "contact:youtube": null, "reservation:website": null, "appointment:website": null, "contact:blog": null, "contact:website": null, "currency:XBT": null, "payment:lightning": null, "payment:lightning:operator": null, "payment:lightning_contactless": null, "payment:onchain": null, "nodes": null, "beds": null, "emergency": null, "gnis:feature_id": null, "building": null, "building:levels": null, "layer": null, "old_name": null, "university_of_chicago:building_id": null, "university_of_chicago:business_unit_name": null, "roof:levels": null, "ele": null, "abbr_name": null, "ref": null, "toilets:wheelchair": null, "healthcare:speciality:wikidata": null, "healthcare:speciality:wikipedia": null, "name:ko": null, "image": null, "payment:cards": null, "payment:cheque": null, "polling_station": null, "architect": null, "height": null, "opening_date": null, "beauty": null, "shop": null, "smoking": null, "ways": null, "type": null, "category": "Primary Care Center – Private / Non-profit" }, "geometry": { "type": "Point", "coordinates": [ -87.67713430000002, 41.9543432 ] } },
{ "type": "Feature", "properties": { "amenity": "doctors", "healthcare": "doctor", "name": "Nava Segall MD Pediatrics", "addr:city": "Chicago", "addr:housenumber": "4116", "addr:postcode": "60618", "addr:state": "IL", "addr:street": "North Lincoln Avenue", "check_date": null, "healthcare:speciality": null, "phone": null, "website": null, "branch": null, "brand": null, "brand:wikidata": null, "disused:amenity": null, "level": null, "opening_hours": null, "designation": null, "operator": null, "urgent_care": null, "wheelchair": null, "addr:unit": null, "addr:street:name": null, "addr:street:prefix": null, "addr:street:type": null, "social_facility": null, "source": "OpenStreetMap", "operator:type": null, "operator:wikidata": null, "operator:wikipedia": null, "addr:country": null, "name:etymology:wikidata": null, "name:etymology:wikipedia": null, "operator:short": null, "air_conditioning": null, "fax": null, "wikidata": null, "wikipedia": null, "description": null, "drive_through": null, "name:vi": null, "healthcare:for": null, "short_name": null, "check_date:opening_hours": null, "contact:phone": null, "email": null, "opening_hours:signed": null, "alt_name": null, "addr:suite": null, "note:payment": null, "payment:american_express": null, "payment:discover_card": null, "payment:mastercard": null, "payment:visa": null, "start_date": null, "chicago:building_id": null, "access": null, "healthcare:counselling": null, "contact:facebook": null, "building:floor": null, "addr:floor": null, "internet_access": null, "payment:cash": null, "payment:credit_cards": null, "payment:debit_cards": null, "contact:instagram": null, "contact:linkedin": null, "contact:twitter": null, "contact:youtube": null, "reservation:website": null, "appointment:website": null, "contact:blog": null, "contact:website": null, "currency:XBT": null, "payment:lightning": null, "payment:lightning:operator": null, "payment:lightning_contactless": null, "payment:onchain": null, "nodes": null, "beds": null, "emergency": null, "gnis:feature_id": null, "building": null, "building:levels": null, "layer": null, "old_name": null, "university_of_chicago:building_id": null, "university_of_chicago:business_unit_name": null, "roof:levels": null, "ele": null, "abbr_name": null, "ref": null, "toilets:wheelchair": null, "healthcare:speciality:wikidata": null, "healthcare:speciality:wikipedia": null, "name:ko": null, "image": null, "payment:cards": null, "payment:cheque": null, "polling_station": null, "architect": null, "height": null, "opening_date": null, "beauty": null, "shop": null, "smoking": null, "ways": null, "type": null, "category": "Primary Care Center – Private / Non-profit" }, "geometry": { "type": "Point", "coordinates": [ -87.6805564, 41.9564725 ] } },
{ "type": "Feature", "properties": { "amenity": "clinic", "healthcare": "counselling", "name": "Planned Parenthood - Loop Health Center", "addr:city": "Chicago", "addr:housenumber": "16", "addr:postcode": "60602", "addr:state": "IL", "addr:street": "North Wabash Avenue", "check_date": null, "healthcare:speciality": null, "phone": null, "website": "http://plannedparenthood.org", "branch": null, "brand": null, "brand:wikidata": null, "disused:amenity": null, "level": "5", "opening_hours": null, "designation": null, "operator": "Planned Parenthood", "urgent_care": null, "wheelchair": null, "addr:unit": null, "addr:street:name": null, "addr:street:prefix": null, "addr:street:type": null, "social_facility": null, "source": "OpenStreetMap", "operator:type": "ngo", "operator:wikidata": "Q2553262", "operator:wikipedia": null, "addr:country": null, "name:etymology:wikidata": null, "name:etymology:wikipedia": null, "operator:short": null, "air_conditioning": null, "fax": null, "wikidata": null, "wikipedia": null, "description": null, "drive_through": null, "name:vi": null, "healthcare:for": null, "short_name": null, "check_date:opening_hours": null, "contact:phone": null, "email": null, "opening_hours:signed": null, "alt_name": null, "addr:suite": null, "note:payment": null, "payment:american_express": null, "payment:discover_card": null, "payment:mastercard": null, "payment:visa": null, "start_date": null, "chicago:building_id": null, "access": null, "healthcare:counselling": "antenatal;sexual", "contact:facebook": null, "building:floor": null, "addr:floor": null, "internet_access": null, "payment:cash": null, "payment:credit_cards": null, "payment:debit_cards": null, "contact:instagram": null, "contact:linkedin": null, "contact:twitter": null, "contact:youtube": null, "reservation:website": null, "appointment:website": null, "contact:blog": null, "contact:website": null, "currency:XBT": null, "payment:lightning": null, "payment:lightning:operator": null, "payment:lightning_contactless": null, "payment:onchain": null, "nodes": null, "beds": null, "emergency": null, "gnis:feature_id": null, "building": null, "building:levels": null, "layer": null, "old_name": null, "university_of_chicago:building_id": null, "university_of_chicago:business_unit_name": null, "roof:levels": null, "ele": null, "abbr_name": null, "ref": null, "toilets:wheelchair": null, "healthcare:speciality:wikidata": null, "healthcare:speciality:wikipedia": null, "name:ko": null, "image": null, "payment:cards": null, "payment:cheque": null, "polling_station": null, "architect": null, "height": null, "opening_date": null, "beauty": null, "shop": null, "smoking": null, "ways": null, "type": null, "category": "Primary Care Center – Private / Non-profit" }, "geometry": { "type": "Point", "coordinates": [ -87.6266338, 41.8826356 ] } },
{ "type": "Feature", "properties": { "amenity": "clinic", "healthcare": "clinic", "name": "Action Behavior Centers - ABA Therapy for Autism", "addr:city": "Chicago", "addr:housenumber": "5507", "addr:postcode": "60656", "addr:state": "IL", "addr:street": "North Cumberland Avenue", "check_date": null, "healthcare:speciality": "psychotherapist", "phone": "+1-331-808-5557", "website": "https://www.actionbehavior.com/location/illinois/park-ridge", "branch": null, "brand": null, "brand:wikidata": null, "disused:amenity": null, "level": null, "opening_hours": "Mo-Fr 08:00-17:00", "designation": null, "operator": null, "urgent_care": null, "wheelchair": null, "addr:unit": "403", "addr:street:name": null, "addr:street:prefix": null, "addr:street:type": null, "social_facility": null, "source": "OpenStreetMap", "operator:type": null, "operator:wikidata": null, "operator:wikipedia": null, "addr:country": null, "name:etymology:wikidata": null, "name:etymology:wikipedia": null, "operator:short": null, "air_conditioning": null, "fax": null, "wikidata": null, "wikipedia": null, "description": null, "drive_through": null, "name:vi": null, "healthcare:for": null, "short_name": null, "check_date:opening_hours": null, "contact:phone": null, "email": null, "opening_hours:signed": null, "alt_name": null, "addr:suite": null, "note:payment": null, "payment:american_express": null, "payment:discover_card": null, "payment:mastercard": null, "payment:visa": null, "start_date": null, "chicago:building_id": null, "access": null, "healthcare:counselling": null, "contact:facebook": "ActionBehaviorCenters", "building:floor": null, "addr:floor": null, "internet_access": null, "payment:cash": null, "payment:credit_cards": null, "payment:debit_cards": null, "contact:instagram": "actionbehaviorcenters", "contact:linkedin": "action-behavior-centers", "contact:twitter": "actionbehavior", "contact:youtube": "actionbehaviorcenters", "reservation:website": "https://www.actionbehavior.com/contact-us/", "appointment:website": null, "contact:blog": null, "contact:website": null, "currency:XBT": null, "payment:lightning": null, "payment:lightning:operator": null, "payment:lightning_contactless": null, "payment:onchain": null, "nodes": null, "beds": null, "emergency": null, "gnis:feature_id": null, "building": null, "building:levels": null, "layer": null, "old_name": null, "university_of_chicago:building_id": null, "university_of_chicago:business_unit_name": null, "roof:levels": null, "ele": null, "abbr_name": null, "ref": null, "toilets:wheelchair": null, "healthcare:speciality:wikidata": null, "healthcare:speciality:wikipedia": null, "name:ko": null, "image": null, "payment:cards": null, "payment:cheque": null, "polling_station": null, "architect": null, "height": null, "opening_date": null, "beauty": null, "shop": null, "smoking": null, "ways": null, "type": null, "category": "Primary Care Center – Private / Non-profit" }, "geometry": { "type": "Point", "coordinates": [ -87.83437859999998, 41.97904 ] } },
{ "type": "Feature", "properties": { "amenity": "hospital", "healthcare": "hospital", "name": "Action Behavior Centers - ABA Therapy for Autism", "addr:city": "Chicago", "addr:housenumber": "3944", "addr:postcode": "60618", "addr:state": "IL", "addr:street": "North Western Avenue", "check_date": null, "healthcare:speciality": null, "phone": null, "website": null, "branch": null, "brand": null, "brand:wikidata": null, "disused:amenity": null, "level": null, "opening_hours": "Mo-Fr 08:00-17:00", "designation": null, "operator": null, "urgent_care": null, "wheelchair": null, "addr:unit": null, "addr:street:name": null, "addr:street:prefix": null, "addr:street:type": null, "social_facility": null, "source": "OpenStreetMap", "operator:type": null, "operator:wikidata": null, "operator:wikipedia": null, "addr:country": null, "name:etymology:wikidata": null, "name:etymology:wikipedia": null, "operator:short": null, "air_conditioning": null, "fax": null, "wikidata": null, "wikipedia": null, "description": null, "drive_through": null, "name:vi": null, "healthcare:for": null, "short_name": null, "check_date:opening_hours": null, "contact:phone": "+1-872-713-0117", "email": null, "opening_hours:signed": null, "alt_name": null, "addr:suite": null, "note:payment": null, "payment:american_express": null, "payment:discover_card": null, "payment:mastercard": null, "payment:visa": null, "start_date": null, "chicago:building_id": null, "access": null, "healthcare:counselling": null, "contact:facebook": "https://www.facebook.com/ActionBehaviorCenters/", "building:floor": null, "addr:floor": null, "internet_access": null, "payment:cash": null, "payment:credit_cards": null, "payment:debit_cards": null, "contact:instagram": "https://www.instagram.com/actionbehaviorcenters/", "contact:linkedin": "https://www.linkedin.com/company/action-behavior-centers", "contact:twitter": "https://x.com/actionbehavior", "contact:youtube": "https://www.youtube.com/@actionbehaviorcenters", "reservation:website": null, "appointment:website": "https://www.actionbehavior.com/contact-us/", "contact:blog": "https://www.actionbehavior.com/blog/", "contact:website": "https://www.actionbehavior.com/location/illinois/north-center", "currency:XBT": null, "payment:lightning": null, "payment:lightning:operator": null, "payment:lightning_contactless": null, "payment:onchain": null, "nodes": null, "beds": null, "emergency": null, "gnis:feature_id": null, "building": null, "building:levels": null, "layer": null, "old_name": null, "university_of_chicago:building_id": null, "university_of_chicago:business_unit_name": null, "roof:levels": null, "ele": null, "abbr_name": null, "ref": null, "toilets:wheelchair": null, "healthcare:speciality:wikidata": null, "healthcare:speciality:wikipedia": null, "name:ko": null, "image": null, "payment:cards": null, "payment:cheque": null, "polling_station": null, "architect": null, "height": null, "opening_date": null, "beauty": null, "shop": null, "smoking": null, "ways": null, "type": null, "category": "Hospital – Private / Non-profit" }, "geometry": { "type": "Point", "coordinates": [ -87.6888233, 41.9534467 ] } },
{ "type": "Feature", "properties": { "amenity": "hospital", "healthcare": "hospital", "name": "Action Behavior Centers - ABA Therapy for Autism", "addr:city": "Chicago", "addr:housenumber": "1325", "addr:postcode": "60607", "addr:state": "IL", "addr:street": "West Randolph Street", "check_date": null, "healthcare:speciality": null, "phone": "+1 331-207-1773", "website": "https://www.actionbehavior.com/location/illinois/west-loop-randolph-st", "branch": null, "brand": null, "brand:wikidata": null, "disused:amenity": null, "level": null, "opening_hours": "Mo-Fr 08:00-17:00", "designation": null, "operator": null, "urgent_care": null, "wheelchair": null, "addr:unit": null, "addr:street:name": null, "addr:street:prefix": null, "addr:street:type": null, "social_facility": null, "source": "OpenStreetMap", "operator:type": null, "operator:wikidata": null, "operator:wikipedia": null, "addr:country": null, "name:etymology:wikidata": null, "name:etymology:wikipedia": null, "operator:short": null, "air_conditioning": null, "fax": null, "wikidata": null, "wikipedia": null, "description": null, "drive_through": null, "name:vi": null, "healthcare:for": null, "short_name": null, "check_date:opening_hours": null, "contact:phone": null, "email": null, "opening_hours:signed": null, "alt_name": null, "addr:suite": null, "note:payment": null, "payment:american_express": null, "payment:discover_card": null, "payment:mastercard": null, "payment:visa": null, "start_date": null, "chicago:building_id": null, "access": null, "healthcare:counselling": null, "contact:facebook": "ActionBehaviorCenters", "building:floor": null, "addr:floor": null, "internet_access": null, "payment:cash": null, "payment:credit_cards": null, "payment:debit_cards": null, "contact:instagram": "actionbehaviorcenters", "contact:linkedin": "action-behavior-centers", "contact:twitter": "actionbehavior", "contact:youtube": "actionbehaviorcenters", "reservation:website": null, "appointment:website": null, "contact:blog": null, "contact:website": null, "currency:XBT": null, "payment:lightning": null, "payment:lightning:operator": null, "payment:lightning_contactless": null, "payment:onchain": null, "nodes": null, "beds": null, "emergency": null, "gnis:feature_id": null, "building": null, "building:levels": null, "layer": null, "old_name": null, "university_of_chicago:building_id": null, "university_of_chicago:business_unit_name": null, "roof:levels": null, "ele": null, "abbr_name": null, "ref": null, "toilets:wheelchair": null, "healthcare:speciality:wikidata": null, "healthcare:speciality:wikipedia": null, "name:ko": null, "image": null, "payment:cards": null, "payment:cheque": null, "polling_station": null, "architect": null, "height": null, "opening_date": null, "beauty": null, "shop": null, "smoking": null, "ways": null, "type": null, "category": "Hospital – Private / Non-profit" }, "geometry": { "type": "Point", "coordinates": [ -87.6598548, 41.8838635 ] } },
{ "type": "Feature", "properties": { "amenity": "doctors", "healthcare": "doctor", "name": "Chicago Skin Clinic", "addr:city": "Chicago", "addr:housenumber": "5440", "addr:postcode": "60641", "addr:state": "IL", "addr:street": "West Belmont Avenue", "check_date": "2025-11-12", "healthcare:speciality": "dermatology", "phone": null, "website": null, "branch": null, "brand": null, "brand:wikidata": null, "disused:amenity": null, "level": null, "opening_hours": "Mo,We 10:00-14:00; Tu,Th 11:00-18:00; Fr 12:00-18:00", "designation": null, "operator": null, "urgent_care": null, "wheelchair": null, "addr:unit": null, "addr:street:name": null, "addr:street:prefix": null, "addr:street:type": null, "social_facility": null, "source": "OpenStreetMap", "operator:type": null, "operator:wikidata": null, "operator:wikipedia": null, "addr:country": null, "name:etymology:wikidata": null, "name:etymology:wikipedia": null, "operator:short": null, "air_conditioning": null, "fax": null, "wikidata": null, "wikipedia": null, "description": null, "drive_through": null, "name:vi": null, "healthcare:for": null, "short_name": null, "check_date:opening_hours": null, "contact:phone": null, "email": null, "opening_hours:signed": null, "alt_name": null, "addr:suite": null, "note:payment": null, "payment:american_express": null, "payment:discover_card": null, "payment:mastercard": null, "payment:visa": null, "start_date": null, "chicago:building_id": null, "access": null, "healthcare:counselling": null, "contact:facebook": null, "building:floor": null, "addr:floor": null, "internet_access": null, "payment:cash": null, "payment:credit_cards": null, "payment:debit_cards": null, "contact:instagram": null, "contact:linkedin": null, "contact:twitter": null, "contact:youtube": null, "reservation:website": null, "appointment:website": null, "contact:blog": null, "contact:website": null, "currency:XBT": "yes", "payment:lightning": "yes", "payment:lightning:operator": "square", "payment:lightning_contactless": "no", "payment:onchain": "no", "nodes": null, "beds": null, "emergency": null, "gnis:feature_id": null, "building": null, "building:levels": null, "layer": null, "old_name": null, "university_of_chicago:building_id": null, "university_of_chicago:business_unit_name": null, "roof:levels": null, "ele": null, "abbr_name": null, "ref": null, "toilets:wheelchair": null, "healthcare:speciality:wikidata": null, "healthcare:speciality:wikipedia": null, "name:ko": null, "image": null, "payment:cards": null, "payment:cheque": null, "polling_station": null, "architect": null, "height": null, "opening_date": null, "beauty": null, "shop": null, "smoking": null, "ways": null, "type": null, "category": "Primary Care Center – Private / Non-profit" }, "geometry": { "type": "Point", "coordinates": [ -87.7632873, 41.9387619 ] } },
{ "type": "Feature", "properties": { "amenity": "doctors", "healthcare": "doctor", "name": "Midwest Orthopaedics at Rush", "addr:city": null, "addr:housenumber": null, "addr:postcode": null, "addr:state": null, "addr:street": null, "check_date": "2026-01-02", "healthcare:speciality": "orthopaedics", "phone": null, "website": null, "branch": null, "brand": null, "brand:wikidata": null, "disused:amenity": null, "level": null, "opening_hours": null, "designation": null, "operator": null, "urgent_care": null, "wheelchair": null, "addr:unit": null, "addr:street:name": null, "addr:street:prefix": null, "addr:street:type": null, "social_facility": null, "source": "OpenStreetMap", "operator:type": null, "operator:wikidata": null, "operator:wikipedia": null, "addr:country": null, "name:etymology:wikidata": null, "name:etymology:wikipedia": null, "operator:short": null, "air_conditioning": null, "fax": null, "wikidata": null, "wikipedia": null, "description": null, "drive_through": null, "name:vi": null, "healthcare:for": null, "short_name": null, "check_date:opening_hours": null, "contact:phone": null, "email": null, "opening_hours:signed": null, "alt_name": null, "addr:suite": null, "note:payment": null, "payment:american_express": null, "payment:discover_card": null, "payment:mastercard": null, "payment:visa": null, "start_date": null, "chicago:building_id": null, "access": null, "healthcare:counselling": null, "contact:facebook": null, "building:floor": null, "addr:floor": null, "internet_access": null, "payment:cash": null, "payment:credit_cards": null, "payment:debit_cards": null, "contact:instagram": null, "contact:linkedin": null, "contact:twitter": null, "contact:youtube": null, "reservation:website": null, "appointment:website": null, "contact:blog": null, "contact:website": null, "currency:XBT": null, "payment:lightning": null, "payment:lightning:operator": null, "payment:lightning_contactless": null, "payment:onchain": null, "nodes": null, "beds": null, "emergency": null, "gnis:feature_id": null, "building": null, "building:levels": null, "layer": null, "old_name": null, "university_of_chicago:building_id": null, "university_of_chicago:business_unit_name": null, "roof:levels": null, "ele": null, "abbr_name": null, "ref": null, "toilets:wheelchair": null, "healthcare:speciality:wikidata": null, "healthcare:speciality:wikipedia": null, "name:ko": null, "image": null, "payment:cards": null, "payment:cheque": null, "polling_station": null, "architect": null, "height": null, "opening_date": null, "beauty": null, "shop": null, "smoking": null, "ways": null, "type": null, "category": "Primary Care Center – Private / Non-profit" }, "geometry": { "type": "Point", "coordinates": [ -87.8053846, 41.9104148 ] } },
{ "type": "Feature", "properties": { "amenity": "doctors", "healthcare": "doctor", "name": "Weissbluth Pediatrican", "addr:city": "Chicago", "addr:housenumber": "1471", "addr:postcode": "60605", "addr:state": "IL", "addr:street": "South Michigan Avenue", "check_date": "2026-01-04", "healthcare:speciality": "paediatrics", "phone": null, "website": null, "branch": null, "brand": null, "brand:wikidata": null, "disused:amenity": null, "level": null, "opening_hours": null, "designation": null, "operator": null, "urgent_care": null, "wheelchair": null, "addr:unit": null, "addr:street:name": null, "addr:street:prefix": null, "addr:street:type": null, "social_facility": null, "source": "OpenStreetMap", "operator:type": null, "operator:wikidata": null, "operator:wikipedia": null, "addr:country": null, "name:etymology:wikidata": null, "name:etymology:wikipedia": null, "operator:short": null, "air_conditioning": null, "fax": null, "wikidata": null, "wikipedia": null, "description": null, "drive_through": null, "name:vi": null, "healthcare:for": null, "short_name": null, "check_date:opening_hours": null, "contact:phone": null, "email": null, "opening_hours:signed": null, "alt_name": null, "addr:suite": null, "note:payment": null, "payment:american_express": null, "payment:discover_card": null, "payment:mastercard": null, "payment:visa": null, "start_date": null, "chicago:building_id": null, "access": null, "healthcare:counselling": null, "contact:facebook": null, "building:floor": null, "addr:floor": null, "internet_access": null, "payment:cash": null, "payment:credit_cards": null, "payment:debit_cards": null, "contact:instagram": null, "contact:linkedin": null, "contact:twitter": null, "contact:youtube": null, "reservation:website": null, "appointment:website": null, "contact:blog": null, "contact:website": null, "currency:XBT": null, "payment:lightning": null, "payment:lightning:operator": null, "payment:lightning_contactless": null, "payment:onchain": null, "nodes": null, "beds": null, "emergency": null, "gnis:feature_id": null, "building": null, "building:levels": null, "layer": null, "old_name": null, "university_of_chicago:building_id": null, "university_of_chicago:business_unit_name": null, "roof:levels": null, "ele": null, "abbr_name": null, "ref": null, "toilets:wheelchair": null, "healthcare:speciality:wikidata": null, "healthcare:speciality:wikipedia": null, "name:ko": null, "image": null, "payment:cards": null, "payment:cheque": null, "polling_station": null, "architect": null, "height": null, "opening_date": null, "beauty": null, "shop": null, "smoking": null, "ways": null, "type": null, "category": "Primary Care Center – Private / Non-profit" }, "geometry": { "type": "Point", "coordinates": [ -87.6238181, 41.8620975 ] } },
{ "type": "Feature", "properties": { "amenity": "clinic", "healthcare": "clinic", "name": "Endeavor Health - Immediate Care", "addr:city": "Chicago", "addr:housenumber": "5238", "addr:postcode": "60640", "addr:state": "IL", "addr:street": "North Broadway", "check_date": null, "healthcare:speciality": null, "phone": "+1 224 364 2273", "website": "https://www.endeavorhealth.org/locations/immediate-care-chicago-broadway-square", "branch": null, "brand": null, "brand:wikidata": null, "disused:amenity": null, "level": null, "opening_hours": "Mo-Fr 09:00-18:45; Sa-Su 08:00-16:45", "designation": null, "operator": "Endeavore Health", "urgent_care": null, "wheelchair": null, "addr:unit": null, "addr:street:name": null, "addr:street:prefix": null, "addr:street:type": null, "social_facility": null, "source": "OpenStreetMap", "operator:type": "private_non_profit", "operator:wikidata": null, "operator:wikipedia": null, "addr:country": null, "name:etymology:wikidata": null, "name:etymology:wikipedia": null, "operator:short": null, "air_conditioning": null, "fax": null, "wikidata": null, "wikipedia": null, "description": null, "drive_through": null, "name:vi": null, "healthcare:for": null, "short_name": null, "check_date:opening_hours": null, "contact:phone": null, "email": null, "opening_hours:signed": null, "alt_name": null, "addr:suite": null, "note:payment": null, "payment:american_express": null, "payment:discover_card": null, "payment:mastercard": null, "payment:visa": null, "start_date": null, "chicago:building_id": null, "access": null, "healthcare:counselling": null, "contact:facebook": null, "building:floor": null, "addr:floor": null, "internet_access": null, "payment:cash": null, "payment:credit_cards": null, "payment:debit_cards": null, "contact:instagram": null, "contact:linkedin": null, "contact:twitter": null, "contact:youtube": null, "reservation:website": null, "appointment:website": null, "contact:blog": null, "contact:website": null, "currency:XBT": null, "payment:lightning": null, "payment:lightning:operator": null, "payment:lightning_contactless": null, "payment:onchain": null, "nodes": null, "beds": null, "emergency": null, "gnis:feature_id": null, "building": null, "building:levels": null, "layer": null, "old_name": null, "university_of_chicago:building_id": null, "university_of_chicago:business_unit_name": null, "roof:levels": null, "ele": null, "abbr_name": null, "ref": null, "toilets:wheelchair": null, "healthcare:speciality:wikidata": null, "healthcare:speciality:wikipedia": null, "name:ko": null, "image": null, "payment:cards": null, "payment:cheque": null, "polling_station": null, "architect": null, "height": null, "opening_date": null, "beauty": null, "shop": null, "smoking": null, "ways": null, "type": null, "category": "Primary Care Center – Private / Non-profit" }, "geometry": { "type": "Point", "coordinates": [ -87.6604231, 41.9775294 ] } },
{ "type": "Feature", "properties": { "amenity": "clinic", "healthcare": "clinic", "name": "Physicians Immediate Care", "addr:city": "Chicago", "addr:housenumber": "1702", "addr:postcode": "60647", "addr:state": "IL", "addr:street": "North Milwaukee Avenue", "check_date": null, "healthcare:speciality": null, "phone": null, "website": "https://www.wellnow.com/urgent-care-centers/illinois/chicago/1702-n-milwaukee-ave-60647", "branch": "Bucktown/Wicker Park", "brand": null, "brand:wikidata": null, "disused:amenity": null, "level": null, "opening_hours": null, "designation": null, "operator": null, "urgent_care": null, "wheelchair": null, "addr:unit": null, "addr:street:name": null, "addr:street:prefix": null, "addr:street:type": null, "social_facility": null, "source": "OpenStreetMap", "operator:type": null, "operator:wikidata": null, "operator:wikipedia": null, "addr:country": null, "name:etymology:wikidata": null, "name:etymology:wikipedia": null, "operator:short": null, "air_conditioning": null, "fax": null, "wikidata": null, "wikipedia": null, "description": null, "drive_through": null, "name:vi": null, "healthcare:for": null, "short_name": null, "check_date:opening_hours": null, "contact:phone": null, "email": null, "opening_hours:signed": null, "alt_name": null, "addr:suite": null, "note:payment": null, "payment:american_express": null, "payment:discover_card": null, "payment:mastercard": null, "payment:visa": null, "start_date": null, "chicago:building_id": null, "access": null, "healthcare:counselling": null, "contact:facebook": null, "building:floor": null, "addr:floor": null, "internet_access": null, "payment:cash": null, "payment:credit_cards": null, "payment:debit_cards": null, "contact:instagram": null, "contact:linkedin": null, "contact:twitter": null, "contact:youtube": null, "reservation:website": null, "appointment:website": null, "contact:blog": null, "contact:website": null, "currency:XBT": null, "payment:lightning": null, "payment:lightning:operator": null, "payment:lightning_contactless": null, "payment:onchain": null, "nodes": null, "beds": null, "emergency": null, "gnis:feature_id": null, "building": null, "building:levels": null, "layer": null, "old_name": null, "university_of_chicago:building_id": null, "university_of_chicago:business_unit_name": null, "roof:levels": null, "ele": null, "abbr_name": null, "ref": null, "toilets:wheelchair": null, "healthcare:speciality:wikidata": null, "healthcare:speciality:wikipedia": null, "name:ko": null, "image": null, "payment:cards": null, "payment:cheque": null, "polling_station": null, "architect": null, "height": null, "opening_date": null, "beauty": null, "shop": null, "smoking": null, "ways": null, "type": null, "category": "Primary Care Center – Private / Non-profit" }, "geometry": { "type": "Point", "coordinates": [ -87.6806426, 41.9120672 ] } },
{ "type": "Feature", "properties": { "amenity": "clinic", "healthcare": "clinic", "name": "Advocate Medical Group Outpatient Center", "addr:city": null, "addr:housenumber": "1435", "addr:postcode": "60614", "addr:state": null, "addr:street": "West Webster Avenue", "check_date": null, "healthcare:speciality": null, "phone": "+1-773-356-7700", "website": "https://www.advocatehealth.com/locations/advocate-outpatient-center-chicago", "branch": null, "brand": null, "brand:wikidata": null, "disused:amenity": null, "level": null, "opening_hours": null, "designation": null, "operator": null, "urgent_care": null, "wheelchair": null, "addr:unit": null, "addr:street:name": null, "addr:street:prefix": null, "addr:street:type": null, "social_facility": null, "source": "OpenStreetMap", "operator:type": null, "operator:wikidata": null, "operator:wikipedia": null, "addr:country": null, "name:etymology:wikidata": null, "name:etymology:wikipedia": null, "operator:short": null, "air_conditioning": null, "fax": null, "wikidata": null, "wikipedia": null, "description": null, "drive_through": null, "name:vi": null, "healthcare:for": null, "short_name": null, "check_date:opening_hours": null, "contact:phone": null, "email": null, "opening_hours:signed": null, "alt_name": null, "addr:suite": null, "note:payment": null, "payment:american_express": null, "payment:discover_card": null, "payment:mastercard": null, "payment:visa": null, "start_date": null, "chicago:building_id": null, "access": null, "healthcare:counselling": null, "contact:facebook": null, "building:floor": null, "addr:floor": null, "internet_access": null, "payment:cash": null, "payment:credit_cards": null, "payment:debit_cards": null, "contact:instagram": null, "contact:linkedin": null, "contact:twitter": null, "contact:youtube": null, "reservation:website": null, "appointment:website": null, "contact:blog": null, "contact:website": null, "currency:XBT": null, "payment:lightning": null, "payment:lightning:operator": null, "payment:lightning_contactless": null, "payment:onchain": null, "nodes": null, "beds": null, "emergency": null, "gnis:feature_id": null, "building": null, "building:levels": null, "layer": null, "old_name": null, "university_of_chicago:building_id": null, "university_of_chicago:business_unit_name": null, "roof:levels": null, "ele": null, "abbr_name": null, "ref": null, "toilets:wheelchair": null, "healthcare:speciality:wikidata": null, "healthcare:speciality:wikipedia": null, "name:ko": null, "image": null, "payment:cards": null, "payment:cheque": null, "polling_station": null, "architect": null, "height": null, "opening_date": null, "beauty": null, "shop": null, "smoking": null, "ways": null, "type": null, "category": "Primary Care Center – Private / Non-profit" }, "geometry": { "type": "Point", "coordinates": [ -87.664357099999989, 41.9211757 ] } },
{ "type": "Feature", "properties": { "amenity": "hospital", "healthcare": null, "name": "Advocate Illinois Masonic Diagnostic Imaging", "addr:city": null, "addr:housenumber": "3000", "addr:postcode": "60657", "addr:state": null, "addr:street": "North Halsted Street", "check_date": null, "healthcare:speciality": null, "phone": null, "website": "https://www.advocatehealth.com/locations/advocate-illinois-masonic-diagnostic-imaging-chicago-il", "branch": null, "brand": null, "brand:wikidata": null, "disused:amenity": null, "level": null, "opening_hours": null, "designation": null, "operator": null, "urgent_care": null, "wheelchair": null, "addr:unit": null, "addr:street:name": null, "addr:street:prefix": null, "addr:street:type": null, "social_facility": null, "source": "OpenStreetMap", "operator:type": null, "operator:wikidata": null, "operator:wikipedia": null, "addr:country": null, "name:etymology:wikidata": null, "name:etymology:wikipedia": null, "operator:short": null, "air_conditioning": null, "fax": null, "wikidata": null, "wikipedia": null, "description": null, "drive_through": null, "name:vi": null, "healthcare:for": null, "short_name": null, "check_date:opening_hours": null, "contact:phone": null, "email": null, "opening_hours:signed": null, "alt_name": null, "addr:suite": null, "note:payment": null, "payment:american_express": null, "payment:discover_card": null, "payment:mastercard": null, "payment:visa": null, "start_date": null, "chicago:building_id": null, "access": null, "healthcare:counselling": null, "contact:facebook": null, "building:floor": null, "addr:floor": null, "internet_access": null, "payment:cash": null, "payment:credit_cards": null, "payment:debit_cards": null, "contact:instagram": null, "contact:linkedin": null, "contact:twitter": null, "contact:youtube": null, "reservation:website": null, "appointment:website": null, "contact:blog": null, "contact:website": null, "currency:XBT": null, "payment:lightning": null, "payment:lightning:operator": null, "payment:lightning_contactless": null, "payment:onchain": null, "nodes": null, "beds": null, "emergency": null, "gnis:feature_id": null, "building": null, "building:levels": null, "layer": null, "old_name": null, "university_of_chicago:building_id": null, "university_of_chicago:business_unit_name": null, "roof:levels": null, "ele": null, "abbr_name": null, "ref": null, "toilets:wheelchair": null, "healthcare:speciality:wikidata": null, "healthcare:speciality:wikipedia": null, "name:ko": null, "image": null, "payment:cards": null, "payment:cheque": null, "polling_station": null, "architect": null, "height": null, "opening_date": null, "beauty": null, "shop": null, "smoking": null, "ways": null, "type": null, "category": "Hospital – Private / Non-profit" }, "geometry": { "type": "Point", "coordinates": [ -87.649429799999979, 41.9367518 ] } },
{ "type": "Feature", "properties": { "amenity": "clinic", "healthcare": "clinic", "name": "Family Urgent Care", "addr:city": null, "addr:housenumber": null, "addr:postcode": null, "addr:state": null, "addr:street": null, "check_date": null, "healthcare:speciality": null, "phone": null, "website": null, "branch": null, "brand": null, "brand:wikidata": null, "disused:amenity": null, "level": null, "opening_hours": null, "designation": null, "operator": null, "urgent_care": null, "wheelchair": null, "addr:unit": null, "addr:street:name": null, "addr:street:prefix": null, "addr:street:type": null, "social_facility": null, "source": "OpenStreetMap", "operator:type": null, "operator:wikidata": null, "operator:wikipedia": null, "addr:country": null, "name:etymology:wikidata": null, "name:etymology:wikipedia": null, "operator:short": null, "air_conditioning": null, "fax": null, "wikidata": null, "wikipedia": null, "description": null, "drive_through": null, "name:vi": null, "healthcare:for": null, "short_name": null, "check_date:opening_hours": null, "contact:phone": null, "email": null, "opening_hours:signed": null, "alt_name": null, "addr:suite": null, "note:payment": null, "payment:american_express": null, "payment:discover_card": null, "payment:mastercard": null, "payment:visa": null, "start_date": null, "chicago:building_id": null, "access": null, "healthcare:counselling": null, "contact:facebook": null, "building:floor": null, "addr:floor": null, "internet_access": null, "payment:cash": null, "payment:credit_cards": null, "payment:debit_cards": null, "contact:instagram": null, "contact:linkedin": null, "contact:twitter": null, "contact:youtube": null, "reservation:website": null, "appointment:website": null, "contact:blog": null, "contact:website": null, "currency:XBT": null, "payment:lightning": null, "payment:lightning:operator": null, "payment:lightning_contactless": null, "payment:onchain": null, "nodes": null, "beds": null, "emergency": null, "gnis:feature_id": null, "building": null, "building:levels": null, "layer": null, "old_name": null, "university_of_chicago:building_id": null, "university_of_chicago:business_unit_name": null, "roof:levels": null, "ele": null, "abbr_name": null, "ref": null, "toilets:wheelchair": null, "healthcare:speciality:wikidata": null, "healthcare:speciality:wikipedia": null, "name:ko": null, "image": null, "payment:cards": null, "payment:cheque": null, "polling_station": null, "architect": null, "height": null, "opening_date": null, "beauty": null, "shop": null, "smoking": null, "ways": null, "type": null, "category": "Primary Care Center – Private / Non-profit" }, "geometry": { "type": "Point", "coordinates": [ -87.6481213, 41.9118589 ] } },
{ "type": "Feature", "properties": { "amenity": "clinic", "healthcare": "clinic", "name": "Midwest Express Clinic", "addr:city": null, "addr:housenumber": null, "addr:postcode": null, "addr:state": null, "addr:street": null, "check_date": null, "healthcare:speciality": null, "phone": null, "website": null, "branch": null, "brand": null, "brand:wikidata": null, "disused:amenity": null, "level": null, "opening_hours": null, "designation": null, "operator": null, "urgent_care": null, "wheelchair": null, "addr:unit": null, "addr:street:name": null, "addr:street:prefix": null, "addr:street:type": null, "social_facility": null, "source": "OpenStreetMap", "operator:type": null, "operator:wikidata": null, "operator:wikipedia": null, "addr:country": null, "name:etymology:wikidata": null, "name:etymology:wikipedia": null, "operator:short": null, "air_conditioning": null, "fax": null, "wikidata": null, "wikipedia": null, "description": null, "drive_through": null, "name:vi": null, "healthcare:for": null, "short_name": null, "check_date:opening_hours": null, "contact:phone": null, "email": null, "opening_hours:signed": null, "alt_name": null, "addr:suite": null, "note:payment": null, "payment:american_express": null, "payment:discover_card": null, "payment:mastercard": null, "payment:visa": null, "start_date": null, "chicago:building_id": null, "access": null, "healthcare:counselling": null, "contact:facebook": null, "building:floor": null, "addr:floor": null, "internet_access": null, "payment:cash": null, "payment:credit_cards": null, "payment:debit_cards": null, "contact:instagram": null, "contact:linkedin": null, "contact:twitter": null, "contact:youtube": null, "reservation:website": null, "appointment:website": null, "contact:blog": null, "contact:website": null, "currency:XBT": null, "payment:lightning": null, "payment:lightning:operator": null, "payment:lightning_contactless": null, "payment:onchain": null, "nodes": null, "beds": null, "emergency": null, "gnis:feature_id": null, "building": null, "building:levels": null, "layer": null, "old_name": null, "university_of_chicago:building_id": null, "university_of_chicago:business_unit_name": null, "roof:levels": null, "ele": null, "abbr_name": null, "ref": null, "toilets:wheelchair": null, "healthcare:speciality:wikidata": null, "healthcare:speciality:wikipedia": null, "name:ko": null, "image": null, "payment:cards": null, "payment:cheque": null, "polling_station": null, "architect": null, "height": null, "opening_date": null, "beauty": null, "shop": null, "smoking": null, "ways": null, "type": null, "category": "Primary Care Center – Private / Non-profit" }, "geometry": { "type": "Point", "coordinates": [ -87.6350706, 41.8964204 ] } },
{ "type": "Feature", "properties": { "amenity": "clinic", "healthcare": "clinic", "name": "LasikPlus", "addr:city": null, "addr:housenumber": null, "addr:postcode": null, "addr:state": null, "addr:street": null, "check_date": null, "healthcare:speciality": "ophthalmology", "phone": null, "website": null, "branch": null, "brand": "LasikPlus", "brand:wikidata": "Q126111242", "disused:amenity": null, "level": null, "opening_hours": null, "designation": null, "operator": null, "urgent_care": null, "wheelchair": null, "addr:unit": null, "addr:street:name": null, "addr:street:prefix": null, "addr:street:type": null, "social_facility": null, "source": "OpenStreetMap", "operator:type": null, "operator:wikidata": null, "operator:wikipedia": null, "addr:country": null, "name:etymology:wikidata": null, "name:etymology:wikipedia": null, "operator:short": null, "air_conditioning": null, "fax": null, "wikidata": null, "wikipedia": null, "description": null, "drive_through": null, "name:vi": null, "healthcare:for": null, "short_name": null, "check_date:opening_hours": null, "contact:phone": null, "email": null, "opening_hours:signed": null, "alt_name": null, "addr:suite": null, "note:payment": null, "payment:american_express": null, "payment:discover_card": null, "payment:mastercard": null, "payment:visa": null, "start_date": null, "chicago:building_id": null, "access": null, "healthcare:counselling": null, "contact:facebook": null, "building:floor": null, "addr:floor": null, "internet_access": null, "payment:cash": null, "payment:credit_cards": null, "payment:debit_cards": null, "contact:instagram": null, "contact:linkedin": null, "contact:twitter": null, "contact:youtube": null, "reservation:website": null, "appointment:website": null, "contact:blog": null, "contact:website": null, "currency:XBT": null, "payment:lightning": null, "payment:lightning:operator": null, "payment:lightning_contactless": null, "payment:onchain": null, "nodes": null, "beds": null, "emergency": null, "gnis:feature_id": null, "building": null, "building:levels": null, "layer": null, "old_name": null, "university_of_chicago:building_id": null, "university_of_chicago:business_unit_name": null, "roof:levels": null, "ele": null, "abbr_name": null, "ref": null, "toilets:wheelchair": null, "healthcare:speciality:wikidata": null, "healthcare:speciality:wikipedia": null, "name:ko": null, "image": null, "payment:cards": null, "payment:cheque": null, "polling_station": null, "architect": null, "height": null, "opening_date": null, "beauty": null, "shop": null, "smoking": null, "ways": null, "type": null, "category": "Primary Care Center – Private / Non-profit" }, "geometry": { "type": "Point", "coordinates": [ -87.6529231, 41.9105469 ] } },
{ "type": "Feature", "properties": { "amenity": "clinic", "healthcare": "clinic", "name": "Ageless Men's Health", "addr:city": "Chicago", "addr:housenumber": "1729", "addr:postcode": null, "addr:state": "IL", "addr:street": "North Clybourn Avenue", "check_date": null, "healthcare:speciality": null, "phone": "+1-312-374-3947", "website": "https://www.agelessmenshealth.com/locations/lincoln-park/", "branch": null, "brand": null, "brand:wikidata": null, "disused:amenity": null, "level": null, "opening_hours": null, "designation": null, "operator": "Ageless Men's Health", "urgent_care": null, "wheelchair": null, "addr:unit": null, "addr:street:name": null, "addr:street:prefix": null, "addr:street:type": null, "social_facility": null, "source": "OpenStreetMap", "operator:type": null, "operator:wikidata": null, "operator:wikipedia": null, "addr:country": null, "name:etymology:wikidata": null, "name:etymology:wikipedia": null, "operator:short": null, "air_conditioning": null, "fax": "+1-312-374-8129", "wikidata": null, "wikipedia": null, "description": null, "drive_through": null, "name:vi": null, "healthcare:for": null, "short_name": null, "check_date:opening_hours": null, "contact:phone": null, "email": null, "opening_hours:signed": null, "alt_name": null, "addr:suite": null, "note:payment": null, "payment:american_express": null, "payment:discover_card": null, "payment:mastercard": null, "payment:visa": null, "start_date": null, "chicago:building_id": null, "access": null, "healthcare:counselling": null, "contact:facebook": null, "building:floor": null, "addr:floor": null, "internet_access": null, "payment:cash": null, "payment:credit_cards": null, "payment:debit_cards": null, "contact:instagram": null, "contact:linkedin": null, "contact:twitter": null, "contact:youtube": null, "reservation:website": null, "appointment:website": null, "contact:blog": null, "contact:website": null, "currency:XBT": null, "payment:lightning": null, "payment:lightning:operator": null, "payment:lightning_contactless": null, "payment:onchain": null, "nodes": null, "beds": null, "emergency": null, "gnis:feature_id": null, "building": null, "building:levels": null, "layer": null, "old_name": null, "university_of_chicago:building_id": null, "university_of_chicago:business_unit_name": null, "roof:levels": null, "ele": null, "abbr_name": null, "ref": null, "toilets:wheelchair": null, "healthcare:speciality:wikidata": null, "healthcare:speciality:wikipedia": null, "name:ko": null, "image": null, "payment:cards": null, "payment:cheque": null, "polling_station": null, "architect": null, "height": null, "opening_date": null, "beauty": null, "shop": null, "smoking": null, "ways": null, "type": null, "category": "Primary Care Center – Private / Non-profit" }, "geometry": { "type": "Point", "coordinates": [ -87.6516245, 41.9126068 ] } },
{ "type": "Feature", "properties": { "amenity": "clinic", "healthcare": "lice_removal", "name": "Hair Butterflies", "addr:city": "Chicago", "addr:housenumber": "1745", "addr:postcode": null, "addr:state": "IL", "addr:street": "North Clybourn Avenue", "check_date": null, "healthcare:speciality": null, "phone": "+1-312-374-3240", "website": "https://licenitremoval.com/", "branch": null, "brand": null, "brand:wikidata": null, "disused:amenity": null, "level": null, "opening_hours": null, "designation": null, "operator": null, "urgent_care": null, "wheelchair": null, "addr:unit": "1N", "addr:street:name": null, "addr:street:prefix": null, "addr:street:type": null, "social_facility": null, "source": "OpenStreetMap", "operator:type": null, "operator:wikidata": null, "operator:wikipedia": null, "addr:country": null, "name:etymology:wikidata": null, "name:etymology:wikipedia": null, "operator:short": null, "air_conditioning": null, "fax": null, "wikidata": null, "wikipedia": null, "description": null, "drive_through": null, "name:vi": null, "healthcare:for": null, "short_name": null, "check_date:opening_hours": null, "contact:phone": null, "email": null, "opening_hours:signed": null, "alt_name": null, "addr:suite": null, "note:payment": null, "payment:american_express": null, "payment:discover_card": null, "payment:mastercard": null, "payment:visa": null, "start_date": null, "chicago:building_id": null, "access": null, "healthcare:counselling": null, "contact:facebook": null, "building:floor": null, "addr:floor": null, "internet_access": null, "payment:cash": null, "payment:credit_cards": null, "payment:debit_cards": null, "contact:instagram": null, "contact:linkedin": null, "contact:twitter": null, "contact:youtube": null, "reservation:website": null, "appointment:website": null, "contact:blog": null, "contact:website": null, "currency:XBT": null, "payment:lightning": null, "payment:lightning:operator": null, "payment:lightning_contactless": null, "payment:onchain": null, "nodes": null, "beds": null, "emergency": null, "gnis:feature_id": null, "building": null, "building:levels": null, "layer": null, "old_name": null, "university_of_chicago:building_id": null, "university_of_chicago:business_unit_name": null, "roof:levels": null, "ele": null, "abbr_name": null, "ref": null, "toilets:wheelchair": null, "healthcare:speciality:wikidata": null, "healthcare:speciality:wikipedia": null, "name:ko": null, "image": null, "payment:cards": null, "payment:cheque": null, "polling_station": null, "architect": null, "height": null, "opening_date": null, "beauty": null, "shop": null, "smoking": null, "ways": null, "type": null, "category": "Primary Care Center – Private / Non-profit" }, "geometry": { "type": "Point", "coordinates": [ -87.6520248, 41.9129989 ] } },
{ "type": "Feature", "properties": { "amenity": "clinic", "healthcare": "clinic;sample_collection;laboratory", "name": "Raden Wellness", "addr:city": null, "addr:housenumber": null, "addr:postcode": null, "addr:state": null, "addr:street": null, "check_date": null, "healthcare:speciality": null, "phone": "+1-773-598-6995", "website": "https://radenwellness.com/locations/lincoln-park/", "branch": null, "brand": null, "brand:wikidata": null, "disused:amenity": null, "level": null, "opening_hours": null, "designation": null, "operator": null, "urgent_care": null, "wheelchair": null, "addr:unit": null, "addr:street:name": null, "addr:street:prefix": null, "addr:street:type": null, "social_facility": null, "source": "OpenStreetMap", "operator:type": null, "operator:wikidata": null, "operator:wikipedia": null, "addr:country": null, "name:etymology:wikidata": null, "name:etymology:wikipedia": null, "operator:short": null, "air_conditioning": null, "fax": null, "wikidata": null, "wikipedia": null, "description": null, "drive_through": null, "name:vi": null, "healthcare:for": null, "short_name": null, "check_date:opening_hours": null, "contact:phone": null, "email": null, "opening_hours:signed": null, "alt_name": null, "addr:suite": null, "note:payment": null, "payment:american_express": null, "payment:discover_card": null, "payment:mastercard": null, "payment:visa": null, "start_date": null, "chicago:building_id": null, "access": null, "healthcare:counselling": null, "contact:facebook": null, "building:floor": null, "addr:floor": null, "internet_access": null, "payment:cash": null, "payment:credit_cards": null, "payment:debit_cards": null, "contact:instagram": null, "contact:linkedin": null, "contact:twitter": null, "contact:youtube": null, "reservation:website": null, "appointment:website": null, "contact:blog": null, "contact:website": null, "currency:XBT": null, "payment:lightning": null, "payment:lightning:operator": null, "payment:lightning_contactless": null, "payment:onchain": null, "nodes": null, "beds": null, "emergency": null, "gnis:feature_id": null, "building": null, "building:levels": null, "layer": null, "old_name": null, "university_of_chicago:building_id": null, "university_of_chicago:business_unit_name": null, "roof:levels": null, "ele": null, "abbr_name": null, "ref": null, "toilets:wheelchair": null, "healthcare:speciality:wikidata": null, "healthcare:speciality:wikipedia": null, "name:ko": null, "image": null, "payment:cards": null, "payment:cheque": null, "polling_station": null, "architect": null, "height": null, "opening_date": null, "beauty": null, "shop": null, "smoking": null, "ways": null, "type": null, "category": "Primary Care Center – Private / Non-profit" }, "geometry": { "type": "Point", "coordinates": [ -87.656198299999986, 41.9158649 ] } },
{ "type": "Feature", "properties": { "amenity": "hospital", "healthcare": "hospital", "name": "Resurrection Medical Center", "addr:city": "Chicago", "addr:housenumber": "7435", "addr:postcode": "60631", "addr:state": "IL", "addr:street": "West Talcott Avenue", "check_date": null, "healthcare:speciality": null, "phone": "+1 773 774 8000", "website": "https://resurrectionmedicalcenter.com/", "branch": null, "brand": null, "brand:wikidata": null, "disused:amenity": null, "level": null, "opening_hours": "24/7", "designation": null, "operator": "Prime Healthcare Services", "urgent_care": null, "wheelchair": null, "addr:unit": null, "addr:street:name": "Talcott", "addr:street:prefix": null, "addr:street:type": null, "social_facility": null, "source": "OpenStreetMap", "operator:type": "private", "operator:wikidata": "Q7243267", "operator:wikipedia": null, "addr:country": null, "name:etymology:wikidata": null, "name:etymology:wikipedia": null, "operator:short": null, "air_conditioning": null, "fax": null, "wikidata": "Q61667537", "wikipedia": null, "description": null, "drive_through": null, "name:vi": null, "healthcare:for": null, "short_name": null, "check_date:opening_hours": null, "contact:phone": null, "email": null, "opening_hours:signed": null, "alt_name": null, "addr:suite": null, "note:payment": null, "payment:american_express": null, "payment:discover_card": null, "payment:mastercard": null, "payment:visa": null, "start_date": null, "chicago:building_id": null, "access": null, "healthcare:counselling": null, "contact:facebook": null, "building:floor": null, "addr:floor": null, "internet_access": null, "payment:cash": null, "payment:credit_cards": null, "payment:debit_cards": null, "contact:instagram": null, "contact:linkedin": null, "contact:twitter": null, "contact:youtube": null, "reservation:website": null, "appointment:website": null, "contact:blog": null, "contact:website": null, "currency:XBT": null, "payment:lightning": null, "payment:lightning:operator": null, "payment:lightning_contactless": null, "payment:onchain": null, "nodes": [ 316157113, 316157114, 316157115, 354133602, 316157116, 316157113 ], "beds": "360", "emergency": "yes", "gnis:feature_id": "416556", "building": null, "building:levels": null, "layer": null, "old_name": null, "university_of_chicago:building_id": null, "university_of_chicago:business_unit_name": null, "roof:levels": null, "ele": null, "abbr_name": null, "ref": null, "toilets:wheelchair": null, "healthcare:speciality:wikidata": null, "healthcare:speciality:wikipedia": null, "name:ko": null, "image": null, "payment:cards": null, "payment:cheque": null, "polling_station": null, "architect": null, "height": null, "opening_date": null, "beauty": null, "shop": null, "smoking": null, "ways": null, "type": null, "category": "Hospital – Private / Non-profit" }, "geometry": { "type": "Point", "coordinates": [ -87.814611752946021, 41.987781178961612 ] } },
{ "type": "Feature", "properties": { "amenity": "hospital", "healthcare": "hospital", "name": "Saint Mary of Nazareth Hospital", "addr:city": "Chicago", "addr:housenumber": "2233", "addr:postcode": "60622", "addr:state": "IL", "addr:street": "West Division Street", "check_date": null, "healthcare:speciality": null, "phone": "+1 312 770 2000", "website": "https://saintmaryofnazarethhospital.com/", "branch": null, "brand": null, "brand:wikidata": null, "disused:amenity": null, "level": null, "opening_hours": "24/7", "designation": null, "operator": "Prime Healthcare Services", "urgent_care": null, "wheelchair": "yes", "addr:unit": null, "addr:street:name": null, "addr:street:prefix": null, "addr:street:type": null, "social_facility": null, "source": "OpenStreetMap", "operator:type": "private", "operator:wikidata": "Q7243267", "operator:wikipedia": null, "addr:country": null, "name:etymology:wikidata": null, "name:etymology:wikipedia": null, "operator:short": null, "air_conditioning": null, "fax": null, "wikidata": null, "wikipedia": null, "description": null, "drive_through": null, "name:vi": null, "healthcare:for": null, "short_name": null, "check_date:opening_hours": null, "contact:phone": null, "email": null, "opening_hours:signed": null, "alt_name": "Presence Saints Mary and Elizabeth Medical Center", "addr:suite": null, "note:payment": null, "payment:american_express": null, "payment:discover_card": null, "payment:mastercard": null, "payment:visa": null, "start_date": null, "chicago:building_id": null, "access": null, "healthcare:counselling": null, "contact:facebook": null, "building:floor": null, "addr:floor": null, "internet_access": null, "payment:cash": null, "payment:credit_cards": null, "payment:debit_cards": null, "contact:instagram": null, "contact:linkedin": null, "contact:twitter": null, "contact:youtube": null, "reservation:website": null, "appointment:website": null, "contact:blog": null, "contact:website": null, "currency:XBT": null, "payment:lightning": null, "payment:lightning:operator": null, "payment:lightning_contactless": null, "payment:onchain": null, "nodes": [ 9940689485, 346053561, 10253059175, 346053563, 346053564, 10253059176, 9940689485 ], "beds": "495", "emergency": "yes", "gnis:feature_id": "417534", "building": null, "building:levels": null, "layer": null, "old_name": null, "university_of_chicago:building_id": null, "university_of_chicago:business_unit_name": null, "roof:levels": null, "ele": null, "abbr_name": null, "ref": null, "toilets:wheelchair": null, "healthcare:speciality:wikidata": null, "healthcare:speciality:wikipedia": null, "name:ko": null, "image": null, "payment:cards": null, "payment:cheque": null, "polling_station": null, "architect": null, "height": null, "opening_date": null, "beauty": null, "shop": null, "smoking": null, "ways": null, "type": null, "category": "Hospital – Private / Non-profit" }, "geometry": { "type": "Point", "coordinates": [ -87.683385073301466, 41.90308070785801 ] } },
{ "type": "Feature", "properties": { "amenity": "hospital", "healthcare": "hospital", "name": "Ann & Robert H. Lurie Children's Hospital", "addr:city": "Chicago", "addr:housenumber": "225", "addr:postcode": "60611", "addr:state": "IL", "addr:street": "East Chicago Avenue", "check_date": null, "healthcare:speciality": "paediatrics", "phone": "+1 312 227 4000", "website": "https://www.luriechildrens.org/", "branch": null, "brand": null, "brand:wikidata": null, "disused:amenity": null, "level": null, "opening_hours": "24/7", "designation": null, "operator": "Northwestern Medicine", "urgent_care": null, "wheelchair": null, "addr:unit": null, "addr:street:name": null, "addr:street:prefix": null, "addr:street:type": null, "social_facility": null, "source": "OpenStreetMap", "operator:type": "private", "operator:wikidata": "Q50036890", "operator:wikipedia": null, "addr:country": null, "name:etymology:wikidata": "Q4766763", "name:etymology:wikipedia": "en:Ann and Robert H. Lurie Foundation", "operator:short": null, "air_conditioning": null, "fax": null, "wikidata": "Q6704935", "wikipedia": "en:Lurie Children's Hospital", "description": null, "drive_through": null, "name:vi": null, "healthcare:for": null, "short_name": null, "check_date:opening_hours": null, "contact:phone": null, "email": null, "opening_hours:signed": null, "alt_name": null, "addr:suite": null, "note:payment": null, "payment:american_express": null, "payment:discover_card": null, "payment:mastercard": null, "payment:visa": null, "start_date": null, "chicago:building_id": null, "access": null, "healthcare:counselling": null, "contact:facebook": null, "building:floor": null, "addr:floor": null, "internet_access": null, "payment:cash": null, "payment:credit_cards": null, "payment:debit_cards": null, "contact:instagram": null, "contact:linkedin": null, "contact:twitter": null, "contact:youtube": null, "reservation:website": null, "appointment:website": null, "contact:blog": null, "contact:website": null, "currency:XBT": null, "payment:lightning": null, "payment:lightning:operator": null, "payment:lightning_contactless": null, "payment:onchain": null, "nodes": [ 11915821217, 11915826545, 600180356, 11915821218, 11915821222, 600180357, 11915821241, 1712440962, 600180358, 11915821212, 11915826501, 11915826500, 11915821261, 600180359, 11915821251, 11915821215, 11915821216, 9910688221, 3627293586, 9910688220, 9910668516, 5254283696, 5254283695, 9910668512, 11915826469, 9910668509, 600180360, 9910668503, 3627293585, 9910668502, 9910668506, 9910668507, 11915821260, 11915821217 ], "beds": "360", "emergency": "yes", "gnis:feature_id": null, "building": "hospital", "building:levels": "24", "layer": "1", "old_name": null, "university_of_chicago:building_id": null, "university_of_chicago:business_unit_name": null, "roof:levels": null, "ele": null, "abbr_name": null, "ref": null, "toilets:wheelchair": null, "healthcare:speciality:wikidata": null, "healthcare:speciality:wikipedia": null, "name:ko": null, "image": null, "payment:cards": null, "payment:cheque": null, "polling_station": null, "architect": null, "height": null, "opening_date": null, "beauty": null, "shop": null, "smoking": null, "ways": null, "type": null, "category": "Hospital – Private / Non-profit" }, "geometry": { "type": "Point", "coordinates": [ -87.62196141742821, 41.896218340953496 ] } },
{ "type": "Feature", "properties": { "amenity": "hospital", "healthcare": "hospital", "name": "Thorek Memorial Hospital Andersonville", "addr:city": "Chicago", "addr:housenumber": "5025", "addr:postcode": "60640", "addr:state": "IL", "addr:street": "North Paulina Street", "check_date": null, "healthcare:speciality": null, "phone": "+1 773 271 9040", "website": "https://thorekandersonville.org/", "branch": null, "brand": null, "brand:wikidata": null, "disused:amenity": null, "level": null, "opening_hours": "24/7", "designation": null, "operator": "Thorek Memorial Hospital", "urgent_care": null, "wheelchair": null, "addr:unit": null, "addr:street:name": null, "addr:street:prefix": null, "addr:street:type": null, "social_facility": null, "source": "OpenStreetMap", "operator:type": null, "operator:wikidata": null, "operator:wikipedia": null, "addr:country": null, "name:etymology:wikidata": null, "name:etymology:wikipedia": null, "operator:short": null, "air_conditioning": null, "fax": null, "wikidata": "Q96392746", "wikipedia": "en:Methodist Hospital of Chicago", "description": null, "drive_through": null, "name:vi": null, "healthcare:for": null, "short_name": null, "check_date:opening_hours": null, "contact:phone": null, "email": null, "opening_hours:signed": null, "alt_name": null, "addr:suite": null, "note:payment": null, "payment:american_express": null, "payment:discover_card": null, "payment:mastercard": null, "payment:visa": null, "start_date": null, "chicago:building_id": null, "access": null, "healthcare:counselling": null, "contact:facebook": null, "building:floor": null, "addr:floor": null, "internet_access": null, "payment:cash": null, "payment:credit_cards": null, "payment:debit_cards": null, "contact:instagram": null, "contact:linkedin": null, "contact:twitter": null, "contact:youtube": null, "reservation:website": null, "appointment:website": null, "contact:blog": null, "contact:website": null, "currency:XBT": null, "payment:lightning": null, "payment:lightning:operator": null, "payment:lightning_contactless": null, "payment:onchain": null, "nodes": [ 354236342, 9217214774, 2244545618, 2244545619, 9217214777, 9217214790, 1479446992, 2316599035, 1479447017, 2316599118, 2316599076, 2316599082, 5321814781, 1479446972, 2316599096, 2316599132, 2316599050, 2316599100, 5321814780, 354236342 ], "beds": "145", "emergency": "yes", "gnis:feature_id": "1831114", "building": null, "building:levels": null, "layer": null, "old_name": "Methodist Hospital of Chicago", "university_of_chicago:building_id": null, "university_of_chicago:business_unit_name": null, "roof:levels": null, "ele": null, "abbr_name": null, "ref": null, "toilets:wheelchair": null, "healthcare:speciality:wikidata": null, "healthcare:speciality:wikipedia": null, "name:ko": null, "image": null, "payment:cards": null, "payment:cheque": null, "polling_station": null, "architect": null, "height": null, "opening_date": null, "beauty": null, "shop": null, "smoking": null, "ways": null, "type": null, "category": "Hospital – Private / Non-profit" }, "geometry": { "type": "Point", "coordinates": [ -87.671004035551874, 41.973098907445504 ] } },
{ "type": "Feature", "properties": { "amenity": "clinic", "healthcare": "clinic", "name": "Friend Health Cottage Grove Clinic", "addr:city": "Chicago", "addr:housenumber": "800", "addr:postcode": "60615", "addr:state": "IL", "addr:street": "East 55th Street", "check_date": null, "healthcare:speciality": null, "phone": null, "website": null, "branch": null, "brand": null, "brand:wikidata": null, "disused:amenity": null, "level": null, "opening_hours": null, "designation": null, "operator": "Friend Health", "urgent_care": null, "wheelchair": null, "addr:unit": null, "addr:street:name": "55th", "addr:street:prefix": "East", "addr:street:type": "Street", "social_facility": null, "source": "OpenStreetMap", "operator:type": null, "operator:wikidata": null, "operator:wikipedia": null, "addr:country": null, "name:etymology:wikidata": null, "name:etymology:wikipedia": null, "operator:short": null, "air_conditioning": null, "fax": null, "wikidata": null, "wikipedia": null, "description": null, "drive_through": null, "name:vi": null, "healthcare:for": null, "short_name": null, "check_date:opening_hours": null, "contact:phone": null, "email": null, "opening_hours:signed": null, "alt_name": null, "addr:suite": null, "note:payment": null, "payment:american_express": null, "payment:discover_card": null, "payment:mastercard": null, "payment:visa": null, "start_date": null, "chicago:building_id": "476434", "access": null, "healthcare:counselling": null, "contact:facebook": null, "building:floor": null, "addr:floor": null, "internet_access": null, "payment:cash": null, "payment:credit_cards": null, "payment:debit_cards": null, "contact:instagram": null, "contact:linkedin": null, "contact:twitter": null, "contact:youtube": null, "reservation:website": null, "appointment:website": null, "contact:blog": null, "contact:website": null, "currency:XBT": null, "payment:lightning": null, "payment:lightning:operator": null, "payment:lightning_contactless": null, "payment:onchain": null, "nodes": [ 1575868577, 1575868584, 1575868568, 1575868639, 1575868604, 1575868637, 1575868635, 1575868666, 1575868668, 1575868600, 1575868579, 1575868541, 1575868545, 1575868547, 1575868576, 1575868602, 1575868642, 1575868616, 1575868590, 1575868557, 1575868660, 1575868638, 1575868542, 1575868546, 1575868583, 1575868586, 1575868654, 1575868581, 1575868612, 1575868552, 1575868609, 1575868564, 1575868663, 1575868641, 1575868608, 1575868588, 1575868597, 1575868634, 1575868577 ], "beds": null, "emergency": null, "gnis:feature_id": null, "building": "commercial", "building:levels": "3", "layer": null, "old_name": null, "university_of_chicago:building_id": "L11", "university_of_chicago:business_unit_name": "BSD/UCH", "roof:levels": null, "ele": null, "abbr_name": null, "ref": null, "toilets:wheelchair": null, "healthcare:speciality:wikidata": null, "healthcare:speciality:wikipedia": null, "name:ko": null, "image": null, "payment:cards": null, "payment:cheque": null, "polling_station": null, "architect": null, "height": null, "opening_date": null, "beauty": null, "shop": null, "smoking": null, "ways": null, "type": null, "category": "Primary Care Center – Private / Non-profit" }, "geometry": { "type": "Point", "coordinates": [ -87.605348794981282, 41.795652147366987 ] } },
{ "type": "Feature", "properties": { "amenity": "doctors", "healthcare": "doctor", "name": "Concord Medical Center", "addr:city": "Chicago", "addr:housenumber": "33", "addr:postcode": "60654", "addr:state": "IL", "addr:street": "West Grand Avenue", "check_date": null, "healthcare:speciality": null, "phone": null, "website": null, "branch": null, "brand": null, "brand:wikidata": null, "disused:amenity": null, "level": null, "opening_hours": null, "designation": null, "operator": null, "urgent_care": null, "wheelchair": null, "addr:unit": null, "addr:street:name": "Grand", "addr:street:prefix": "West", "addr:street:type": "Avenue", "social_facility": null, "source": "OpenStreetMap", "operator:type": null, "operator:wikidata": null, "operator:wikipedia": null, "addr:country": null, "name:etymology:wikidata": null, "name:etymology:wikipedia": null, "operator:short": null, "air_conditioning": null, "fax": null, "wikidata": null, "wikipedia": null, "description": null, "drive_through": null, "name:vi": null, "healthcare:for": null, "short_name": null, "check_date:opening_hours": null, "contact:phone": null, "email": null, "opening_hours:signed": null, "alt_name": null, "addr:suite": null, "note:payment": null, "payment:american_express": null, "payment:discover_card": null, "payment:mastercard": null, "payment:visa": null, "start_date": null, "chicago:building_id": "347663", "access": null, "healthcare:counselling": null, "contact:facebook": null, "building:floor": null, "addr:floor": null, "internet_access": null, "payment:cash": null, "payment:credit_cards": null, "payment:debit_cards": null, "contact:instagram": null, "contact:linkedin": null, "contact:twitter": null, "contact:youtube": null, "reservation:website": null, "appointment:website": null, "contact:blog": null, "contact:website": null, "currency:XBT": null, "payment:lightning": null, "payment:lightning:operator": null, "payment:lightning_contactless": null, "payment:onchain": null, "nodes": [ 1659972698, 1659972705, 1659972706, 1659972699, 1659972698 ], "beds": null, "emergency": null, "gnis:feature_id": null, "building": "office", "building:levels": "5", "layer": null, "old_name": null, "university_of_chicago:building_id": null, "university_of_chicago:business_unit_name": null, "roof:levels": null, "ele": null, "abbr_name": null, "ref": null, "toilets:wheelchair": null, "healthcare:speciality:wikidata": null, "healthcare:speciality:wikipedia": null, "name:ko": null, "image": null, "payment:cards": null, "payment:cheque": null, "polling_station": null, "architect": null, "height": null, "opening_date": null, "beauty": null, "shop": null, "smoking": null, "ways": null, "type": null, "category": "Primary Care Center – Private / Non-profit" }, "geometry": { "type": "Point", "coordinates": [ -87.629367823484486, 41.891416769125826 ] } },
{ "type": "Feature", "properties": { "amenity": "doctors", "healthcare": "doctor", "name": "Resurrection Health Care Medical Office Building", "addr:city": "Chicago", "addr:housenumber": "3048-3056", "addr:postcode": "60659", "addr:state": "IL", "addr:street": "West Peterson Avenue", "check_date": null, "healthcare:speciality": null, "phone": null, "website": null, "branch": null, "brand": "Resurrection Health Care", "brand:wikidata": null, "disused:amenity": null, "level": null, "opening_hours": null, "designation": null, "operator": null, "urgent_care": null, "wheelchair": null, "addr:unit": null, "addr:street:name": "Peterson", "addr:street:prefix": "West", "addr:street:type": "Avenue", "social_facility": null, "source": "OpenStreetMap", "operator:type": null, "operator:wikidata": null, "operator:wikipedia": null, "addr:country": null, "name:etymology:wikidata": null, "name:etymology:wikipedia": null, "operator:short": null, "air_conditioning": null, "fax": null, "wikidata": null, "wikipedia": null, "description": null, "drive_through": null, "name:vi": null, "healthcare:for": null, "short_name": null, "check_date:opening_hours": null, "contact:phone": null, "email": null, "opening_hours:signed": null, "alt_name": null, "addr:suite": null, "note:payment": null, "payment:american_express": null, "payment:discover_card": null, "payment:mastercard": null, "payment:visa": null, "start_date": null, "chicago:building_id": "843603", "access": null, "healthcare:counselling": null, "contact:facebook": null, "building:floor": null, "addr:floor": null, "internet_access": null, "payment:cash": null, "payment:credit_cards": null, "payment:debit_cards": null, "contact:instagram": null, "contact:linkedin": null, "contact:twitter": null, "contact:youtube": null, "reservation:website": null, "appointment:website": null, "contact:blog": null, "contact:website": null, "currency:XBT": null, "payment:lightning": null, "payment:lightning:operator": null, "payment:lightning_contactless": null, "payment:onchain": null, "nodes": [ 1691251330, 1691251329, 1691252351, 1691251332, 1691251331, 1691251330 ], "beds": null, "emergency": null, "gnis:feature_id": null, "building": "office", "building:levels": "1", "layer": null, "old_name": null, "university_of_chicago:building_id": null, "university_of_chicago:business_unit_name": null, "roof:levels": null, "ele": null, "abbr_name": null, "ref": null, "toilets:wheelchair": null, "healthcare:speciality:wikidata": null, "healthcare:speciality:wikipedia": null, "name:ko": null, "image": null, "payment:cards": null, "payment:cheque": null, "polling_station": null, "architect": null, "height": null, "opening_date": null, "beauty": null, "shop": null, "smoking": null, "ways": null, "type": null, "category": "Primary Care Center – Private / Non-profit" }, "geometry": { "type": "Point", "coordinates": [ -87.706379269373301, 41.990670697833352 ] } },
{ "type": "Feature", "properties": { "amenity": "clinic", "healthcare": "clinic", "name": "Greater Lawn Health Center", "addr:city": "Chicago", "addr:housenumber": "4150", "addr:postcode": "60629", "addr:state": "IL", "addr:street": "West 55th Street", "check_date": null, "healthcare:speciality": null, "phone": null, "website": null, "branch": null, "brand": null, "brand:wikidata": null, "disused:amenity": null, "level": null, "opening_hours": null, "designation": null, "operator": "Chicago Department of Public Health", "urgent_care": null, "wheelchair": null, "addr:unit": null, "addr:street:name": "55th", "addr:street:prefix": "West", "addr:street:type": "Street", "social_facility": null, "source": "OpenStreetMap", "operator:type": "public", "operator:wikidata": null, "operator:wikipedia": null, "addr:country": null, "name:etymology:wikidata": null, "name:etymology:wikipedia": null, "operator:short": null, "air_conditioning": null, "fax": null, "wikidata": null, "wikipedia": null, "description": null, "drive_through": null, "name:vi": null, "healthcare:for": null, "short_name": null, "check_date:opening_hours": null, "contact:phone": null, "email": null, "opening_hours:signed": null, "alt_name": null, "addr:suite": null, "note:payment": null, "payment:american_express": null, "payment:discover_card": null, "payment:mastercard": null, "payment:visa": null, "start_date": null, "chicago:building_id": "486865", "access": null, "healthcare:counselling": null, "contact:facebook": null, "building:floor": null, "addr:floor": null, "internet_access": null, "payment:cash": null, "payment:credit_cards": null, "payment:debit_cards": null, "contact:instagram": null, "contact:linkedin": null, "contact:twitter": null, "contact:youtube": null, "reservation:website": null, "appointment:website": null, "contact:blog": null, "contact:website": null, "currency:XBT": null, "payment:lightning": null, "payment:lightning:operator": null, "payment:lightning_contactless": null, "payment:onchain": null, "nodes": [ 1741032996, 1741033665, 1741033669, 1741033613, 1741033612, 1741033013, 1741033014, 1741032997, 1741032996 ], "beds": null, "emergency": null, "gnis:feature_id": null, "building": "public", "building:levels": "1", "layer": null, "old_name": null, "university_of_chicago:building_id": null, "university_of_chicago:business_unit_name": null, "roof:levels": null, "ele": null, "abbr_name": null, "ref": null, "toilets:wheelchair": null, "healthcare:speciality:wikidata": null, "healthcare:speciality:wikipedia": null, "name:ko": null, "image": null, "payment:cards": null, "payment:cheque": null, "polling_station": null, "architect": null, "height": null, "opening_date": null, "beauty": null, "shop": null, "smoking": null, "ways": null, "type": null, "category": "Primary Care Center – Public (FQHC / CHC)" }, "geometry": { "type": "Point", "coordinates": [ -87.727717843026539, 41.79342718742403 ] } },
{ "type": "Feature", "properties": { "amenity": "clinic", "healthcare": "clinic", "name": "Austin Health Center of Cook County", "addr:city": "Chicago", "addr:housenumber": "4800", "addr:postcode": "60651", "addr:state": "IL", "addr:street": "West Chicago Avenue", "check_date": null, "healthcare:speciality": null, "phone": null, "website": "https://cookcountyhealth.org/locations/austin-health-center/", "branch": null, "brand": null, "brand:wikidata": null, "disused:amenity": null, "level": null, "opening_hours": null, "designation": null, "operator": "Cook County Health", "urgent_care": null, "wheelchair": null, "addr:unit": null, "addr:street:name": "Chicago", "addr:street:prefix": "West", "addr:street:type": "Avenue", "social_facility": null, "source": "OpenStreetMap", "operator:type": "public", "operator:wikidata": "Q30286975", "operator:wikipedia": null, "addr:country": null, "name:etymology:wikidata": null, "name:etymology:wikipedia": null, "operator:short": "CCH", "air_conditioning": null, "fax": null, "wikidata": null, "wikipedia": null, "description": null, "drive_through": null, "name:vi": null, "healthcare:for": null, "short_name": null, "check_date:opening_hours": null, "contact:phone": null, "email": null, "opening_hours:signed": null, "alt_name": null, "addr:suite": null, "note:payment": null, "payment:american_express": null, "payment:discover_card": null, "payment:mastercard": null, "payment:visa": null, "start_date": null, "chicago:building_id": "831078", "access": null, "healthcare:counselling": null, "contact:facebook": null, "building:floor": null, "addr:floor": null, "internet_access": null, "payment:cash": null, "payment:credit_cards": null, "payment:debit_cards": null, "contact:instagram": null, "contact:linkedin": null, "contact:twitter": null, "contact:youtube": null, "reservation:website": null, "appointment:website": null, "contact:blog": null, "contact:website": null, "currency:XBT": null, "payment:lightning": null, "payment:lightning:operator": null, "payment:lightning_contactless": null, "payment:onchain": null, "nodes": [ 1742458351, 1742458353, 1742458404, 1742458380, 1742458344, 1742458358, 1742458143, 1742458145, 1742458147, 1742458146, 1742458144, 1742458131, 1742458113, 1742458105, 1742458098, 1742458093, 1742458351 ], "beds": null, "emergency": null, "gnis:feature_id": null, "building": "public", "building:levels": null, "layer": null, "old_name": null, "university_of_chicago:building_id": null, "university_of_chicago:business_unit_name": null, "roof:levels": null, "ele": null, "abbr_name": null, "ref": null, "toilets:wheelchair": null, "healthcare:speciality:wikidata": null, "healthcare:speciality:wikipedia": null, "name:ko": null, "image": null, "payment:cards": null, "payment:cheque": null, "polling_station": null, "architect": null, "height": null, "opening_date": null, "beauty": null, "shop": null, "smoking": null, "ways": null, "type": null, "category": "Primary Care Center – Public (FQHC / CHC)" }, "geometry": { "type": "Point", "coordinates": [ -87.746200871614292, 41.895316740606305 ] } },
{ "type": "Feature", "properties": { "amenity": "clinic", "healthcare": "clinic", "name": "Oak Street Health - Hermosa Primary Care", "addr:city": "Chicago", "addr:housenumber": "4417", "addr:postcode": "60639", "addr:state": "IL", "addr:street": "West Diversey Avenue", "check_date": null, "healthcare:speciality": null, "phone": null, "website": "https://www.oakstreethealth.com/locations/chicago-il/hermosa-doctors-office", "branch": "Hermosa", "brand": null, "brand:wikidata": null, "disused:amenity": null, "level": null, "opening_hours": null, "designation": null, "operator": "Oak Street Health", "urgent_care": null, "wheelchair": null, "addr:unit": null, "addr:street:name": "Diversey", "addr:street:prefix": "West", "addr:street:type": "Avenue", "social_facility": null, "source": "OpenStreetMap", "operator:type": null, "operator:wikidata": null, "operator:wikipedia": null, "addr:country": null, "name:etymology:wikidata": null, "name:etymology:wikipedia": null, "operator:short": null, "air_conditioning": null, "fax": null, "wikidata": null, "wikipedia": null, "description": null, "drive_through": null, "name:vi": null, "healthcare:for": null, "short_name": null, "check_date:opening_hours": null, "contact:phone": null, "email": null, "opening_hours:signed": null, "alt_name": null, "addr:suite": null, "note:payment": null, "payment:american_express": null, "payment:discover_card": null, "payment:mastercard": null, "payment:visa": null, "start_date": null, "chicago:building_id": null, "access": null, "healthcare:counselling": null, "contact:facebook": null, "building:floor": null, "addr:floor": null, "internet_access": null, "payment:cash": null, "payment:credit_cards": null, "payment:debit_cards": null, "contact:instagram": null, "contact:linkedin": null, "contact:twitter": null, "contact:youtube": null, "reservation:website": null, "appointment:website": null, "contact:blog": null, "contact:website": null, "currency:XBT": null, "payment:lightning": null, "payment:lightning:operator": null, "payment:lightning_contactless": null, "payment:onchain": null, "nodes": [ 1743245095, 1743245560, 1743245572, 10906777100, 10906777096, 10906777097, 1743245101, 1743245095 ], "beds": null, "emergency": null, "gnis:feature_id": null, "building": "retail", "building:levels": "1", "layer": null, "old_name": null, "university_of_chicago:building_id": null, "university_of_chicago:business_unit_name": null, "roof:levels": null, "ele": null, "abbr_name": null, "ref": null, "toilets:wheelchair": null, "healthcare:speciality:wikidata": null, "healthcare:speciality:wikipedia": null, "name:ko": null, "image": null, "payment:cards": null, "payment:cheque": null, "polling_station": null, "architect": null, "height": null, "opening_date": null, "beauty": null, "shop": null, "smoking": null, "ways": null, "type": null, "category": "Primary Care Center – Private / Non-profit" }, "geometry": { "type": "Point", "coordinates": [ -87.737926344755493, 41.931396916014762 ] } },
{ "type": "Feature", "properties": { "amenity": "clinic", "healthcare": "dialysis", "name": "DaVita Dialysis", "addr:city": "Chicago", "addr:housenumber": "4337-4343", "addr:postcode": "60641", "addr:state": "IL", "addr:street": "North Elston Avenue", "check_date": null, "healthcare:speciality": "nephrology", "phone": null, "website": null, "branch": null, "brand": null, "brand:wikidata": null, "disused:amenity": null, "level": null, "opening_hours": null, "designation": null, "operator": "DaVita Dialysis", "urgent_care": null, "wheelchair": null, "addr:unit": null, "addr:street:name": "Elston", "addr:street:prefix": "North", "addr:street:type": "Avenue", "social_facility": null, "source": "OpenStreetMap", "operator:type": "private", "operator:wikidata": "Q5207184", "operator:wikipedia": "de:DaVita", "addr:country": null, "name:etymology:wikidata": null, "name:etymology:wikipedia": null, "operator:short": null, "air_conditioning": null, "fax": null, "wikidata": null, "wikipedia": null, "description": null, "drive_through": null, "name:vi": null, "healthcare:for": null, "short_name": null, "check_date:opening_hours": null, "contact:phone": null, "email": null, "opening_hours:signed": null, "alt_name": null, "addr:suite": null, "note:payment": null, "payment:american_express": null, "payment:discover_card": null, "payment:mastercard": null, "payment:visa": null, "start_date": null, "chicago:building_id": "133936", "access": null, "healthcare:counselling": null, "contact:facebook": null, "building:floor": null, "addr:floor": null, "internet_access": null, "payment:cash": null, "payment:credit_cards": null, "payment:debit_cards": null, "contact:instagram": null, "contact:linkedin": null, "contact:twitter": null, "contact:youtube": null, "reservation:website": null, "appointment:website": null, "contact:blog": null, "contact:website": null, "currency:XBT": null, "payment:lightning": null, "payment:lightning:operator": null, "payment:lightning_contactless": null, "payment:onchain": null, "nodes": [ 1743431741, 1743431895, 1743431927, 1743432529, 1743432550, 1743432144, 1743431865, 1743431780, 1743431796, 1743431757, 1743431741 ], "beds": null, "emergency": null, "gnis:feature_id": null, "building": "retail", "building:levels": null, "layer": null, "old_name": null, "university_of_chicago:building_id": null, "university_of_chicago:business_unit_name": null, "roof:levels": null, "ele": null, "abbr_name": null, "ref": null, "toilets:wheelchair": null, "healthcare:speciality:wikidata": null, "healthcare:speciality:wikipedia": null, "name:ko": null, "image": null, "payment:cards": null, "payment:cheque": null, "polling_station": null, "architect": null, "height": null, "opening_date": null, "beauty": null, "shop": null, "smoking": null, "ways": null, "type": null, "category": "Primary Care Center – Private / Non-profit" }, "geometry": { "type": "Point", "coordinates": [ -87.727498033191623, 41.96002863870838 ] } },
{ "type": "Feature", "properties": { "amenity": "doctors", "healthcare": "doctor", "name": "Kidz Health", "addr:city": "Chicago", "addr:housenumber": "4655", "addr:postcode": "60630", "addr:state": "IL", "addr:street": "North Elston Avenue", "check_date": null, "healthcare:speciality": "paediatrics", "phone": "+1 773 685 3288", "website": null, "branch": null, "brand": null, "brand:wikidata": null, "disused:amenity": null, "level": null, "opening_hours": null, "designation": null, "operator": null, "urgent_care": null, "wheelchair": null, "addr:unit": null, "addr:street:name": "Elston", "addr:street:prefix": "North", "addr:street:type": "Avenue", "social_facility": null, "source": "OpenStreetMap", "operator:type": null, "operator:wikidata": null, "operator:wikipedia": null, "addr:country": null, "name:etymology:wikidata": null, "name:etymology:wikipedia": null, "operator:short": null, "air_conditioning": null, "fax": null, "wikidata": null, "wikipedia": null, "description": null, "drive_through": null, "name:vi": null, "healthcare:for": null, "short_name": null, "check_date:opening_hours": null, "contact:phone": null, "email": null, "opening_hours:signed": null, "alt_name": null, "addr:suite": null, "note:payment": null, "payment:american_express": null, "payment:discover_card": null, "payment:mastercard": null, "payment:visa": null, "start_date": null, "chicago:building_id": "113506", "access": null, "healthcare:counselling": null, "contact:facebook": null, "building:floor": null, "addr:floor": null, "internet_access": null, "payment:cash": null, "payment:credit_cards": null, "payment:debit_cards": null, "contact:instagram": null, "contact:linkedin": null, "contact:twitter": null, "contact:youtube": null, "reservation:website": null, "appointment:website": null, "contact:blog": null, "contact:website": null, "currency:XBT": null, "payment:lightning": null, "payment:lightning:operator": null, "payment:lightning_contactless": null, "payment:onchain": null, "nodes": [ 1743454623, 1743454854, 1743455213, 1743454960, 1743454623 ], "beds": null, "emergency": null, "gnis:feature_id": null, "building": "yes", "building:levels": "1", "layer": null, "old_name": null, "university_of_chicago:building_id": null, "university_of_chicago:business_unit_name": null, "roof:levels": null, "ele": null, "abbr_name": null, "ref": null, "toilets:wheelchair": null, "healthcare:speciality:wikidata": null, "healthcare:speciality:wikipedia": null, "name:ko": null, "image": null, "payment:cards": null, "payment:cheque": null, "polling_station": null, "architect": null, "height": null, "opening_date": null, "beauty": null, "shop": null, "smoking": null, "ways": null, "type": null, "category": "Primary Care Center – Private / Non-profit" }, "geometry": { "type": "Point", "coordinates": [ -87.736446972479669, 41.965821951286273 ] } },
{ "type": "Feature", "properties": { "amenity": "hospital", "healthcare": "hospital", "name": "Loretto Hospital", "addr:city": "Chicago", "addr:housenumber": "645", "addr:postcode": "60644", "addr:state": "IL", "addr:street": "South Central Avenue", "check_date": null, "healthcare:speciality": null, "phone": "+1 773 626 4300", "website": "https://www.lorettohospital.org/", "branch": null, "brand": null, "brand:wikidata": null, "disused:amenity": null, "level": null, "opening_hours": "24/7", "designation": null, "operator": null, "urgent_care": null, "wheelchair": null, "addr:unit": null, "addr:street:name": "Central", "addr:street:prefix": "South", "addr:street:type": "Avenue", "social_facility": null, "source": "OpenStreetMap", "operator:type": null, "operator:wikidata": null, "operator:wikipedia": null, "addr:country": null, "name:etymology:wikidata": null, "name:etymology:wikipedia": null, "operator:short": null, "air_conditioning": null, "fax": null, "wikidata": null, "wikipedia": null, "description": null, "drive_through": null, "name:vi": null, "healthcare:for": null, "short_name": null, "check_date:opening_hours": null, "contact:phone": null, "email": null, "opening_hours:signed": null, "alt_name": null, "addr:suite": null, "note:payment": null, "payment:american_express": null, "payment:discover_card": null, "payment:mastercard": null, "payment:visa": null, "start_date": null, "chicago:building_id": "367621", "access": null, "healthcare:counselling": null, "contact:facebook": null, "building:floor": null, "addr:floor": null, "internet_access": null, "payment:cash": null, "payment:credit_cards": null, "payment:debit_cards": null, "contact:instagram": null, "contact:linkedin": null, "contact:twitter": null, "contact:youtube": null, "reservation:website": null, "appointment:website": null, "contact:blog": null, "contact:website": null, "currency:XBT": null, "payment:lightning": null, "payment:lightning:operator": null, "payment:lightning_contactless": null, "payment:onchain": null, "nodes": [ 1743812628, 1743812632, 1743812636, 1743812630, 1743812634, 1743812652, 1743812694, 1743812719, 1743812776, 1743812847, 1743812855, 1743812866, 1743812870, 1743812910, 1743812908, 1743812913, 1743812915, 1743812850, 1743812849, 1743812868, 1743812918, 1743812914, 1743812891, 1743812904, 1743812869, 1743812874, 1743812846, 1743812841, 1743812843, 1743812844, 1743812751, 9747527028, 9747527029, 1743812749, 9747527031, 9747527030, 9747527032, 9747527033, 9747527034, 1743812651, 1743812631, 1743812629, 1743812635, 1743812633, 1743812683, 1743812688, 1743812653, 1743812726, 1743812724, 1743812628 ], "beds": "177", "emergency": "yes", "gnis:feature_id": null, "building": "hospital", "building:levels": "6", "layer": null, "old_name": null, "university_of_chicago:building_id": null, "university_of_chicago:business_unit_name": null, "roof:levels": null, "ele": null, "abbr_name": null, "ref": null, "toilets:wheelchair": null, "healthcare:speciality:wikidata": null, "healthcare:speciality:wikipedia": null, "name:ko": null, "image": null, "payment:cards": null, "payment:cheque": null, "polling_station": null, "architect": null, "height": null, "opening_date": null, "beauty": null, "shop": null, "smoking": null, "ways": null, "type": null, "category": "Hospital – Private / Non-profit" }, "geometry": { "type": "Point", "coordinates": [ -87.763566888851145, 41.872129656052188 ] } },
{ "type": "Feature", "properties": { "amenity": "clinic", "healthcare": "clinic", "name": "Central Medical Clinic of Chicago", "addr:city": null, "addr:housenumber": "5605", "addr:postcode": null, "addr:state": null, "addr:street": "West Gunnison Street", "check_date": null, "healthcare:speciality": null, "phone": null, "website": null, "branch": null, "brand": null, "brand:wikidata": null, "disused:amenity": null, "level": null, "opening_hours": null, "designation": null, "operator": null, "urgent_care": null, "wheelchair": null, "addr:unit": null, "addr:street:name": "Central", "addr:street:prefix": "North", "addr:street:type": "Avenue", "social_facility": null, "source": "OpenStreetMap", "operator:type": null, "operator:wikidata": null, "operator:wikipedia": null, "addr:country": null, "name:etymology:wikidata": null, "name:etymology:wikipedia": null, "operator:short": null, "air_conditioning": null, "fax": null, "wikidata": null, "wikipedia": null, "description": null, "drive_through": null, "name:vi": null, "healthcare:for": null, "short_name": null, "check_date:opening_hours": null, "contact:phone": null, "email": null, "opening_hours:signed": null, "alt_name": null, "addr:suite": null, "note:payment": null, "payment:american_express": null, "payment:discover_card": null, "payment:mastercard": null, "payment:visa": null, "start_date": null, "chicago:building_id": "105868", "access": null, "healthcare:counselling": null, "contact:facebook": null, "building:floor": null, "addr:floor": null, "internet_access": null, "payment:cash": null, "payment:credit_cards": null, "payment:debit_cards": null, "contact:instagram": null, "contact:linkedin": null, "contact:twitter": null, "contact:youtube": null, "reservation:website": null, "appointment:website": null, "contact:blog": null, "contact:website": null, "currency:XBT": null, "payment:lightning": null, "payment:lightning:operator": null, "payment:lightning_contactless": null, "payment:onchain": null, "nodes": [ 1745519819, 1745520529, 1745520563, 1745520793, 1745520814, 1745519830, 1745519819 ], "beds": null, "emergency": null, "gnis:feature_id": null, "building": "yes", "building:levels": null, "layer": null, "old_name": null, "university_of_chicago:building_id": null, "university_of_chicago:business_unit_name": null, "roof:levels": null, "ele": null, "abbr_name": null, "ref": null, "toilets:wheelchair": null, "healthcare:speciality:wikidata": null, "healthcare:speciality:wikipedia": null, "name:ko": null, "image": null, "payment:cards": null, "payment:cheque": null, "polling_station": null, "architect": null, "height": null, "opening_date": null, "beauty": null, "shop": null, "smoking": null, "ways": null, "type": null, "category": "Primary Care Center – Private / Non-profit" }, "geometry": { "type": "Point", "coordinates": [ -87.767880726583016, 41.968521770172742 ] } },
{ "type": "Feature", "properties": { "amenity": "clinic", "healthcare": "clinic", "name": "Central Higgins Medical Building", "addr:city": "Chicago", "addr:housenumber": "4920", "addr:postcode": "60630", "addr:state": "IL", "addr:street": "North Central Avenue", "check_date": null, "healthcare:speciality": null, "phone": null, "website": null, "branch": null, "brand": null, "brand:wikidata": null, "disused:amenity": null, "level": null, "opening_hours": null, "designation": null, "operator": null, "urgent_care": null, "wheelchair": null, "addr:unit": null, "addr:street:name": "Central", "addr:street:prefix": "North", "addr:street:type": "Avenue", "social_facility": null, "source": "OpenStreetMap", "operator:type": null, "operator:wikidata": null, "operator:wikipedia": null, "addr:country": null, "name:etymology:wikidata": null, "name:etymology:wikipedia": null, "operator:short": null, "air_conditioning": null, "fax": null, "wikidata": null, "wikipedia": null, "description": null, "drive_through": null, "name:vi": null, "healthcare:for": null, "short_name": null, "check_date:opening_hours": null, "contact:phone": null, "email": null, "opening_hours:signed": null, "alt_name": null, "addr:suite": null, "note:payment": null, "payment:american_express": null, "payment:discover_card": null, "payment:mastercard": null, "payment:visa": null, "start_date": null, "chicago:building_id": "99880", "access": null, "healthcare:counselling": null, "contact:facebook": null, "building:floor": null, "addr:floor": null, "internet_access": null, "payment:cash": null, "payment:credit_cards": null, "payment:debit_cards": null, "contact:instagram": null, "contact:linkedin": null, "contact:twitter": null, "contact:youtube": null, "reservation:website": null, "appointment:website": null, "contact:blog": null, "contact:website": null, "currency:XBT": null, "payment:lightning": null, "payment:lightning:operator": null, "payment:lightning_contactless": null, "payment:onchain": null, "nodes": [ 1745530665, 1745530751, 1745531080, 1745531086, 1745533041, 1745533074, 1745533015, 1745532561, 1745532548, 1745530697, 1745530665 ], "beds": null, "emergency": null, "gnis:feature_id": null, "building": "yes", "building:levels": null, "layer": null, "old_name": null, "university_of_chicago:building_id": null, "university_of_chicago:business_unit_name": null, "roof:levels": null, "ele": null, "abbr_name": null, "ref": null, "toilets:wheelchair": null, "healthcare:speciality:wikidata": null, "healthcare:speciality:wikipedia": null, "name:ko": null, "image": null, "payment:cards": null, "payment:cheque": null, "polling_station": null, "architect": null, "height": null, "opening_date": null, "beauty": null, "shop": null, "smoking": null, "ways": null, "type": null, "category": "Primary Care Center – Private / Non-profit" }, "geometry": { "type": "Point", "coordinates": [ -87.767902318595063, 41.970156247385042 ] } },
{ "type": "Feature", "properties": { "amenity": "clinic", "healthcare": "clinic", "name": "NorthShore Immediate Care - Sauganash", "addr:city": "Chicago", "addr:housenumber": "6141", "addr:postcode": "60646", "addr:state": "IL", "addr:street": "North Cicero Avenue", "check_date": null, "healthcare:speciality": null, "phone": "+1 773 293 8788", "website": null, "branch": null, "brand": null, "brand:wikidata": null, "disused:amenity": null, "level": null, "opening_hours": null, "designation": null, "operator": null, "urgent_care": null, "wheelchair": null, "addr:unit": null, "addr:street:name": "Cicero", "addr:street:prefix": "North", "addr:street:type": "Avenue", "social_facility": null, "source": "OpenStreetMap", "operator:type": null, "operator:wikidata": null, "operator:wikipedia": null, "addr:country": null, "name:etymology:wikidata": null, "name:etymology:wikipedia": null, "operator:short": null, "air_conditioning": null, "fax": null, "wikidata": null, "wikipedia": null, "description": null, "drive_through": null, "name:vi": null, "healthcare:for": null, "short_name": null, "check_date:opening_hours": null, "contact:phone": null, "email": null, "opening_hours:signed": null, "alt_name": null, "addr:suite": null, "note:payment": null, "payment:american_express": null, "payment:discover_card": null, "payment:mastercard": null, "payment:visa": null, "start_date": null, "chicago:building_id": "844187", "access": null, "healthcare:counselling": null, "contact:facebook": null, "building:floor": null, "addr:floor": null, "internet_access": null, "payment:cash": null, "payment:credit_cards": null, "payment:debit_cards": null, "contact:instagram": null, "contact:linkedin": null, "contact:twitter": null, "contact:youtube": null, "reservation:website": null, "appointment:website": null, "contact:blog": null, "contact:website": null, "currency:XBT": null, "payment:lightning": null, "payment:lightning:operator": null, "payment:lightning_contactless": null, "payment:onchain": null, "nodes": [ 1746504061, 1746504062, 12876179046, 1746503844, 1746503839, 1746504061 ], "beds": null, "emergency": null, "gnis:feature_id": null, "building": "yes", "building:levels": "1", "layer": null, "old_name": null, "university_of_chicago:building_id": null, "university_of_chicago:business_unit_name": null, "roof:levels": null, "ele": null, "abbr_name": null, "ref": null, "toilets:wheelchair": null, "healthcare:speciality:wikidata": null, "healthcare:speciality:wikipedia": null, "name:ko": null, "image": null, "payment:cards": null, "payment:cheque": null, "polling_station": null, "architect": null, "height": null, "opening_date": null, "beauty": null, "shop": null, "smoking": null, "ways": null, "type": null, "category": "Primary Care Center – Private / Non-profit" }, "geometry": { "type": "Point", "coordinates": [ -87.747958995161255, 41.99246000053585 ] } },
{ "type": "Feature", "properties": { "amenity": "clinic", "healthcare": "dialysis", "name": "Fresenius Kidney Care", "addr:city": "Chicago", "addr:housenumber": "6201", "addr:postcode": "60638", "addr:state": "IL", "addr:street": "West 63rd Street", "check_date": null, "healthcare:speciality": "nephrology", "phone": null, "website": null, "branch": "Midway", "brand": "Fresenius Kidney Care", "brand:wikidata": "Q650259", "disused:amenity": null, "level": null, "opening_hours": null, "designation": null, "operator": "Fresenius Kidney Care", "urgent_care": null, "wheelchair": null, "addr:unit": null, "addr:street:name": "63rd", "addr:street:prefix": "West", "addr:street:type": "Street", "social_facility": null, "source": "OpenStreetMap", "operator:type": "private", "operator:wikidata": "Q650259", "operator:wikipedia": "en:Fresenius Medical Care", "addr:country": null, "name:etymology:wikidata": null, "name:etymology:wikipedia": null, "operator:short": null, "air_conditioning": null, "fax": null, "wikidata": null, "wikipedia": null, "description": null, "drive_through": null, "name:vi": null, "healthcare:for": null, "short_name": null, "check_date:opening_hours": null, "contact:phone": null, "email": null, "opening_hours:signed": null, "alt_name": null, "addr:suite": null, "note:payment": null, "payment:american_express": null, "payment:discover_card": null, "payment:mastercard": null, "payment:visa": null, "start_date": null, "chicago:building_id": "540239", "access": null, "healthcare:counselling": null, "contact:facebook": null, "building:floor": null, "addr:floor": null, "internet_access": null, "payment:cash": null, "payment:credit_cards": null, "payment:debit_cards": null, "contact:instagram": null, "contact:linkedin": null, "contact:twitter": null, "contact:youtube": null, "reservation:website": null, "appointment:website": null, "contact:blog": null, "contact:website": null, "currency:XBT": null, "payment:lightning": null, "payment:lightning:operator": null, "payment:lightning_contactless": null, "payment:onchain": null, "nodes": [ 1746580177, 1746580894, 1746580898, 1746580185, 1746580177 ], "beds": null, "emergency": null, "gnis:feature_id": null, "building": "retail", "building:levels": "1", "layer": null, "old_name": null, "university_of_chicago:building_id": null, "university_of_chicago:business_unit_name": null, "roof:levels": null, "ele": null, "abbr_name": null, "ref": null, "toilets:wheelchair": null, "healthcare:speciality:wikidata": null, "healthcare:speciality:wikipedia": null, "name:ko": null, "image": null, "payment:cards": null, "payment:cheque": null, "polling_station": null, "architect": null, "height": null, "opening_date": null, "beauty": null, "shop": null, "smoking": null, "ways": null, "type": null, "category": "Primary Care Center – Private / Non-profit" }, "geometry": { "type": "Point", "coordinates": [ -87.776584170483048, 41.77751783561181 ] } },
{ "type": "Feature", "properties": { "amenity": "clinic", "healthcare": "clinic", "name": "MacNeal Healt Care Center", "addr:city": null, "addr:housenumber": "6649-6653", "addr:postcode": null, "addr:state": null, "addr:street": "West Archer Avenue", "check_date": null, "healthcare:speciality": null, "phone": null, "website": null, "branch": null, "brand": null, "brand:wikidata": null, "disused:amenity": null, "level": null, "opening_hours": null, "designation": null, "operator": null, "urgent_care": null, "wheelchair": null, "addr:unit": null, "addr:street:name": "Archer", "addr:street:prefix": "West", "addr:street:type": "Avenue", "social_facility": null, "source": "OpenStreetMap", "operator:type": null, "operator:wikidata": null, "operator:wikipedia": null, "addr:country": null, "name:etymology:wikidata": null, "name:etymology:wikipedia": null, "operator:short": null, "air_conditioning": null, "fax": null, "wikidata": null, "wikipedia": null, "description": null, "drive_through": null, "name:vi": null, "healthcare:for": null, "short_name": null, "check_date:opening_hours": null, "contact:phone": null, "email": null, "opening_hours:signed": null, "alt_name": null, "addr:suite": null, "note:payment": null, "payment:american_express": null, "payment:discover_card": null, "payment:mastercard": null, "payment:visa": null, "start_date": null, "chicago:building_id": "864697", "access": null, "healthcare:counselling": null, "contact:facebook": null, "building:floor": null, "addr:floor": null, "internet_access": null, "payment:cash": null, "payment:credit_cards": null, "payment:debit_cards": null, "contact:instagram": null, "contact:linkedin": null, "contact:twitter": null, "contact:youtube": null, "reservation:website": null, "appointment:website": null, "contact:blog": null, "contact:website": null, "currency:XBT": null, "payment:lightning": null, "payment:lightning:operator": null, "payment:lightning_contactless": null, "payment:onchain": null, "nodes": [ 1746654389, 1746654988, 1746654996, 7698726658, 1746653167, 1746653138, 1746654382, 1746654389 ], "beds": null, "emergency": null, "gnis:feature_id": null, "building": "yes", "building:levels": null, "layer": null, "old_name": null, "university_of_chicago:building_id": null, "university_of_chicago:business_unit_name": null, "roof:levels": null, "ele": null, "abbr_name": null, "ref": null, "toilets:wheelchair": null, "healthcare:speciality:wikidata": null, "healthcare:speciality:wikipedia": null, "name:ko": null, "image": null, "payment:cards": null, "payment:cheque": null, "polling_station": null, "architect": null, "height": null, "opening_date": null, "beauty": null, "shop": null, "smoking": null, "ways": null, "type": null, "category": "Primary Care Center – Private / Non-profit" }, "geometry": { "type": "Point", "coordinates": [ -87.788643351631677, 41.791933642515744 ] } },
{ "type": "Feature", "properties": { "amenity": "clinic", "healthcare": "clinic", "name": null, "addr:city": null, "addr:housenumber": "6020", "addr:postcode": null, "addr:state": null, "addr:street": "West Diversey Avenue", "check_date": null, "healthcare:speciality": null, "phone": "+1 773-237-5544", "website": "https://www.achn.net/locations/location-pages/access-brickyard-family-health-center/", "branch": null, "brand": null, "brand:wikidata": null, "disused:amenity": null, "level": null, "opening_hours": "Mo-Fr 08:00-18:00; Sa[1,3] 09:00-13:00", "designation": null, "operator": null, "urgent_care": null, "wheelchair": null, "addr:unit": null, "addr:street:name": "Diversey", "addr:street:prefix": "West", "addr:street:type": "Avenue", "social_facility": null, "source": "OpenStreetMap", "operator:type": null, "operator:wikidata": null, "operator:wikipedia": null, "addr:country": null, "name:etymology:wikidata": null, "name:etymology:wikipedia": null, "operator:short": null, "air_conditioning": null, "fax": null, "wikidata": null, "wikipedia": null, "description": null, "drive_through": null, "name:vi": null, "healthcare:for": null, "short_name": null, "check_date:opening_hours": null, "contact:phone": null, "email": null, "opening_hours:signed": null, "alt_name": null, "addr:suite": null, "note:payment": null, "payment:american_express": null, "payment:discover_card": null, "payment:mastercard": null, "payment:visa": null, "start_date": null, "chicago:building_id": "851368", "access": null, "healthcare:counselling": null, "contact:facebook": null, "building:floor": null, "addr:floor": null, "internet_access": null, "payment:cash": null, "payment:credit_cards": null, "payment:debit_cards": null, "contact:instagram": null, "contact:linkedin": null, "contact:twitter": null, "contact:youtube": null, "reservation:website": null, "appointment:website": null, "contact:blog": null, "contact:website": null, "currency:XBT": null, "payment:lightning": null, "payment:lightning:operator": null, "payment:lightning_contactless": null, "payment:onchain": null, "nodes": [ 1748557415, 1748557477, 1748556878, 1748556870, 1748557415 ], "beds": null, "emergency": null, "gnis:feature_id": null, "building": "yes", "building:levels": "1", "layer": null, "old_name": null, "university_of_chicago:building_id": null, "university_of_chicago:business_unit_name": null, "roof:levels": null, "ele": null, "abbr_name": null, "ref": null, "toilets:wheelchair": null, "healthcare:speciality:wikidata": null, "healthcare:speciality:wikipedia": null, "name:ko": null, "image": null, "payment:cards": null, "payment:cheque": null, "polling_station": null, "architect": null, "height": null, "opening_date": null, "beauty": null, "shop": null, "smoking": null, "ways": null, "type": null, "category": "Primary Care Center – Private / Non-profit" }, "geometry": { "type": "Point", "coordinates": [ -87.77683484036848, 41.931318607151745 ] } },
{ "type": "Feature", "properties": { "amenity": "doctors", "healthcare": "doctor", "name": "Dr. Bronislaw J. Orawiec, MD", "addr:city": "Chicago", "addr:housenumber": "5428", "addr:postcode": "60630", "addr:state": "IL", "addr:street": "North Milwaukee Avenue", "check_date": null, "healthcare:speciality": "cardiology", "phone": null, "website": null, "branch": null, "brand": null, "brand:wikidata": null, "disused:amenity": null, "level": null, "opening_hours": null, "designation": null, "operator": null, "urgent_care": null, "wheelchair": null, "addr:unit": null, "addr:street:name": "Milwaukee", "addr:street:prefix": "North", "addr:street:type": "Avenue", "social_facility": null, "source": "OpenStreetMap", "operator:type": null, "operator:wikidata": null, "operator:wikipedia": null, "addr:country": null, "name:etymology:wikidata": null, "name:etymology:wikipedia": null, "operator:short": null, "air_conditioning": null, "fax": null, "wikidata": null, "wikipedia": null, "description": null, "drive_through": null, "name:vi": null, "healthcare:for": null, "short_name": null, "check_date:opening_hours": null, "contact:phone": null, "email": null, "opening_hours:signed": null, "alt_name": null, "addr:suite": null, "note:payment": null, "payment:american_express": null, "payment:discover_card": null, "payment:mastercard": null, "payment:visa": null, "start_date": null, "chicago:building_id": "66273", "access": null, "healthcare:counselling": null, "contact:facebook": null, "building:floor": null, "addr:floor": null, "internet_access": null, "payment:cash": null, "payment:credit_cards": null, "payment:debit_cards": null, "contact:instagram": null, "contact:linkedin": null, "contact:twitter": null, "contact:youtube": null, "reservation:website": null, "appointment:website": null, "contact:blog": null, "contact:website": null, "currency:XBT": null, "payment:lightning": null, "payment:lightning:operator": null, "payment:lightning_contactless": null, "payment:onchain": null, "nodes": [ 1749677570, 1749677745, 1749678361, 1749678014, 1749677570 ], "beds": null, "emergency": null, "gnis:feature_id": null, "building": "commercial", "building:levels": "1", "layer": null, "old_name": null, "university_of_chicago:building_id": null, "university_of_chicago:business_unit_name": null, "roof:levels": null, "ele": null, "abbr_name": null, "ref": null, "toilets:wheelchair": null, "healthcare:speciality:wikidata": null, "healthcare:speciality:wikipedia": null, "name:ko": null, "image": null, "payment:cards": null, "payment:cheque": null, "polling_station": null, "architect": null, "height": null, "opening_date": null, "beauty": null, "shop": null, "smoking": null, "ways": null, "type": null, "category": "Primary Care Center – Private / Non-profit" }, "geometry": { "type": "Point", "coordinates": [ -87.772075625042788, 41.979982819028358 ] } },
{ "type": "Feature", "properties": { "amenity": "clinic", "healthcare": "clinic", "name": "Nordica Medical Center", "addr:city": "Chicago", "addr:housenumber": "7017", "addr:postcode": "60638", "addr:state": "IL", "addr:street": "West Archer Avenue", "check_date": null, "healthcare:speciality": null, "phone": null, "website": null, "branch": null, "brand": null, "brand:wikidata": null, "disused:amenity": null, "level": null, "opening_hours": null, "designation": null, "operator": null, "urgent_care": null, "wheelchair": null, "addr:unit": null, "addr:street:name": "Archer", "addr:street:prefix": "West", "addr:street:type": "Avenue", "social_facility": null, "source": "OpenStreetMap", "operator:type": null, "operator:wikidata": null, "operator:wikipedia": null, "addr:country": null, "name:etymology:wikidata": null, "name:etymology:wikipedia": null, "operator:short": null, "air_conditioning": null, "fax": null, "wikidata": null, "wikipedia": null, "description": null, "drive_through": null, "name:vi": null, "healthcare:for": null, "short_name": null, "check_date:opening_hours": null, "contact:phone": null, "email": null, "opening_hours:signed": null, "alt_name": null, "addr:suite": null, "note:payment": null, "payment:american_express": null, "payment:discover_card": null, "payment:mastercard": null, "payment:visa": null, "start_date": null, "chicago:building_id": "864636", "access": null, "healthcare:counselling": null, "contact:facebook": null, "building:floor": null, "addr:floor": null, "internet_access": null, "payment:cash": null, "payment:credit_cards": null, "payment:debit_cards": null, "contact:instagram": null, "contact:linkedin": null, "contact:twitter": null, "contact:youtube": null, "reservation:website": null, "appointment:website": null, "contact:blog": null, "contact:website": null, "currency:XBT": null, "payment:lightning": null, "payment:lightning:operator": null, "payment:lightning_contactless": null, "payment:onchain": null, "nodes": [ 1749915476, 1749915405, 1749915401, 1749915580, 1749915581, 1749915476 ], "beds": null, "emergency": null, "gnis:feature_id": null, "building": "commercial", "building:levels": null, "layer": null, "old_name": null, "university_of_chicago:building_id": null, "university_of_chicago:business_unit_name": null, "roof:levels": null, "ele": null, "abbr_name": null, "ref": null, "toilets:wheelchair": null, "healthcare:speciality:wikidata": null, "healthcare:speciality:wikipedia": null, "name:ko": null, "image": null, "payment:cards": null, "payment:cheque": null, "polling_station": null, "architect": null, "height": null, "opening_date": null, "beauty": null, "shop": null, "smoking": null, "ways": null, "type": null, "category": "Primary Care Center – Private / Non-profit" }, "geometry": { "type": "Point", "coordinates": [ -87.797179938306542, 41.791797675190118 ] } },
{ "type": "Feature", "properties": { "amenity": "clinic", "healthcare": "clinic", "name": "Advanced Dermalogy & Urology Center", "addr:city": "Chicago", "addr:housenumber": "2735", "addr:postcode": "60707", "addr:state": "IL", "addr:street": "North Harlem Avenue", "check_date": null, "healthcare:speciality": null, "phone": "+1 773 385 6069", "website": null, "branch": null, "brand": null, "brand:wikidata": null, "disused:amenity": null, "level": null, "opening_hours": null, "designation": null, "operator": null, "urgent_care": null, "wheelchair": null, "addr:unit": null, "addr:street:name": "Harlem", "addr:street:prefix": "North", "addr:street:type": "Avenue", "social_facility": null, "source": "OpenStreetMap", "operator:type": null, "operator:wikidata": null, "operator:wikipedia": null, "addr:country": null, "name:etymology:wikidata": null, "name:etymology:wikipedia": null, "operator:short": null, "air_conditioning": null, "fax": null, "wikidata": null, "wikipedia": null, "description": null, "drive_through": null, "name:vi": null, "healthcare:for": null, "short_name": null, "check_date:opening_hours": null, "contact:phone": null, "email": null, "opening_hours:signed": null, "alt_name": null, "addr:suite": null, "note:payment": null, "payment:american_express": null, "payment:discover_card": null, "payment:mastercard": null, "payment:visa": null, "start_date": null, "chicago:building_id": "249962", "access": null, "healthcare:counselling": null, "contact:facebook": null, "building:floor": null, "addr:floor": null, "internet_access": null, "payment:cash": null, "payment:credit_cards": null, "payment:debit_cards": null, "contact:instagram": null, "contact:linkedin": null, "contact:twitter": null, "contact:youtube": null, "reservation:website": null, "appointment:website": null, "contact:blog": null, "contact:website": null, "currency:XBT": null, "payment:lightning": null, "payment:lightning:operator": null, "payment:lightning_contactless": null, "payment:onchain": null, "nodes": [ 1750060883, 1750060885, 1750060958, 1750061085, 1750061088, 1750061243, 1750061246, 1750061166, 1750061164, 1750060956, 1750060883 ], "beds": null, "emergency": null, "gnis:feature_id": null, "building": "yes", "building:levels": "1", "layer": null, "old_name": null, "university_of_chicago:building_id": null, "university_of_chicago:business_unit_name": null, "roof:levels": null, "ele": null, "abbr_name": null, "ref": null, "toilets:wheelchair": null, "healthcare:speciality:wikidata": null, "healthcare:speciality:wikipedia": null, "name:ko": null, "image": null, "payment:cards": null, "payment:cheque": null, "polling_station": null, "architect": null, "height": null, "opening_date": null, "beauty": null, "shop": null, "smoking": null, "ways": null, "type": null, "category": "Primary Care Center – Private / Non-profit" }, "geometry": { "type": "Point", "coordinates": [ -87.806107882163019, 41.930011553722061 ] } },
{ "type": "Feature", "properties": { "amenity": "clinic", "healthcare": "clinic", "name": "Dr. Jorge Prieto Health Center", "addr:city": "Chicago", "addr:housenumber": "2424", "addr:postcode": "60623", "addr:state": "IL", "addr:street": "South Pulaski Road", "check_date": null, "healthcare:speciality": null, "phone": null, "website": "http://www.cookcountyhhs.org/health-centers/dr-jorge-prieto-health-center/", "branch": null, "brand": null, "brand:wikidata": null, "disused:amenity": null, "level": null, "opening_hours": null, "designation": null, "operator": "Cook County Health", "urgent_care": null, "wheelchair": null, "addr:unit": null, "addr:street:name": "Pulaski", "addr:street:prefix": "South", "addr:street:type": "Road", "social_facility": null, "source": "OpenStreetMap", "operator:type": "public", "operator:wikidata": "Q30286975", "operator:wikipedia": null, "addr:country": null, "name:etymology:wikidata": null, "name:etymology:wikipedia": null, "operator:short": "CCH", "air_conditioning": null, "fax": null, "wikidata": null, "wikipedia": null, "description": null, "drive_through": null, "name:vi": null, "healthcare:for": null, "short_name": null, "check_date:opening_hours": null, "contact:phone": null, "email": null, "opening_hours:signed": null, "alt_name": null, "addr:suite": null, "note:payment": null, "payment:american_express": null, "payment:discover_card": null, "payment:mastercard": null, "payment:visa": null, "start_date": null, "chicago:building_id": null, "access": null, "healthcare:counselling": null, "contact:facebook": null, "building:floor": null, "addr:floor": null, "internet_access": null, "payment:cash": null, "payment:credit_cards": null, "payment:debit_cards": null, "contact:instagram": null, "contact:linkedin": null, "contact:twitter": null, "contact:youtube": null, "reservation:website": null, "appointment:website": null, "contact:blog": null, "contact:website": null, "currency:XBT": null, "payment:lightning": null, "payment:lightning:operator": null, "payment:lightning_contactless": null, "payment:onchain": null, "nodes": [ 1754470320, 1754471304, 1754471344, 1754470347, 1754470320 ], "beds": null, "emergency": null, "gnis:feature_id": null, "building": "public", "building:levels": "2", "layer": null, "old_name": null, "university_of_chicago:building_id": null, "university_of_chicago:business_unit_name": null, "roof:levels": null, "ele": null, "abbr_name": null, "ref": null, "toilets:wheelchair": null, "healthcare:speciality:wikidata": null, "healthcare:speciality:wikipedia": null, "name:ko": null, "image": null, "payment:cards": null, "payment:cheque": null, "polling_station": null, "architect": null, "height": null, "opening_date": null, "beauty": null, "shop": null, "smoking": null, "ways": null, "type": null, "category": "Primary Care Center – Public (FQHC / CHC)" }, "geometry": { "type": "Point", "coordinates": [ -87.724984225437495, 41.847146552725683 ] } },
{ "type": "Feature", "properties": { "amenity": "clinic", "healthcare": "clinic", "name": "Lawndale Christian Health Center Main Clinic", "addr:city": "Chicago", "addr:housenumber": "3860", "addr:postcode": "60623", "addr:state": "IL", "addr:street": "West Ogden Avenue", "check_date": null, "healthcare:speciality": null, "phone": null, "website": "https://www.lawndale.org/main-clinic", "branch": null, "brand": null, "brand:wikidata": null, "disused:amenity": null, "level": null, "opening_hours": null, "designation": null, "operator": "Lawndale Christian Health Center", "urgent_care": null, "wheelchair": null, "addr:unit": null, "addr:street:name": "Ogden", "addr:street:prefix": "West", "addr:street:type": "Avenue", "social_facility": null, "source": "OpenStreetMap", "operator:type": "private_non_profit", "operator:wikidata": null, "operator:wikipedia": null, "addr:country": null, "name:etymology:wikidata": null, "name:etymology:wikipedia": null, "operator:short": null, "air_conditioning": null, "fax": null, "wikidata": null, "wikipedia": null, "description": null, "drive_through": null, "name:vi": null, "healthcare:for": null, "short_name": null, "check_date:opening_hours": null, "contact:phone": null, "email": null, "opening_hours:signed": null, "alt_name": null, "addr:suite": null, "note:payment": null, "payment:american_express": null, "payment:discover_card": null, "payment:mastercard": null, "payment:visa": null, "start_date": null, "chicago:building_id": null, "access": null, "healthcare:counselling": null, "contact:facebook": null, "building:floor": null, "addr:floor": null, "internet_access": null, "payment:cash": null, "payment:credit_cards": null, "payment:debit_cards": null, "contact:instagram": null, "contact:linkedin": null, "contact:twitter": null, "contact:youtube": null, "reservation:website": null, "appointment:website": null, "contact:blog": null, "contact:website": null, "currency:XBT": null, "payment:lightning": null, "payment:lightning:operator": null, "payment:lightning_contactless": null, "payment:onchain": null, "nodes": [ 1754487273, 11781692436, 1754487982, 1754488505, 1754487704, 1754487273 ], "beds": null, "emergency": null, "gnis:feature_id": null, "building": "commercial", "building:levels": null, "layer": null, "old_name": null, "university_of_chicago:building_id": null, "university_of_chicago:business_unit_name": null, "roof:levels": null, "ele": null, "abbr_name": null, "ref": null, "toilets:wheelchair": null, "healthcare:speciality:wikidata": null, "healthcare:speciality:wikipedia": null, "name:ko": null, "image": null, "payment:cards": null, "payment:cheque": null, "polling_station": null, "architect": null, "height": null, "opening_date": null, "beauty": null, "shop": null, "smoking": null, "ways": null, "type": null, "category": "Primary Care Center – Private / Non-profit" }, "geometry": { "type": "Point", "coordinates": [ -87.721803639378294, 41.852551816640769 ] } },
{ "type": "Feature", "properties": { "amenity": "clinic", "healthcare": "clinic", "name": "ACCESS Paul and Mimi Francis Westside Family Health Center", "addr:city": "Chicago", "addr:housenumber": "3752", "addr:postcode": "60623", "addr:state": "IL", "addr:street": "West 16th Street", "check_date": null, "healthcare:speciality": null, "phone": "+1-773-762-2435", "website": null, "branch": null, "brand": null, "brand:wikidata": null, "disused:amenity": null, "level": null, "opening_hours": null, "designation": null, "operator": "ACCESS Healthcare", "urgent_care": null, "wheelchair": null, "addr:unit": null, "addr:street:name": "16th", "addr:street:prefix": "West", "addr:street:type": "Street", "social_facility": null, "source": "OpenStreetMap", "operator:type": null, "operator:wikidata": null, "operator:wikipedia": null, "addr:country": null, "name:etymology:wikidata": null, "name:etymology:wikipedia": null, "operator:short": null, "air_conditioning": null, "fax": null, "wikidata": null, "wikipedia": null, "description": null, "drive_through": null, "name:vi": null, "healthcare:for": null, "short_name": null, "check_date:opening_hours": null, "contact:phone": null, "email": null, "opening_hours:signed": null, "alt_name": null, "addr:suite": null, "note:payment": null, "payment:american_express": null, "payment:discover_card": null, "payment:mastercard": null, "payment:visa": null, "start_date": null, "chicago:building_id": null, "access": null, "healthcare:counselling": null, "contact:facebook": null, "building:floor": null, "addr:floor": null, "internet_access": null, "payment:cash": null, "payment:credit_cards": null, "payment:debit_cards": null, "contact:instagram": null, "contact:linkedin": null, "contact:twitter": null, "contact:youtube": null, "reservation:website": null, "appointment:website": null, "contact:blog": null, "contact:website": null, "currency:XBT": null, "payment:lightning": null, "payment:lightning:operator": null, "payment:lightning_contactless": null, "payment:onchain": null, "nodes": [ 8618774113, 1754521237, 1754521135, 1754521134, 8618774113 ], "beds": null, "emergency": null, "gnis:feature_id": null, "building": "commercial", "building:levels": null, "layer": null, "old_name": null, "university_of_chicago:building_id": null, "university_of_chicago:business_unit_name": null, "roof:levels": null, "ele": null, "abbr_name": null, "ref": null, "toilets:wheelchair": null, "healthcare:speciality:wikidata": null, "healthcare:speciality:wikipedia": null, "name:ko": null, "image": null, "payment:cards": null, "payment:cheque": null, "polling_station": null, "architect": null, "height": null, "opening_date": null, "beauty": null, "shop": null, "smoking": null, "ways": null, "type": null, "category": "Primary Care Center – Private / Non-profit" }, "geometry": { "type": "Point", "coordinates": [ -87.719740099996784, 41.859116850059493 ] } },
{ "type": "Feature", "properties": { "amenity": "clinic", "healthcare": "dialysis", "name": "Fresenius Kidney Care", "addr:city": "Chicago", "addr:housenumber": "3410", "addr:postcode": "60624", "addr:state": "IL", "addr:street": "West Van Buren Street", "check_date": null, "healthcare:speciality": "nephrology", "phone": null, "website": null, "branch": "Congress Park", "brand": null, "brand:wikidata": null, "disused:amenity": null, "level": null, "opening_hours": null, "designation": null, "operator": "Fresenius Kidney Care", "urgent_care": null, "wheelchair": null, "addr:unit": null, "addr:street:name": "Van Buren", "addr:street:prefix": "West", "addr:street:type": "Street", "social_facility": null, "source": "OpenStreetMap", "operator:type": "private", "operator:wikidata": "Q650259", "operator:wikipedia": null, "addr:country": null, "name:etymology:wikidata": null, "name:etymology:wikipedia": null, "operator:short": null, "air_conditioning": null, "fax": null, "wikidata": null, "wikipedia": null, "description": null, "drive_through": null, "name:vi": null, "healthcare:for": null, "short_name": null, "check_date:opening_hours": null, "contact:phone": null, "email": null, "opening_hours:signed": null, "alt_name": null, "addr:suite": null, "note:payment": null, "payment:american_express": null, "payment:discover_card": null, "payment:mastercard": null, "payment:visa": null, "start_date": null, "chicago:building_id": null, "access": null, "healthcare:counselling": null, "contact:facebook": null, "building:floor": null, "addr:floor": null, "internet_access": null, "payment:cash": null, "payment:credit_cards": null, "payment:debit_cards": null, "contact:instagram": null, "contact:linkedin": null, "contact:twitter": null, "contact:youtube": null, "reservation:website": null, "appointment:website": null, "contact:blog": null, "contact:website": null, "currency:XBT": null, "payment:lightning": null, "payment:lightning:operator": null, "payment:lightning_contactless": null, "payment:onchain": null, "nodes": [ 1754565470, 1754565481, 1754565007, 1754564982, 1754565470 ], "beds": null, "emergency": null, "gnis:feature_id": null, "building": "public", "building:levels": null, "layer": null, "old_name": "Westside Health Center of Cook County", "university_of_chicago:building_id": null, "university_of_chicago:business_unit_name": null, "roof:levels": null, "ele": null, "abbr_name": null, "ref": null, "toilets:wheelchair": null, "healthcare:speciality:wikidata": null, "healthcare:speciality:wikipedia": null, "name:ko": null, "image": null, "payment:cards": null, "payment:cheque": null, "polling_station": null, "architect": null, "height": null, "opening_date": null, "beauty": null, "shop": null, "smoking": null, "ways": null, "type": null, "category": "Primary Care Center – Private / Non-profit" }, "geometry": { "type": "Point", "coordinates": [ -87.711391578128982, 41.875674324835281 ] } },
{ "type": "Feature", "properties": { "amenity": "clinic", "healthcare": "clinic", "name": "Logan Square Family Health Center", "addr:city": "Chicago", "addr:housenumber": "2655", "addr:postcode": "60647", "addr:state": "IL", "addr:street": "North Milwaukee Avenue", "check_date": null, "healthcare:speciality": null, "phone": null, "website": null, "branch": null, "brand": null, "brand:wikidata": null, "disused:amenity": null, "level": null, "opening_hours": null, "designation": null, "operator": null, "urgent_care": null, "wheelchair": null, "addr:unit": null, "addr:street:name": "Milwaukee", "addr:street:prefix": "North", "addr:street:type": "Avenue", "social_facility": null, "source": "OpenStreetMap", "operator:type": null, "operator:wikidata": null, "operator:wikipedia": null, "addr:country": null, "name:etymology:wikidata": null, "name:etymology:wikipedia": null, "operator:short": null, "air_conditioning": null, "fax": null, "wikidata": null, "wikipedia": null, "description": null, "drive_through": null, "name:vi": null, "healthcare:for": null, "short_name": null, "check_date:opening_hours": null, "contact:phone": null, "email": null, "opening_hours:signed": null, "alt_name": null, "addr:suite": null, "note:payment": null, "payment:american_express": null, "payment:discover_card": null, "payment:mastercard": null, "payment:visa": null, "start_date": null, "chicago:building_id": "850016", "access": null, "healthcare:counselling": null, "contact:facebook": null, "building:floor": null, "addr:floor": null, "internet_access": null, "payment:cash": null, "payment:credit_cards": null, "payment:debit_cards": null, "contact:instagram": null, "contact:linkedin": null, "contact:twitter": null, "contact:youtube": null, "reservation:website": null, "appointment:website": null, "contact:blog": null, "contact:website": null, "currency:XBT": null, "payment:lightning": null, "payment:lightning:operator": null, "payment:lightning_contactless": null, "payment:onchain": null, "nodes": [ 1755630814, 1755630982, 1755630920, 1755630772, 1755630814 ], "beds": null, "emergency": null, "gnis:feature_id": null, "building": "retail", "building:levels": null, "layer": null, "old_name": null, "university_of_chicago:building_id": null, "university_of_chicago:business_unit_name": null, "roof:levels": null, "ele": null, "abbr_name": null, "ref": null, "toilets:wheelchair": null, "healthcare:speciality:wikidata": null, "healthcare:speciality:wikipedia": null, "name:ko": null, "image": null, "payment:cards": null, "payment:cheque": null, "polling_station": null, "architect": null, "height": null, "opening_date": null, "beauty": null, "shop": null, "smoking": null, "ways": null, "type": null, "category": "Primary Care Center – Private / Non-profit" }, "geometry": { "type": "Point", "coordinates": [ -87.708768967332645, 41.93013966089589 ] } },
{ "type": "Feature", "properties": { "amenity": "clinic", "healthcare": "clinic", "name": "Centro Medico", "addr:city": null, "addr:housenumber": "3633", "addr:postcode": null, "addr:state": null, "addr:street": "West Fullerton Avenue", "check_date": null, "healthcare:speciality": null, "phone": null, "website": null, "branch": null, "brand": null, "brand:wikidata": null, "disused:amenity": null, "level": null, "opening_hours": null, "designation": null, "operator": null, "urgent_care": null, "wheelchair": null, "addr:unit": null, "addr:street:name": "Fullerton", "addr:street:prefix": "West", "addr:street:type": "Avenue", "social_facility": null, "source": "OpenStreetMap", "operator:type": null, "operator:wikidata": null, "operator:wikipedia": null, "addr:country": null, "name:etymology:wikidata": null, "name:etymology:wikipedia": null, "operator:short": null, "air_conditioning": null, "fax": null, "wikidata": null, "wikipedia": null, "description": null, "drive_through": null, "name:vi": null, "healthcare:for": null, "short_name": null, "check_date:opening_hours": null, "contact:phone": null, "email": null, "opening_hours:signed": null, "alt_name": null, "addr:suite": null, "note:payment": null, "payment:american_express": null, "payment:discover_card": null, "payment:mastercard": null, "payment:visa": null, "start_date": null, "chicago:building_id": "851674", "access": null, "healthcare:counselling": null, "contact:facebook": null, "building:floor": null, "addr:floor": null, "internet_access": null, "payment:cash": null, "payment:credit_cards": null, "payment:debit_cards": null, "contact:instagram": null, "contact:linkedin": null, "contact:twitter": null, "contact:youtube": null, "reservation:website": null, "appointment:website": null, "contact:blog": null, "contact:website": null, "currency:XBT": null, "payment:lightning": null, "payment:lightning:operator": null, "payment:lightning_contactless": null, "payment:onchain": null, "nodes": [ 1755606107, 1755606120, 1755605772, 1755605765, 1755606107 ], "beds": null, "emergency": null, "gnis:feature_id": null, "building": "yes", "building:levels": "2", "layer": null, "old_name": null, "university_of_chicago:building_id": null, "university_of_chicago:business_unit_name": null, "roof:levels": null, "ele": null, "abbr_name": null, "ref": null, "toilets:wheelchair": null, "healthcare:speciality:wikidata": null, "healthcare:speciality:wikipedia": null, "name:ko": null, "image": null, "payment:cards": null, "payment:cheque": null, "polling_station": null, "architect": null, "height": null, "opening_date": null, "beauty": null, "shop": null, "smoking": null, "ways": null, "type": null, "category": "Primary Care Center – Private / Non-profit" }, "geometry": { "type": "Point", "coordinates": [ -87.718421474268041, 41.924345142466606 ] } },
{ "type": "Feature", "properties": { "amenity": "clinic", "healthcare": "clinic", "name": "Express Med Spa Chicago", "addr:city": "Chicago", "addr:housenumber": "3314", "addr:postcode": "60655", "addr:state": "IL", "addr:street": "West 111th Street", "check_date": null, "healthcare:speciality": "medical_spa;skin_care_clinic;facial_spa;days_spa", "phone": "+1-877-363-3772", "website": "https://expressmedspas.com/medical-spa-chicago-mount-greenwood-il/", "branch": null, "brand": null, "brand:wikidata": null, "disused:amenity": null, "level": null, "opening_hours": null, "designation": null, "operator": null, "urgent_care": null, "wheelchair": null, "addr:unit": null, "addr:street:name": "111th", "addr:street:prefix": "West", "addr:street:type": "Street", "social_facility": null, "source": "OpenStreetMap", "operator:type": null, "operator:wikidata": null, "operator:wikipedia": null, "addr:country": null, "name:etymology:wikidata": null, "name:etymology:wikipedia": null, "operator:short": null, "air_conditioning": null, "fax": null, "wikidata": null, "wikipedia": null, "description": null, "drive_through": null, "name:vi": null, "healthcare:for": null, "short_name": null, "check_date:opening_hours": null, "contact:phone": null, "email": null, "opening_hours:signed": null, "alt_name": null, "addr:suite": null, "note:payment": null, "payment:american_express": null, "payment:discover_card": null, "payment:mastercard": null, "payment:visa": null, "start_date": null, "chicago:building_id": "770301", "access": null, "healthcare:counselling": null, "contact:facebook": null, "building:floor": null, "addr:floor": null, "internet_access": null, "payment:cash": null, "payment:credit_cards": null, "payment:debit_cards": null, "contact:instagram": null, "contact:linkedin": null, "contact:twitter": null, "contact:youtube": null, "reservation:website": null, "appointment:website": null, "contact:blog": null, "contact:website": null, "currency:XBT": null, "payment:lightning": null, "payment:lightning:operator": null, "payment:lightning_contactless": null, "payment:onchain": null, "nodes": [ 12873832394, 12873832393, 1766289392, 1766289394, 1766289277, 1766289275, 1766289249, 12873832394 ], "beds": null, "emergency": null, "gnis:feature_id": null, "building": "yes", "building:levels": "1", "layer": null, "old_name": null, "university_of_chicago:building_id": null, "university_of_chicago:business_unit_name": null, "roof:levels": null, "ele": null, "abbr_name": null, "ref": null, "toilets:wheelchair": null, "healthcare:speciality:wikidata": null, "healthcare:speciality:wikipedia": null, "name:ko": null, "image": null, "payment:cards": null, "payment:cheque": null, "polling_station": null, "architect": null, "height": null, "opening_date": null, "beauty": null, "shop": null, "smoking": null, "ways": null, "type": null, "category": "Primary Care Center – Private / Non-profit" }, "geometry": { "type": "Point", "coordinates": [ -87.704057848807253, 41.691734779297903 ] } },
{ "type": "Feature", "properties": { "amenity": "clinic", "healthcare": "dialysis", "name": "DaVita Dialysis", "addr:city": "Chicago", "addr:housenumber": "3401", "addr:postcode": "60655", "addr:state": "IL", "addr:street": "West 111th Street", "check_date": null, "healthcare:speciality": "nephrology", "phone": null, "website": null, "branch": "Mount Greenwood", "brand": "DaVita Dialysis", "brand:wikidata": "Q5207184", "disused:amenity": null, "level": null, "opening_hours": null, "designation": null, "operator": "DaVita Dialysis", "urgent_care": null, "wheelchair": null, "addr:unit": null, "addr:street:name": "111th", "addr:street:prefix": "West", "addr:street:type": "Street", "social_facility": null, "source": "OpenStreetMap", "operator:type": "private", "operator:wikidata": "Q5207184", "operator:wikipedia": "de:DaVita", "addr:country": null, "name:etymology:wikidata": null, "name:etymology:wikipedia": null, "operator:short": null, "air_conditioning": null, "fax": null, "wikidata": null, "wikipedia": null, "description": null, "drive_through": null, "name:vi": null, "healthcare:for": null, "short_name": null, "check_date:opening_hours": null, "contact:phone": null, "email": null, "opening_hours:signed": null, "alt_name": null, "addr:suite": null, "note:payment": null, "payment:american_express": null, "payment:discover_card": null, "payment:mastercard": null, "payment:visa": null, "start_date": null, "chicago:building_id": "770944", "access": null, "healthcare:counselling": null, "contact:facebook": null, "building:floor": null, "addr:floor": null, "internet_access": null, "payment:cash": null, "payment:credit_cards": null, "payment:debit_cards": null, "contact:instagram": null, "contact:linkedin": null, "contact:twitter": null, "contact:youtube": null, "reservation:website": null, "appointment:website": null, "contact:blog": null, "contact:website": null, "currency:XBT": null, "payment:lightning": null, "payment:lightning:operator": null, "payment:lightning_contactless": null, "payment:onchain": null, "nodes": [ 1766287770, 1766288528, 1766288539, 1766287758, 1766287770 ], "beds": null, "emergency": null, "gnis:feature_id": null, "building": "retail", "building:levels": "1", "layer": null, "old_name": null, "university_of_chicago:building_id": null, "university_of_chicago:business_unit_name": null, "roof:levels": null, "ele": null, "abbr_name": null, "ref": null, "toilets:wheelchair": null, "healthcare:speciality:wikidata": null, "healthcare:speciality:wikipedia": null, "name:ko": null, "image": null, "payment:cards": null, "payment:cheque": null, "polling_station": null, "architect": null, "height": null, "opening_date": null, "beauty": null, "shop": null, "smoking": null, "ways": null, "type": null, "category": "Primary Care Center – Private / Non-profit" }, "geometry": { "type": "Point", "coordinates": [ -87.705948657873947, 41.691264773034824 ] } },
{ "type": "Feature", "properties": { "amenity": "clinic", "healthcare": "clinic", "name": "Union Health Service", "addr:city": "Chicago", "addr:housenumber": "2800-2810", "addr:postcode": "60652", "addr:state": "IL", "addr:street": "West 87th Street", "check_date": null, "healthcare:speciality": null, "phone": "+1 312 423 4200 x6500", "website": null, "branch": null, "brand": null, "brand:wikidata": null, "disused:amenity": null, "level": null, "opening_hours": null, "designation": null, "operator": null, "urgent_care": null, "wheelchair": null, "addr:unit": null, "addr:street:name": "87th", "addr:street:prefix": "West", "addr:street:type": "Street", "social_facility": null, "source": "OpenStreetMap", "operator:type": null, "operator:wikidata": null, "operator:wikipedia": null, "addr:country": null, "name:etymology:wikidata": null, "name:etymology:wikipedia": null, "operator:short": null, "air_conditioning": null, "fax": null, "wikidata": null, "wikipedia": null, "description": null, "drive_through": null, "name:vi": null, "healthcare:for": null, "short_name": null, "check_date:opening_hours": null, "contact:phone": null, "email": null, "opening_hours:signed": null, "alt_name": null, "addr:suite": null, "note:payment": null, "payment:american_express": null, "payment:discover_card": null, "payment:mastercard": null, "payment:visa": null, "start_date": null, "chicago:building_id": null, "access": null, "healthcare:counselling": null, "contact:facebook": null, "building:floor": null, "addr:floor": null, "internet_access": null, "payment:cash": null, "payment:credit_cards": null, "payment:debit_cards": null, "contact:instagram": null, "contact:linkedin": null, "contact:twitter": null, "contact:youtube": null, "reservation:website": null, "appointment:website": null, "contact:blog": null, "contact:website": null, "currency:XBT": null, "payment:lightning": null, "payment:lightning:operator": null, "payment:lightning_contactless": null, "payment:onchain": null, "nodes": [ 1766723090, 1766723404, 11408475237, 1766723417, 1766723304, 1766723303, 1766723093, 1766723094, 1766723080, 1766723077, 1766723092, 1766723096, 1766723099, 1766723105, 1766723108, 1766723107, 1766723101, 1766723097, 1766723095, 1766723091, 1766723090 ], "beds": null, "emergency": null, "gnis:feature_id": null, "building": "yes", "building:levels": "1", "layer": null, "old_name": null, "university_of_chicago:building_id": null, "university_of_chicago:business_unit_name": null, "roof:levels": null, "ele": null, "abbr_name": null, "ref": null, "toilets:wheelchair": null, "healthcare:speciality:wikidata": null, "healthcare:speciality:wikipedia": null, "name:ko": null, "image": null, "payment:cards": null, "payment:cheque": null, "polling_station": null, "architect": null, "height": null, "opening_date": null, "beauty": null, "shop": null, "smoking": null, "ways": null, "type": null, "category": "Primary Care Center – Private / Non-profit" }, "geometry": { "type": "Point", "coordinates": [ -87.692657051487885, 41.735610861428256 ] } },
{ "type": "Feature", "properties": { "amenity": "clinic", "healthcare": "clinic", "name": "Alivio Medical Center", "addr:city": "Chicago", "addr:housenumber": "966", "addr:postcode": "60608", "addr:state": "IL", "addr:street": "West 21st Street", "check_date": null, "healthcare:speciality": null, "phone": null, "website": null, "branch": null, "brand": null, "brand:wikidata": null, "disused:amenity": null, "level": null, "opening_hours": null, "designation": null, "operator": null, "urgent_care": null, "wheelchair": null, "addr:unit": null, "addr:street:name": "21st", "addr:street:prefix": "West", "addr:street:type": "Street", "social_facility": null, "source": "OpenStreetMap", "operator:type": null, "operator:wikidata": null, "operator:wikipedia": null, "addr:country": null, "name:etymology:wikidata": null, "name:etymology:wikipedia": null, "operator:short": null, "air_conditioning": null, "fax": null, "wikidata": null, "wikipedia": null, "description": null, "drive_through": null, "name:vi": null, "healthcare:for": null, "short_name": null, "check_date:opening_hours": null, "contact:phone": null, "email": null, "opening_hours:signed": null, "alt_name": null, "addr:suite": null, "note:payment": null, "payment:american_express": null, "payment:discover_card": null, "payment:mastercard": null, "payment:visa": null, "start_date": null, "chicago:building_id": "830960", "access": null, "healthcare:counselling": null, "contact:facebook": null, "building:floor": null, "addr:floor": null, "internet_access": null, "payment:cash": null, "payment:credit_cards": null, "payment:debit_cards": null, "contact:instagram": null, "contact:linkedin": null, "contact:twitter": null, "contact:youtube": null, "reservation:website": null, "appointment:website": null, "contact:blog": null, "contact:website": null, "currency:XBT": null, "payment:lightning": null, "payment:lightning:operator": null, "payment:lightning_contactless": null, "payment:onchain": null, "nodes": [ 2172882444, 2172882445, 2172882437, 2172882435, 2172882444 ], "beds": null, "emergency": null, "gnis:feature_id": null, "building": "commercial", "building:levels": null, "layer": null, "old_name": null, "university_of_chicago:building_id": null, "university_of_chicago:business_unit_name": null, "roof:levels": null, "ele": null, "abbr_name": null, "ref": null, "toilets:wheelchair": null, "healthcare:speciality:wikidata": null, "healthcare:speciality:wikipedia": null, "name:ko": null, "image": null, "payment:cards": null, "payment:cheque": null, "polling_station": null, "architect": null, "height": null, "opening_date": null, "beauty": null, "shop": null, "smoking": null, "ways": null, "type": null, "category": "Primary Care Center – Private / Non-profit" }, "geometry": { "type": "Point", "coordinates": [ -87.650977749995491, 41.854162950211069 ] } },
{ "type": "Feature", "properties": { "amenity": "hospital", "healthcare": "hospital", "name": "RML Specialty Hospital", "addr:city": "Chicago", "addr:housenumber": "3435", "addr:postcode": "60624", "addr:state": "IL", "addr:street": "West Van Buren Street", "check_date": null, "healthcare:speciality": null, "phone": "+1 773 826 6300", "website": "https://www.rmlspecialtyhospital.org/", "branch": null, "brand": null, "brand:wikidata": null, "disused:amenity": null, "level": null, "opening_hours": null, "designation": null, "operator": "RML Specialty Hospital", "urgent_care": null, "wheelchair": null, "addr:unit": null, "addr:street:name": null, "addr:street:prefix": null, "addr:street:type": null, "social_facility": null, "source": "OpenStreetMap", "operator:type": null, "operator:wikidata": null, "operator:wikipedia": null, "addr:country": null, "name:etymology:wikidata": null, "name:etymology:wikipedia": null, "operator:short": null, "air_conditioning": null, "fax": null, "wikidata": null, "wikipedia": null, "description": null, "drive_through": null, "name:vi": null, "healthcare:for": null, "short_name": null, "check_date:opening_hours": null, "contact:phone": null, "email": null, "opening_hours:signed": null, "alt_name": null, "addr:suite": null, "note:payment": null, "payment:american_express": null, "payment:discover_card": null, "payment:mastercard": null, "payment:visa": null, "start_date": null, "chicago:building_id": null, "access": null, "healthcare:counselling": null, "contact:facebook": null, "building:floor": null, "addr:floor": null, "internet_access": null, "payment:cash": null, "payment:credit_cards": null, "payment:debit_cards": null, "contact:instagram": null, "contact:linkedin": null, "contact:twitter": null, "contact:youtube": null, "reservation:website": null, "appointment:website": null, "contact:blog": null, "contact:website": null, "currency:XBT": null, "payment:lightning": null, "payment:lightning:operator": null, "payment:lightning_contactless": null, "payment:onchain": null, "nodes": [ 354051608, 2190712402, 5322176068, 5322176067, 5322176069, 2190712597, 2190712503, 2190712430, 2190712598, 2190712548, 11243024241, 2190712599, 354051608 ], "beds": null, "emergency": "no", "gnis:feature_id": "404257", "building": null, "building:levels": null, "layer": null, "old_name": "Bethany Hospital", "university_of_chicago:building_id": null, "university_of_chicago:business_unit_name": null, "roof:levels": null, "ele": null, "abbr_name": null, "ref": null, "toilets:wheelchair": null, "healthcare:speciality:wikidata": null, "healthcare:speciality:wikipedia": null, "name:ko": null, "image": null, "payment:cards": null, "payment:cheque": null, "polling_station": null, "architect": null, "height": null, "opening_date": null, "beauty": null, "shop": null, "smoking": null, "ways": null, "type": null, "category": "Hospital – Private / Non-profit" }, "geometry": { "type": "Point", "coordinates": [ -87.712229843959236, 41.875441892204321 ] } },
{ "type": "Feature", "properties": { "amenity": "clinic", "healthcare": "clinic", "name": null, "addr:city": "Chicago", "addr:housenumber": "1428-1430", "addr:postcode": "60622", "addr:state": "IL", "addr:street": "North Claremont Avenue", "check_date": null, "healthcare:speciality": null, "phone": null, "website": null, "branch": null, "brand": null, "brand:wikidata": null, "disused:amenity": null, "level": null, "opening_hours": null, "designation": null, "operator": null, "urgent_care": null, "wheelchair": null, "addr:unit": null, "addr:street:name": "Claremont", "addr:street:prefix": "North", "addr:street:type": "Avenue", "social_facility": null, "source": "OpenStreetMap", "operator:type": null, "operator:wikidata": null, "operator:wikipedia": null, "addr:country": null, "name:etymology:wikidata": null, "name:etymology:wikipedia": null, "operator:short": null, "air_conditioning": null, "fax": null, "wikidata": null, "wikipedia": null, "description": null, "drive_through": null, "name:vi": null, "healthcare:for": null, "short_name": null, "check_date:opening_hours": null, "contact:phone": null, "email": null, "opening_hours:signed": null, "alt_name": null, "addr:suite": null, "note:payment": null, "payment:american_express": null, "payment:discover_card": null, "payment:mastercard": null, "payment:visa": null, "start_date": null, "chicago:building_id": "312911", "access": null, "healthcare:counselling": null, "contact:facebook": null, "building:floor": null, "addr:floor": null, "internet_access": null, "payment:cash": null, "payment:credit_cards": null, "payment:debit_cards": null, "contact:instagram": null, "contact:linkedin": null, "contact:twitter": null, "contact:youtube": null, "reservation:website": null, "appointment:website": null, "contact:blog": null, "contact:website": null, "currency:XBT": null, "payment:lightning": null, "payment:lightning:operator": null, "payment:lightning_contactless": null, "payment:onchain": null, "nodes": [ 2196124767, 2196125317, 2196125314, 2196125338, 2196125339, 2196125359, 2196125362, 2196125340, 2196125342, 2196125319, 2196125322, 2196124789, 2196124767 ], "beds": null, "emergency": null, "gnis:feature_id": null, "building": "office", "building:levels": "6", "layer": null, "old_name": null, "university_of_chicago:building_id": null, "university_of_chicago:business_unit_name": null, "roof:levels": null, "ele": null, "abbr_name": null, "ref": null, "toilets:wheelchair": null, "healthcare:speciality:wikidata": null, "healthcare:speciality:wikipedia": null, "name:ko": null, "image": null, "payment:cards": null, "payment:cheque": null, "polling_station": null, "architect": null, "height": null, "opening_date": null, "beauty": null, "shop": null, "smoking": null, "ways": null, "type": null, "category": "Primary Care Center – Private / Non-profit" }, "geometry": { "type": "Point", "coordinates": [ -87.686314114978231, 41.907574549244245 ] } },
{ "type": "Feature", "properties": { "amenity": "clinic", "healthcare": "clinic", "name": "Erie Family Health Center", "addr:city": "Chicago", "addr:housenumber": "2418", "addr:postcode": "60622", "addr:state": "IL", "addr:street": "West Division Street", "check_date": null, "healthcare:speciality": null, "phone": null, "website": null, "branch": null, "brand": null, "brand:wikidata": null, "disused:amenity": null, "level": null, "opening_hours": null, "designation": null, "operator": null, "urgent_care": null, "wheelchair": null, "addr:unit": null, "addr:street:name": "Division", "addr:street:prefix": "West", "addr:street:type": "Street", "social_facility": null, "source": "OpenStreetMap", "operator:type": null, "operator:wikidata": null, "operator:wikipedia": null, "addr:country": null, "name:etymology:wikidata": null, "name:etymology:wikipedia": null, "operator:short": null, "air_conditioning": null, "fax": null, "wikidata": null, "wikipedia": null, "description": null, "drive_through": null, "name:vi": null, "healthcare:for": null, "short_name": null, "check_date:opening_hours": null, "contact:phone": null, "email": null, "opening_hours:signed": null, "alt_name": null, "addr:suite": null, "note:payment": null, "payment:american_express": null, "payment:discover_card": null, "payment:mastercard": null, "payment:visa": null, "start_date": null, "chicago:building_id": "322276", "access": null, "healthcare:counselling": null, "contact:facebook": null, "building:floor": null, "addr:floor": null, "internet_access": null, "payment:cash": null, "payment:credit_cards": null, "payment:debit_cards": null, "contact:instagram": null, "contact:linkedin": null, "contact:twitter": null, "contact:youtube": null, "reservation:website": null, "appointment:website": null, "contact:blog": null, "contact:website": null, "currency:XBT": null, "payment:lightning": null, "payment:lightning:operator": null, "payment:lightning_contactless": null, "payment:onchain": null, "nodes": [ 2196110928, 2196111478, 2196111484, 2196111500, 2196110936, 2196110932, 2196110928 ], "beds": null, "emergency": null, "gnis:feature_id": null, "building": "office", "building:levels": "1", "layer": null, "old_name": null, "university_of_chicago:building_id": null, "university_of_chicago:business_unit_name": null, "roof:levels": "0", "ele": null, "abbr_name": null, "ref": null, "toilets:wheelchair": null, "healthcare:speciality:wikidata": null, "healthcare:speciality:wikipedia": null, "name:ko": null, "image": null, "payment:cards": null, "payment:cheque": null, "polling_station": null, "architect": null, "height": null, "opening_date": null, "beauty": null, "shop": null, "smoking": null, "ways": null, "type": null, "category": "Primary Care Center – Private / Non-profit" }, "geometry": { "type": "Point", "coordinates": [ -87.687735263753538, 41.903359545597176 ] } },
{ "type": "Feature", "properties": { "amenity": "clinic", "healthcare": "clinic", "name": "Angelo Medical Clinic", "addr:city": null, "addr:housenumber": "2424", "addr:postcode": null, "addr:state": null, "addr:street": "West North Avenue", "check_date": null, "healthcare:speciality": null, "phone": null, "website": null, "branch": null, "brand": null, "brand:wikidata": null, "disused:amenity": null, "level": null, "opening_hours": null, "designation": null, "operator": null, "urgent_care": null, "wheelchair": null, "addr:unit": null, "addr:street:name": "North", "addr:street:prefix": "West", "addr:street:type": "Avenue", "social_facility": null, "source": "OpenStreetMap", "operator:type": null, "operator:wikidata": null, "operator:wikipedia": null, "addr:country": null, "name:etymology:wikidata": null, "name:etymology:wikipedia": null, "operator:short": null, "air_conditioning": null, "fax": null, "wikidata": null, "wikipedia": null, "description": null, "drive_through": null, "name:vi": null, "healthcare:for": null, "short_name": null, "check_date:opening_hours": null, "contact:phone": null, "email": null, "opening_hours:signed": null, "alt_name": null, "addr:suite": null, "note:payment": null, "payment:american_express": null, "payment:discover_card": null, "payment:mastercard": null, "payment:visa": null, "start_date": null, "chicago:building_id": "852440", "access": null, "healthcare:counselling": null, "contact:facebook": null, "building:floor": null, "addr:floor": null, "internet_access": null, "payment:cash": null, "payment:credit_cards": null, "payment:debit_cards": null, "contact:instagram": null, "contact:linkedin": null, "contact:twitter": null, "contact:youtube": null, "reservation:website": null, "appointment:website": null, "contact:blog": null, "contact:website": null, "currency:XBT": null, "payment:lightning": null, "payment:lightning:operator": null, "payment:lightning_contactless": null, "payment:onchain": null, "nodes": [ 2196172248, 2196172250, 2196171985, 2196171984, 2196172248 ], "beds": null, "emergency": null, "gnis:feature_id": null, "building": "yes", "building:levels": "1", "layer": null, "old_name": null, "university_of_chicago:building_id": null, "university_of_chicago:business_unit_name": null, "roof:levels": null, "ele": null, "abbr_name": null, "ref": null, "toilets:wheelchair": null, "healthcare:speciality:wikidata": null, "healthcare:speciality:wikipedia": null, "name:ko": null, "image": null, "payment:cards": null, "payment:cheque": null, "polling_station": null, "architect": null, "height": null, "opening_date": null, "beauty": null, "shop": null, "smoking": null, "ways": null, "type": null, "category": "Primary Care Center – Private / Non-profit" }, "geometry": { "type": "Point", "coordinates": [ -87.688277852378519, 41.910550640134161 ] } },
{ "type": "Feature", "properties": { "amenity": "clinic", "healthcare": "clinic", "name": "California-Fullerton Medical Center", "addr:city": null, "addr:housenumber": "2810", "addr:postcode": null, "addr:state": null, "addr:street": "West Fullerton Avenue", "check_date": null, "healthcare:speciality": null, "phone": null, "website": null, "branch": null, "brand": null, "brand:wikidata": null, "disused:amenity": null, "level": null, "opening_hours": null, "designation": null, "operator": null, "urgent_care": null, "wheelchair": null, "addr:unit": null, "addr:street:name": "Fullerton", "addr:street:prefix": "West", "addr:street:type": "Avenue", "social_facility": null, "source": "OpenStreetMap", "operator:type": null, "operator:wikidata": null, "operator:wikipedia": null, "addr:country": null, "name:etymology:wikidata": null, "name:etymology:wikipedia": null, "operator:short": null, "air_conditioning": null, "fax": null, "wikidata": null, "wikipedia": null, "description": null, "drive_through": null, "name:vi": null, "healthcare:for": null, "short_name": null, "check_date:opening_hours": null, "contact:phone": null, "email": null, "opening_hours:signed": null, "alt_name": null, "addr:suite": null, "note:payment": null, "payment:american_express": null, "payment:discover_card": null, "payment:mastercard": null, "payment:visa": null, "start_date": null, "chicago:building_id": "263506", "access": null, "healthcare:counselling": null, "contact:facebook": null, "building:floor": null, "addr:floor": null, "internet_access": null, "payment:cash": null, "payment:credit_cards": null, "payment:debit_cards": null, "contact:instagram": null, "contact:linkedin": null, "contact:twitter": null, "contact:youtube": null, "reservation:website": null, "appointment:website": null, "contact:blog": null, "contact:website": null, "currency:XBT": null, "payment:lightning": null, "payment:lightning:operator": null, "payment:lightning_contactless": null, "payment:onchain": null, "nodes": [ 2196700550, 2196701465, 2196701472, 2196700551, 2196700550 ], "beds": null, "emergency": null, "gnis:feature_id": null, "building": "yes", "building:levels": "1", "layer": null, "old_name": null, "university_of_chicago:building_id": null, "university_of_chicago:business_unit_name": null, "roof:levels": null, "ele": null, "abbr_name": null, "ref": null, "toilets:wheelchair": null, "healthcare:speciality:wikidata": null, "healthcare:speciality:wikipedia": null, "name:ko": null, "image": null, "payment:cards": null, "payment:cheque": null, "polling_station": null, "architect": null, "height": null, "opening_date": null, "beauty": null, "shop": null, "smoking": null, "ways": null, "type": null, "category": "Primary Care Center – Private / Non-profit" }, "geometry": { "type": "Point", "coordinates": [ -87.697927758069582, 41.925089562443858 ] } },
{ "type": "Feature", "properties": { "amenity": "clinic", "healthcare": "clinic", "name": "Health Center", "addr:city": "Chicago", "addr:housenumber": "4015-4027", "addr:postcode": "60618", "addr:state": "IL", "addr:street": "North Western Avenue", "check_date": null, "healthcare:speciality": null, "phone": null, "website": null, "branch": null, "brand": null, "brand:wikidata": null, "disused:amenity": null, "level": null, "opening_hours": null, "designation": null, "operator": null, "urgent_care": null, "wheelchair": null, "addr:unit": null, "addr:street:name": "Western", "addr:street:prefix": "North", "addr:street:type": "Avenue", "social_facility": null, "source": "OpenStreetMap", "operator:type": null, "operator:wikidata": null, "operator:wikipedia": null, "addr:country": null, "name:etymology:wikidata": null, "name:etymology:wikipedia": null, "operator:short": null, "air_conditioning": null, "fax": null, "wikidata": null, "wikipedia": null, "description": null, "drive_through": null, "name:vi": null, "healthcare:for": null, "short_name": null, "check_date:opening_hours": null, "contact:phone": null, "email": null, "opening_hours:signed": null, "alt_name": null, "addr:suite": null, "note:payment": null, "payment:american_express": null, "payment:discover_card": null, "payment:mastercard": null, "payment:visa": null, "start_date": null, "chicago:building_id": "150062", "access": null, "healthcare:counselling": null, "contact:facebook": null, "building:floor": null, "addr:floor": null, "internet_access": null, "payment:cash": null, "payment:credit_cards": null, "payment:debit_cards": null, "contact:instagram": null, "contact:linkedin": null, "contact:twitter": null, "contact:youtube": null, "reservation:website": null, "appointment:website": null, "contact:blog": null, "contact:website": null, "currency:XBT": null, "payment:lightning": null, "payment:lightning:operator": null, "payment:lightning_contactless": null, "payment:onchain": null, "nodes": [ 2196818413, 2196819202, 2196819200, 2196819280, 2196819281, 2196819347, 2196819353, 2196819738, 2196819747, 2196819316, 2196819311, 2196819285, 2196819284, 2196818821, 2196818823, 2196818770, 2196818768, 2196818436, 2196818413 ], "beds": null, "emergency": null, "gnis:feature_id": null, "building": "yes", "building:levels": "2", "layer": null, "old_name": null, "university_of_chicago:building_id": null, "university_of_chicago:business_unit_name": null, "roof:levels": null, "ele": null, "abbr_name": null, "ref": null, "toilets:wheelchair": null, "healthcare:speciality:wikidata": null, "healthcare:speciality:wikipedia": null, "name:ko": null, "image": null, "payment:cards": null, "payment:cheque": null, "polling_station": null, "architect": null, "height": null, "opening_date": null, "beauty": null, "shop": null, "smoking": null, "ways": null, "type": null, "category": "Primary Care Center – Private / Non-profit" }, "geometry": { "type": "Point", "coordinates": [ -87.687967714078468, 41.954823512373999 ] } },
{ "type": "Feature", "properties": { "amenity": "hospital", "healthcare": "hospital", "name": "Kindred Hospital Chicago (North Campus)", "addr:city": "Chicago", "addr:housenumber": "2544", "addr:postcode": "60618", "addr:state": "IL", "addr:street": "West Montrose Avenue", "check_date": null, "healthcare:speciality": null, "phone": null, "website": null, "branch": null, "brand": null, "brand:wikidata": null, "disused:amenity": null, "level": null, "opening_hours": null, "designation": null, "operator": "Kindred Healthcare", "urgent_care": null, "wheelchair": null, "addr:unit": null, "addr:street:name": "Montrose", "addr:street:prefix": "West", "addr:street:type": "Avenue", "social_facility": null, "source": "OpenStreetMap", "operator:type": "private", "operator:wikidata": "Q921363", "operator:wikipedia": "en:Kindred Healthcare", "addr:country": null, "name:etymology:wikidata": null, "name:etymology:wikipedia": null, "operator:short": null, "air_conditioning": null, "fax": null, "wikidata": null, "wikipedia": null, "description": null, "drive_through": null, "name:vi": null, "healthcare:for": null, "short_name": null, "check_date:opening_hours": null, "contact:phone": null, "email": null, "opening_hours:signed": null, "alt_name": null, "addr:suite": null, "note:payment": null, "payment:american_express": null, "payment:discover_card": null, "payment:mastercard": null, "payment:visa": null, "start_date": null, "chicago:building_id": "127044", "access": null, "healthcare:counselling": null, "contact:facebook": null, "building:floor": null, "addr:floor": null, "internet_access": null, "payment:cash": null, "payment:credit_cards": null, "payment:debit_cards": null, "contact:instagram": null, "contact:linkedin": null, "contact:twitter": null, "contact:youtube": null, "reservation:website": null, "appointment:website": null, "contact:blog": null, "contact:website": null, "currency:XBT": null, "payment:lightning": null, "payment:lightning:operator": null, "payment:lightning_contactless": null, "payment:onchain": null, "nodes": [ 2196853926, 2196854410, 2196854424, 2196854368, 2196854370, 2196854426, 2196854431, 2196854402, 2196854407, 2196853955, 2196853935, 2196853963, 2196853960, 2196853931, 2196853926 ], "beds": null, "emergency": "no", "gnis:feature_id": "1831355", "building": "yes", "building:levels": null, "layer": null, "old_name": null, "university_of_chicago:building_id": null, "university_of_chicago:business_unit_name": null, "roof:levels": null, "ele": "179", "abbr_name": null, "ref": null, "toilets:wheelchair": null, "healthcare:speciality:wikidata": null, "healthcare:speciality:wikipedia": null, "name:ko": null, "image": null, "payment:cards": null, "payment:cheque": null, "polling_station": null, "architect": null, "height": null, "opening_date": null, "beauty": null, "shop": null, "smoking": null, "ways": null, "type": null, "category": "Hospital – Private / Non-profit" }, "geometry": { "type": "Point", "coordinates": [ -87.692975901168566, 41.961547161641867 ] } },
{ "type": "Feature", "properties": { "amenity": "clinic", "healthcare": "dialysis", "name": "Fresenius Kidney Care", "addr:city": "Chicago", "addr:housenumber": "2277", "addr:postcode": "60645", "addr:state": "IL", "addr:street": "West Howard Street", "check_date": null, "healthcare:speciality": "nephrology", "phone": null, "website": "https://www.freseniuskidneycare.com/dialysis-centers/illinois/4304", "branch": "Rogers Park", "brand": "Fresenius Kidney Care", "brand:wikidata": "Q650259", "disused:amenity": null, "level": null, "opening_hours": null, "designation": null, "operator": "Fresenius Kidney Care", "urgent_care": null, "wheelchair": null, "addr:unit": null, "addr:street:name": "Howard", "addr:street:prefix": "West", "addr:street:type": "Street", "social_facility": null, "source": "OpenStreetMap", "operator:type": "private", "operator:wikidata": "Q650259", "operator:wikipedia": "en:Fresenius Medical Care", "addr:country": null, "name:etymology:wikidata": null, "name:etymology:wikipedia": null, "operator:short": null, "air_conditioning": null, "fax": null, "wikidata": null, "wikipedia": null, "description": null, "drive_through": null, "name:vi": null, "healthcare:for": null, "short_name": null, "check_date:opening_hours": null, "contact:phone": null, "email": null, "opening_hours:signed": null, "alt_name": null, "addr:suite": null, "note:payment": null, "payment:american_express": null, "payment:discover_card": null, "payment:mastercard": null, "payment:visa": null, "start_date": null, "chicago:building_id": "416", "access": null, "healthcare:counselling": null, "contact:facebook": null, "building:floor": null, "addr:floor": null, "internet_access": null, "payment:cash": null, "payment:credit_cards": null, "payment:debit_cards": null, "contact:instagram": null, "contact:linkedin": null, "contact:twitter": null, "contact:youtube": null, "reservation:website": null, "appointment:website": null, "contact:blog": null, "contact:website": null, "currency:XBT": null, "payment:lightning": null, "payment:lightning:operator": null, "payment:lightning_contactless": null, "payment:onchain": null, "nodes": [ 2197904061, 2197904236, 2197904235, 2197904384, 2197904383, 2197904060, 2197904061 ], "beds": null, "emergency": null, "gnis:feature_id": null, "building": "commercial", "building:levels": "1", "layer": null, "old_name": null, "university_of_chicago:building_id": null, "university_of_chicago:business_unit_name": null, "roof:levels": null, "ele": null, "abbr_name": null, "ref": null, "toilets:wheelchair": null, "healthcare:speciality:wikidata": null, "healthcare:speciality:wikipedia": null, "name:ko": null, "image": null, "payment:cards": null, "payment:cheque": null, "polling_station": null, "architect": null, "height": null, "opening_date": null, "beauty": null, "shop": null, "smoking": null, "ways": null, "type": null, "category": "Primary Care Center – Private / Non-profit" }, "geometry": { "type": "Point", "coordinates": [ -87.687312499114796, 42.019309631504299 ] } },
{ "type": "Feature", "properties": { "amenity": "clinic", "healthcare": "clinic", "name": "ACCESS Cabrini Family Health Center", "addr:city": "Chicago", "addr:housenumber": "3450", "addr:postcode": "60608", "addr:state": "IL", "addr:street": "South Archer Avenue", "check_date": null, "healthcare:speciality": null, "phone": "+1-773-523-1000", "website": "https://www.achn.net/locations/location-pages/access-cabrini-family-health-center/", "branch": null, "brand": null, "brand:wikidata": null, "disused:amenity": null, "level": null, "opening_hours": null, "designation": null, "operator": "Access Community Health Network", "urgent_care": null, "wheelchair": null, "addr:unit": null, "addr:street:name": "Archer", "addr:street:prefix": "South", "addr:street:type": "Avenue", "social_facility": null, "source": "OpenStreetMap", "operator:type": null, "operator:wikidata": null, "operator:wikipedia": null, "addr:country": null, "name:etymology:wikidata": null, "name:etymology:wikipedia": null, "operator:short": null, "air_conditioning": null, "fax": null, "wikidata": null, "wikipedia": null, "description": null, "drive_through": null, "name:vi": null, "healthcare:for": null, "short_name": null, "check_date:opening_hours": null, "contact:phone": null, "email": null, "opening_hours:signed": null, "alt_name": null, "addr:suite": null, "note:payment": null, "payment:american_express": null, "payment:discover_card": null, "payment:mastercard": null, "payment:visa": null, "start_date": null, "chicago:building_id": "417291", "access": null, "healthcare:counselling": null, "contact:facebook": null, "building:floor": null, "addr:floor": null, "internet_access": null, "payment:cash": null, "payment:credit_cards": null, "payment:debit_cards": null, "contact:instagram": null, "contact:linkedin": null, "contact:twitter": null, "contact:youtube": null, "reservation:website": null, "appointment:website": null, "contact:blog": null, "contact:website": null, "currency:XBT": null, "payment:lightning": null, "payment:lightning:operator": null, "payment:lightning_contactless": null, "payment:onchain": null, "nodes": [ 2199073252, 2199073933, 2199074448, 2199074031, 2199074100, 2199073918, 2199073870, 2199073750, 2199073252 ], "beds": null, "emergency": null, "gnis:feature_id": null, "building": "yes", "building:levels": "2", "layer": null, "old_name": null, "university_of_chicago:building_id": null, "university_of_chicago:business_unit_name": null, "roof:levels": null, "ele": null, "abbr_name": null, "ref": null, "toilets:wheelchair": null, "healthcare:speciality:wikidata": null, "healthcare:speciality:wikipedia": null, "name:ko": null, "image": null, "payment:cards": null, "payment:cheque": null, "polling_station": null, "architect": null, "height": null, "opening_date": null, "beauty": null, "shop": null, "smoking": null, "ways": null, "type": null, "category": "Primary Care Center – Private / Non-profit" }, "geometry": { "type": "Point", "coordinates": [ -87.676621760136427, 41.831339437895224 ] } },
{ "type": "Feature", "properties": { "amenity": "hospital", "healthcare": "hospital", "name": "Swedish Covenant Hospital", "addr:city": "Chicago", "addr:housenumber": "5140", "addr:postcode": "60625", "addr:state": "IL", "addr:street": "North California Avenue", "check_date": null, "healthcare:speciality": null, "phone": "+1 773 878 8200", "website": "https://swedishcovenant.org/", "branch": null, "brand": null, "brand:wikidata": null, "disused:amenity": null, "level": null, "opening_hours": "24/7", "designation": null, "operator": "NorthShore University HealthSystem", "urgent_care": null, "wheelchair": null, "addr:unit": null, "addr:street:name": null, "addr:street:prefix": null, "addr:street:type": null, "social_facility": null, "source": "OpenStreetMap", "operator:type": null, "operator:wikidata": null, "operator:wikipedia": null, "addr:country": null, "name:etymology:wikidata": null, "name:etymology:wikipedia": null, "operator:short": null, "air_conditioning": null, "fax": null, "wikidata": "Q7654629", "wikipedia": "en:Swedish Hospital", "description": null, "drive_through": null, "name:vi": null, "healthcare:for": null, "short_name": null, "check_date:opening_hours": null, "contact:phone": null, "email": null, "opening_hours:signed": null, "alt_name": null, "addr:suite": null, "note:payment": null, "payment:american_express": null, "payment:discover_card": null, "payment:mastercard": null, "payment:visa": null, "start_date": null, "chicago:building_id": null, "access": null, "healthcare:counselling": null, "contact:facebook": null, "building:floor": null, "addr:floor": null, "internet_access": null, "payment:cash": null, "payment:credit_cards": null, "payment:debit_cards": null, "contact:instagram": null, "contact:linkedin": null, "contact:twitter": null, "contact:youtube": null, "reservation:website": null, "appointment:website": null, "contact:blog": null, "contact:website": null, "currency:XBT": null, "payment:lightning": null, "payment:lightning:operator": null, "payment:lightning_contactless": null, "payment:onchain": null, "nodes": [ 2199218798, 11541252947, 2197209026, 11541268073, 2197209011, 2197209016, 2199218797, 2199218795, 365798256, 2199177354, 2199190777, 2199190765, 317636971, 317636974, 317636970, 10772599322, 2199218798 ], "beds": "312", "emergency": "yes", "gnis:feature_id": "1836858", "building": null, "building:levels": null, "layer": null, "old_name": null, "university_of_chicago:building_id": null, "university_of_chicago:business_unit_name": null, "roof:levels": null, "ele": null, "abbr_name": null, "ref": null, "toilets:wheelchair": null, "healthcare:speciality:wikidata": null, "healthcare:speciality:wikipedia": null, "name:ko": null, "image": null, "payment:cards": null, "payment:cheque": null, "polling_station": null, "architect": null, "height": null, "opening_date": null, "beauty": null, "shop": null, "smoking": null, "ways": null, "type": null, "category": "Hospital – Private / Non-profit" }, "geometry": { "type": "Point", "coordinates": [ -87.699345639678242, 41.975071303785661 ] } },
{ "type": "Feature", "properties": { "amenity": "clinic", "healthcare": "clinic", "name": "Union Health Service", "addr:city": "Chicago", "addr:housenumber": "1634", "addr:postcode": "60612", "addr:state": "IL", "addr:street": "West Polk Street", "check_date": null, "healthcare:speciality": null, "phone": "+1 312 423 4200", "website": null, "branch": null, "brand": null, "brand:wikidata": null, "disused:amenity": null, "level": null, "opening_hours": null, "designation": null, "operator": null, "urgent_care": null, "wheelchair": null, "addr:unit": null, "addr:street:name": "Polk", "addr:street:prefix": "West", "addr:street:type": "Street", "social_facility": null, "source": "OpenStreetMap", "operator:type": null, "operator:wikidata": null, "operator:wikipedia": null, "addr:country": null, "name:etymology:wikidata": null, "name:etymology:wikipedia": null, "operator:short": null, "air_conditioning": null, "fax": null, "wikidata": null, "wikipedia": null, "description": null, "drive_through": null, "name:vi": null, "healthcare:for": null, "short_name": null, "check_date:opening_hours": null, "contact:phone": null, "email": null, "opening_hours:signed": null, "alt_name": null, "addr:suite": null, "note:payment": null, "payment:american_express": null, "payment:discover_card": null, "payment:mastercard": null, "payment:visa": null, "start_date": null, "chicago:building_id": "367103", "access": null, "healthcare:counselling": null, "contact:facebook": null, "building:floor": null, "addr:floor": null, "internet_access": null, "payment:cash": null, "payment:credit_cards": null, "payment:debit_cards": null, "contact:instagram": null, "contact:linkedin": null, "contact:twitter": null, "contact:youtube": null, "reservation:website": null, "appointment:website": null, "contact:blog": null, "contact:website": null, "currency:XBT": null, "payment:lightning": null, "payment:lightning:operator": null, "payment:lightning_contactless": null, "payment:onchain": null, "nodes": [ 2199821457, 2199821466, 2199821506, 2199821515, 2199821472, 2199821480, 2199821486, 2199821491, 2199821494, 2199821512, 2199821563, 2199821598, 2199821542, 2199821574, 2199821653, 2199821657, 2199821696, 2199821738, 2199821777, 2199821817, 2199821857, 2199821858, 2199821896, 2199821910, 2199821926, 2199821933, 2199821940, 2199821947, 2199821946, 2199821936, 2199821917, 2199821912, 2199821899, 2199821856, 2199821842, 2199821823, 2199821797, 2199821780, 2199821754, 2199821693, 2199821676, 2199821642, 2199821605, 2199821554, 2199821457 ], "beds": null, "emergency": null, "gnis:feature_id": null, "building": "commercial", "building:levels": "2", "layer": null, "old_name": null, "university_of_chicago:building_id": null, "university_of_chicago:business_unit_name": null, "roof:levels": null, "ele": null, "abbr_name": null, "ref": null, "toilets:wheelchair": null, "healthcare:speciality:wikidata": null, "healthcare:speciality:wikipedia": null, "name:ko": null, "image": null, "payment:cards": null, "payment:cheque": null, "polling_station": null, "architect": null, "height": null, "opening_date": null, "beauty": null, "shop": null, "smoking": null, "ways": null, "type": null, "category": "Primary Care Center – Private / Non-profit" }, "geometry": { "type": "Point", "coordinates": [ -87.667875392839434, 41.872014346830973 ] } },
{ "type": "Feature", "properties": { "amenity": "clinic", "healthcare": "clinic", "name": "Ruth M. Rothstein CORE Center", "addr:city": "Chicago", "addr:housenumber": "2002", "addr:postcode": "60612", "addr:state": "IL", "addr:street": "West Harrison Street", "check_date": null, "healthcare:speciality": null, "phone": null, "website": "http://www.cookcountyhhs.org/locations/ruth-m-rothstein-core-center/", "branch": null, "brand": null, "brand:wikidata": null, "disused:amenity": null, "level": null, "opening_hours": null, "designation": null, "operator": "Cook County Health", "urgent_care": null, "wheelchair": null, "addr:unit": null, "addr:street:name": "Harrison", "addr:street:prefix": "West", "addr:street:type": "Street", "social_facility": null, "source": "OpenStreetMap", "operator:type": "public", "operator:wikidata": "Q30286975", "operator:wikipedia": null, "addr:country": null, "name:etymology:wikidata": null, "name:etymology:wikipedia": null, "operator:short": "CCH", "air_conditioning": null, "fax": null, "wikidata": "Q7383102", "wikipedia": null, "description": null, "drive_through": null, "name:vi": null, "healthcare:for": null, "short_name": null, "check_date:opening_hours": null, "contact:phone": null, "email": null, "opening_hours:signed": null, "alt_name": null, "addr:suite": null, "note:payment": null, "payment:american_express": null, "payment:discover_card": null, "payment:mastercard": null, "payment:visa": null, "start_date": null, "chicago:building_id": "364497", "access": null, "healthcare:counselling": null, "contact:facebook": null, "building:floor": null, "addr:floor": null, "internet_access": null, "payment:cash": null, "payment:credit_cards": null, "payment:debit_cards": null, "contact:instagram": null, "contact:linkedin": null, "contact:twitter": null, "contact:youtube": null, "reservation:website": null, "appointment:website": null, "contact:blog": null, "contact:website": null, "currency:XBT": null, "payment:lightning": null, "payment:lightning:operator": null, "payment:lightning_contactless": null, "payment:onchain": null, "nodes": [ 2199824169, 2199824187, 2199824205, 2199824202, 2199824219, 2199824216, 2199824215, 2199824214, 2199824224, 2199824225, 2199824237, 2199824236, 2199824246, 2199824235, 2199824231, 2199824232, 2199824251, 2199824247, 2199824234, 2199824233, 2199824213, 2199824212, 2199824209, 2199824200, 2199824188, 2199824186, 2199824184, 2199824182, 2199824179, 2199824178, 2199824177, 2199824173, 2199824169 ], "beds": null, "emergency": null, "gnis:feature_id": null, "building": "hospital", "building:levels": null, "layer": null, "old_name": null, "university_of_chicago:building_id": null, "university_of_chicago:business_unit_name": null, "roof:levels": null, "ele": null, "abbr_name": null, "ref": null, "toilets:wheelchair": null, "healthcare:speciality:wikidata": null, "healthcare:speciality:wikipedia": null, "name:ko": null, "image": null, "payment:cards": null, "payment:cheque": null, "polling_station": null, "architect": null, "height": null, "opening_date": null, "beauty": null, "shop": null, "smoking": null, "ways": null, "type": null, "category": "Primary Care Center – Public (FQHC / CHC)" }, "geometry": { "type": "Point", "coordinates": [ -87.677111276486585, 41.87456446975844 ] } },
{ "type": "Feature", "properties": { "amenity": "hospital", "healthcare": "hospital", "name": "John H. Stroger, Jr. Hospital of Cook County", "addr:city": "Chicago", "addr:housenumber": "1969", "addr:postcode": "60612", "addr:state": "IL", "addr:street": "West Ogden Avenue", "check_date": null, "healthcare:speciality": null, "phone": "+1 312 864 6000", "website": "http://www.cookcountyhhs.org/locations/john-h-stroger-jr-hospital/", "branch": null, "brand": null, "brand:wikidata": null, "disused:amenity": null, "level": null, "opening_hours": "24/7", "designation": null, "operator": "Cook County Department of Public Health", "urgent_care": null, "wheelchair": null, "addr:unit": null, "addr:street:name": null, "addr:street:prefix": null, "addr:street:type": null, "social_facility": null, "source": "OpenStreetMap", "operator:type": "public", "operator:wikidata": null, "operator:wikipedia": null, "addr:country": null, "name:etymology:wikidata": "Q6259457", "name:etymology:wikipedia": "en:John Stroger", "operator:short": null, "air_conditioning": null, "fax": null, "wikidata": "Q6237101", "wikipedia": "en:John H. Stroger Jr. Hospital of Cook County", "description": null, "drive_through": null, "name:vi": null, "healthcare:for": null, "short_name": null, "check_date:opening_hours": null, "contact:phone": null, "email": null, "opening_hours:signed": null, "alt_name": "Stroger Hospital", "addr:suite": null, "note:payment": null, "payment:american_express": null, "payment:discover_card": null, "payment:mastercard": null, "payment:visa": null, "start_date": null, "chicago:building_id": null, "access": null, "healthcare:counselling": null, "contact:facebook": null, "building:floor": null, "addr:floor": null, "internet_access": null, "payment:cash": null, "payment:credit_cards": null, "payment:debit_cards": null, "contact:instagram": null, "contact:linkedin": null, "contact:twitter": null, "contact:youtube": null, "reservation:website": null, "appointment:website": null, "contact:blog": null, "contact:website": null, "currency:XBT": null, "payment:lightning": null, "payment:lightning:operator": null, "payment:lightning_contactless": null, "payment:onchain": null, "nodes": [ 2199928979, 11963212145, 9252307293, 8194771600, 9567396498, 2199928983, 9567396499, 2199928977, 11963212125, 11963212124, 11963212134, 11963212135, 11963212133, 11963212128, 11963212129, 11963212127, 2199928978, 9364882547, 11963212147, 2199928981, 2199928979 ], "beds": "464", "emergency": "yes", "gnis:feature_id": "1826093", "building": null, "building:levels": null, "layer": null, "old_name": "Cook County Hospital", "university_of_chicago:building_id": null, "university_of_chicago:business_unit_name": null, "roof:levels": null, "ele": null, "abbr_name": null, "ref": null, "toilets:wheelchair": null, "healthcare:speciality:wikidata": null, "healthcare:speciality:wikipedia": null, "name:ko": null, "image": null, "payment:cards": null, "payment:cheque": null, "polling_station": null, "architect": null, "height": null, "opening_date": null, "beauty": null, "shop": null, "smoking": null, "ways": null, "type": null, "category": "Hospital – Public" }, "geometry": { "type": "Point", "coordinates": [ -87.673822224295193, 41.872649108681721 ] } },
{ "type": "Feature", "properties": { "amenity": "hospital", "healthcare": "hospital", "name": "University of Illinois at Chicago Hospital", "addr:city": "Chicago", "addr:housenumber": "1740", "addr:postcode": "60612", "addr:state": "IL", "addr:street": "West Taylor Street", "check_date": null, "healthcare:speciality": null, "phone": "+1 555 123 4567", "website": "https://hospital.uillinois.edu/", "branch": null, "brand": null, "brand:wikidata": null, "disused:amenity": null, "level": null, "opening_hours": "24/7", "designation": null, "operator": "University of Illinois Hospital & Health Sciences System", "urgent_care": null, "wheelchair": "yes", "addr:unit": null, "addr:street:name": "Wood", "addr:street:prefix": "South", "addr:street:type": "Street", "social_facility": null, "source": "OpenStreetMap", "operator:type": "university", "operator:wikidata": null, "operator:wikipedia": null, "addr:country": null, "name:etymology:wikidata": null, "name:etymology:wikipedia": null, "operator:short": null, "air_conditioning": null, "fax": null, "wikidata": "Q7895529", "wikipedia": "en:University of Illinois Hospital & Health Sciences System", "description": null, "drive_through": null, "name:vi": null, "healthcare:for": null, "short_name": null, "check_date:opening_hours": null, "contact:phone": null, "email": null, "opening_hours:signed": null, "alt_name": null, "addr:suite": null, "note:payment": null, "payment:american_express": null, "payment:discover_card": null, "payment:mastercard": null, "payment:visa": null, "start_date": null, "chicago:building_id": "369512", "access": null, "healthcare:counselling": null, "contact:facebook": null, "building:floor": null, "addr:floor": null, "internet_access": null, "payment:cash": null, "payment:credit_cards": null, "payment:debit_cards": null, "contact:instagram": null, "contact:linkedin": null, "contact:twitter": null, "contact:youtube": null, "reservation:website": null, "appointment:website": null, "contact:blog": null, "contact:website": null, "currency:XBT": null, "payment:lightning": null, "payment:lightning:operator": null, "payment:lightning_contactless": null, "payment:onchain": null, "nodes": [ 2199817337, 2199817352, 2199817894, 2199817912, 2199817386, 2199817388, 2199817921, 2199817923, 2199817330, 2199817331, 2199817243, 2199817239, 11129259951, 11129259950, 2199817237, 2199816535, 2199816529, 2199816251, 2199816247, 2199816209, 2199816200, 2199816246, 11963212101, 11963212106, 11963212104, 9398246474, 11963212098, 2199816245, 12992776582, 11963212093, 11963212097, 11963212094, 2199817337 ], "beds": "462", "emergency": "yes", "gnis:feature_id": null, "building": "hospital", "building:levels": "10", "layer": null, "old_name": null, "university_of_chicago:building_id": null, "university_of_chicago:business_unit_name": null, "roof:levels": null, "ele": null, "abbr_name": "UICH", "ref": "UIH", "toilets:wheelchair": "yes", "healthcare:speciality:wikidata": null, "healthcare:speciality:wikipedia": null, "name:ko": null, "image": null, "payment:cards": null, "payment:cheque": null, "polling_station": null, "architect": null, "height": null, "opening_date": null, "beauty": null, "shop": null, "smoking": null, "ways": null, "type": null, "category": "Hospital – Public" }, "geometry": { "type": "Point", "coordinates": [ -87.670521449452053, 41.869683437400504 ] } },
{ "type": "Feature", "properties": { "amenity": "doctors", "healthcare": "doctor", "name": "Lakeshore Cancer Treatment Center", "addr:city": "Chicago", "addr:housenumber": "5020", "addr:postcode": "60640", "addr:state": "IL", "addr:street": "North Ashland Avenue", "check_date": null, "healthcare:speciality": "oncology", "phone": null, "website": null, "branch": null, "brand": null, "brand:wikidata": null, "disused:amenity": null, "level": null, "opening_hours": null, "designation": null, "operator": null, "urgent_care": null, "wheelchair": null, "addr:unit": null, "addr:street:name": "Ashland", "addr:street:prefix": "North", "addr:street:type": "Avenue", "social_facility": null, "source": "OpenStreetMap", "operator:type": null, "operator:wikidata": null, "operator:wikipedia": null, "addr:country": null, "name:etymology:wikidata": null, "name:etymology:wikipedia": null, "operator:short": null, "air_conditioning": null, "fax": null, "wikidata": null, "wikipedia": null, "description": null, "drive_through": null, "name:vi": null, "healthcare:for": null, "short_name": null, "check_date:opening_hours": null, "contact:phone": null, "email": null, "opening_hours:signed": null, "alt_name": null, "addr:suite": null, "note:payment": null, "payment:american_express": null, "payment:discover_card": null, "payment:mastercard": null, "payment:visa": null, "start_date": null, "chicago:building_id": "86667", "access": null, "healthcare:counselling": null, "contact:facebook": null, "building:floor": null, "addr:floor": null, "internet_access": null, "payment:cash": null, "payment:credit_cards": null, "payment:debit_cards": null, "contact:instagram": null, "contact:linkedin": null, "contact:twitter": null, "contact:youtube": null, "reservation:website": null, "appointment:website": null, "contact:blog": null, "contact:website": null, "currency:XBT": null, "payment:lightning": null, "payment:lightning:operator": null, "payment:lightning_contactless": null, "payment:onchain": null, "nodes": [ 2200928218, 2200928230, 2200928243, 2200928301, 2200928353, 2200928420, 2200928436, 2200928430, 2200928694, 2200928693, 2200928966, 2200928977, 2200928738, 2200928739, 2200928443, 2200928397, 2200928343, 2200928274, 2200928238, 2200928228, 2200928218 ], "beds": null, "emergency": null, "gnis:feature_id": null, "building": "commercial", "building:levels": null, "layer": null, "old_name": null, "university_of_chicago:building_id": null, "university_of_chicago:business_unit_name": null, "roof:levels": null, "ele": null, "abbr_name": null, "ref": null, "toilets:wheelchair": null, "healthcare:speciality:wikidata": null, "healthcare:speciality:wikipedia": null, "name:ko": null, "image": null, "payment:cards": null, "payment:cheque": null, "polling_station": null, "architect": null, "height": null, "opening_date": null, "beauty": null, "shop": null, "smoking": null, "ways": null, "type": null, "category": "Primary Care Center – Private / Non-profit" }, "geometry": { "type": "Point", "coordinates": [ -87.669841415171689, 41.972980826652737 ] } },
{ "type": "Feature", "properties": { "amenity": "clinic", "healthcare": "clinic", "name": "Howard Brown Health Clark", "addr:city": "Chicago", "addr:housenumber": "6500", "addr:postcode": "60626", "addr:state": "IL", "addr:street": "North Clark Street", "check_date": null, "healthcare:speciality": "general;LGBT;transgender", "phone": "+1-773-388-1600", "website": "https://howardbrown.org/clinic_location/clark-street/", "branch": null, "brand": null, "brand:wikidata": null, "disused:amenity": null, "level": null, "opening_hours": "Mo 09:00-18:00, Tu 10:00-19:00, We-Th 09:00-19:00, Fr 09:00-17:00, Sa 09:00-15:00", "designation": null, "operator": "Howard Brown Health", "urgent_care": null, "wheelchair": null, "addr:unit": null, "addr:street:name": "Clark", "addr:street:prefix": "North", "addr:street:type": "Street", "social_facility": null, "source": "OpenStreetMap", "operator:type": "private_non_profit", "operator:wikidata": null, "operator:wikipedia": null, "addr:country": null, "name:etymology:wikidata": null, "name:etymology:wikipedia": null, "operator:short": null, "air_conditioning": "yes", "fax": "+1-773-564-4156", "wikidata": "Q5919197", "wikipedia": "en:Howard Brown Health", "description": "From primary care to sexual health testing and prevention, our Rogers Park clinic offers healthcare services with the LGBTQ community’s needs in mind.", "drive_through": null, "name:vi": null, "healthcare:for": null, "short_name": null, "check_date:opening_hours": null, "contact:phone": null, "email": null, "opening_hours:signed": null, "alt_name": null, "addr:suite": null, "note:payment": null, "payment:american_express": null, "payment:discover_card": null, "payment:mastercard": null, "payment:visa": null, "start_date": null, "chicago:building_id": "21515", "access": null, "healthcare:counselling": null, "contact:facebook": null, "building:floor": null, "addr:floor": null, "internet_access": null, "payment:cash": null, "payment:credit_cards": null, "payment:debit_cards": null, "contact:instagram": null, "contact:linkedin": null, "contact:twitter": null, "contact:youtube": null, "reservation:website": null, "appointment:website": null, "contact:blog": null, "contact:website": null, "currency:XBT": null, "payment:lightning": null, "payment:lightning:operator": null, "payment:lightning_contactless": null, "payment:onchain": null, "nodes": [ 2201036223, 2201036341, 2201036340, 2201036828, 2201036845, 2201036345, 2201036348, 2201036251, 2201036223 ], "beds": null, "emergency": null, "gnis:feature_id": null, "building": "commercial", "building:levels": "1", "layer": null, "old_name": null, "university_of_chicago:building_id": null, "university_of_chicago:business_unit_name": null, "roof:levels": null, "ele": null, "abbr_name": null, "ref": null, "toilets:wheelchair": null, "healthcare:speciality:wikidata": null, "healthcare:speciality:wikipedia": null, "name:ko": null, "image": null, "payment:cards": null, "payment:cheque": null, "polling_station": null, "architect": null, "height": null, "opening_date": null, "beauty": null, "shop": null, "smoking": null, "ways": null, "type": null, "category": "Primary Care Center – Private / Non-profit" }, "geometry": { "type": "Point", "coordinates": [ -87.671665938125784, 41.999983530770635 ] } },
{ "type": "Feature", "properties": { "amenity": "clinic", "healthcare": "dialysis", "name": "DaVita Dialysis", "addr:city": "Chicago", "addr:housenumber": "10620", "addr:postcode": "60628", "addr:state": "IL", "addr:street": "South Halsted Street", "check_date": null, "healthcare:speciality": "nephrology", "phone": null, "website": null, "branch": null, "brand": null, "brand:wikidata": null, "disused:amenity": null, "level": null, "opening_hours": null, "designation": null, "operator": "DaVita Dialysis", "urgent_care": null, "wheelchair": null, "addr:unit": null, "addr:street:name": "Halsted", "addr:street:prefix": "South", "addr:street:type": "Street", "social_facility": null, "source": "OpenStreetMap", "operator:type": "private", "operator:wikidata": "Q5207184", "operator:wikipedia": "de:DaVita", "addr:country": null, "name:etymology:wikidata": null, "name:etymology:wikipedia": null, "operator:short": null, "air_conditioning": null, "fax": null, "wikidata": null, "wikipedia": null, "description": null, "drive_through": null, "name:vi": null, "healthcare:for": null, "short_name": null, "check_date:opening_hours": null, "contact:phone": null, "email": null, "opening_hours:signed": null, "alt_name": null, "addr:suite": null, "note:payment": null, "payment:american_express": null, "payment:discover_card": null, "payment:mastercard": null, "payment:visa": null, "start_date": null, "chicago:building_id": "858446", "access": null, "healthcare:counselling": null, "contact:facebook": null, "building:floor": null, "addr:floor": null, "internet_access": null, "payment:cash": null, "payment:credit_cards": null, "payment:debit_cards": null, "contact:instagram": null, "contact:linkedin": null, "contact:twitter": null, "contact:youtube": null, "reservation:website": null, "appointment:website": null, "contact:blog": null, "contact:website": null, "currency:XBT": null, "payment:lightning": null, "payment:lightning:operator": null, "payment:lightning_contactless": null, "payment:onchain": null, "nodes": [ 2201720067, 2201720077, 2201720504, 2201720514, 2201720098, 2201720089, 2201720067 ], "beds": null, "emergency": null, "gnis:feature_id": null, "building": "retail", "building:levels": null, "layer": null, "old_name": null, "university_of_chicago:building_id": null, "university_of_chicago:business_unit_name": null, "roof:levels": null, "ele": null, "abbr_name": null, "ref": null, "toilets:wheelchair": null, "healthcare:speciality:wikidata": null, "healthcare:speciality:wikipedia": null, "name:ko": null, "image": null, "payment:cards": null, "payment:cheque": null, "polling_station": null, "architect": null, "height": null, "opening_date": null, "beauty": null, "shop": null, "smoking": null, "ways": null, "type": null, "category": "Primary Care Center – Private / Non-profit" }, "geometry": { "type": "Point", "coordinates": [ -87.643030039805495, 41.700851191602851 ] } },
{ "type": "Feature", "properties": { "amenity": "clinic", "healthcare": "dialysis", "name": "Fresenius Kidney Care", "addr:city": "Chicago", "addr:housenumber": "9928", "addr:postcode": "60643", "addr:state": "IL", "addr:street": "South Vincennes Avenue", "check_date": null, "healthcare:speciality": "nephrology", "phone": null, "website": null, "branch": null, "brand": "Fresenius Kidney Care", "brand:wikidata": "Q650259", "disused:amenity": null, "level": null, "opening_hours": null, "designation": null, "operator": "Fresenius Kidney Care", "urgent_care": null, "wheelchair": null, "addr:unit": null, "addr:street:name": "Vincennes", "addr:street:prefix": "South", "addr:street:type": "Avenue", "social_facility": null, "source": "OpenStreetMap", "operator:type": "private", "operator:wikidata": "Q650259", "operator:wikipedia": "en:Fresenius Medical Care", "addr:country": null, "name:etymology:wikidata": null, "name:etymology:wikipedia": null, "operator:short": null, "air_conditioning": null, "fax": null, "wikidata": null, "wikipedia": null, "description": null, "drive_through": null, "name:vi": null, "healthcare:for": null, "short_name": null, "check_date:opening_hours": null, "contact:phone": null, "email": null, "opening_hours:signed": null, "alt_name": null, "addr:suite": null, "note:payment": null, "payment:american_express": null, "payment:discover_card": null, "payment:mastercard": null, "payment:visa": null, "start_date": null, "chicago:building_id": "716782", "access": null, "healthcare:counselling": null, "contact:facebook": null, "building:floor": null, "addr:floor": null, "internet_access": null, "payment:cash": null, "payment:credit_cards": null, "payment:debit_cards": null, "contact:instagram": null, "contact:linkedin": null, "contact:twitter": null, "contact:youtube": null, "reservation:website": null, "appointment:website": null, "contact:blog": null, "contact:website": null, "currency:XBT": null, "payment:lightning": null, "payment:lightning:operator": null, "payment:lightning_contactless": null, "payment:onchain": null, "nodes": [ 2201825984, 2201826599, 2201826558, 2201827116, 8105953021, 2201826830, 2201826996, 8105936914, 2201826926, 2201826753, 8105936915, 2201826765, 2201825984 ], "beds": null, "emergency": null, "gnis:feature_id": null, "building": "commercial", "building:levels": null, "layer": null, "old_name": null, "university_of_chicago:building_id": null, "university_of_chicago:business_unit_name": null, "roof:levels": null, "ele": null, "abbr_name": null, "ref": null, "toilets:wheelchair": null, "healthcare:speciality:wikidata": null, "healthcare:speciality:wikipedia": null, "name:ko": null, "image": null, "payment:cards": null, "payment:cheque": null, "polling_station": null, "architect": null, "height": null, "opening_date": null, "beauty": null, "shop": null, "smoking": null, "ways": null, "type": null, "category": "Primary Care Center – Private / Non-profit" }, "geometry": { "type": "Point", "coordinates": [ -87.653996698226024, 41.713288915815959 ] } },
{ "type": "Feature", "properties": { "amenity": "clinic", "healthcare": "clinic", "name": "Auburn-Gresham VA Outpatient Clinic", "addr:city": "Chicago", "addr:housenumber": "7731", "addr:postcode": "60620", "addr:state": "IL", "addr:street": "South Halsted Street", "check_date": null, "healthcare:speciality": null, "phone": null, "website": "https://www.va.gov/chicago-health-care/locations/auburn-gresham-va-clinic/", "branch": "Auburn-Gresham", "brand": null, "brand:wikidata": null, "disused:amenity": null, "level": null, "opening_hours": null, "designation": null, "operator": "Veterans Health Administration", "urgent_care": null, "wheelchair": "yes", "addr:unit": null, "addr:street:name": "Halsted", "addr:street:prefix": "South", "addr:street:type": "Street", "social_facility": null, "source": "OpenStreetMap", "operator:type": "government", "operator:wikidata": "Q6580225", "operator:wikipedia": "en:Veterans Health Administration", "addr:country": null, "name:etymology:wikidata": null, "name:etymology:wikipedia": null, "operator:short": "VA", "air_conditioning": null, "fax": null, "wikidata": null, "wikipedia": null, "description": null, "drive_through": null, "name:vi": null, "healthcare:for": "veteran", "short_name": "VA", "check_date:opening_hours": null, "contact:phone": null, "email": null, "opening_hours:signed": null, "alt_name": null, "addr:suite": null, "note:payment": null, "payment:american_express": null, "payment:discover_card": null, "payment:mastercard": null, "payment:visa": null, "start_date": null, "chicago:building_id": "838229", "access": null, "healthcare:counselling": null, "contact:facebook": null, "building:floor": null, "addr:floor": null, "internet_access": null, "payment:cash": null, "payment:credit_cards": null, "payment:debit_cards": null, "contact:instagram": null, "contact:linkedin": null, "contact:twitter": null, "contact:youtube": null, "reservation:website": null, "appointment:website": null, "contact:blog": null, "contact:website": null, "currency:XBT": null, "payment:lightning": null, "payment:lightning:operator": null, "payment:lightning_contactless": null, "payment:onchain": null, "nodes": [ 2202133933, 2202133931, 2202131336, 2202131345, 2202130059, 2202130021, 2202133933 ], "beds": null, "emergency": null, "gnis:feature_id": null, "building": "public", "building:levels": null, "layer": null, "old_name": null, "university_of_chicago:building_id": null, "university_of_chicago:business_unit_name": null, "roof:levels": null, "ele": null, "abbr_name": null, "ref": null, "toilets:wheelchair": null, "healthcare:speciality:wikidata": null, "healthcare:speciality:wikipedia": null, "name:ko": null, "image": null, "payment:cards": null, "payment:cheque": null, "polling_station": null, "architect": null, "height": null, "opening_date": null, "beauty": null, "shop": null, "smoking": null, "ways": null, "type": null, "category": "Primary Care Center – Private / Non-profit" }, "geometry": { "type": "Point", "coordinates": [ -87.643808602086523, 41.753319725835112 ] } },
{ "type": "Feature", "properties": { "amenity": "clinic", "healthcare": "clinic", "name": "Englewood Health Center of Cook County", "addr:city": "Chicago", "addr:housenumber": "1135", "addr:postcode": "60621", "addr:state": "IL", "addr:street": "West 69th Street", "check_date": null, "healthcare:speciality": null, "phone": null, "website": "https://cookcountyhealth.org/locations/englewood-health-center/", "branch": null, "brand": null, "brand:wikidata": null, "disused:amenity": null, "level": null, "opening_hours": null, "designation": null, "operator": "Cook County Health", "urgent_care": null, "wheelchair": null, "addr:unit": null, "addr:street:name": "69th", "addr:street:prefix": "West", "addr:street:type": "Street", "social_facility": null, "source": "OpenStreetMap", "operator:type": "public", "operator:wikidata": "Q30286975", "operator:wikipedia": null, "addr:country": null, "name:etymology:wikidata": null, "name:etymology:wikipedia": null, "operator:short": "CCH", "air_conditioning": null, "fax": null, "wikidata": null, "wikipedia": null, "description": null, "drive_through": null, "name:vi": null, "healthcare:for": null, "short_name": null, "check_date:opening_hours": null, "contact:phone": null, "email": null, "opening_hours:signed": null, "alt_name": null, "addr:suite": null, "note:payment": null, "payment:american_express": null, "payment:discover_card": null, "payment:mastercard": null, "payment:visa": null, "start_date": null, "chicago:building_id": "830502", "access": null, "healthcare:counselling": null, "contact:facebook": null, "building:floor": null, "addr:floor": null, "internet_access": null, "payment:cash": null, "payment:credit_cards": null, "payment:debit_cards": null, "contact:instagram": null, "contact:linkedin": null, "contact:twitter": null, "contact:youtube": null, "reservation:website": null, "appointment:website": null, "contact:blog": null, "contact:website": null, "currency:XBT": null, "payment:lightning": null, "payment:lightning:operator": null, "payment:lightning_contactless": null, "payment:onchain": null, "nodes": [ 2202447518, 2202447523, 2202447500, 2202447492, 2202447493, 2202447233, 2202447226, 2202447518 ], "beds": null, "emergency": null, "gnis:feature_id": null, "building": "public", "building:levels": null, "layer": null, "old_name": null, "university_of_chicago:building_id": null, "university_of_chicago:business_unit_name": null, "roof:levels": null, "ele": null, "abbr_name": null, "ref": null, "toilets:wheelchair": null, "healthcare:speciality:wikidata": null, "healthcare:speciality:wikipedia": null, "name:ko": null, "image": null, "payment:cards": null, "payment:cheque": null, "polling_station": null, "architect": null, "height": null, "opening_date": null, "beauty": null, "shop": null, "smoking": null, "ways": null, "type": null, "category": "Primary Care Center – Public (FQHC / CHC)" }, "geometry": { "type": "Point", "coordinates": [ -87.653366427805679, 41.768447792135319 ] } },
{ "type": "Feature", "properties": { "amenity": "clinic", "healthcare": "clinic", "name": "Beloved Community Family Wellness Center", "addr:city": "Chicago", "addr:housenumber": "6821", "addr:postcode": "60621", "addr:state": "IL", "addr:street": "South Halsted Street", "check_date": null, "healthcare:speciality": null, "phone": null, "website": "https://www.bcfwc.org", "branch": null, "brand": null, "brand:wikidata": null, "disused:amenity": null, "level": null, "opening_hours": null, "designation": null, "operator": null, "urgent_care": null, "wheelchair": null, "addr:unit": null, "addr:street:name": "Halsted", "addr:street:prefix": "South", "addr:street:type": "Street", "social_facility": null, "source": "OpenStreetMap", "operator:type": null, "operator:wikidata": null, "operator:wikipedia": null, "addr:country": null, "name:etymology:wikidata": null, "name:etymology:wikipedia": null, "operator:short": null, "air_conditioning": null, "fax": null, "wikidata": null, "wikipedia": null, "description": null, "drive_through": null, "name:vi": null, "healthcare:for": null, "short_name": null, "check_date:opening_hours": null, "contact:phone": null, "email": null, "opening_hours:signed": null, "alt_name": null, "addr:suite": null, "note:payment": null, "payment:american_express": null, "payment:discover_card": null, "payment:mastercard": null, "payment:visa": null, "start_date": null, "chicago:building_id": "564042", "access": null, "healthcare:counselling": null, "contact:facebook": null, "building:floor": null, "addr:floor": null, "internet_access": null, "payment:cash": null, "payment:credit_cards": null, "payment:debit_cards": null, "contact:instagram": null, "contact:linkedin": null, "contact:twitter": null, "contact:youtube": null, "reservation:website": null, "appointment:website": null, "contact:blog": null, "contact:website": null, "currency:XBT": null, "payment:lightning": null, "payment:lightning:operator": null, "payment:lightning_contactless": null, "payment:onchain": null, "nodes": [ 2202453709, 2202454069, 2202454088, 2202453722, 2202453709 ], "beds": null, "emergency": null, "gnis:feature_id": null, "building": "commercial", "building:levels": "2", "layer": null, "old_name": null, "university_of_chicago:building_id": null, "university_of_chicago:business_unit_name": null, "roof:levels": null, "ele": null, "abbr_name": null, "ref": null, "toilets:wheelchair": null, "healthcare:speciality:wikidata": null, "healthcare:speciality:wikipedia": null, "name:ko": null, "image": null, "payment:cards": null, "payment:cheque": null, "polling_station": null, "architect": null, "height": null, "opening_date": null, "beauty": null, "shop": null, "smoking": null, "ways": null, "type": null, "category": "Primary Care Center – Private / Non-profit" }, "geometry": { "type": "Point", "coordinates": [ -87.644156435931507, 41.76995764545687 ] } },
{ "type": "Feature", "properties": { "amenity": "clinic", "healthcare": "dialysis", "name": "DaVita Dialysis", "addr:city": "Chicago", "addr:housenumber": "710", "addr:postcode": "60609", "addr:state": "IL", "addr:street": "West 43rd Street", "check_date": null, "healthcare:speciality": "nephrology", "phone": null, "website": null, "branch": "Canaryville", "brand": "DaVita Dialysis", "brand:wikidata": "Q5207184", "disused:amenity": null, "level": null, "opening_hours": null, "designation": null, "operator": "DaVita Dialysis", "urgent_care": null, "wheelchair": null, "addr:unit": null, "addr:street:name": "43rd", "addr:street:prefix": "West", "addr:street:type": "Street", "social_facility": null, "source": "OpenStreetMap", "operator:type": "private", "operator:wikidata": "Q5207184", "operator:wikipedia": "de:DaVita", "addr:country": null, "name:etymology:wikidata": null, "name:etymology:wikipedia": null, "operator:short": null, "air_conditioning": null, "fax": null, "wikidata": null, "wikipedia": null, "description": null, "drive_through": null, "name:vi": null, "healthcare:for": null, "short_name": null, "check_date:opening_hours": null, "contact:phone": null, "email": null, "opening_hours:signed": null, "alt_name": null, "addr:suite": null, "note:payment": null, "payment:american_express": null, "payment:discover_card": null, "payment:mastercard": null, "payment:visa": null, "start_date": null, "chicago:building_id": "431631", "access": null, "healthcare:counselling": null, "contact:facebook": null, "building:floor": null, "addr:floor": null, "internet_access": null, "payment:cash": null, "payment:credit_cards": null, "payment:debit_cards": null, "contact:instagram": null, "contact:linkedin": null, "contact:twitter": null, "contact:youtube": null, "reservation:website": null, "appointment:website": null, "contact:blog": null, "contact:website": null, "currency:XBT": null, "payment:lightning": null, "payment:lightning:operator": null, "payment:lightning_contactless": null, "payment:onchain": null, "nodes": [ 2202771197, 2202771226, 2202771227, 2202771350, 2202771356, 2202771203, 2202771197 ], "beds": null, "emergency": null, "gnis:feature_id": null, "building": "retail", "building:levels": "1", "layer": null, "old_name": null, "university_of_chicago:building_id": null, "university_of_chicago:business_unit_name": null, "roof:levels": null, "ele": null, "abbr_name": null, "ref": null, "toilets:wheelchair": null, "healthcare:speciality:wikidata": null, "healthcare:speciality:wikipedia": null, "name:ko": null, "image": null, "payment:cards": null, "payment:cheque": null, "polling_station": null, "architect": null, "height": null, "opening_date": null, "beauty": null, "shop": null, "smoking": null, "ways": null, "type": null, "category": "Primary Care Center – Private / Non-profit" }, "geometry": { "type": "Point", "coordinates": [ -87.643849367185837, 41.816473270798674 ] } },
{ "type": "Feature", "properties": { "amenity": "clinic", "healthcare": "clinic", "name": "Howard Brown Health at Thresholds South", "addr:city": "Chicago", "addr:housenumber": "734", "addr:postcode": "60609", "addr:state": "IL", "addr:street": "West 47th Street", "check_date": null, "healthcare:speciality": "general;lgbt;transgender", "phone": "+1-773-388-1600", "website": "https://howardbrown.org/clinic_location/thresholds-south/", "branch": null, "brand": null, "brand:wikidata": null, "disused:amenity": null, "level": null, "opening_hours": "Mo 09:00-16:30, Tu 10:00-18:30, We-Fr 09:00-16:30", "designation": null, "operator": "Howard Brown", "urgent_care": null, "wheelchair": null, "addr:unit": null, "addr:street:name": "47th", "addr:street:prefix": "West", "addr:street:type": "Street", "social_facility": null, "source": "OpenStreetMap", "operator:type": "private_non_profit", "operator:wikidata": null, "operator:wikipedia": null, "addr:country": null, "name:etymology:wikidata": null, "name:etymology:wikipedia": null, "operator:short": null, "air_conditioning": "yes", "fax": null, "wikidata": "Q5919197", "wikipedia": "en:Howard Brown Health", "description": "From navigating how to obtain affordable health insurance, to primary care and STI/STD testing and prevention, our clinic offers healthcare services with the Back of the Yards neighborhood’s needs in mind.  ", "drive_through": null, "name:vi": null, "healthcare:for": null, "short_name": null, "check_date:opening_hours": null, "contact:phone": null, "email": null, "opening_hours:signed": null, "alt_name": null, "addr:suite": null, "note:payment": null, "payment:american_express": null, "payment:discover_card": null, "payment:mastercard": null, "payment:visa": null, "start_date": null, "chicago:building_id": "444444", "access": null, "healthcare:counselling": null, "contact:facebook": null, "building:floor": null, "addr:floor": null, "internet_access": null, "payment:cash": null, "payment:credit_cards": null, "payment:debit_cards": null, "contact:instagram": null, "contact:linkedin": null, "contact:twitter": null, "contact:youtube": null, "reservation:website": null, "appointment:website": null, "contact:blog": null, "contact:website": null, "currency:XBT": null, "payment:lightning": null, "payment:lightning:operator": null, "payment:lightning_contactless": null, "payment:onchain": null, "nodes": [ 2202764126, 2202764176, 2202764177, 2202764266, 2202764268, 2202764127, 2202764126 ], "beds": null, "emergency": null, "gnis:feature_id": null, "building": "yes", "building:levels": "2", "layer": null, "old_name": null, "university_of_chicago:building_id": null, "university_of_chicago:business_unit_name": null, "roof:levels": null, "ele": null, "abbr_name": null, "ref": null, "toilets:wheelchair": null, "healthcare:speciality:wikidata": null, "healthcare:speciality:wikipedia": null, "name:ko": null, "image": null, "payment:cards": null, "payment:cheque": null, "polling_station": null, "architect": null, "height": null, "opening_date": null, "beauty": null, "shop": null, "smoking": null, "ways": null, "type": null, "category": "Primary Care Center – Private / Non-profit" }, "geometry": { "type": "Point", "coordinates": [ -87.644567262770607, 41.809075151210131 ] } },
{ "type": "Feature", "properties": { "amenity": "clinic", "healthcare": "dialysis", "name": "Fresenius Kidney Care", "addr:city": "Chicago", "addr:housenumber": "825", "addr:postcode": "60609", "addr:state": "IL", "addr:street": "West 35th Street", "check_date": null, "healthcare:speciality": "nephrology", "phone": null, "website": null, "branch": "Bridgeport", "brand": "Fresenius Medical Care", "brand:wikidata": "Q650259", "disused:amenity": null, "level": null, "opening_hours": null, "designation": null, "operator": "Fresenius Kidney Care", "urgent_care": null, "wheelchair": null, "addr:unit": null, "addr:street:name": "35th", "addr:street:prefix": "West", "addr:street:type": "Street", "social_facility": null, "source": "OpenStreetMap", "operator:type": "private", "operator:wikidata": "Q650259", "operator:wikipedia": "en:Fresenius Medical Care", "addr:country": null, "name:etymology:wikidata": null, "name:etymology:wikipedia": null, "operator:short": null, "air_conditioning": null, "fax": null, "wikidata": null, "wikipedia": null, "description": null, "drive_through": null, "name:vi": null, "healthcare:for": null, "short_name": null, "check_date:opening_hours": null, "contact:phone": null, "email": null, "opening_hours:signed": null, "alt_name": null, "addr:suite": null, "note:payment": null, "payment:american_express": null, "payment:discover_card": null, "payment:mastercard": null, "payment:visa": null, "start_date": null, "chicago:building_id": "418053", "access": null, "healthcare:counselling": null, "contact:facebook": null, "building:floor": null, "addr:floor": null, "internet_access": null, "payment:cash": null, "payment:credit_cards": null, "payment:debit_cards": null, "contact:instagram": null, "contact:linkedin": null, "contact:twitter": null, "contact:youtube": null, "reservation:website": null, "appointment:website": null, "contact:blog": null, "contact:website": null, "currency:XBT": null, "payment:lightning": null, "payment:lightning:operator": null, "payment:lightning_contactless": null, "payment:onchain": null, "nodes": [ 2202791736, 2202791980, 2202791978, 2202791962, 2202791958, 2202792028, 2202792010, 2202791972, 2202791971, 2202791988, 2202791991, 2202791754, 2202791736 ], "beds": null, "emergency": null, "gnis:feature_id": null, "building": "commercial", "building:levels": "1", "layer": null, "old_name": null, "university_of_chicago:building_id": null, "university_of_chicago:business_unit_name": null, "roof:levels": null, "ele": null, "abbr_name": null, "ref": null, "toilets:wheelchair": null, "healthcare:speciality:wikidata": null, "healthcare:speciality:wikipedia": null, "name:ko": null, "image": null, "payment:cards": null, "payment:cheque": null, "polling_station": null, "architect": null, "height": null, "opening_date": null, "beauty": null, "shop": null, "smoking": null, "ways": null, "type": null, "category": "Primary Care Center – Private / Non-profit" }, "geometry": { "type": "Point", "coordinates": [ -87.64710520487705, 41.830351869889377 ] } },
{ "type": "Feature", "properties": { "amenity": "clinic", "healthcare": "clinic", "name": "Concentra Urgent Care Center", "addr:city": "Chicago", "addr:housenumber": "1230", "addr:postcode": "60607", "addr:state": "IL", "addr:street": "West Lake Street", "check_date": null, "healthcare:speciality": null, "phone": null, "website": null, "branch": null, "brand": null, "brand:wikidata": null, "disused:amenity": null, "level": null, "opening_hours": null, "designation": null, "operator": "Concentra", "urgent_care": null, "wheelchair": null, "addr:unit": null, "addr:street:name": "Lake", "addr:street:prefix": "West", "addr:street:type": "Street", "social_facility": null, "source": "OpenStreetMap", "operator:type": "private", "operator:wikidata": "Q5158304", "operator:wikipedia": "en:Concentra", "addr:country": null, "name:etymology:wikidata": null, "name:etymology:wikipedia": null, "operator:short": null, "air_conditioning": null, "fax": null, "wikidata": null, "wikipedia": null, "description": null, "drive_through": null, "name:vi": null, "healthcare:for": null, "short_name": null, "check_date:opening_hours": null, "contact:phone": null, "email": null, "opening_hours:signed": null, "alt_name": null, "addr:suite": null, "note:payment": null, "payment:american_express": null, "payment:discover_card": null, "payment:mastercard": null, "payment:visa": null, "start_date": null, "chicago:building_id": "879645", "access": null, "healthcare:counselling": null, "contact:facebook": null, "building:floor": null, "addr:floor": null, "internet_access": null, "payment:cash": null, "payment:credit_cards": null, "payment:debit_cards": null, "contact:instagram": null, "contact:linkedin": null, "contact:twitter": null, "contact:youtube": null, "reservation:website": null, "appointment:website": null, "contact:blog": null, "contact:website": null, "currency:XBT": null, "payment:lightning": null, "payment:lightning:operator": null, "payment:lightning_contactless": null, "payment:onchain": null, "nodes": [ 2203577448, 2203577445, 2203577689, 2203577693, 2203577448 ], "beds": null, "emergency": null, "gnis:feature_id": null, "building": "retail", "building:levels": null, "layer": null, "old_name": null, "university_of_chicago:building_id": null, "university_of_chicago:business_unit_name": null, "roof:levels": null, "ele": null, "abbr_name": null, "ref": null, "toilets:wheelchair": null, "healthcare:speciality:wikidata": null, "healthcare:speciality:wikipedia": null, "name:ko": null, "image": null, "payment:cards": null, "payment:cheque": null, "polling_station": null, "architect": null, "height": null, "opening_date": null, "beauty": null, "shop": null, "smoking": null, "ways": null, "type": null, "category": "Primary Care Center – Private / Non-profit" }, "geometry": { "type": "Point", "coordinates": [ -87.658012847693072, 41.885923610568234 ] } },
{ "type": "Feature", "properties": { "amenity": "clinic", "healthcare": "clinic", "name": "Winfield Moody Health Center", "addr:city": "Chicago", "addr:housenumber": "1276", "addr:postcode": "60610", "addr:state": "IL", "addr:street": "North Clybourn Avenue", "check_date": null, "healthcare:speciality": null, "phone": "+1-312-337-1073", "website": "http://www.nearnorthhealth.org/#!winfield-moody-health-center-/cp5s", "branch": null, "brand": null, "brand:wikidata": null, "disused:amenity": null, "level": null, "opening_hours": null, "designation": null, "operator": null, "urgent_care": null, "wheelchair": null, "addr:unit": null, "addr:street:name": "Clybourn", "addr:street:prefix": "North", "addr:street:type": "Avenue", "social_facility": null, "source": "OpenStreetMap", "operator:type": null, "operator:wikidata": null, "operator:wikipedia": null, "addr:country": null, "name:etymology:wikidata": null, "name:etymology:wikipedia": null, "operator:short": null, "air_conditioning": null, "fax": null, "wikidata": null, "wikipedia": null, "description": null, "drive_through": null, "name:vi": null, "healthcare:for": null, "short_name": null, "check_date:opening_hours": null, "contact:phone": null, "email": null, "opening_hours:signed": null, "alt_name": null, "addr:suite": null, "note:payment": null, "payment:american_express": null, "payment:discover_card": null, "payment:mastercard": null, "payment:visa": null, "start_date": null, "chicago:building_id": "317612", "access": null, "healthcare:counselling": null, "contact:facebook": null, "building:floor": null, "addr:floor": null, "internet_access": null, "payment:cash": null, "payment:credit_cards": null, "payment:debit_cards": null, "contact:instagram": null, "contact:linkedin": null, "contact:twitter": null, "contact:youtube": null, "reservation:website": null, "appointment:website": null, "contact:blog": null, "contact:website": null, "currency:XBT": null, "payment:lightning": null, "payment:lightning:operator": null, "payment:lightning_contactless": null, "payment:onchain": null, "nodes": [ 2203947401, 2203947443, 2203947494, 2203947463, 2203947401 ], "beds": null, "emergency": null, "gnis:feature_id": null, "building": "yes", "building:levels": "2", "layer": null, "old_name": null, "university_of_chicago:building_id": null, "university_of_chicago:business_unit_name": null, "roof:levels": null, "ele": null, "abbr_name": null, "ref": null, "toilets:wheelchair": null, "healthcare:speciality:wikidata": null, "healthcare:speciality:wikipedia": null, "name:ko": null, "image": null, "payment:cards": null, "payment:cheque": null, "polling_station": null, "architect": null, "height": null, "opening_date": null, "beauty": null, "shop": null, "smoking": null, "ways": null, "type": null, "category": "Primary Care Center – Private / Non-profit" }, "geometry": { "type": "Point", "coordinates": [ -87.642234689938846, 41.905230662320747 ] } },
{ "type": "Feature", "properties": { "amenity": "clinic", "healthcare": "clinic", "name": "Outpatient Center in Lincoln Park", "addr:city": "Chicago", "addr:housenumber": "2515", "addr:postcode": "60614", "addr:state": null, "addr:street": "North Clark Street", "check_date": null, "healthcare:speciality": "paediatrics", "phone": "+1 800 543 7362", "website": "https://www.luriechildrens.org/en-us/care-services/parking-locations/Pages/lincoln-park.aspx", "branch": null, "brand": null, "brand:wikidata": null, "disused:amenity": null, "level": null, "opening_hours": null, "designation": null, "operator": "Ann & Robert H. Lurie Children’s Hospital of Chicago", "urgent_care": "yes", "wheelchair": null, "addr:unit": null, "addr:street:name": "Clark", "addr:street:prefix": "North", "addr:street:type": "Street", "social_facility": null, "source": "OpenStreetMap", "operator:type": null, "operator:wikidata": null, "operator:wikipedia": null, "addr:country": null, "name:etymology:wikidata": null, "name:etymology:wikipedia": null, "operator:short": null, "air_conditioning": null, "fax": null, "wikidata": null, "wikipedia": null, "description": null, "drive_through": null, "name:vi": null, "healthcare:for": null, "short_name": null, "check_date:opening_hours": null, "contact:phone": null, "email": null, "opening_hours:signed": null, "alt_name": null, "addr:suite": null, "note:payment": null, "payment:american_express": null, "payment:discover_card": null, "payment:mastercard": null, "payment:visa": null, "start_date": null, "chicago:building_id": "850311", "access": null, "healthcare:counselling": null, "contact:facebook": null, "building:floor": null, "addr:floor": null, "internet_access": null, "payment:cash": null, "payment:credit_cards": null, "payment:debit_cards": null, "contact:instagram": null, "contact:linkedin": null, "contact:twitter": null, "contact:youtube": null, "reservation:website": null, "appointment:website": null, "contact:blog": null, "contact:website": null, "currency:XBT": null, "payment:lightning": null, "payment:lightning:operator": null, "payment:lightning_contactless": null, "payment:onchain": null, "nodes": [ 2204053904, 2204054073, 2204054138, 2204054682, 2204054582, 2204054502, 2204054496, 2204054489, 13121857542, 2204053599, 2204053542, 2204053436, 2204052913, 2204053904 ], "beds": null, "emergency": null, "gnis:feature_id": null, "building": "yes", "building:levels": null, "layer": null, "old_name": null, "university_of_chicago:building_id": null, "university_of_chicago:business_unit_name": null, "roof:levels": null, "ele": null, "abbr_name": null, "ref": null, "toilets:wheelchair": null, "healthcare:speciality:wikidata": null, "healthcare:speciality:wikipedia": null, "name:ko": null, "image": null, "payment:cards": null, "payment:cheque": null, "polling_station": null, "architect": null, "height": null, "opening_date": null, "beauty": null, "shop": null, "smoking": null, "ways": null, "type": null, "category": "Primary Care Center – Private / Non-profit" }, "geometry": { "type": "Point", "coordinates": [ -87.641553854491065, 41.928340398173333 ] } },
{ "type": "Feature", "properties": { "amenity": "clinic", "healthcare": "clinic", "name": "Advocate Medical Group", "addr:city": "Chicago", "addr:housenumber": "3134", "addr:postcode": "60657", "addr:state": "IL", "addr:street": "North Clark Street", "check_date": null, "healthcare:speciality": null, "phone": null, "website": null, "branch": null, "brand": "Advocate Health Care", "brand:wikidata": "Q30254233", "disused:amenity": null, "level": null, "opening_hours": null, "designation": null, "operator": null, "urgent_care": null, "wheelchair": null, "addr:unit": null, "addr:street:name": "Clark", "addr:street:prefix": "North", "addr:street:type": "Street", "social_facility": null, "source": "OpenStreetMap", "operator:type": null, "operator:wikidata": null, "operator:wikipedia": null, "addr:country": "US", "name:etymology:wikidata": null, "name:etymology:wikipedia": null, "operator:short": null, "air_conditioning": null, "fax": null, "wikidata": null, "wikipedia": null, "description": null, "drive_through": null, "name:vi": null, "healthcare:for": null, "short_name": null, "check_date:opening_hours": null, "contact:phone": null, "email": null, "opening_hours:signed": null, "alt_name": null, "addr:suite": null, "note:payment": null, "payment:american_express": null, "payment:discover_card": null, "payment:mastercard": null, "payment:visa": null, "start_date": null, "chicago:building_id": "212871", "access": null, "healthcare:counselling": null, "contact:facebook": null, "building:floor": null, "addr:floor": null, "internet_access": null, "payment:cash": null, "payment:credit_cards": null, "payment:debit_cards": null, "contact:instagram": null, "contact:linkedin": null, "contact:twitter": null, "contact:youtube": null, "reservation:website": null, "appointment:website": null, "contact:blog": null, "contact:website": null, "currency:XBT": null, "payment:lightning": null, "payment:lightning:operator": null, "payment:lightning_contactless": null, "payment:onchain": null, "nodes": [ 12305505173, 12305505171, 12305505170, 2204091575, 2204091569, 2204091783, 2204092414, 2204092409, 2204092573, 2204092648, 2204091817, 12305505178, 2204091495, 12305505172, 12305505174, 12305505173 ], "beds": null, "emergency": null, "gnis:feature_id": null, "building": "hospital", "building:levels": "4", "layer": null, "old_name": null, "university_of_chicago:building_id": null, "university_of_chicago:business_unit_name": null, "roof:levels": null, "ele": null, "abbr_name": null, "ref": null, "toilets:wheelchair": null, "healthcare:speciality:wikidata": null, "healthcare:speciality:wikipedia": null, "name:ko": null, "image": null, "payment:cards": null, "payment:cheque": null, "polling_station": null, "architect": null, "height": null, "opening_date": null, "beauty": null, "shop": null, "smoking": null, "ways": null, "type": null, "category": "Primary Care Center – Private / Non-profit" }, "geometry": { "type": "Point", "coordinates": [ -87.650248658714617, 41.938764627825364 ] } },
{ "type": "Feature", "properties": { "amenity": "clinic", "healthcare": "clinic", "name": "Lakeview Healing Oasis", "addr:city": "Chicago", "addr:housenumber": "722", "addr:postcode": "60614", "addr:state": "IL", "addr:street": "West Diversey Parkway", "check_date": null, "healthcare:speciality": null, "phone": null, "website": null, "branch": null, "brand": null, "brand:wikidata": null, "disused:amenity": null, "level": null, "opening_hours": null, "designation": null, "operator": null, "urgent_care": null, "wheelchair": null, "addr:unit": "102", "addr:street:name": "Diversey", "addr:street:prefix": "West", "addr:street:type": "Parkway", "social_facility": null, "source": "OpenStreetMap", "operator:type": null, "operator:wikidata": null, "operator:wikipedia": null, "addr:country": null, "name:etymology:wikidata": null, "name:etymology:wikipedia": null, "operator:short": null, "air_conditioning": null, "fax": null, "wikidata": null, "wikipedia": null, "description": null, "drive_through": null, "name:vi": null, "healthcare:for": null, "short_name": null, "check_date:opening_hours": null, "contact:phone": null, "email": null, "opening_hours:signed": null, "alt_name": null, "addr:suite": null, "note:payment": null, "payment:american_express": null, "payment:discover_card": null, "payment:mastercard": null, "payment:visa": null, "start_date": null, "chicago:building_id": "861746", "access": null, "healthcare:counselling": null, "contact:facebook": null, "building:floor": null, "addr:floor": null, "internet_access": null, "payment:cash": null, "payment:credit_cards": null, "payment:debit_cards": null, "contact:instagram": null, "contact:linkedin": null, "contact:twitter": null, "contact:youtube": null, "reservation:website": null, "appointment:website": null, "contact:blog": null, "contact:website": null, "currency:XBT": null, "payment:lightning": null, "payment:lightning:operator": null, "payment:lightning_contactless": null, "payment:onchain": null, "nodes": [ 2204071248, 2204071063, 2204071057, 2204071536, 2204071549, 2204071248 ], "beds": null, "emergency": null, "gnis:feature_id": null, "building": "commercial", "building:levels": "1", "layer": null, "old_name": null, "university_of_chicago:building_id": null, "university_of_chicago:business_unit_name": null, "roof:levels": null, "ele": null, "abbr_name": null, "ref": null, "toilets:wheelchair": null, "healthcare:speciality:wikidata": null, "healthcare:speciality:wikipedia": null, "name:ko": null, "image": null, "payment:cards": null, "payment:cheque": null, "polling_station": null, "architect": null, "height": null, "opening_date": null, "beauty": null, "shop": null, "smoking": null, "ways": null, "type": null, "category": "Primary Care Center – Private / Non-profit" }, "geometry": { "type": "Point", "coordinates": [ -87.647459927321549, 41.932946536885034 ] } },
{ "type": "Feature", "properties": { "amenity": "clinic", "healthcare": "clinic", "name": "Howard Brown Health Sheridan", "addr:city": "Chicago", "addr:housenumber": "4025", "addr:postcode": "60613", "addr:state": "IL", "addr:street": "North Sheridan Road", "check_date": "2023-10-02", "healthcare:speciality": "general;lgbt;transgender", "phone": "+1-773-388-1600", "website": "https://howardbrown.org/clinic_location/sheridan/", "branch": null, "brand": null, "brand:wikidata": null, "disused:amenity": null, "level": null, "opening_hours": "Mo-Th 09:00-19:00, Fr 09:00-17:00, Sa 09:00-15:00", "designation": null, "operator": "Howard Brown", "urgent_care": null, "wheelchair": null, "addr:unit": null, "addr:street:name": "Sheridan", "addr:street:prefix": "North", "addr:street:type": "Road", "social_facility": null, "source": "OpenStreetMap", "operator:type": "private_non_profit", "operator:wikidata": null, "operator:wikipedia": null, "addr:country": null, "name:etymology:wikidata": null, "name:etymology:wikipedia": null, "operator:short": null, "air_conditioning": "yes", "fax": "+1-773-388-1602", "wikidata": "Q5919197", "wikipedia": "en:Howard Brown Health", "description": "From primary care to sexual health testing and prevention, our Uptown clinic offers healthcare services with the LGBTQ community’s needs in mind.  ", "drive_through": null, "name:vi": null, "healthcare:for": null, "short_name": null, "check_date:opening_hours": null, "contact:phone": null, "email": null, "opening_hours:signed": null, "alt_name": null, "addr:suite": null, "note:payment": null, "payment:american_express": null, "payment:discover_card": null, "payment:mastercard": null, "payment:visa": null, "start_date": null, "chicago:building_id": "857701", "access": null, "healthcare:counselling": null, "contact:facebook": null, "building:floor": null, "addr:floor": null, "internet_access": null, "payment:cash": null, "payment:credit_cards": null, "payment:debit_cards": null, "contact:instagram": null, "contact:linkedin": null, "contact:twitter": null, "contact:youtube": null, "reservation:website": null, "appointment:website": null, "contact:blog": null, "contact:website": null, "currency:XBT": null, "payment:lightning": null, "payment:lightning:operator": null, "payment:lightning_contactless": null, "payment:onchain": null, "nodes": [ 2204142339, 2204142334, 2204142645, 2204142651, 2204142460, 2204142458, 2204142339 ], "beds": null, "emergency": null, "gnis:feature_id": null, "building": "commercial", "building:levels": "1", "layer": null, "old_name": null, "university_of_chicago:building_id": null, "university_of_chicago:business_unit_name": null, "roof:levels": null, "ele": null, "abbr_name": null, "ref": null, "toilets:wheelchair": null, "healthcare:speciality:wikidata": null, "healthcare:speciality:wikipedia": null, "name:ko": null, "image": null, "payment:cards": null, "payment:cheque": null, "polling_station": null, "architect": null, "height": null, "opening_date": null, "beauty": null, "shop": null, "smoking": null, "ways": null, "type": null, "category": "Primary Care Center – Private / Non-profit" }, "geometry": { "type": "Point", "coordinates": [ -87.654171812363387, 41.955211223207172 ] } },
{ "type": "Feature", "properties": { "amenity": "clinic", "healthcare": "clinic", "name": "Chicago Women's Health Center", "addr:city": "Chicago", "addr:housenumber": "1025", "addr:postcode": "60640", "addr:state": "IL", "addr:street": "West Sunnyside Avenue", "check_date": "2026-01-22", "healthcare:speciality": "transHRT", "phone": "+1-773-935-6126", "website": null, "branch": null, "brand": null, "brand:wikidata": null, "disused:amenity": null, "level": null, "opening_hours": "Mo-Fr 09:00-16:00 \"by appointment; some evening and saturday appointments available\"", "designation": null, "operator": null, "urgent_care": null, "wheelchair": null, "addr:unit": "Suite 201", "addr:street:name": "Sunnyside", "addr:street:prefix": "West", "addr:street:type": "Avenue", "social_facility": null, "source": "OpenStreetMap", "operator:type": null, "operator:wikidata": null, "operator:wikipedia": null, "addr:country": null, "name:etymology:wikidata": null, "name:etymology:wikipedia": null, "operator:short": null, "air_conditioning": null, "fax": null, "wikidata": null, "wikipedia": null, "description": null, "drive_through": null, "name:vi": null, "healthcare:for": null, "short_name": null, "check_date:opening_hours": null, "contact:phone": null, "email": null, "opening_hours:signed": null, "alt_name": null, "addr:suite": null, "note:payment": null, "payment:american_express": null, "payment:discover_card": null, "payment:mastercard": null, "payment:visa": null, "start_date": null, "chicago:building_id": "119939", "access": null, "healthcare:counselling": null, "contact:facebook": null, "building:floor": null, "addr:floor": null, "internet_access": null, "payment:cash": null, "payment:credit_cards": null, "payment:debit_cards": null, "contact:instagram": null, "contact:linkedin": null, "contact:twitter": null, "contact:youtube": null, "reservation:website": null, "appointment:website": null, "contact:blog": null, "contact:website": null, "currency:XBT": null, "payment:lightning": null, "payment:lightning:operator": null, "payment:lightning_contactless": null, "payment:onchain": null, "nodes": [ 2204577156, 2204577454, 2204577473, 2204577488, 2204577502, 2204577451, 2204577345, 2204577254, 2204577243, 2204577156 ], "beds": null, "emergency": null, "gnis:feature_id": null, "building": "yes", "building:levels": null, "layer": null, "old_name": null, "university_of_chicago:building_id": null, "university_of_chicago:business_unit_name": null, "roof:levels": null, "ele": null, "abbr_name": null, "ref": null, "toilets:wheelchair": null, "healthcare:speciality:wikidata": "Q5903802", "healthcare:speciality:wikipedia": "en:Transgender hormone therapy", "name:ko": "시카고 여성 건강센터", "image": null, "payment:cards": null, "payment:cheque": null, "polling_station": null, "architect": null, "height": null, "opening_date": null, "beauty": null, "shop": null, "smoking": null, "ways": null, "type": null, "category": "Primary Care Center – Private / Non-profit" }, "geometry": { "type": "Point", "coordinates": [ -87.655769963734912, 41.963404115097148 ] } },
{ "type": "Feature", "properties": { "amenity": "clinic", "healthcare": "clinic", "name": "Physicians Immediate Care", "addr:city": null, "addr:housenumber": "6128-6136", "addr:postcode": null, "addr:state": null, "addr:street": "North Broadway", "check_date": null, "healthcare:speciality": null, "phone": null, "website": null, "branch": null, "brand": null, "brand:wikidata": null, "disused:amenity": null, "level": null, "opening_hours": "Mo-Su 08:00-20:00", "designation": null, "operator": null, "urgent_care": null, "wheelchair": null, "addr:unit": null, "addr:street:name": "Broadway", "addr:street:prefix": "North", "addr:street:type": null, "social_facility": null, "source": "OpenStreetMap", "operator:type": null, "operator:wikidata": null, "operator:wikipedia": null, "addr:country": null, "name:etymology:wikidata": null, "name:etymology:wikipedia": null, "operator:short": null, "air_conditioning": null, "fax": null, "wikidata": null, "wikipedia": null, "description": null, "drive_through": null, "name:vi": null, "healthcare:for": null, "short_name": null, "check_date:opening_hours": null, "contact:phone": null, "email": null, "opening_hours:signed": null, "alt_name": null, "addr:suite": null, "note:payment": null, "payment:american_express": null, "payment:discover_card": null, "payment:mastercard": null, "payment:visa": null, "start_date": null, "chicago:building_id": "861035", "access": null, "healthcare:counselling": null, "contact:facebook": null, "building:floor": null, "addr:floor": null, "internet_access": null, "payment:cash": null, "payment:credit_cards": null, "payment:debit_cards": null, "contact:instagram": null, "contact:linkedin": null, "contact:twitter": null, "contact:youtube": null, "reservation:website": null, "appointment:website": null, "contact:blog": null, "contact:website": null, "currency:XBT": null, "payment:lightning": null, "payment:lightning:operator": null, "payment:lightning_contactless": null, "payment:onchain": null, "nodes": [ 2204701054, 2204701052, 2204701125, 2204701133, 2204701054 ], "beds": null, "emergency": null, "gnis:feature_id": null, "building": "yes", "building:levels": "1", "layer": null, "old_name": null, "university_of_chicago:building_id": null, "university_of_chicago:business_unit_name": null, "roof:levels": null, "ele": null, "abbr_name": null, "ref": null, "toilets:wheelchair": null, "healthcare:speciality:wikidata": null, "healthcare:speciality:wikipedia": null, "name:ko": null, "image": null, "payment:cards": null, "payment:cheque": null, "polling_station": null, "architect": null, "height": null, "opening_date": null, "beauty": null, "shop": null, "smoking": null, "ways": null, "type": null, "category": "Primary Care Center – Private / Non-profit" }, "geometry": { "type": "Point", "coordinates": [ -87.660688671750506, 41.993469786130092 ] } },
{ "type": "Feature", "properties": { "amenity": "hospital", "healthcare": "hospital", "name": "Kindered Lakeshore Hospital", "addr:city": "Chicago", "addr:housenumber": "6130", "addr:postcode": "60660", "addr:state": "IL", "addr:street": "North Sheridan Road", "check_date": null, "healthcare:speciality": null, "phone": null, "website": null, "branch": null, "brand": null, "brand:wikidata": null, "disused:amenity": null, "level": null, "opening_hours": null, "designation": null, "operator": "Kindred Healthcare", "urgent_care": null, "wheelchair": null, "addr:unit": null, "addr:street:name": "Sheridan", "addr:street:prefix": "North", "addr:street:type": "Road", "social_facility": null, "source": "OpenStreetMap", "operator:type": "private", "operator:wikidata": "Q921363", "operator:wikipedia": "en:Kindred Healthcare", "addr:country": null, "name:etymology:wikidata": null, "name:etymology:wikipedia": null, "operator:short": null, "air_conditioning": null, "fax": null, "wikidata": null, "wikipedia": null, "description": null, "drive_through": null, "name:vi": null, "healthcare:for": null, "short_name": null, "check_date:opening_hours": null, "contact:phone": null, "email": null, "opening_hours:signed": null, "alt_name": null, "addr:suite": null, "note:payment": null, "payment:american_express": null, "payment:discover_card": null, "payment:mastercard": null, "payment:visa": null, "start_date": null, "chicago:building_id": "34142", "access": null, "healthcare:counselling": null, "contact:facebook": null, "building:floor": null, "addr:floor": null, "internet_access": null, "payment:cash": null, "payment:credit_cards": null, "payment:debit_cards": null, "contact:instagram": null, "contact:linkedin": null, "contact:twitter": null, "contact:youtube": null, "reservation:website": null, "appointment:website": null, "contact:blog": null, "contact:website": null, "currency:XBT": null, "payment:lightning": null, "payment:lightning:operator": null, "payment:lightning_contactless": null, "payment:onchain": null, "nodes": [ 2204700854, 2204700917, 2204700908, 2204700997, 2204700995, 2204701035, 2204701036, 2204701022, 2204701020, 2204701169, 2204701167, 2204701268, 2204701270, 2204701298, 2204701294, 2204701272, 2204701274, 2204700855, 2204700854 ], "beds": null, "emergency": null, "gnis:feature_id": null, "building": "hospital", "building:levels": "5", "layer": null, "old_name": null, "university_of_chicago:building_id": null, "university_of_chicago:business_unit_name": null, "roof:levels": null, "ele": null, "abbr_name": null, "ref": null, "toilets:wheelchair": null, "healthcare:speciality:wikidata": null, "healthcare:speciality:wikipedia": null, "name:ko": null, "image": null, "payment:cards": null, "payment:cheque": null, "polling_station": null, "architect": null, "height": null, "opening_date": null, "beauty": null, "shop": null, "smoking": null, "ways": null, "type": null, "category": "Hospital – Private / Non-profit" }, "geometry": { "type": "Point", "coordinates": [ -87.655881407912247, 41.9933990310466 ] } },
{ "type": "Feature", "properties": { "amenity": "clinic", "healthcare": "counselling", "name": "Planned Parenthood - Roseland Health Center", "addr:city": "Chicago", "addr:housenumber": "11250", "addr:postcode": "60628", "addr:state": "IL", "addr:street": "South Halsted Street", "check_date": null, "healthcare:speciality": null, "phone": null, "website": "https://www.plannedparenthood.org/health-center/illinois/chicago/60628/roseland-health-center-2263-90430", "branch": "Roseland", "brand": null, "brand:wikidata": null, "disused:amenity": null, "level": null, "opening_hours": null, "designation": null, "operator": "Planned Parenthood", "urgent_care": null, "wheelchair": null, "addr:unit": null, "addr:street:name": "Halsted", "addr:street:prefix": "South", "addr:street:type": "Street", "social_facility": null, "source": "OpenStreetMap", "operator:type": "ngo", "operator:wikidata": "Q2553262", "operator:wikipedia": null, "addr:country": null, "name:etymology:wikidata": null, "name:etymology:wikipedia": null, "operator:short": null, "air_conditioning": null, "fax": null, "wikidata": null, "wikipedia": null, "description": null, "drive_through": null, "name:vi": null, "healthcare:for": null, "short_name": null, "check_date:opening_hours": null, "contact:phone": null, "email": null, "opening_hours:signed": null, "alt_name": null, "addr:suite": null, "note:payment": null, "payment:american_express": null, "payment:discover_card": null, "payment:mastercard": null, "payment:visa": null, "start_date": null, "chicago:building_id": "774918", "access": null, "healthcare:counselling": "antenatal;sexual", "contact:facebook": null, "building:floor": null, "addr:floor": null, "internet_access": null, "payment:cash": null, "payment:credit_cards": null, "payment:debit_cards": null, "contact:instagram": null, "contact:linkedin": null, "contact:twitter": null, "contact:youtube": null, "reservation:website": null, "appointment:website": null, "contact:blog": null, "contact:website": null, "currency:XBT": null, "payment:lightning": null, "payment:lightning:operator": null, "payment:lightning_contactless": null, "payment:onchain": null, "nodes": [ 2204861185, 2204861478, 2204861507, 2204861196, 2204861185 ], "beds": null, "emergency": null, "gnis:feature_id": null, "building": "retail", "building:levels": null, "layer": null, "old_name": null, "university_of_chicago:building_id": null, "university_of_chicago:business_unit_name": null, "roof:levels": null, "ele": null, "abbr_name": null, "ref": null, "toilets:wheelchair": null, "healthcare:speciality:wikidata": null, "healthcare:speciality:wikipedia": null, "name:ko": null, "image": null, "payment:cards": null, "payment:cheque": null, "polling_station": null, "architect": null, "height": null, "opening_date": null, "beauty": null, "shop": null, "smoking": null, "ways": null, "type": null, "category": "Primary Care Center – Private / Non-profit" }, "geometry": { "type": "Point", "coordinates": [ -87.642650599998404, 41.688867800032369 ] } },
{ "type": "Feature", "properties": { "amenity": "clinic", "healthcare": "clinic", "name": "Englewood Health Center", "addr:city": "Chicago", "addr:housenumber": "641", "addr:postcode": "60621", "addr:state": "IL", "addr:street": "West 63rd Street", "check_date": null, "healthcare:speciality": "general", "phone": null, "website": null, "branch": null, "brand": null, "brand:wikidata": null, "disused:amenity": null, "level": null, "opening_hours": null, "designation": null, "operator": "Chicago Department of Public Health", "urgent_care": null, "wheelchair": null, "addr:unit": null, "addr:street:name": "63rd", "addr:street:prefix": "West", "addr:street:type": "Street", "social_facility": null, "source": "OpenStreetMap", "operator:type": "public", "operator:wikidata": null, "operator:wikipedia": null, "addr:country": null, "name:etymology:wikidata": null, "name:etymology:wikipedia": null, "operator:short": null, "air_conditioning": null, "fax": null, "wikidata": null, "wikipedia": null, "description": null, "drive_through": null, "name:vi": null, "healthcare:for": null, "short_name": null, "check_date:opening_hours": null, "contact:phone": null, "email": null, "opening_hours:signed": null, "alt_name": null, "addr:suite": null, "note:payment": null, "payment:american_express": null, "payment:discover_card": null, "payment:mastercard": null, "payment:visa": null, "start_date": null, "chicago:building_id": "532222", "access": null, "healthcare:counselling": null, "contact:facebook": null, "building:floor": null, "addr:floor": null, "internet_access": null, "payment:cash": null, "payment:credit_cards": null, "payment:debit_cards": null, "contact:instagram": null, "contact:linkedin": null, "contact:twitter": null, "contact:youtube": null, "reservation:website": null, "appointment:website": null, "contact:blog": null, "contact:website": null, "currency:XBT": null, "payment:lightning": null, "payment:lightning:operator": null, "payment:lightning_contactless": null, "payment:onchain": null, "nodes": [ 2206015931, 2206016005, 2206016008, 2206015934, 2206015931 ], "beds": null, "emergency": null, "gnis:feature_id": null, "building": "public", "building:levels": "1", "layer": null, "old_name": null, "university_of_chicago:building_id": null, "university_of_chicago:business_unit_name": null, "roof:levels": null, "ele": null, "abbr_name": null, "ref": null, "toilets:wheelchair": null, "healthcare:speciality:wikidata": null, "healthcare:speciality:wikipedia": null, "name:ko": null, "image": null, "payment:cards": null, "payment:cheque": null, "polling_station": null, "architect": null, "height": null, "opening_date": null, "beauty": null, "shop": null, "smoking": null, "ways": null, "type": null, "category": "Primary Care Center – Public (FQHC / CHC)" }, "geometry": { "type": "Point", "coordinates": [ -87.641437006818677, 41.77946498050774 ] } },
{ "type": "Feature", "properties": { "amenity": "clinic", "healthcare": "clinic", "name": "Near South Health Center", "addr:city": "Chicago", "addr:housenumber": "3525", "addr:postcode": "60653", "addr:state": "IL", "addr:street": "South Michigan Avenue", "check_date": null, "healthcare:speciality": null, "phone": null, "website": "http://www.cookcountyhhs.org/health-centers/near-south-health-center/", "branch": "Near South Health Center", "brand": null, "brand:wikidata": null, "disused:amenity": null, "level": null, "opening_hours": null, "designation": null, "operator": "Cook County Health", "urgent_care": null, "wheelchair": null, "addr:unit": null, "addr:street:name": "Michigan", "addr:street:prefix": "South", "addr:street:type": "Avenue", "social_facility": null, "source": "OpenStreetMap", "operator:type": "public", "operator:wikidata": "Q30286975", "operator:wikipedia": null, "addr:country": null, "name:etymology:wikidata": null, "name:etymology:wikipedia": null, "operator:short": "CCH", "air_conditioning": null, "fax": null, "wikidata": null, "wikipedia": null, "description": null, "drive_through": null, "name:vi": null, "healthcare:for": null, "short_name": null, "check_date:opening_hours": null, "contact:phone": null, "email": null, "opening_hours:signed": null, "alt_name": null, "addr:suite": null, "note:payment": null, "payment:american_express": null, "payment:discover_card": null, "payment:mastercard": null, "payment:visa": null, "start_date": null, "chicago:building_id": "418014", "access": null, "healthcare:counselling": null, "contact:facebook": null, "building:floor": null, "addr:floor": null, "internet_access": null, "payment:cash": null, "payment:credit_cards": null, "payment:debit_cards": null, "contact:instagram": null, "contact:linkedin": null, "contact:twitter": null, "contact:youtube": null, "reservation:website": null, "appointment:website": null, "contact:blog": null, "contact:website": null, "currency:XBT": null, "payment:lightning": null, "payment:lightning:operator": null, "payment:lightning_contactless": null, "payment:onchain": null, "nodes": [ 2206177128, 2206177301, 2206177300, 2206177364, 2206177368, 2206177174, 2206177175, 2206177132, 2206177128 ], "beds": null, "emergency": null, "gnis:feature_id": null, "building": "public", "building:levels": "1", "layer": null, "old_name": null, "university_of_chicago:building_id": null, "university_of_chicago:business_unit_name": null, "roof:levels": null, "ele": null, "abbr_name": null, "ref": null, "toilets:wheelchair": null, "healthcare:speciality:wikidata": null, "healthcare:speciality:wikipedia": null, "name:ko": null, "image": null, "payment:cards": null, "payment:cheque": null, "polling_station": null, "architect": null, "height": null, "opening_date": null, "beauty": null, "shop": null, "smoking": null, "ways": null, "type": null, "category": "Primary Care Center – Public (FQHC / CHC)" }, "geometry": { "type": "Point", "coordinates": [ -87.622859965248367, 41.830175817644715 ] } },
{ "type": "Feature", "properties": { "amenity": "clinic", "healthcare": "clinic", "name": "Saint Agnes Health Center", "addr:city": "Chicago", "addr:housenumber": "60", "addr:postcode": "60616", "addr:state": "IL", "addr:street": "East 18th Street", "check_date": null, "healthcare:speciality": null, "phone": null, "website": null, "branch": null, "brand": null, "brand:wikidata": null, "disused:amenity": null, "level": null, "opening_hours": null, "designation": null, "operator": null, "urgent_care": null, "wheelchair": null, "addr:unit": null, "addr:street:name": "18th", "addr:street:prefix": "East", "addr:street:type": "Street", "social_facility": null, "source": "OpenStreetMap", "operator:type": null, "operator:wikidata": null, "operator:wikipedia": null, "addr:country": null, "name:etymology:wikidata": null, "name:etymology:wikipedia": null, "operator:short": null, "air_conditioning": null, "fax": null, "wikidata": null, "wikipedia": null, "description": null, "drive_through": null, "name:vi": null, "healthcare:for": null, "short_name": null, "check_date:opening_hours": null, "contact:phone": null, "email": null, "opening_hours:signed": null, "alt_name": null, "addr:suite": null, "note:payment": null, "payment:american_express": null, "payment:discover_card": null, "payment:mastercard": null, "payment:visa": null, "start_date": null, "chicago:building_id": "377222", "access": null, "healthcare:counselling": null, "contact:facebook": null, "building:floor": null, "addr:floor": null, "internet_access": null, "payment:cash": null, "payment:credit_cards": null, "payment:debit_cards": null, "contact:instagram": null, "contact:linkedin": null, "contact:twitter": null, "contact:youtube": null, "reservation:website": null, "appointment:website": null, "contact:blog": null, "contact:website": null, "currency:XBT": null, "payment:lightning": null, "payment:lightning:operator": null, "payment:lightning_contactless": null, "payment:onchain": null, "nodes": [ 2206236243, 2206236258, 2206236257, 2206236310, 2206236311, 2206236424, 2206236428, 2206236396, 2206236395, 2206236360, 2206236359, 2206236354, 2206236355, 2206236247, 2206236243 ], "beds": null, "emergency": null, "gnis:feature_id": null, "building": "commercial", "building:levels": null, "layer": null, "old_name": null, "university_of_chicago:building_id": null, "university_of_chicago:business_unit_name": null, "roof:levels": null, "ele": null, "abbr_name": null, "ref": null, "toilets:wheelchair": null, "healthcare:speciality:wikidata": null, "healthcare:speciality:wikipedia": null, "name:ko": null, "image": null, "payment:cards": null, "payment:cheque": null, "polling_station": null, "architect": null, "height": null, "opening_date": null, "beauty": null, "shop": null, "smoking": null, "ways": null, "type": null, "category": "Primary Care Center – Private / Non-profit" }, "geometry": { "type": "Point", "coordinates": [ -87.62515393995308, 41.858245395507303 ] } },
{ "type": "Feature", "properties": { "amenity": "hospital", "healthcare": "hospital", "name": "Insight Hospital & Medical Center", "addr:city": "Chicago", "addr:housenumber": "2525", "addr:postcode": "60616", "addr:state": "IL", "addr:street": "South Michigan Avenue", "check_date": null, "healthcare:speciality": "addiction_medicine;advanced_np_and_pa;allergy/immunology;anesthesia;behavioral_health;cardiology;emergency;fitness;gastroenterology;surgery;hospitalist", "phone": "+1 312 567 2000", "website": "https://insightchicago.com/", "branch": null, "brand": null, "brand:wikidata": null, "disused:amenity": null, "level": null, "opening_hours": "24/7", "designation": null, "operator": null, "urgent_care": null, "wheelchair": null, "addr:unit": null, "addr:street:name": null, "addr:street:prefix": null, "addr:street:type": null, "social_facility": null, "source": "OpenStreetMap", "operator:type": null, "operator:wikidata": null, "operator:wikipedia": null, "addr:country": null, "name:etymology:wikidata": null, "name:etymology:wikipedia": null, "operator:short": null, "air_conditioning": null, "fax": "+1-312-638-8320", "wikidata": "Q16951587", "wikipedia": "en:Mercy Hospital and Medical Center", "description": "At Insight, we are dedicated to delivering the most compassionate, loving, expert and impactful care in the world to our patients. We believe our patients deserve the best experience in the world when they enter our facilities. Our community requires nurt", "drive_through": null, "name:vi": null, "healthcare:for": null, "short_name": null, "check_date:opening_hours": null, "contact:phone": null, "email": "chicagonewpatient@iinn.com", "opening_hours:signed": null, "alt_name": null, "addr:suite": null, "note:payment": null, "payment:american_express": null, "payment:discover_card": null, "payment:mastercard": null, "payment:visa": null, "start_date": null, "chicago:building_id": null, "access": null, "healthcare:counselling": null, "contact:facebook": "https://www.facebook.com/insightinstitutechicago", "building:floor": null, "addr:floor": null, "internet_access": null, "payment:cash": "yes", "payment:credit_cards": null, "payment:debit_cards": null, "contact:instagram": null, "contact:linkedin": null, "contact:twitter": null, "contact:youtube": null, "reservation:website": null, "appointment:website": null, "contact:blog": null, "contact:website": null, "currency:XBT": null, "payment:lightning": null, "payment:lightning:operator": null, "payment:lightning_contactless": null, "payment:onchain": null, "nodes": [ 354122133, 10127097279, 9592784495, 10127097315, 9592784494, 10239222921, 10239222922, 2206511413, 2206511411, 2206511409, 354122133 ], "beds": "412", "emergency": "yes", "gnis:feature_id": "413417", "building": null, "building:levels": null, "layer": null, "old_name": "Mercy Hospital & Medical Center", "university_of_chicago:building_id": null, "university_of_chicago:business_unit_name": null, "roof:levels": null, "ele": null, "abbr_name": null, "ref": null, "toilets:wheelchair": null, "healthcare:speciality:wikidata": null, "healthcare:speciality:wikipedia": null, "name:ko": null, "image": "https://insightchicago.com/wp-content/uploads/2021/07/Insight_chicago_white_RGB.png", "payment:cards": "yes", "payment:cheque": "yes", "polling_station": null, "architect": null, "height": null, "opening_date": null, "beauty": null, "shop": null, "smoking": null, "ways": null, "type": null, "category": "Hospital – Private / Non-profit" }, "geometry": { "type": "Point", "coordinates": [ -87.622512527531683, 41.846581650026764 ] } },
{ "type": "Feature", "properties": { "amenity": "clinic", "healthcare": "counselling", "name": "Planned Parenthood", "addr:city": "Chicago", "addr:housenumber": "1200", "addr:postcode": "60610", "addr:state": "IL", "addr:street": "North LaSalle Drive", "check_date": null, "healthcare:speciality": null, "phone": null, "website": null, "branch": null, "brand": null, "brand:wikidata": null, "disused:amenity": null, "level": null, "opening_hours": null, "designation": null, "operator": "Planned Parenthood", "urgent_care": null, "wheelchair": null, "addr:unit": null, "addr:street:name": "La Salle", "addr:street:prefix": "North", "addr:street:type": "Boulevard", "social_facility": null, "source": "OpenStreetMap", "operator:type": "ngo", "operator:wikidata": "Q2553262", "operator:wikipedia": null, "addr:country": null, "name:etymology:wikidata": null, "name:etymology:wikipedia": null, "operator:short": null, "air_conditioning": null, "fax": null, "wikidata": null, "wikipedia": null, "description": null, "drive_through": null, "name:vi": null, "healthcare:for": null, "short_name": null, "check_date:opening_hours": null, "contact:phone": null, "email": null, "opening_hours:signed": null, "alt_name": null, "addr:suite": null, "note:payment": null, "payment:american_express": null, "payment:discover_card": null, "payment:mastercard": null, "payment:visa": null, "start_date": null, "chicago:building_id": "815443", "access": null, "healthcare:counselling": "antenatal;sexual", "contact:facebook": null, "building:floor": null, "addr:floor": null, "internet_access": null, "payment:cash": null, "payment:credit_cards": null, "payment:debit_cards": null, "contact:instagram": null, "contact:linkedin": null, "contact:twitter": null, "contact:youtube": null, "reservation:website": null, "appointment:website": null, "contact:blog": null, "contact:website": null, "currency:XBT": null, "payment:lightning": null, "payment:lightning:operator": null, "payment:lightning_contactless": null, "payment:onchain": null, "nodes": [ 2207607419, 2207607294, 2207607292, 2207607407, 2207607419 ], "beds": null, "emergency": null, "gnis:feature_id": null, "building": "commercial", "building:levels": "1", "layer": null, "old_name": null, "university_of_chicago:building_id": null, "university_of_chicago:business_unit_name": null, "roof:levels": null, "ele": null, "abbr_name": null, "ref": null, "toilets:wheelchair": null, "healthcare:speciality:wikidata": null, "healthcare:speciality:wikipedia": null, "name:ko": null, "image": null, "payment:cards": null, "payment:cheque": null, "polling_station": null, "architect": null, "height": null, "opening_date": null, "beauty": null, "shop": null, "smoking": null, "ways": null, "type": null, "category": "Primary Care Center – Private / Non-profit" }, "geometry": { "type": "Point", "coordinates": [ -87.633287414372361, 41.904055511388584 ] } },
{ "type": "Feature", "properties": { "amenity": "clinic", "healthcare": "clinic", "name": "Roseland Public Health Center", "addr:city": "Chicago", "addr:housenumber": "200", "addr:postcode": "60628", "addr:state": "IL", "addr:street": "East 115th Street", "check_date": null, "healthcare:speciality": null, "phone": null, "website": null, "branch": null, "brand": null, "brand:wikidata": null, "disused:amenity": null, "level": null, "opening_hours": null, "designation": null, "operator": "Chicago Department of Public Health", "urgent_care": null, "wheelchair": null, "addr:unit": null, "addr:street:name": "115th", "addr:street:prefix": "East", "addr:street:type": "Street", "social_facility": null, "source": "OpenStreetMap", "operator:type": "government", "operator:wikidata": null, "operator:wikipedia": null, "addr:country": null, "name:etymology:wikidata": null, "name:etymology:wikipedia": null, "operator:short": null, "air_conditioning": null, "fax": null, "wikidata": null, "wikipedia": null, "description": null, "drive_through": null, "name:vi": null, "healthcare:for": null, "short_name": null, "check_date:opening_hours": null, "contact:phone": null, "email": null, "opening_hours:signed": null, "alt_name": null, "addr:suite": null, "note:payment": null, "payment:american_express": null, "payment:discover_card": null, "payment:mastercard": null, "payment:visa": null, "start_date": null, "chicago:building_id": "780959", "access": null, "healthcare:counselling": null, "contact:facebook": null, "building:floor": null, "addr:floor": null, "internet_access": null, "payment:cash": null, "payment:credit_cards": null, "payment:debit_cards": null, "contact:instagram": null, "contact:linkedin": null, "contact:twitter": null, "contact:youtube": null, "reservation:website": null, "appointment:website": null, "contact:blog": null, "contact:website": null, "currency:XBT": null, "payment:lightning": null, "payment:lightning:operator": null, "payment:lightning_contactless": null, "payment:onchain": null, "nodes": [ 2207703081, 2207703207, 2207703208, 2207703261, 2207703262, 2207703329, 2207703333, 2207703086, 2207703081 ], "beds": null, "emergency": null, "gnis:feature_id": null, "building": "public", "building:levels": "3", "layer": null, "old_name": null, "university_of_chicago:building_id": null, "university_of_chicago:business_unit_name": null, "roof:levels": null, "ele": null, "abbr_name": null, "ref": null, "toilets:wheelchair": null, "healthcare:speciality:wikidata": null, "healthcare:speciality:wikipedia": null, "name:ko": null, "image": null, "payment:cards": null, "payment:cheque": null, "polling_station": null, "architect": null, "height": null, "opening_date": null, "beauty": null, "shop": null, "smoking": null, "ways": null, "type": null, "category": "Primary Care Center – Public (FQHC / CHC)" }, "geometry": { "type": "Point", "coordinates": [ -87.617661130524198, 41.685571877674995 ] } },
{ "type": "Feature", "properties": { "amenity": "clinic", "healthcare": "clinic", "name": "Friend Health Clinic", "addr:city": "Chicago", "addr:housenumber": "6250", "addr:postcode": "60637", "addr:state": "IL", "addr:street": "South Cottage Grove Avenue", "check_date": null, "healthcare:speciality": null, "phone": null, "website": null, "branch": null, "brand": null, "brand:wikidata": null, "disused:amenity": null, "level": null, "opening_hours": null, "designation": null, "operator": "Friend Health", "urgent_care": null, "wheelchair": null, "addr:unit": null, "addr:street:name": "Cottage Grove", "addr:street:prefix": "South", "addr:street:type": "Avenue", "social_facility": null, "source": "OpenStreetMap", "operator:type": null, "operator:wikidata": null, "operator:wikipedia": null, "addr:country": null, "name:etymology:wikidata": null, "name:etymology:wikipedia": null, "operator:short": null, "air_conditioning": null, "fax": null, "wikidata": null, "wikipedia": null, "description": null, "drive_through": null, "name:vi": null, "healthcare:for": null, "short_name": null, "check_date:opening_hours": null, "contact:phone": null, "email": null, "opening_hours:signed": null, "alt_name": null, "addr:suite": null, "note:payment": null, "payment:american_express": null, "payment:discover_card": null, "payment:mastercard": null, "payment:visa": null, "start_date": null, "chicago:building_id": "527723", "access": null, "healthcare:counselling": null, "contact:facebook": null, "building:floor": null, "addr:floor": null, "internet_access": null, "payment:cash": null, "payment:credit_cards": null, "payment:debit_cards": null, "contact:instagram": null, "contact:linkedin": null, "contact:twitter": null, "contact:youtube": null, "reservation:website": null, "appointment:website": null, "contact:blog": null, "contact:website": null, "currency:XBT": null, "payment:lightning": null, "payment:lightning:operator": null, "payment:lightning_contactless": null, "payment:onchain": null, "nodes": [ 2209328647, 11033600260, 2209328687, 2209328685, 13273156333, 13273156334, 11729128244, 11729128243, 2209328940, 2209328842, 2209328688, 13273156335, 12416639813, 11033600261, 2209328647 ], "beds": null, "emergency": null, "gnis:feature_id": null, "building": "commercial", "building:levels": "2", "layer": null, "old_name": null, "university_of_chicago:building_id": null, "university_of_chicago:business_unit_name": null, "roof:levels": null, "ele": null, "abbr_name": null, "ref": null, "toilets:wheelchair": null, "healthcare:speciality:wikidata": null, "healthcare:speciality:wikipedia": null, "name:ko": null, "image": null, "payment:cards": null, "payment:cheque": null, "polling_station": null, "architect": null, "height": null, "opening_date": null, "beauty": null, "shop": null, "smoking": null, "ways": null, "type": null, "category": "Primary Care Center – Private / Non-profit" }, "geometry": { "type": "Point", "coordinates": [ -87.606522522810408, 41.780671625803116 ] } },
{ "type": "Feature", "properties": { "amenity": "hospital", "healthcare": "hospital", "name": "Saint Joseph Hospital", "addr:city": "Chicago", "addr:housenumber": "2900", "addr:postcode": "60657", "addr:state": "IL", "addr:street": "North Lake Shore Drive", "check_date": null, "healthcare:speciality": null, "phone": "+1 773 665 3000", "website": "https://healthcare.ascension.org/locations/illinois/ilchi/chicago-ascension-saint-joseph-chicago", "branch": null, "brand": null, "brand:wikidata": null, "disused:amenity": null, "level": null, "opening_hours": "24/7", "designation": null, "operator": "Ascension", "urgent_care": null, "wheelchair": null, "addr:unit": null, "addr:street:name": null, "addr:street:prefix": null, "addr:street:type": null, "social_facility": null, "source": "OpenStreetMap", "operator:type": "private", "operator:wikidata": "Q96372437", "operator:wikipedia": null, "addr:country": null, "name:etymology:wikidata": null, "name:etymology:wikipedia": null, "operator:short": null, "air_conditioning": null, "fax": null, "wikidata": "Q30280875", "wikipedia": null, "description": null, "drive_through": null, "name:vi": null, "healthcare:for": null, "short_name": null, "check_date:opening_hours": null, "contact:phone": null, "email": null, "opening_hours:signed": null, "alt_name": null, "addr:suite": null, "note:payment": null, "payment:american_express": null, "payment:discover_card": null, "payment:mastercard": null, "payment:visa": null, "start_date": null, "chicago:building_id": null, "access": null, "healthcare:counselling": null, "contact:facebook": null, "building:floor": null, "addr:floor": null, "internet_access": null, "payment:cash": null, "payment:credit_cards": null, "payment:debit_cards": null, "contact:instagram": null, "contact:linkedin": null, "contact:twitter": null, "contact:youtube": null, "reservation:website": null, "appointment:website": null, "contact:blog": null, "contact:website": null, "currency:XBT": null, "payment:lightning": null, "payment:lightning:operator": null, "payment:lightning_contactless": null, "payment:onchain": null, "nodes": [ 259389081, 5322455020, 5322455019, 5322455018, 9876797558, 9876797557, 9374008017, 5322483021, 2210987105, 2210987103, 2210987101, 2210987098, 2210987099, 2210987102, 2210987106, 2210987100, 2210987104, 259389081 ], "beds": "338", "emergency": "yes", "gnis:feature_id": null, "building": null, "building:levels": null, "layer": null, "old_name": null, "university_of_chicago:building_id": null, "university_of_chicago:business_unit_name": null, "roof:levels": null, "ele": null, "abbr_name": null, "ref": null, "toilets:wheelchair": null, "healthcare:speciality:wikidata": null, "healthcare:speciality:wikipedia": null, "name:ko": null, "image": null, "payment:cards": null, "payment:cheque": null, "polling_station": null, "architect": null, "height": null, "opening_date": null, "beauty": null, "shop": null, "smoking": null, "ways": null, "type": null, "category": "Hospital – Private / Non-profit" }, "geometry": { "type": "Point", "coordinates": [ -87.63764994405409, 41.934328739702714 ] } },
{ "type": "Feature", "properties": { "amenity": "clinic", "healthcare": "clinic", "name": "Woodlawn Health Center", "addr:city": "Chicago", "addr:housenumber": "6337", "addr:postcode": "60637", "addr:state": "IL", "addr:street": "South Woodlawn Avenue", "check_date": null, "healthcare:speciality": null, "phone": null, "website": "http://www.cookcountyhhs.org/health-centers/woodlawn-health-center/", "branch": null, "brand": null, "brand:wikidata": null, "disused:amenity": null, "level": null, "opening_hours": null, "designation": null, "operator": "Cook County Department of Public Health", "urgent_care": null, "wheelchair": null, "addr:unit": null, "addr:street:name": "Woodlawn", "addr:street:prefix": "South", "addr:street:type": "Avenue", "social_facility": null, "source": "OpenStreetMap", "operator:type": "public", "operator:wikidata": null, "operator:wikipedia": null, "addr:country": null, "name:etymology:wikidata": null, "name:etymology:wikipedia": null, "operator:short": null, "air_conditioning": null, "fax": null, "wikidata": null, "wikipedia": null, "description": null, "drive_through": null, "name:vi": null, "healthcare:for": null, "short_name": null, "check_date:opening_hours": null, "contact:phone": null, "email": null, "opening_hours:signed": null, "alt_name": null, "addr:suite": null, "note:payment": null, "payment:american_express": null, "payment:discover_card": null, "payment:mastercard": null, "payment:visa": null, "start_date": null, "chicago:building_id": "530413", "access": null, "healthcare:counselling": null, "contact:facebook": null, "building:floor": null, "addr:floor": null, "internet_access": null, "payment:cash": null, "payment:credit_cards": null, "payment:debit_cards": null, "contact:instagram": null, "contact:linkedin": null, "contact:twitter": null, "contact:youtube": null, "reservation:website": null, "appointment:website": null, "contact:blog": null, "contact:website": null, "currency:XBT": null, "payment:lightning": null, "payment:lightning:operator": null, "payment:lightning_contactless": null, "payment:onchain": null, "nodes": [ 2212227585, 2212227633, 2212227634, 2212227698, 2212227697, 2212227736, 2212227735, 2212227711, 2212227645, 2212227635, 2212227616, 2212227584, 2212227585 ], "beds": null, "emergency": null, "gnis:feature_id": null, "building": "public", "building:levels": "1", "layer": null, "old_name": null, "university_of_chicago:building_id": null, "university_of_chicago:business_unit_name": null, "roof:levels": null, "ele": null, "abbr_name": null, "ref": null, "toilets:wheelchair": null, "healthcare:speciality:wikidata": null, "healthcare:speciality:wikipedia": null, "name:ko": null, "image": null, "payment:cards": null, "payment:cheque": null, "polling_station": null, "architect": null, "height": null, "opening_date": null, "beauty": null, "shop": null, "smoking": null, "ways": null, "type": null, "category": "Primary Care Center – Public (FQHC / CHC)" }, "geometry": { "type": "Point", "coordinates": [ -87.595847660381423, 41.77968626478691 ] } },
{ "type": "Feature", "properties": { "amenity": "clinic", "healthcare": "dialysis", "name": "Fresenius Kidney Care", "addr:city": "Chicago", "addr:housenumber": "10555", "addr:postcode": "60617", "addr:state": "IL", "addr:street": "South Torrence Avenue", "check_date": null, "healthcare:speciality": "nephrology", "phone": null, "website": null, "branch": "South Deering", "brand": "Fresenius Kidney Care", "brand:wikidata": "Q650259", "disused:amenity": null, "level": null, "opening_hours": null, "designation": null, "operator": "Fresenius Kidney Care", "urgent_care": null, "wheelchair": null, "addr:unit": null, "addr:street:name": "Torrence", "addr:street:prefix": "South", "addr:street:type": "Avenue", "social_facility": null, "source": "OpenStreetMap", "operator:type": "private", "operator:wikidata": "Q650259", "operator:wikipedia": "en:Fresenius Medical Care", "addr:country": null, "name:etymology:wikidata": null, "name:etymology:wikipedia": null, "operator:short": null, "air_conditioning": null, "fax": null, "wikidata": null, "wikipedia": null, "description": null, "drive_through": null, "name:vi": null, "healthcare:for": null, "short_name": null, "check_date:opening_hours": null, "contact:phone": null, "email": null, "opening_hours:signed": null, "alt_name": null, "addr:suite": null, "note:payment": null, "payment:american_express": null, "payment:discover_card": null, "payment:mastercard": null, "payment:visa": null, "start_date": null, "chicago:building_id": "739758", "access": null, "healthcare:counselling": null, "contact:facebook": null, "building:floor": null, "addr:floor": null, "internet_access": null, "payment:cash": null, "payment:credit_cards": null, "payment:debit_cards": null, "contact:instagram": null, "contact:linkedin": null, "contact:twitter": null, "contact:youtube": null, "reservation:website": null, "appointment:website": null, "contact:blog": null, "contact:website": null, "currency:XBT": null, "payment:lightning": null, "payment:lightning:operator": null, "payment:lightning_contactless": null, "payment:onchain": null, "nodes": [ 2212925675, 2212925678, 2212925682, 2212925685, 2212925689, 2212925693, 2212925697, 2212925700, 2212925703, 2212925709, 2212925712, 2212925716, 2212925735, 2212925738, 2212925743, 2212925760, 2212925764, 2212925767, 2212925771, 2212925785, 2212925788, 2212925792, 2212925811, 2212925814, 2212925824, 2212925826, 2212925849, 2212925854, 2212925857, 2212925875, 2212925880, 2212925892, 2212925919, 2212925922, 2212925966, 2212925998, 2212926000, 2212926013, 2212926020, 2212926028, 2212926035, 2212926037, 2212926039, 2212926042, 2212926044, 2212926054, 2212926056, 2212926061, 2212926065, 2212926068, 2212926070, 2212926072, 2212926075, 2212926077, 2212926081, 2212926083, 2212926084, 2212926085, 2212926086, 2212926087, 2212926088, 2212926089, 2212926091, 2212926093, 2212926100, 2212926102, 2212926104, 2212926111, 2212926113, 2212926123, 2212926127, 2212926131, 2212926137, 2212926134, 2212926139, 2212926142, 2212926146, 2212926144, 2212926149, 2212926151, 2212926153, 2212926156, 2212926161, 2212926163, 2212926162, 2212926165, 2212926166, 2212926168, 2212926167, 2212926174, 2212926170, 2212926182, 2212926178, 2212926184, 2212926186, 2212926264, 2212926262, 2212926362, 2212926365, 2212926845, 2212926849, 2212926063, 2212926059, 2212926009, 2212925988, 2212925940, 2212925957, 2212925899, 2212925901, 2212925883, 2212925886, 2212925869, 2212925872, 2212925842, 2212925846, 2212925817, 2212925820, 2212925822, 2212925800, 2212925803, 2212925808, 2212925780, 2212925782, 2212925783, 2212925746, 2212925749, 2212925754, 2212925757, 2212925675 ], "beds": null, "emergency": null, "gnis:feature_id": null, "building": "commercial", "building:levels": "1", "layer": null, "old_name": null, "university_of_chicago:building_id": null, "university_of_chicago:business_unit_name": null, "roof:levels": null, "ele": null, "abbr_name": null, "ref": null, "toilets:wheelchair": null, "healthcare:speciality:wikidata": null, "healthcare:speciality:wikipedia": null, "name:ko": null, "image": null, "payment:cards": null, "payment:cheque": null, "polling_station": null, "architect": null, "height": null, "opening_date": null, "beauty": null, "shop": null, "smoking": null, "ways": null, "type": null, "category": "Primary Care Center – Private / Non-profit" }, "geometry": { "type": "Point", "coordinates": [ -87.55923789149962, 41.703065324758235 ] } },
{ "type": "Feature", "properties": { "amenity": "clinic", "healthcare": "clinic", "name": null, "addr:city": "Chicago", "addr:housenumber": "2309-2315", "addr:postcode": "60617", "addr:state": "IL", "addr:street": "East 93rd Street", "check_date": null, "healthcare:speciality": null, "phone": null, "website": null, "branch": null, "brand": "Advocate Health Care", "brand:wikidata": "Q30254233", "disused:amenity": null, "level": null, "opening_hours": null, "designation": null, "operator": null, "urgent_care": null, "wheelchair": null, "addr:unit": null, "addr:street:name": "93rd", "addr:street:prefix": "East", "addr:street:type": "Street", "social_facility": null, "source": "OpenStreetMap", "operator:type": null, "operator:wikidata": null, "operator:wikipedia": null, "addr:country": null, "name:etymology:wikidata": null, "name:etymology:wikipedia": null, "operator:short": null, "air_conditioning": null, "fax": null, "wikidata": null, "wikipedia": null, "description": null, "drive_through": null, "name:vi": null, "healthcare:for": null, "short_name": null, "check_date:opening_hours": null, "contact:phone": null, "email": null, "opening_hours:signed": null, "alt_name": null, "addr:suite": null, "note:payment": null, "payment:american_express": null, "payment:discover_card": null, "payment:mastercard": null, "payment:visa": null, "start_date": null, "chicago:building_id": "815726", "access": null, "healthcare:counselling": null, "contact:facebook": null, "building:floor": null, "addr:floor": null, "internet_access": null, "payment:cash": null, "payment:credit_cards": null, "payment:debit_cards": null, "contact:instagram": null, "contact:linkedin": null, "contact:twitter": null, "contact:youtube": null, "reservation:website": null, "appointment:website": null, "contact:blog": null, "contact:website": null, "currency:XBT": null, "payment:lightning": null, "payment:lightning:operator": null, "payment:lightning_contactless": null, "payment:onchain": null, "nodes": [ 2213027307, 2213027309, 5865490951, 2213027138, 2213027137, 2213026785, 2213026769, 2213027126, 2213027135, 5865490950, 2213027307 ], "beds": null, "emergency": null, "gnis:feature_id": null, "building": "hospital", "building:levels": "4", "layer": "1", "old_name": null, "university_of_chicago:building_id": null, "university_of_chicago:business_unit_name": null, "roof:levels": null, "ele": null, "abbr_name": null, "ref": null, "toilets:wheelchair": null, "healthcare:speciality:wikidata": null, "healthcare:speciality:wikipedia": null, "name:ko": null, "image": null, "payment:cards": null, "payment:cheque": null, "polling_station": null, "architect": null, "height": null, "opening_date": null, "beauty": null, "shop": null, "smoking": null, "ways": null, "type": null, "category": "Primary Care Center – Private / Non-profit" }, "geometry": { "type": "Point", "coordinates": [ -87.567401323598176, 41.726032407313816 ] } },
{ "type": "Feature", "properties": { "amenity": "clinic", "healthcare": "clinic", "name": null, "addr:city": "Chicago", "addr:housenumber": "2301", "addr:postcode": "60617", "addr:state": "IL", "addr:street": "East 93rd Street", "check_date": null, "healthcare:speciality": null, "phone": null, "website": null, "branch": null, "brand": "Advocate Health Care", "brand:wikidata": "Q30254233", "disused:amenity": null, "level": null, "opening_hours": null, "designation": null, "operator": null, "urgent_care": null, "wheelchair": null, "addr:unit": null, "addr:street:name": "93rd", "addr:street:prefix": "East", "addr:street:type": "Street", "social_facility": null, "source": "OpenStreetMap", "operator:type": null, "operator:wikidata": null, "operator:wikipedia": null, "addr:country": null, "name:etymology:wikidata": null, "name:etymology:wikipedia": null, "operator:short": null, "air_conditioning": null, "fax": null, "wikidata": null, "wikipedia": null, "description": null, "drive_through": null, "name:vi": null, "healthcare:for": null, "short_name": null, "check_date:opening_hours": null, "contact:phone": null, "email": null, "opening_hours:signed": null, "alt_name": null, "addr:suite": null, "note:payment": null, "payment:american_express": null, "payment:discover_card": null, "payment:mastercard": null, "payment:visa": null, "start_date": null, "chicago:building_id": "690745", "access": null, "healthcare:counselling": null, "contact:facebook": null, "building:floor": null, "addr:floor": null, "internet_access": null, "payment:cash": null, "payment:credit_cards": null, "payment:debit_cards": null, "contact:instagram": null, "contact:linkedin": null, "contact:twitter": null, "contact:youtube": null, "reservation:website": null, "appointment:website": null, "contact:blog": null, "contact:website": null, "currency:XBT": null, "payment:lightning": null, "payment:lightning:operator": null, "payment:lightning_contactless": null, "payment:onchain": null, "nodes": [ 2213025198, 2213027014, 2213027123, 2213027127, 2213025234, 2213025198 ], "beds": null, "emergency": null, "gnis:feature_id": null, "building": "hospital", "building:levels": "4", "layer": null, "old_name": null, "university_of_chicago:building_id": null, "university_of_chicago:business_unit_name": null, "roof:levels": null, "ele": null, "abbr_name": null, "ref": null, "toilets:wheelchair": null, "healthcare:speciality:wikidata": null, "healthcare:speciality:wikipedia": null, "name:ko": null, "image": null, "payment:cards": null, "payment:cheque": null, "polling_station": null, "architect": null, "height": null, "opening_date": null, "beauty": null, "shop": null, "smoking": null, "ways": null, "type": null, "category": "Primary Care Center – Private / Non-profit" }, "geometry": { "type": "Point", "coordinates": [ -87.567880754218422, 41.725930496669299 ] } },
{ "type": "Feature", "properties": { "amenity": "clinic", "healthcare": "dialysis", "name": "Fresenius Kidney Care", "addr:city": "Chicago", "addr:housenumber": "2420", "addr:postcode": "60649", "addr:state": "IL", "addr:street": "East 79th Street", "check_date": null, "healthcare:speciality": "nephrology", "phone": null, "website": null, "branch": "South Shore", "brand": "Fresenius Kidney Care", "brand:wikidata": "Q650259", "disused:amenity": null, "level": null, "opening_hours": null, "designation": null, "operator": "Fresenius Kidney Care", "urgent_care": null, "wheelchair": null, "addr:unit": null, "addr:street:name": "79th", "addr:street:prefix": "East", "addr:street:type": "Street", "social_facility": null, "source": "OpenStreetMap", "operator:type": "private", "operator:wikidata": "Q650259", "operator:wikipedia": "en:Fresenius Medical Care", "addr:country": null, "name:etymology:wikidata": null, "name:etymology:wikipedia": null, "operator:short": null, "air_conditioning": null, "fax": null, "wikidata": null, "wikipedia": null, "description": null, "drive_through": null, "name:vi": null, "healthcare:for": null, "short_name": null, "check_date:opening_hours": null, "contact:phone": null, "email": null, "opening_hours:signed": null, "alt_name": null, "addr:suite": null, "note:payment": null, "payment:american_express": null, "payment:discover_card": null, "payment:mastercard": null, "payment:visa": null, "start_date": null, "chicago:building_id": "609730", "access": null, "healthcare:counselling": null, "contact:facebook": null, "building:floor": null, "addr:floor": null, "internet_access": null, "payment:cash": null, "payment:credit_cards": null, "payment:debit_cards": null, "contact:instagram": null, "contact:linkedin": null, "contact:twitter": null, "contact:youtube": null, "reservation:website": null, "appointment:website": null, "contact:blog": null, "contact:website": null, "currency:XBT": null, "payment:lightning": null, "payment:lightning:operator": null, "payment:lightning_contactless": null, "payment:onchain": null, "nodes": [ 2213212669, 2213212690, 2213212684, 2213212811, 2213212817, 2213213032, 2213213043, 2213213027, 2213213030, 2213212980, 2213212982, 2213212868, 2213212867, 2213212670, 2213212669 ], "beds": null, "emergency": null, "gnis:feature_id": null, "building": "retail", "building:levels": "1", "layer": null, "old_name": null, "university_of_chicago:building_id": null, "university_of_chicago:business_unit_name": null, "roof:levels": null, "ele": null, "abbr_name": null, "ref": null, "toilets:wheelchair": null, "healthcare:speciality:wikidata": null, "healthcare:speciality:wikipedia": null, "name:ko": null, "image": null, "payment:cards": null, "payment:cheque": null, "polling_station": null, "architect": null, "height": null, "opening_date": null, "beauty": null, "shop": null, "smoking": null, "ways": null, "type": null, "category": "Primary Care Center – Private / Non-profit" }, "geometry": { "type": "Point", "coordinates": [ -87.565355021112794, 41.751951668443091 ] } },
{ "type": "Feature", "properties": { "amenity": "clinic", "healthcare": "clinic", "name": "University of Chicago Outpatient Senior Health Center", "addr:city": null, "addr:housenumber": "7101", "addr:postcode": null, "addr:state": null, "addr:street": "South Exchange Avenue", "check_date": null, "healthcare:speciality": null, "phone": null, "website": null, "branch": null, "brand": null, "brand:wikidata": null, "disused:amenity": null, "level": null, "opening_hours": null, "designation": null, "operator": "University of Chicago Medicine", "urgent_care": null, "wheelchair": null, "addr:unit": null, "addr:street:name": "Exchange", "addr:street:prefix": "South", "addr:street:type": "Avenue", "social_facility": null, "source": "OpenStreetMap", "operator:type": "university", "operator:wikidata": null, "operator:wikipedia": null, "addr:country": null, "name:etymology:wikidata": null, "name:etymology:wikipedia": null, "operator:short": null, "air_conditioning": null, "fax": null, "wikidata": null, "wikipedia": null, "description": null, "drive_through": null, "name:vi": null, "healthcare:for": null, "short_name": null, "check_date:opening_hours": null, "contact:phone": null, "email": null, "opening_hours:signed": null, "alt_name": null, "addr:suite": null, "note:payment": null, "payment:american_express": null, "payment:discover_card": null, "payment:mastercard": null, "payment:visa": null, "start_date": null, "chicago:building_id": "830981", "access": null, "healthcare:counselling": null, "contact:facebook": null, "building:floor": null, "addr:floor": null, "internet_access": null, "payment:cash": null, "payment:credit_cards": null, "payment:debit_cards": null, "contact:instagram": null, "contact:linkedin": null, "contact:twitter": null, "contact:youtube": null, "reservation:website": null, "appointment:website": null, "contact:blog": null, "contact:website": null, "currency:XBT": null, "payment:lightning": null, "payment:lightning:operator": null, "payment:lightning_contactless": null, "payment:onchain": null, "nodes": [ 2213308436, 2213308532, 2213308534, 2213308316, 2213308288, 2213308293, 2213308274, 2213308341, 5533353887, 2213308275, 2213308346, 5533353886, 2213308370, 2213308436 ], "beds": null, "emergency": null, "gnis:feature_id": null, "building": "yes", "building:levels": null, "layer": null, "old_name": null, "university_of_chicago:building_id": "X70", "university_of_chicago:business_unit_name": "BSD/UCH", "roof:levels": null, "ele": null, "abbr_name": null, "ref": null, "toilets:wheelchair": null, "healthcare:speciality:wikidata": null, "healthcare:speciality:wikipedia": null, "name:ko": null, "image": null, "payment:cards": null, "payment:cheque": null, "polling_station": null, "architect": null, "height": null, "opening_date": null, "beauty": null, "shop": null, "smoking": null, "ways": null, "type": null, "category": "Primary Care Center – Private / Non-profit" }, "geometry": { "type": "Point", "coordinates": [ -87.565875916465984, 41.76601729105991 ] } },
{ "type": "Feature", "properties": { "amenity": "hospital", "healthcare": "hospital", "name": "Louis A. Weiss Memorial Hospital", "addr:city": "Chicago", "addr:housenumber": "4646", "addr:postcode": "60640", "addr:state": "IL", "addr:street": "North Marine Drive", "check_date": null, "healthcare:speciality": null, "phone": "+1 773 878 8700", "website": "https://www.weisshospital.com/", "branch": null, "brand": null, "brand:wikidata": null, "disused:amenity": null, "level": null, "opening_hours": "24/7", "designation": null, "operator": "Resilience Healthcare", "urgent_care": null, "wheelchair": null, "addr:unit": null, "addr:street:name": null, "addr:street:prefix": null, "addr:street:type": null, "social_facility": null, "source": "OpenStreetMap", "operator:type": null, "operator:wikidata": null, "operator:wikipedia": null, "addr:country": null, "name:etymology:wikidata": null, "name:etymology:wikipedia": null, "operator:short": null, "air_conditioning": null, "fax": null, "wikidata": "Q6686580", "wikipedia": "en:Louis A. Weiss Memorial Hospital", "description": "Affiliate of the University of Chicago Hospitals.", "drive_through": null, "name:vi": null, "healthcare:for": null, "short_name": null, "check_date:opening_hours": null, "contact:phone": null, "email": null, "opening_hours:signed": null, "alt_name": "Weiss Memorial Hospital", "addr:suite": null, "note:payment": null, "payment:american_express": null, "payment:discover_card": null, "payment:mastercard": null, "payment:visa": null, "start_date": null, "chicago:building_id": null, "access": null, "healthcare:counselling": null, "contact:facebook": null, "building:floor": null, "addr:floor": null, "internet_access": null, "payment:cash": null, "payment:credit_cards": null, "payment:debit_cards": null, "contact:instagram": null, "contact:linkedin": null, "contact:twitter": null, "contact:youtube": null, "reservation:website": null, "appointment:website": null, "contact:blog": null, "contact:website": null, "currency:XBT": null, "payment:lightning": null, "payment:lightning:operator": null, "payment:lightning_contactless": null, "payment:onchain": null, "nodes": [ 13182212517, 13182212518, 13182212519, 13182212520, 257167982, 13182212521, 13182212522, 13182212523, 13182212524, 2213365581, 13182212526, 13182212517 ], "beds": "237", "emergency": "yes", "gnis:feature_id": "420716", "building": null, "building:levels": null, "layer": null, "old_name": null, "university_of_chicago:building_id": null, "university_of_chicago:business_unit_name": null, "roof:levels": null, "ele": null, "abbr_name": null, "ref": null, "toilets:wheelchair": null, "healthcare:speciality:wikidata": null, "healthcare:speciality:wikipedia": null, "name:ko": null, "image": null, "payment:cards": null, "payment:cheque": null, "polling_station": null, "architect": null, "height": null, "opening_date": null, "beauty": null, "shop": null, "smoking": null, "ways": null, "type": null, "category": "Hospital – Private / Non-profit" }, "geometry": { "type": "Point", "coordinates": [ -87.649593837983431, 41.967087308511417 ] } },
{ "type": "Feature", "properties": { "amenity": "clinic", "healthcare": "dialysis", "name": "Fresenius Kidney Care", "addr:city": "Chicago", "addr:housenumber": "9200", "addr:postcode": "60617", "addr:state": "IL", "addr:street": "South South Chicago Avenue", "check_date": null, "healthcare:speciality": "nephrology", "phone": null, "website": null, "branch": "Neomedica South", "brand": "Fresenius Medical Care", "brand:wikidata": "Q650259", "disused:amenity": null, "level": null, "opening_hours": null, "designation": null, "operator": "Fresenius Kidney Care", "urgent_care": null, "wheelchair": null, "addr:unit": null, "addr:street:name": "South Chicago", "addr:street:prefix": "South", "addr:street:type": "Avenue", "social_facility": null, "source": "OpenStreetMap", "operator:type": "private", "operator:wikidata": "Q650259", "operator:wikipedia": "en:Fresenius Medical Care", "addr:country": null, "name:etymology:wikidata": null, "name:etymology:wikipedia": null, "operator:short": null, "air_conditioning": null, "fax": null, "wikidata": null, "wikipedia": null, "description": null, "drive_through": null, "name:vi": null, "healthcare:for": null, "short_name": null, "check_date:opening_hours": null, "contact:phone": null, "email": null, "opening_hours:signed": null, "alt_name": null, "addr:suite": null, "note:payment": null, "payment:american_express": null, "payment:discover_card": null, "payment:mastercard": null, "payment:visa": null, "start_date": null, "chicago:building_id": "839471", "access": null, "healthcare:counselling": null, "contact:facebook": null, "building:floor": null, "addr:floor": null, "internet_access": null, "payment:cash": null, "payment:credit_cards": null, "payment:debit_cards": null, "contact:instagram": null, "contact:linkedin": null, "contact:twitter": null, "contact:youtube": null, "reservation:website": null, "appointment:website": null, "contact:blog": null, "contact:website": null, "currency:XBT": null, "payment:lightning": null, "payment:lightning:operator": null, "payment:lightning_contactless": null, "payment:onchain": null, "nodes": [ 2213685489, 2213685444, 2213685442, 2213685410, 2213685447, 2213685295, 2213685491, 2213685658, 2213685664, 2213685674, 2213685501, 2213685499, 2213685489 ], "beds": null, "emergency": null, "gnis:feature_id": null, "building": "commercial", "building:levels": null, "layer": null, "old_name": null, "university_of_chicago:building_id": null, "university_of_chicago:business_unit_name": null, "roof:levels": null, "ele": null, "abbr_name": null, "ref": null, "toilets:wheelchair": null, "healthcare:speciality:wikidata": null, "healthcare:speciality:wikipedia": null, "name:ko": null, "image": null, "payment:cards": null, "payment:cheque": null, "polling_station": null, "architect": null, "height": null, "opening_date": null, "beauty": null, "shop": null, "smoking": null, "ways": null, "type": null, "category": "Primary Care Center – Private / Non-profit" }, "geometry": { "type": "Point", "coordinates": [ -87.553385358830326, 41.727885496394741 ] } },
{ "type": "Feature", "properties": { "amenity": "clinic", "healthcare": "clinic", "name": "Chicago Family Health Center", "addr:city": "Chicago", "addr:housenumber": "10536", "addr:postcode": "60617", "addr:state": "IL", "addr:street": "South Ewing Avenue", "check_date": null, "healthcare:speciality": null, "phone": null, "website": null, "branch": null, "brand": null, "brand:wikidata": null, "disused:amenity": null, "level": null, "opening_hours": null, "designation": null, "operator": null, "urgent_care": null, "wheelchair": null, "addr:unit": null, "addr:street:name": "Ewing", "addr:street:prefix": "South", "addr:street:type": "Avenue", "social_facility": null, "source": "OpenStreetMap", "operator:type": null, "operator:wikidata": null, "operator:wikipedia": null, "addr:country": null, "name:etymology:wikidata": null, "name:etymology:wikipedia": null, "operator:short": null, "air_conditioning": null, "fax": null, "wikidata": null, "wikipedia": null, "description": null, "drive_through": null, "name:vi": null, "healthcare:for": null, "short_name": null, "check_date:opening_hours": null, "contact:phone": null, "email": null, "opening_hours:signed": null, "alt_name": null, "addr:suite": null, "note:payment": null, "payment:american_express": null, "payment:discover_card": null, "payment:mastercard": null, "payment:visa": null, "start_date": null, "chicago:building_id": "738420", "access": null, "healthcare:counselling": null, "contact:facebook": null, "building:floor": null, "addr:floor": null, "internet_access": null, "payment:cash": null, "payment:credit_cards": null, "payment:debit_cards": null, "contact:instagram": null, "contact:linkedin": null, "contact:twitter": null, "contact:youtube": null, "reservation:website": null, "appointment:website": null, "contact:blog": null, "contact:website": null, "currency:XBT": null, "payment:lightning": null, "payment:lightning:operator": null, "payment:lightning_contactless": null, "payment:onchain": null, "nodes": [ 7686108014, 2213903437, 2213903563, 2213903562, 7686108014 ], "beds": null, "emergency": null, "gnis:feature_id": null, "building": "retail", "building:levels": "1", "layer": null, "old_name": null, "university_of_chicago:building_id": null, "university_of_chicago:business_unit_name": null, "roof:levels": null, "ele": null, "abbr_name": null, "ref": null, "toilets:wheelchair": null, "healthcare:speciality:wikidata": null, "healthcare:speciality:wikipedia": null, "name:ko": null, "image": null, "payment:cards": null, "payment:cheque": null, "polling_station": null, "architect": null, "height": null, "opening_date": null, "beauty": null, "shop": null, "smoking": null, "ways": null, "type": null, "category": "Primary Care Center – Private / Non-profit" }, "geometry": { "type": "Point", "coordinates": [ -87.535587941395676, 41.703501099706195 ] } },
{ "type": "Feature", "properties": { "amenity": "hospital", "healthcare": "hospital", "name": "Shriners Hospitals for Children", "addr:city": "Chicago", "addr:housenumber": "2211", "addr:postcode": "60707", "addr:state": "IL", "addr:street": "North Oak Park Avenue", "check_date": null, "healthcare:speciality": "paediatrics", "phone": "+1 773 622 5400", "website": "https://www.shrinershospitalsforchildren.org/chicago", "branch": null, "brand": "Shriners Hospitals for Children", "brand:wikidata": "Q7504109", "disused:amenity": null, "level": null, "opening_hours": null, "designation": null, "operator": "Shriners Hospitals for Children", "urgent_care": null, "wheelchair": null, "addr:unit": null, "addr:street:name": null, "addr:street:prefix": null, "addr:street:type": null, "social_facility": null, "source": "OpenStreetMap", "operator:type": "ngo", "operator:wikidata": "Q7504109", "operator:wikipedia": "en:Shriners Hospitals for Children", "addr:country": null, "name:etymology:wikidata": null, "name:etymology:wikipedia": null, "operator:short": null, "air_conditioning": null, "fax": null, "wikidata": "Q30282036", "wikipedia": null, "description": null, "drive_through": null, "name:vi": null, "healthcare:for": null, "short_name": null, "check_date:opening_hours": null, "contact:phone": null, "email": null, "opening_hours:signed": null, "alt_name": null, "addr:suite": null, "note:payment": null, "payment:american_express": null, "payment:discover_card": null, "payment:mastercard": null, "payment:visa": null, "start_date": null, "chicago:building_id": null, "access": null, "healthcare:counselling": null, "contact:facebook": null, "building:floor": null, "addr:floor": null, "internet_access": null, "payment:cash": null, "payment:credit_cards": null, "payment:debit_cards": null, "contact:instagram": null, "contact:linkedin": null, "contact:twitter": null, "contact:youtube": null, "reservation:website": null, "appointment:website": null, "contact:blog": null, "contact:website": null, "currency:XBT": null, "payment:lightning": null, "payment:lightning:operator": null, "payment:lightning_contactless": null, "payment:onchain": null, "nodes": [ 2272315924, 7505548620, 2272316116, 2272315751, 7367119312, 2272315814, 2272315924 ], "beds": "60", "emergency": "no", "gnis:feature_id": null, "building": null, "building:levels": null, "layer": null, "old_name": null, "university_of_chicago:building_id": null, "university_of_chicago:business_unit_name": null, "roof:levels": null, "ele": null, "abbr_name": null, "ref": null, "toilets:wheelchair": null, "healthcare:speciality:wikidata": null, "healthcare:speciality:wikipedia": null, "name:ko": null, "image": null, "payment:cards": null, "payment:cheque": null, "polling_station": null, "architect": null, "height": null, "opening_date": null, "beauty": null, "shop": null, "smoking": null, "ways": null, "type": null, "category": "Hospital – Private / Non-profit" }, "geometry": { "type": "Point", "coordinates": [ -87.793197677286201, 41.91999409656453 ] } },
{ "type": "Feature", "properties": { "amenity": "hospital", "healthcare": "hospital", "name": "Jackson Park Hospital", "addr:city": "Chicago", "addr:housenumber": "7531", "addr:postcode": "60649", "addr:state": "IL", "addr:street": "South Stony Island Avenue", "check_date": null, "healthcare:speciality": null, "phone": "+1 773 947 7500", "website": "https://www.jacksonparkhospital.org/", "branch": null, "brand": null, "brand:wikidata": null, "disused:amenity": null, "level": null, "opening_hours": "24/7", "designation": null, "operator": null, "urgent_care": null, "wheelchair": null, "addr:unit": null, "addr:street:name": null, "addr:street:prefix": null, "addr:street:type": null, "social_facility": null, "source": "OpenStreetMap", "operator:type": null, "operator:wikidata": null, "operator:wikipedia": null, "addr:country": null, "name:etymology:wikidata": null, "name:etymology:wikipedia": null, "operator:short": null, "air_conditioning": null, "fax": null, "wikidata": null, "wikipedia": null, "description": null, "drive_through": null, "name:vi": null, "healthcare:for": null, "short_name": null, "check_date:opening_hours": null, "contact:phone": null, "email": null, "opening_hours:signed": null, "alt_name": null, "addr:suite": null, "note:payment": null, "payment:american_express": null, "payment:discover_card": null, "payment:mastercard": null, "payment:visa": null, "start_date": null, "chicago:building_id": null, "access": null, "healthcare:counselling": null, "contact:facebook": null, "building:floor": null, "addr:floor": null, "internet_access": null, "payment:cash": null, "payment:credit_cards": null, "payment:debit_cards": null, "contact:instagram": null, "contact:linkedin": null, "contact:twitter": null, "contact:youtube": null, "reservation:website": null, "appointment:website": null, "contact:blog": null, "contact:website": null, "currency:XBT": null, "payment:lightning": null, "payment:lightning:operator": null, "payment:lightning_contactless": null, "payment:onchain": null, "nodes": [ 354112877, 2317748313, 2317748294, 5322763966, 11954218758, 2317748308, 9239398293, 5322763964, 5322763963, 5322763965, 5322763970, 5322763968, 5322763969, 9958069600, 9958069601, 9958069602, 354112877 ], "beds": "86", "emergency": "yes", "gnis:feature_id": "411002", "building": null, "building:levels": null, "layer": null, "old_name": null, "university_of_chicago:building_id": null, "university_of_chicago:business_unit_name": null, "roof:levels": null, "ele": null, "abbr_name": null, "ref": null, "toilets:wheelchair": null, "healthcare:speciality:wikidata": null, "healthcare:speciality:wikipedia": null, "name:ko": null, "image": null, "payment:cards": null, "payment:cheque": null, "polling_station": null, "architect": null, "height": null, "opening_date": null, "beauty": null, "shop": null, "smoking": null, "ways": null, "type": null, "category": "Hospital – Private / Non-profit" }, "geometry": { "type": "Point", "coordinates": [ -87.584922694791018, 41.757325327265598 ] } },
{ "type": "Feature", "properties": { "amenity": "hospital", "healthcare": "hospital", "name": "Holy Cross Hospital", "addr:city": "Chicago", "addr:housenumber": "2701", "addr:postcode": "60629", "addr:state": "IL", "addr:street": "West 68th Street", "check_date": null, "healthcare:speciality": null, "phone": "+1 773 884 9000", "website": "http://www.holycrosshospital.org/", "branch": null, "brand": null, "brand:wikidata": null, "disused:amenity": null, "level": null, "opening_hours": "24/7", "designation": null, "operator": "Sinai Health System", "urgent_care": null, "wheelchair": null, "addr:unit": null, "addr:street:name": null, "addr:street:prefix": null, "addr:street:type": null, "social_facility": null, "source": "OpenStreetMap", "operator:type": null, "operator:wikidata": null, "operator:wikipedia": null, "addr:country": null, "name:etymology:wikidata": null, "name:etymology:wikipedia": null, "operator:short": null, "air_conditioning": null, "fax": null, "wikidata": "Q5885264", "wikipedia": "en:Holy Cross Hospital (Chicago)", "description": null, "drive_through": null, "name:vi": null, "healthcare:for": null, "short_name": null, "check_date:opening_hours": null, "contact:phone": null, "email": null, "opening_hours:signed": null, "alt_name": null, "addr:suite": null, "note:payment": null, "payment:american_express": null, "payment:discover_card": null, "payment:mastercard": null, "payment:visa": null, "start_date": null, "chicago:building_id": null, "access": null, "healthcare:counselling": null, "contact:facebook": null, "building:floor": null, "addr:floor": null, "internet_access": null, "payment:cash": null, "payment:credit_cards": null, "payment:debit_cards": null, "contact:instagram": null, "contact:linkedin": null, "contact:twitter": null, "contact:youtube": null, "reservation:website": null, "appointment:website": null, "contact:blog": null, "contact:website": null, "currency:XBT": null, "payment:lightning": null, "payment:lightning:operator": null, "payment:lightning_contactless": null, "payment:onchain": null, "nodes": [ 354107935, 2373201583, 2373201581, 2373201585, 354121613, 2373201578, 2373201587, 2373201577, 354107935 ], "beds": "160", "emergency": "yes", "gnis:feature_id": "410435", "building": null, "building:levels": null, "layer": null, "old_name": null, "university_of_chicago:building_id": null, "university_of_chicago:business_unit_name": null, "roof:levels": null, "ele": null, "abbr_name": null, "ref": null, "toilets:wheelchair": null, "healthcare:speciality:wikidata": null, "healthcare:speciality:wikipedia": null, "name:ko": null, "image": null, "payment:cards": null, "payment:cheque": null, "polling_station": null, "architect": null, "height": null, "opening_date": null, "beauty": null, "shop": null, "smoking": null, "ways": null, "type": null, "category": "Hospital – Private / Non-profit" }, "geometry": { "type": "Point", "coordinates": [ -87.692229907838112, 41.769123304677876 ] } },
{ "type": "Feature", "properties": { "amenity": "hospital", "healthcare": "hospital", "name": "University of Chicago Medicine Campus", "addr:city": "Chicago", "addr:housenumber": "5481", "addr:postcode": "60637", "addr:state": "IL", "addr:street": "South Maryland Avenue", "check_date": null, "healthcare:speciality": "trauma", "phone": "+1 773 702 1000", "website": "https://uchicagomedicine.org/", "branch": null, "brand": null, "brand:wikidata": null, "disused:amenity": null, "level": null, "opening_hours": "24/7", "designation": null, "operator": "University of Chicago Medicine", "urgent_care": null, "wheelchair": "yes", "addr:unit": null, "addr:street:name": null, "addr:street:prefix": null, "addr:street:type": null, "social_facility": null, "source": "OpenStreetMap", "operator:type": "university", "operator:wikidata": null, "operator:wikipedia": null, "addr:country": null, "name:etymology:wikidata": null, "name:etymology:wikipedia": null, "operator:short": null, "air_conditioning": null, "fax": null, "wikidata": "Q7895258", "wikipedia": "en:University of Chicago Medical Center", "description": null, "drive_through": null, "name:vi": null, "healthcare:for": null, "short_name": null, "check_date:opening_hours": null, "contact:phone": null, "email": null, "opening_hours:signed": null, "alt_name": null, "addr:suite": null, "note:payment": null, "payment:american_express": null, "payment:discover_card": null, "payment:mastercard": null, "payment:visa": null, "start_date": null, "chicago:building_id": null, "access": null, "healthcare:counselling": null, "contact:facebook": null, "building:floor": null, "addr:floor": null, "internet_access": null, "payment:cash": null, "payment:credit_cards": null, "payment:debit_cards": null, "contact:instagram": null, "contact:linkedin": null, "contact:twitter": null, "contact:youtube": null, "reservation:website": null, "appointment:website": null, "contact:blog": null, "contact:website": null, "currency:XBT": null, "payment:lightning": null, "payment:lightning:operator": null, "payment:lightning_contactless": null, "payment:onchain": null, "nodes": [ 2380367817, 12417573335, 5322743177, 5322743175, 5322743176, 2380367821, 2380367815, 2380367814, 2380367819, 12413988207, 2380367818, 2380367817 ], "beds": "811", "emergency": "yes", "gnis:feature_id": null, "building": null, "building:levels": null, "layer": null, "old_name": null, "university_of_chicago:building_id": null, "university_of_chicago:business_unit_name": null, "roof:levels": null, "ele": null, "abbr_name": null, "ref": null, "toilets:wheelchair": null, "healthcare:speciality:wikidata": null, "healthcare:speciality:wikipedia": null, "name:ko": null, "image": null, "payment:cards": null, "payment:cheque": null, "polling_station": null, "architect": null, "height": null, "opening_date": null, "beauty": null, "shop": null, "smoking": null, "ways": null, "type": null, "category": "Hospital – Private / Non-profit" }, "geometry": { "type": "Point", "coordinates": [ -87.604219546434479, 41.789532776514164 ] } },
{ "type": "Feature", "properties": { "amenity": "hospital", "healthcare": "hospital", "name": "Chicago Lakeshore Hospital", "addr:city": "Chicago", "addr:housenumber": "4840", "addr:postcode": "60640", "addr:state": "IL", "addr:street": "North Marine Drive", "check_date": null, "healthcare:speciality": "psychiatry", "phone": "+1 773 878 9700", "website": "https://www.chicagolakeshorehospital.com/", "branch": null, "brand": null, "brand:wikidata": null, "disused:amenity": null, "level": null, "opening_hours": null, "designation": null, "operator": null, "urgent_care": null, "wheelchair": null, "addr:unit": null, "addr:street:name": null, "addr:street:prefix": null, "addr:street:type": null, "social_facility": null, "source": "OpenStreetMap", "operator:type": null, "operator:wikidata": null, "operator:wikipedia": null, "addr:country": null, "name:etymology:wikidata": null, "name:etymology:wikipedia": null, "operator:short": null, "air_conditioning": null, "fax": null, "wikidata": "Q16890311", "wikipedia": "en:Chicago Lakeshore Hospital", "description": null, "drive_through": null, "name:vi": null, "healthcare:for": null, "short_name": null, "check_date:opening_hours": null, "contact:phone": null, "email": null, "opening_hours:signed": null, "alt_name": null, "addr:suite": null, "note:payment": null, "payment:american_express": null, "payment:discover_card": null, "payment:mastercard": null, "payment:visa": null, "start_date": null, "chicago:building_id": null, "access": null, "healthcare:counselling": null, "contact:facebook": null, "building:floor": null, "addr:floor": null, "internet_access": null, "payment:cash": null, "payment:credit_cards": null, "payment:debit_cards": null, "contact:instagram": null, "contact:linkedin": null, "contact:twitter": null, "contact:youtube": null, "reservation:website": null, "appointment:website": null, "contact:blog": null, "contact:website": null, "currency:XBT": null, "payment:lightning": null, "payment:lightning:operator": null, "payment:lightning_contactless": null, "payment:onchain": null, "nodes": [ 2395940349, 12219356635, 12219356634, 12219356633, 12219356632, 2395940366, 12219356624, 12219356623, 12219356622, 12219356617, 2395940276, 12219356631, 12219356630, 12219356629, 12219356628, 12219356627, 12219356626, 12219356625, 2204586950, 2204586947, 2395940298, 11382936947, 2204586944, 12188725467, 2204586945, 2204586940, 12188725468, 12188725469, 12219309697, 11382936946, 12188725476, 11382936949, 2395940284, 12219356610, 2395940349 ], "beds": null, "emergency": "no", "gnis:feature_id": null, "building": null, "building:levels": null, "layer": null, "old_name": null, "university_of_chicago:building_id": null, "university_of_chicago:business_unit_name": null, "roof:levels": null, "ele": null, "abbr_name": null, "ref": null, "toilets:wheelchair": null, "healthcare:speciality:wikidata": null, "healthcare:speciality:wikipedia": null, "name:ko": null, "image": null, "payment:cards": null, "payment:cheque": null, "polling_station": null, "architect": null, "height": null, "opening_date": null, "beauty": null, "shop": null, "smoking": null, "ways": null, "type": null, "category": "Hospital – Private / Non-profit" }, "geometry": { "type": "Point", "coordinates": [ -87.650705263916095, 41.97032713768138 ] } },
{ "type": "Feature", "properties": { "amenity": "hospital", "healthcare": "hospital", "name": "Saint Bernard Hospital", "addr:city": "Chicago", "addr:housenumber": "326", "addr:postcode": "60621", "addr:state": "IL", "addr:street": "West 64th Street", "check_date": null, "healthcare:speciality": null, "phone": "+1 773 962 3900", "website": "https://www.stbh.org/", "branch": null, "brand": null, "brand:wikidata": null, "disused:amenity": null, "level": null, "opening_hours": "24/7", "designation": null, "operator": null, "urgent_care": null, "wheelchair": null, "addr:unit": null, "addr:street:name": null, "addr:street:prefix": null, "addr:street:type": null, "social_facility": null, "source": "OpenStreetMap", "operator:type": null, "operator:wikidata": null, "operator:wikipedia": null, "addr:country": null, "name:etymology:wikidata": null, "name:etymology:wikipedia": null, "operator:short": null, "air_conditioning": null, "fax": null, "wikidata": "Q6623598", "wikipedia": "en:List of hospitals in Illinois", "description": null, "drive_through": null, "name:vi": null, "healthcare:for": null, "short_name": null, "check_date:opening_hours": null, "contact:phone": null, "email": null, "opening_hours:signed": null, "alt_name": null, "addr:suite": null, "note:payment": null, "payment:american_express": null, "payment:discover_card": null, "payment:mastercard": null, "payment:visa": null, "start_date": null, "chicago:building_id": null, "access": null, "healthcare:counselling": null, "contact:facebook": null, "building:floor": null, "addr:floor": null, "internet_access": null, "payment:cash": null, "payment:credit_cards": null, "payment:debit_cards": null, "contact:instagram": null, "contact:linkedin": null, "contact:twitter": null, "contact:youtube": null, "reservation:website": null, "appointment:website": null, "contact:blog": null, "contact:website": null, "currency:XBT": null, "payment:lightning": null, "payment:lightning:operator": null, "payment:lightning_contactless": null, "payment:onchain": null, "nodes": [ 2397434869, 2397434879, 9755070597, 2397434876, 2397434867, 2397434878, 2397434862, 9755070599, 9755070600, 2397434864, 11215115545, 2418138360, 2397434870, 2397434873, 12416852614, 2397434866, 2397434871, 2397434874, 2397434869 ], "beds": "202", "emergency": "yes", "gnis:feature_id": null, "building": null, "building:levels": null, "layer": null, "old_name": null, "university_of_chicago:building_id": null, "university_of_chicago:business_unit_name": null, "roof:levels": null, "ele": null, "abbr_name": null, "ref": null, "toilets:wheelchair": null, "healthcare:speciality:wikidata": null, "healthcare:speciality:wikipedia": null, "name:ko": null, "image": null, "payment:cards": null, "payment:cheque": null, "polling_station": null, "architect": null, "height": null, "opening_date": null, "beauty": null, "shop": null, "smoking": null, "ways": null, "type": null, "category": "Hospital – Private / Non-profit" }, "geometry": { "type": "Point", "coordinates": [ -87.633166691076937, 41.778739441295784 ] } },
{ "type": "Feature", "properties": { "amenity": "clinic", "healthcare": "clinic", "name": "PCC Austin Family Health Center", "addr:city": "Chicago", "addr:housenumber": "5425", "addr:postcode": "60644", "addr:state": "IL", "addr:street": "West Lake Street", "check_date": null, "healthcare:speciality": null, "phone": null, "website": null, "branch": null, "brand": null, "brand:wikidata": null, "disused:amenity": null, "level": null, "opening_hours": null, "designation": null, "operator": "PCC Community Wellness Center", "urgent_care": null, "wheelchair": null, "addr:unit": null, "addr:street:name": null, "addr:street:prefix": null, "addr:street:type": null, "social_facility": null, "source": "OpenStreetMap", "operator:type": "private_non_profit", "operator:wikidata": null, "operator:wikipedia": null, "addr:country": null, "name:etymology:wikidata": null, "name:etymology:wikipedia": null, "operator:short": null, "air_conditioning": null, "fax": null, "wikidata": null, "wikipedia": null, "description": null, "drive_through": null, "name:vi": null, "healthcare:for": null, "short_name": null, "check_date:opening_hours": null, "contact:phone": null, "email": null, "opening_hours:signed": null, "alt_name": null, "addr:suite": null, "note:payment": null, "payment:american_express": null, "payment:discover_card": null, "payment:mastercard": null, "payment:visa": null, "start_date": null, "chicago:building_id": null, "access": null, "healthcare:counselling": null, "contact:facebook": null, "building:floor": null, "addr:floor": null, "internet_access": null, "payment:cash": null, "payment:credit_cards": null, "payment:debit_cards": null, "contact:instagram": null, "contact:linkedin": null, "contact:twitter": null, "contact:youtube": null, "reservation:website": null, "appointment:website": null, "contact:blog": null, "contact:website": null, "currency:XBT": null, "payment:lightning": null, "payment:lightning:operator": null, "payment:lightning_contactless": null, "payment:onchain": null, "nodes": [ 2461633327, 2461633328, 2461633329, 2461633330, 2461633331, 2461633332, 2461633327 ], "beds": null, "emergency": null, "gnis:feature_id": null, "building": "commercial", "building:levels": null, "layer": null, "old_name": null, "university_of_chicago:building_id": null, "university_of_chicago:business_unit_name": null, "roof:levels": null, "ele": null, "abbr_name": null, "ref": null, "toilets:wheelchair": null, "healthcare:speciality:wikidata": null, "healthcare:speciality:wikipedia": null, "name:ko": null, "image": null, "payment:cards": null, "payment:cheque": null, "polling_station": null, "architect": null, "height": null, "opening_date": null, "beauty": null, "shop": null, "smoking": null, "ways": null, "type": null, "category": "Primary Care Center – Private / Non-profit" }, "geometry": { "type": "Point", "coordinates": [ -87.761505251513555, 41.88698567466308 ] } },
{ "type": "Feature", "properties": { "amenity": "hospital", "healthcare": "hospital", "name": "Rush University Medical Center", "addr:city": "Chicago", "addr:housenumber": "1653", "addr:postcode": "60612", "addr:state": "IL", "addr:street": "West Congress Parkway", "check_date": null, "healthcare:speciality": null, "phone": "+1 888 352 7874", "website": "https://www.rush.edu/", "branch": null, "brand": null, "brand:wikidata": null, "disused:amenity": null, "level": null, "opening_hours": "24/7", "designation": null, "operator": "Rush University", "urgent_care": null, "wheelchair": "yes", "addr:unit": null, "addr:street:name": null, "addr:street:prefix": null, "addr:street:type": null, "social_facility": null, "source": "OpenStreetMap", "operator:type": "university", "operator:wikidata": null, "operator:wikipedia": null, "addr:country": null, "name:etymology:wikidata": "Q656478", "name:etymology:wikipedia": "en:Benjamin Rush", "operator:short": null, "air_conditioning": null, "fax": null, "wikidata": "Q1535116", "wikipedia": "en:Rush University Medical Center", "description": null, "drive_through": null, "name:vi": null, "healthcare:for": null, "short_name": null, "check_date:opening_hours": null, "contact:phone": null, "email": null, "opening_hours:signed": null, "alt_name": "Rush-Presbyterian-St. Luke's Medical Center", "addr:suite": null, "note:payment": null, "payment:american_express": null, "payment:discover_card": null, "payment:mastercard": null, "payment:visa": null, "start_date": null, "chicago:building_id": null, "access": null, "healthcare:counselling": null, "contact:facebook": null, "building:floor": null, "addr:floor": null, "internet_access": null, "payment:cash": null, "payment:credit_cards": null, "payment:debit_cards": null, "contact:instagram": null, "contact:linkedin": null, "contact:twitter": null, "contact:youtube": null, "reservation:website": null, "appointment:website": null, "contact:blog": null, "contact:website": null, "currency:XBT": null, "payment:lightning": null, "payment:lightning:operator": null, "payment:lightning_contactless": null, "payment:onchain": null, "nodes": [ 2200633104, 10766576599, 9239331014, 2468069223, 2468069242, 2468069215, 2468069234, 2468069240, 9239331015, 9252307362, 6789287286, 2468069202, 2495350160, 13542117869, 2495350144, 2495350106, 2495350196, 2495350096, 2495350197, 2495350198, 2495350091, 10208835580, 2468069246, 11963208759, 11963208758, 11963208757, 11151893700, 2468069259, 2200381078, 2200381080, 2200633113, 2200380994, 2200633104 ], "beds": "727", "emergency": "yes", "gnis:feature_id": "1832936", "building": null, "building:levels": null, "layer": null, "old_name": null, "university_of_chicago:building_id": null, "university_of_chicago:business_unit_name": null, "roof:levels": null, "ele": null, "abbr_name": null, "ref": null, "toilets:wheelchair": "yes", "healthcare:speciality:wikidata": null, "healthcare:speciality:wikipedia": null, "name:ko": null, "image": null, "payment:cards": null, "payment:cheque": null, "polling_station": null, "architect": null, "height": null, "opening_date": null, "beauty": null, "shop": null, "smoking": null, "ways": null, "type": null, "category": "Hospital – Private / Non-profit" }, "geometry": { "type": "Point", "coordinates": [ -87.667926522442684, 41.873739188402212 ] } },
{ "type": "Feature", "properties": { "amenity": "hospital", "healthcare": "hospital", "name": "Roseland Community Hospital", "addr:city": "Chicago", "addr:housenumber": "45", "addr:postcode": "60628", "addr:state": "IL", "addr:street": "West 111th Street", "check_date": null, "healthcare:speciality": null, "phone": "+1 773 995 3000", "website": "https://www.roselandhospital.org/", "branch": null, "brand": null, "brand:wikidata": null, "disused:amenity": null, "level": null, "opening_hours": "24/7", "designation": null, "operator": null, "urgent_care": null, "wheelchair": null, "addr:unit": null, "addr:street:name": null, "addr:street:prefix": null, "addr:street:type": null, "social_facility": null, "source": "OpenStreetMap", "operator:type": null, "operator:wikidata": null, "operator:wikipedia": null, "addr:country": null, "name:etymology:wikidata": null, "name:etymology:wikipedia": null, "operator:short": null, "air_conditioning": null, "fax": null, "wikidata": "Q96632113", "wikipedia": null, "description": null, "drive_through": null, "name:vi": null, "healthcare:for": null, "short_name": null, "check_date:opening_hours": null, "contact:phone": null, "email": null, "opening_hours:signed": null, "alt_name": null, "addr:suite": null, "note:payment": null, "payment:american_express": null, "payment:discover_card": null, "payment:mastercard": null, "payment:visa": null, "start_date": null, "chicago:building_id": null, "access": null, "healthcare:counselling": null, "contact:facebook": null, "building:floor": null, "addr:floor": null, "internet_access": null, "payment:cash": null, "payment:credit_cards": null, "payment:debit_cards": null, "contact:instagram": null, "contact:linkedin": null, "contact:twitter": null, "contact:youtube": null, "reservation:website": null, "appointment:website": null, "contact:blog": null, "contact:website": null, "currency:XBT": null, "payment:lightning": null, "payment:lightning:operator": null, "payment:lightning_contactless": null, "payment:onchain": null, "nodes": [ 354171614, 2477074336, 5322853557, 5322853554, 5322853555, 10572500341, 5322853556, 2477074334, 2477074335, 12462535501, 12462506298, 354171614 ], "beds": "134", "emergency": "yes", "gnis:feature_id": "426653", "building": null, "building:levels": null, "layer": null, "old_name": null, "university_of_chicago:building_id": null, "university_of_chicago:business_unit_name": null, "roof:levels": null, "ele": null, "abbr_name": null, "ref": null, "toilets:wheelchair": null, "healthcare:speciality:wikidata": null, "healthcare:speciality:wikipedia": null, "name:ko": null, "image": null, "payment:cards": null, "payment:cheque": null, "polling_station": null, "architect": null, "height": null, "opening_date": null, "beauty": null, "shop": null, "smoking": null, "ways": null, "type": null, "category": "Hospital – Private / Non-profit" }, "geometry": { "type": "Point", "coordinates": [ -87.625334196432149, 41.6924709882069 ] } },
{ "type": "Feature", "properties": { "amenity": "clinic", "healthcare": "dialysis", "name": "Fresenius Kidney Care", "addr:city": "Chicago", "addr:housenumber": "8710", "addr:postcode": "60620", "addr:state": "IL", "addr:street": "South Holland Road", "check_date": null, "healthcare:speciality": "nephrology", "phone": null, "website": null, "branch": null, "brand": null, "brand:wikidata": null, "disused:amenity": null, "level": null, "opening_hours": null, "designation": null, "operator": "Fresenius Kidney Care", "urgent_care": null, "wheelchair": null, "addr:unit": null, "addr:street:name": null, "addr:street:prefix": null, "addr:street:type": null, "social_facility": null, "source": "OpenStreetMap", "operator:type": "private", "operator:wikidata": "Q650259", "operator:wikipedia": null, "addr:country": null, "name:etymology:wikidata": null, "name:etymology:wikipedia": null, "operator:short": null, "air_conditioning": null, "fax": null, "wikidata": null, "wikipedia": null, "description": null, "drive_through": null, "name:vi": null, "healthcare:for": null, "short_name": null, "check_date:opening_hours": null, "contact:phone": null, "email": null, "opening_hours:signed": null, "alt_name": null, "addr:suite": null, "note:payment": null, "payment:american_express": null, "payment:discover_card": null, "payment:mastercard": null, "payment:visa": null, "start_date": null, "chicago:building_id": null, "access": null, "healthcare:counselling": null, "contact:facebook": null, "building:floor": null, "addr:floor": null, "internet_access": null, "payment:cash": null, "payment:credit_cards": null, "payment:debit_cards": null, "contact:instagram": null, "contact:linkedin": null, "contact:twitter": null, "contact:youtube": null, "reservation:website": null, "appointment:website": null, "contact:blog": null, "contact:website": null, "currency:XBT": null, "payment:lightning": null, "payment:lightning:operator": null, "payment:lightning_contactless": null, "payment:onchain": null, "nodes": [ 2486504780, 2486504797, 2486504799, 2486504783, 5496388952, 2486504779, 2486504776, 5496388951, 2486504787, 2486504789, 2486504780 ], "beds": null, "emergency": null, "gnis:feature_id": null, "building": "retail", "building:levels": null, "layer": null, "old_name": null, "university_of_chicago:building_id": null, "university_of_chicago:business_unit_name": null, "roof:levels": null, "ele": null, "abbr_name": null, "ref": null, "toilets:wheelchair": null, "healthcare:speciality:wikidata": null, "healthcare:speciality:wikipedia": null, "name:ko": null, "image": null, "payment:cards": null, "payment:cheque": null, "polling_station": null, "architect": null, "height": null, "opening_date": null, "beauty": null, "shop": null, "smoking": null, "ways": null, "type": null, "category": "Primary Care Center – Private / Non-profit" }, "geometry": { "type": "Point", "coordinates": [ -87.632902046672555, 41.735521271300364 ] } },
{ "type": "Feature", "properties": { "amenity": "hospital", "healthcare": "hospital", "name": "Advocate Trinity Hospital", "addr:city": "Chicago", "addr:housenumber": "2320", "addr:postcode": "60617", "addr:state": "IL", "addr:street": "East 93rd Street", "check_date": null, "healthcare:speciality": null, "phone": "+1 773 967 2000", "website": "https://www.advocatehealth.com/trin/", "branch": null, "brand": null, "brand:wikidata": null, "disused:amenity": null, "level": null, "opening_hours": "24/7", "designation": null, "operator": "Advocate Health Care", "urgent_care": null, "wheelchair": null, "addr:unit": null, "addr:street:name": null, "addr:street:prefix": null, "addr:street:type": null, "social_facility": null, "source": "OpenStreetMap", "operator:type": "private", "operator:wikidata": "Q30254233", "operator:wikipedia": "en:Advocate Aurora Health", "addr:country": null, "name:etymology:wikidata": null, "name:etymology:wikipedia": null, "operator:short": "AAH", "air_conditioning": null, "fax": null, "wikidata": "Q30289340", "wikipedia": null, "description": null, "drive_through": null, "name:vi": null, "healthcare:for": null, "short_name": null, "check_date:opening_hours": null, "contact:phone": null, "email": null, "opening_hours:signed": null, "alt_name": null, "addr:suite": null, "note:payment": null, "payment:american_express": null, "payment:discover_card": null, "payment:mastercard": null, "payment:visa": null, "start_date": null, "chicago:building_id": null, "access": null, "healthcare:counselling": null, "contact:facebook": null, "building:floor": null, "addr:floor": null, "internet_access": null, "payment:cash": null, "payment:credit_cards": null, "payment:debit_cards": null, "contact:instagram": null, "contact:linkedin": null, "contact:twitter": null, "contact:youtube": null, "reservation:website": null, "appointment:website": null, "contact:blog": null, "contact:website": null, "currency:XBT": null, "payment:lightning": null, "payment:lightning:operator": null, "payment:lightning_contactless": null, "payment:onchain": null, "nodes": [ 354137402, 10594004820, 10594004808, 2494478320, 2494498060, 2494498057, 2494498061, 2494498062, 2494478287, 12616835771, 2494478336, 10594004827, 10594004826, 10594004825, 10594004824, 10594004823, 10594004822, 354137402 ], "beds": "205", "emergency": "yes", "gnis:feature_id": "418737", "building": null, "building:levels": null, "layer": null, "old_name": "South Chicago Community Hospital", "university_of_chicago:building_id": null, "university_of_chicago:business_unit_name": null, "roof:levels": null, "ele": null, "abbr_name": null, "ref": null, "toilets:wheelchair": null, "healthcare:speciality:wikidata": null, "healthcare:speciality:wikipedia": null, "name:ko": null, "image": null, "payment:cards": null, "payment:cheque": null, "polling_station": "yes", "architect": null, "height": null, "opening_date": null, "beauty": null, "shop": null, "smoking": null, "ways": null, "type": null, "category": "Hospital – Private / Non-profit" }, "geometry": { "type": "Point", "coordinates": [ -87.567000786100635, 41.726375924528256 ] } },
{ "type": "Feature", "properties": { "amenity": "hospital", "healthcare": "hospital", "name": "Mount Sinai Hospital", "addr:city": "Chicago", "addr:housenumber": "1500", "addr:postcode": "60608", "addr:state": "IL", "addr:street": "South Fairfield Avenue", "check_date": null, "healthcare:speciality": null, "phone": "+1 773 542 2000", "website": "http://www.sinai.org/content/mount-sinai-hospital", "branch": null, "brand": null, "brand:wikidata": null, "disused:amenity": null, "level": null, "opening_hours": "24/7", "designation": null, "operator": "Sinai Health System", "urgent_care": null, "wheelchair": null, "addr:unit": null, "addr:street:name": null, "addr:street:prefix": null, "addr:street:type": null, "social_facility": null, "source": "OpenStreetMap", "operator:type": null, "operator:wikidata": null, "operator:wikipedia": null, "addr:country": null, "name:etymology:wikidata": "Q377485", "name:etymology:wikipedia": "en:Mount Sinai", "operator:short": null, "air_conditioning": null, "fax": null, "wikidata": "Q6923674", "wikipedia": "en:Mount Sinai Medical Center", "description": null, "drive_through": null, "name:vi": null, "healthcare:for": null, "short_name": null, "check_date:opening_hours": null, "contact:phone": null, "email": null, "opening_hours:signed": null, "alt_name": null, "addr:suite": null, "note:payment": null, "payment:american_express": null, "payment:discover_card": null, "payment:mastercard": null, "payment:visa": null, "start_date": null, "chicago:building_id": null, "access": null, "healthcare:counselling": null, "contact:facebook": null, "building:floor": null, "addr:floor": null, "internet_access": null, "payment:cash": null, "payment:credit_cards": null, "payment:debit_cards": null, "contact:instagram": null, "contact:linkedin": null, "contact:twitter": null, "contact:youtube": null, "reservation:website": null, "appointment:website": null, "contact:blog": null, "contact:website": null, "currency:XBT": null, "payment:lightning": null, "payment:lightning:operator": null, "payment:lightning_contactless": null, "payment:onchain": null, "nodes": [ 2497431454, 10208053484, 10085725883, 10085725882, 10085725881, 10085725880, 10085725879, 10085725878, 10085725877, 2497431446, 10085725838, 10210291193, 10085725834, 2188888971, 10085725839, 2497431441, 2497431455, 2497431454 ], "beds": "319", "emergency": "yes", "gnis:feature_id": null, "building": null, "building:levels": null, "layer": null, "old_name": null, "university_of_chicago:building_id": null, "university_of_chicago:business_unit_name": null, "roof:levels": null, "ele": null, "abbr_name": null, "ref": null, "toilets:wheelchair": null, "healthcare:speciality:wikidata": null, "healthcare:speciality:wikipedia": null, "name:ko": null, "image": null, "payment:cards": null, "payment:cheque": null, "polling_station": null, "architect": null, "height": null, "opening_date": null, "beauty": null, "shop": null, "smoking": null, "ways": null, "type": null, "category": "Hospital – Private / Non-profit" }, "geometry": { "type": "Point", "coordinates": [ -87.694130709801769, 41.861525861968595 ] } },
{ "type": "Feature", "properties": { "amenity": "hospital", "healthcare": "hospital", "name": "Provident Hospital of Cook County", "addr:city": "Chicago", "addr:housenumber": "500", "addr:postcode": "60615", "addr:state": "IL", "addr:street": "East 51st Street", "check_date": null, "healthcare:speciality": null, "phone": "+1 312 572 2000", "website": "https://cookcountyhealth.org/locations/provident-hospital-of-cook-county/", "branch": null, "brand": null, "brand:wikidata": null, "disused:amenity": null, "level": null, "opening_hours": "24/7", "designation": null, "operator": "Cook County Health", "urgent_care": null, "wheelchair": null, "addr:unit": null, "addr:street:name": null, "addr:street:prefix": null, "addr:street:type": null, "social_facility": null, "source": "OpenStreetMap", "operator:type": "public", "operator:wikidata": null, "operator:wikipedia": null, "addr:country": null, "name:etymology:wikidata": null, "name:etymology:wikipedia": null, "operator:short": null, "air_conditioning": null, "fax": null, "wikidata": "Q7252521", "wikipedia": "en:Provident Hospital (Chicago)", "description": null, "drive_through": null, "name:vi": null, "healthcare:for": null, "short_name": null, "check_date:opening_hours": null, "contact:phone": null, "email": null, "opening_hours:signed": null, "alt_name": null, "addr:suite": null, "note:payment": null, "payment:american_express": null, "payment:discover_card": null, "payment:mastercard": null, "payment:visa": null, "start_date": null, "chicago:building_id": null, "access": null, "healthcare:counselling": null, "contact:facebook": null, "building:floor": null, "addr:floor": null, "internet_access": null, "payment:cash": null, "payment:credit_cards": null, "payment:debit_cards": null, "contact:instagram": null, "contact:linkedin": null, "contact:twitter": null, "contact:youtube": null, "reservation:website": null, "appointment:website": null, "contact:blog": null, "contact:website": null, "currency:XBT": null, "payment:lightning": null, "payment:lightning:operator": null, "payment:lightning_contactless": null, "payment:onchain": null, "nodes": [ 2522148698, 10277005697, 2522148699, 2522148697, 9602033865, 9602033870, 10277005772, 2522148691, 2522148690, 10277005775, 10277005768, 2522148696, 2522148695, 2522148694, 10277005704, 2522148693, 10277005776, 10277005767, 10277005699, 2522148689, 2522148698 ], "beds": "85", "emergency": "yes", "gnis:feature_id": "416264", "building": null, "building:levels": null, "layer": null, "old_name": null, "university_of_chicago:building_id": null, "university_of_chicago:business_unit_name": null, "roof:levels": null, "ele": null, "abbr_name": null, "ref": null, "toilets:wheelchair": null, "healthcare:speciality:wikidata": null, "healthcare:speciality:wikipedia": null, "name:ko": null, "image": null, "payment:cards": null, "payment:cheque": null, "polling_station": null, "architect": null, "height": null, "opening_date": null, "beauty": null, "shop": null, "smoking": null, "ways": null, "type": null, "category": "Hospital – Public" }, "geometry": { "type": "Point", "coordinates": [ -87.613705587804631, 41.802931195075999 ] } },
{ "type": "Feature", "properties": { "amenity": "clinic", "healthcare": "clinic", "name": "Humboldt Park Health Wellness Center", "addr:city": "Chicago", "addr:housenumber": "2933", "addr:postcode": "60622", "addr:state": "IL", "addr:street": "West Division Street", "check_date": "2025-03-26", "healthcare:speciality": null, "phone": null, "website": "https://hphwellness.care/", "branch": null, "brand": null, "brand:wikidata": null, "disused:amenity": null, "level": null, "opening_hours": null, "designation": null, "operator": "Humboldt Park Health", "urgent_care": null, "wheelchair": null, "addr:unit": null, "addr:street:name": null, "addr:street:prefix": null, "addr:street:type": null, "social_facility": null, "source": "OpenStreetMap", "operator:type": "private_non_profit", "operator:wikidata": null, "operator:wikipedia": null, "addr:country": null, "name:etymology:wikidata": null, "name:etymology:wikipedia": null, "operator:short": null, "air_conditioning": null, "fax": null, "wikidata": null, "wikipedia": null, "description": null, "drive_through": null, "name:vi": null, "healthcare:for": null, "short_name": null, "check_date:opening_hours": null, "contact:phone": null, "email": null, "opening_hours:signed": null, "alt_name": null, "addr:suite": null, "note:payment": null, "payment:american_express": null, "payment:discover_card": null, "payment:mastercard": null, "payment:visa": null, "start_date": null, "chicago:building_id": null, "access": null, "healthcare:counselling": null, "contact:facebook": null, "building:floor": null, "addr:floor": null, "internet_access": null, "payment:cash": null, "payment:credit_cards": null, "payment:debit_cards": null, "contact:instagram": null, "contact:linkedin": null, "contact:twitter": null, "contact:youtube": null, "reservation:website": null, "appointment:website": null, "contact:blog": null, "contact:website": null, "currency:XBT": null, "payment:lightning": null, "payment:lightning:operator": null, "payment:lightning_contactless": null, "payment:onchain": null, "nodes": [ 3236257950, 12702995363, 12702995364, 3236257936, 12702995365, 12702995366, 3236257938, 12702995367, 3236257951, 12702995368, 12702995369, 3236257950 ], "beds": null, "emergency": null, "gnis:feature_id": null, "building": "commercial", "building:levels": null, "layer": null, "old_name": null, "university_of_chicago:building_id": null, "university_of_chicago:business_unit_name": null, "roof:levels": null, "ele": null, "abbr_name": null, "ref": null, "toilets:wheelchair": null, "healthcare:speciality:wikidata": null, "healthcare:speciality:wikipedia": null, "name:ko": null, "image": null, "payment:cards": null, "payment:cheque": null, "polling_station": null, "architect": "JGMA", "height": null, "opening_date": null, "beauty": null, "shop": null, "smoking": null, "ways": null, "type": null, "category": "Primary Care Center – Private / Non-profit" }, "geometry": { "type": "Point", "coordinates": [ -87.701006712524432, 41.902587806052139 ] } },
{ "type": "Feature", "properties": { "amenity": "clinic", "healthcare": "clinic", "name": "Mile Square Health Center", "addr:city": "Chicago", "addr:housenumber": "1220", "addr:postcode": "60608", "addr:state": "IL", "addr:street": "South Wood Street", "check_date": null, "healthcare:speciality": null, "phone": null, "website": null, "branch": null, "brand": null, "brand:wikidata": null, "disused:amenity": null, "level": null, "opening_hours": null, "designation": null, "operator": "University of Illinois at Chicago (UIC)", "urgent_care": null, "wheelchair": null, "addr:unit": null, "addr:street:name": null, "addr:street:prefix": null, "addr:street:type": null, "social_facility": null, "source": "OpenStreetMap", "operator:type": "university", "operator:wikidata": null, "operator:wikipedia": null, "addr:country": null, "name:etymology:wikidata": null, "name:etymology:wikipedia": null, "operator:short": null, "air_conditioning": null, "fax": null, "wikidata": null, "wikipedia": null, "description": null, "drive_through": null, "name:vi": null, "healthcare:for": null, "short_name": null, "check_date:opening_hours": null, "contact:phone": null, "email": null, "opening_hours:signed": null, "alt_name": null, "addr:suite": null, "note:payment": null, "payment:american_express": null, "payment:discover_card": null, "payment:mastercard": null, "payment:visa": null, "start_date": null, "chicago:building_id": null, "access": null, "healthcare:counselling": null, "contact:facebook": null, "building:floor": null, "addr:floor": null, "internet_access": null, "payment:cash": null, "payment:credit_cards": null, "payment:debit_cards": null, "contact:instagram": null, "contact:linkedin": null, "contact:twitter": null, "contact:youtube": null, "reservation:website": null, "appointment:website": null, "contact:blog": null, "contact:website": null, "currency:XBT": null, "payment:lightning": null, "payment:lightning:operator": null, "payment:lightning_contactless": null, "payment:onchain": null, "nodes": [ 3264147421, 11129260590, 9695680558, 9695680559, 9695680560, 9695680561, 11129260586, 3264147418, 3264147419, 9695680556, 9695680557, 3264147423, 3264147421 ], "beds": null, "emergency": null, "gnis:feature_id": null, "building": "commercial", "building:levels": "6", "layer": null, "old_name": null, "university_of_chicago:building_id": null, "university_of_chicago:business_unit_name": null, "roof:levels": null, "ele": null, "abbr_name": null, "ref": "MSHC", "toilets:wheelchair": null, "healthcare:speciality:wikidata": null, "healthcare:speciality:wikipedia": null, "name:ko": null, "image": null, "payment:cards": null, "payment:cheque": null, "polling_station": null, "architect": null, "height": null, "opening_date": null, "beauty": null, "shop": null, "smoking": null, "ways": null, "type": null, "category": "Primary Care Center – Public (FQHC / CHC)" }, "geometry": { "type": "Point", "coordinates": [ -87.672049689561234, 41.866382079434921 ] } },
{ "type": "Feature", "properties": { "amenity": "clinic", "healthcare": "dialysis", "name": "DaVita Dialysis", "addr:city": "Chicago", "addr:housenumber": "2838", "addr:postcode": "60618", "addr:state": "IL", "addr:street": "North Kimball Avenue", "check_date": null, "healthcare:speciality": "nephrology", "phone": null, "website": null, "branch": null, "brand": "DaVita Dialysis", "brand:wikidata": "Q5207184", "disused:amenity": null, "level": null, "opening_hours": null, "designation": null, "operator": "DaVita Dialysis", "urgent_care": null, "wheelchair": null, "addr:unit": null, "addr:street:name": null, "addr:street:prefix": null, "addr:street:type": null, "social_facility": null, "source": "OpenStreetMap", "operator:type": "private", "operator:wikidata": "Q5207184", "operator:wikipedia": "de:DaVita", "addr:country": null, "name:etymology:wikidata": null, "name:etymology:wikipedia": null, "operator:short": null, "air_conditioning": null, "fax": null, "wikidata": null, "wikipedia": null, "description": null, "drive_through": null, "name:vi": null, "healthcare:for": null, "short_name": null, "check_date:opening_hours": null, "contact:phone": null, "email": null, "opening_hours:signed": null, "alt_name": null, "addr:suite": null, "note:payment": null, "payment:american_express": null, "payment:discover_card": null, "payment:mastercard": null, "payment:visa": null, "start_date": null, "chicago:building_id": null, "access": null, "healthcare:counselling": null, "contact:facebook": null, "building:floor": null, "addr:floor": null, "internet_access": null, "payment:cash": null, "payment:credit_cards": null, "payment:debit_cards": null, "contact:instagram": null, "contact:linkedin": null, "contact:twitter": null, "contact:youtube": null, "reservation:website": null, "appointment:website": null, "contact:blog": null, "contact:website": null, "currency:XBT": null, "payment:lightning": null, "payment:lightning:operator": null, "payment:lightning_contactless": null, "payment:onchain": null, "nodes": [ 3627765394, 3627765395, 3627765396, 3627765397, 3627765398, 3627765399, 3627765400, 3627765401, 3627765402, 3627765403, 3627765404, 3627765406, 3627765405, 3627765394 ], "beds": null, "emergency": null, "gnis:feature_id": null, "building": "commercial", "building:levels": null, "layer": null, "old_name": null, "university_of_chicago:building_id": null, "university_of_chicago:business_unit_name": null, "roof:levels": null, "ele": null, "abbr_name": null, "ref": null, "toilets:wheelchair": null, "healthcare:speciality:wikidata": null, "healthcare:speciality:wikipedia": null, "name:ko": null, "image": null, "payment:cards": null, "payment:cheque": null, "polling_station": null, "architect": null, "height": null, "opening_date": null, "beauty": null, "shop": null, "smoking": null, "ways": null, "type": null, "category": "Primary Care Center – Private / Non-profit" }, "geometry": { "type": "Point", "coordinates": [ -87.712798740155435, 41.933113936315024 ] } },
{ "type": "Feature", "properties": { "amenity": "clinic", "healthcare": "clinic", "name": "Northwestern Medicine Bucktown", "addr:city": "Chicago", "addr:housenumber": "1776", "addr:postcode": "60647", "addr:state": "IL", "addr:street": "North Milwaukee Avenue", "check_date": null, "healthcare:speciality": null, "phone": "+1-312-926-3627", "website": "https://www.nm.org/locations/bucktown", "branch": null, "brand": "Northwestern Medicine", "brand:wikidata": "Q50036890", "disused:amenity": null, "level": null, "opening_hours": "Mo-Fr 08:00-16:30", "designation": null, "operator": "Northwestern Medicine", "urgent_care": null, "wheelchair": null, "addr:unit": null, "addr:street:name": null, "addr:street:prefix": null, "addr:street:type": null, "social_facility": null, "source": "OpenStreetMap", "operator:type": "university", "operator:wikidata": null, "operator:wikipedia": null, "addr:country": null, "name:etymology:wikidata": null, "name:etymology:wikipedia": null, "operator:short": null, "air_conditioning": null, "fax": null, "wikidata": null, "wikipedia": null, "description": null, "drive_through": null, "name:vi": null, "healthcare:for": null, "short_name": null, "check_date:opening_hours": null, "contact:phone": null, "email": null, "opening_hours:signed": null, "alt_name": null, "addr:suite": null, "note:payment": null, "payment:american_express": null, "payment:discover_card": null, "payment:mastercard": null, "payment:visa": null, "start_date": null, "chicago:building_id": null, "access": null, "healthcare:counselling": null, "contact:facebook": null, "building:floor": null, "addr:floor": null, "internet_access": null, "payment:cash": null, "payment:credit_cards": null, "payment:debit_cards": null, "contact:instagram": null, "contact:linkedin": null, "contact:twitter": null, "contact:youtube": null, "reservation:website": null, "appointment:website": null, "contact:blog": null, "contact:website": null, "currency:XBT": null, "payment:lightning": null, "payment:lightning:operator": null, "payment:lightning_contactless": null, "payment:onchain": null, "nodes": [ 3702298651, 3702298635, 9957703877, 13023053589, 13023053586, 12988904029, 3702298650, 3702298651 ], "beds": null, "emergency": null, "gnis:feature_id": null, "building": "commercial", "building:levels": null, "layer": null, "old_name": null, "university_of_chicago:building_id": null, "university_of_chicago:business_unit_name": null, "roof:levels": null, "ele": null, "abbr_name": null, "ref": null, "toilets:wheelchair": null, "healthcare:speciality:wikidata": null, "healthcare:speciality:wikipedia": null, "name:ko": null, "image": null, "payment:cards": null, "payment:cheque": null, "polling_station": null, "architect": null, "height": null, "opening_date": null, "beauty": null, "shop": null, "smoking": null, "ways": null, "type": null, "category": "Primary Care Center – Private / Non-profit" }, "geometry": { "type": "Point", "coordinates": [ -87.6829451939591, 41.913669106673105 ] } },
{ "type": "Feature", "properties": { "amenity": "hospital", "healthcare": "hospital", "name": "Hartgrove Behavioral Health System", "addr:city": "Chicago", "addr:housenumber": "5730", "addr:postcode": "60644", "addr:state": "IL", "addr:street": "West Roosevelt Road", "check_date": null, "healthcare:speciality": "psychiatry", "phone": null, "website": "https://www.hartgrovehospital.com/", "branch": null, "brand": null, "brand:wikidata": null, "disused:amenity": null, "level": null, "opening_hours": null, "designation": null, "operator": null, "urgent_care": null, "wheelchair": null, "addr:unit": null, "addr:street:name": null, "addr:street:prefix": null, "addr:street:type": null, "social_facility": null, "source": "OpenStreetMap", "operator:type": null, "operator:wikidata": null, "operator:wikipedia": null, "addr:country": null, "name:etymology:wikidata": null, "name:etymology:wikipedia": null, "operator:short": null, "air_conditioning": null, "fax": null, "wikidata": null, "wikipedia": null, "description": null, "drive_through": null, "name:vi": null, "healthcare:for": null, "short_name": null, "check_date:opening_hours": null, "contact:phone": null, "email": null, "opening_hours:signed": null, "alt_name": null, "addr:suite": null, "note:payment": null, "payment:american_express": null, "payment:discover_card": null, "payment:mastercard": null, "payment:visa": null, "start_date": null, "chicago:building_id": "892671", "access": null, "healthcare:counselling": null, "contact:facebook": null, "building:floor": null, "addr:floor": null, "internet_access": null, "payment:cash": null, "payment:credit_cards": null, "payment:debit_cards": null, "contact:instagram": null, "contact:linkedin": null, "contact:twitter": null, "contact:youtube": null, "reservation:website": null, "appointment:website": null, "contact:blog": null, "contact:website": null, "currency:XBT": null, "payment:lightning": null, "payment:lightning:operator": null, "payment:lightning_contactless": null, "payment:onchain": null, "nodes": [ 3874461982, 3874461972, 3874455349, 6592504432, 6592504433, 6592504428, 6592504429, 6592504437, 6592504431, 3874461978, 3874461967, 3874455337, 6592504436, 3874461981, 6592504430, 3874461980, 6592504439, 6592504435, 6592504438, 6498003458, 3874455338, 3874461963, 3874461982 ], "beds": null, "emergency": "no", "gnis:feature_id": null, "building": "hospital", "building:levels": null, "layer": null, "old_name": null, "university_of_chicago:building_id": null, "university_of_chicago:business_unit_name": null, "roof:levels": null, "ele": null, "abbr_name": null, "ref": null, "toilets:wheelchair": null, "healthcare:speciality:wikidata": null, "healthcare:speciality:wikipedia": null, "name:ko": null, "image": null, "payment:cards": null, "payment:cheque": null, "polling_station": null, "architect": null, "height": null, "opening_date": null, "beauty": null, "shop": null, "smoking": null, "ways": null, "type": null, "category": "Hospital – Private / Non-profit" }, "geometry": { "type": "Point", "coordinates": [ -87.767498535920197, 41.866358227269764 ] } },
{ "type": "Feature", "properties": { "amenity": "clinic", "healthcare": "clinic", "name": "Access Center For Discovery And Learning", "addr:city": "Chicago", "addr:housenumber": "5139", "addr:postcode": "60609", "addr:state": "IL", "addr:street": "South Ashland Avenue", "check_date": null, "healthcare:speciality": null, "phone": null, "website": null, "branch": null, "brand": null, "brand:wikidata": null, "disused:amenity": null, "level": null, "opening_hours": null, "designation": null, "operator": "ACCESS Healthcare", "urgent_care": null, "wheelchair": null, "addr:unit": null, "addr:street:name": null, "addr:street:prefix": null, "addr:street:type": null, "social_facility": null, "source": "OpenStreetMap", "operator:type": "public", "operator:wikidata": null, "operator:wikipedia": null, "addr:country": "US", "name:etymology:wikidata": null, "name:etymology:wikipedia": null, "operator:short": null, "air_conditioning": null, "fax": null, "wikidata": null, "wikipedia": null, "description": null, "drive_through": null, "name:vi": null, "healthcare:for": null, "short_name": null, "check_date:opening_hours": null, "contact:phone": null, "email": null, "opening_hours:signed": null, "alt_name": null, "addr:suite": null, "note:payment": null, "payment:american_express": null, "payment:discover_card": null, "payment:mastercard": null, "payment:visa": null, "start_date": null, "chicago:building_id": null, "access": null, "healthcare:counselling": null, "contact:facebook": null, "building:floor": null, "addr:floor": null, "internet_access": null, "payment:cash": null, "payment:credit_cards": null, "payment:debit_cards": null, "contact:instagram": null, "contact:linkedin": null, "contact:twitter": null, "contact:youtube": null, "reservation:website": null, "appointment:website": null, "contact:blog": null, "contact:website": null, "currency:XBT": null, "payment:lightning": null, "payment:lightning:operator": null, "payment:lightning_contactless": null, "payment:onchain": null, "nodes": [ 3984902865, 3984902866, 3984902867, 3984902868, 3984902865 ], "beds": null, "emergency": null, "gnis:feature_id": null, "building": "commercial", "building:levels": null, "layer": null, "old_name": null, "university_of_chicago:building_id": null, "university_of_chicago:business_unit_name": null, "roof:levels": null, "ele": null, "abbr_name": null, "ref": null, "toilets:wheelchair": null, "healthcare:speciality:wikidata": null, "healthcare:speciality:wikipedia": null, "name:ko": null, "image": null, "payment:cards": null, "payment:cheque": null, "polling_station": "yes", "architect": null, "height": null, "opening_date": null, "beauty": null, "shop": null, "smoking": null, "ways": null, "type": null, "category": "Primary Care Center – Private / Non-profit" }, "geometry": { "type": "Point", "coordinates": [ -87.664353286547382, 41.800156728270359 ] } },
{ "type": "Feature", "properties": { "amenity": "clinic", "healthcare": "clinic", "name": "North Kostner Health Clinic", "addr:city": "Chicago", "addr:housenumber": "1520", "addr:postcode": "60651", "addr:state": "IL", "addr:street": "North Kostner Avenue", "check_date": null, "healthcare:speciality": null, "phone": null, "website": null, "branch": null, "brand": null, "brand:wikidata": null, "disused:amenity": null, "level": null, "opening_hours": null, "designation": null, "operator": "Near North Health Service Coproration", "urgent_care": null, "wheelchair": null, "addr:unit": null, "addr:street:name": null, "addr:street:prefix": null, "addr:street:type": null, "social_facility": null, "source": "OpenStreetMap", "operator:type": null, "operator:wikidata": null, "operator:wikipedia": null, "addr:country": null, "name:etymology:wikidata": null, "name:etymology:wikipedia": null, "operator:short": null, "air_conditioning": null, "fax": null, "wikidata": null, "wikipedia": null, "description": null, "drive_through": null, "name:vi": null, "healthcare:for": null, "short_name": null, "check_date:opening_hours": null, "contact:phone": null, "email": null, "opening_hours:signed": null, "alt_name": null, "addr:suite": null, "note:payment": null, "payment:american_express": null, "payment:discover_card": null, "payment:mastercard": null, "payment:visa": null, "start_date": null, "chicago:building_id": null, "access": null, "healthcare:counselling": null, "contact:facebook": null, "building:floor": null, "addr:floor": null, "internet_access": null, "payment:cash": null, "payment:credit_cards": null, "payment:debit_cards": null, "contact:instagram": null, "contact:linkedin": null, "contact:twitter": null, "contact:youtube": null, "reservation:website": null, "appointment:website": null, "contact:blog": null, "contact:website": null, "currency:XBT": null, "payment:lightning": null, "payment:lightning:operator": null, "payment:lightning_contactless": null, "payment:onchain": null, "nodes": [ 4026807597, 4026807598, 4026807599, 4026807600, 4026807601, 4026807602, 4026807603, 4026807604, 4026807605, 4026807606, 4026807597 ], "beds": null, "emergency": null, "gnis:feature_id": null, "building": "retail", "building:levels": null, "layer": null, "old_name": null, "university_of_chicago:building_id": null, "university_of_chicago:business_unit_name": null, "roof:levels": null, "ele": null, "abbr_name": null, "ref": null, "toilets:wheelchair": null, "healthcare:speciality:wikidata": null, "healthcare:speciality:wikipedia": null, "name:ko": null, "image": null, "payment:cards": null, "payment:cheque": null, "polling_station": null, "architect": null, "height": null, "opening_date": null, "beauty": null, "shop": null, "smoking": null, "ways": null, "type": null, "category": "Primary Care Center – Private / Non-profit" }, "geometry": { "type": "Point", "coordinates": [ -87.736743261756232, 41.90839051513619 ] } },
{ "type": "Feature", "properties": { "amenity": "clinic", "healthcare": "clinic", "name": "South Chicago Health Center", "addr:city": "Chicago", "addr:housenumber": "9119", "addr:postcode": "60617", "addr:state": "IL", "addr:street": "South Exchange Avenue", "check_date": null, "healthcare:speciality": null, "phone": "+1 773 768 5000", "website": "https://chicagofamilyhealth.org/southchicago/", "branch": null, "brand": null, "brand:wikidata": null, "disused:amenity": null, "level": null, "opening_hours": "Mo,Th 08:30-20:00; Tu,We,Fr 08:30-17:00; Sa 08:30-13:00", "designation": null, "operator": "Chicago Family Health Center", "urgent_care": null, "wheelchair": null, "addr:unit": null, "addr:street:name": null, "addr:street:prefix": null, "addr:street:type": null, "social_facility": null, "source": "OpenStreetMap", "operator:type": null, "operator:wikidata": null, "operator:wikipedia": null, "addr:country": null, "name:etymology:wikidata": null, "name:etymology:wikipedia": null, "operator:short": null, "air_conditioning": null, "fax": null, "wikidata": null, "wikipedia": null, "description": null, "drive_through": null, "name:vi": null, "healthcare:for": null, "short_name": null, "check_date:opening_hours": null, "contact:phone": null, "email": null, "opening_hours:signed": null, "alt_name": null, "addr:suite": null, "note:payment": null, "payment:american_express": null, "payment:discover_card": null, "payment:mastercard": null, "payment:visa": null, "start_date": null, "chicago:building_id": null, "access": null, "healthcare:counselling": null, "contact:facebook": null, "building:floor": null, "addr:floor": null, "internet_access": null, "payment:cash": null, "payment:credit_cards": null, "payment:debit_cards": null, "contact:instagram": null, "contact:linkedin": null, "contact:twitter": null, "contact:youtube": null, "reservation:website": null, "appointment:website": null, "contact:blog": null, "contact:website": null, "currency:XBT": null, "payment:lightning": null, "payment:lightning:operator": null, "payment:lightning_contactless": null, "payment:onchain": null, "nodes": [ 4149576570, 4149576571, 4149576572, 4149576573, 4149576574, 4149576575, 4149576576, 4149576577, 4149576578, 4149576570 ], "beds": null, "emergency": null, "gnis:feature_id": null, "building": "commercial", "building:levels": null, "layer": null, "old_name": null, "university_of_chicago:building_id": null, "university_of_chicago:business_unit_name": null, "roof:levels": null, "ele": null, "abbr_name": null, "ref": null, "toilets:wheelchair": null, "healthcare:speciality:wikidata": null, "healthcare:speciality:wikipedia": null, "name:ko": null, "image": null, "payment:cards": null, "payment:cheque": null, "polling_station": null, "architect": null, "height": null, "opening_date": null, "beauty": null, "shop": null, "smoking": null, "ways": null, "type": null, "category": "Primary Care Center – Private / Non-profit" }, "geometry": { "type": "Point", "coordinates": [ -87.552222786744068, 41.729232247738196 ] } },
{ "type": "Feature", "properties": { "amenity": "doctors", "healthcare": "doctor", "name": "Harwood Chiropractic", "addr:city": "Chicago", "addr:housenumber": "6416", "addr:postcode": "60630", "addr:state": "IL", "addr:street": "West Higgins Avenue", "check_date": null, "healthcare:speciality": null, "phone": null, "website": null, "branch": null, "brand": null, "brand:wikidata": null, "disused:amenity": null, "level": null, "opening_hours": null, "designation": null, "operator": null, "urgent_care": null, "wheelchair": null, "addr:unit": null, "addr:street:name": null, "addr:street:prefix": null, "addr:street:type": null, "social_facility": null, "source": "OpenStreetMap", "operator:type": null, "operator:wikidata": null, "operator:wikipedia": null, "addr:country": null, "name:etymology:wikidata": null, "name:etymology:wikipedia": null, "operator:short": null, "air_conditioning": null, "fax": null, "wikidata": null, "wikipedia": null, "description": null, "drive_through": null, "name:vi": null, "healthcare:for": null, "short_name": null, "check_date:opening_hours": null, "contact:phone": null, "email": null, "opening_hours:signed": null, "alt_name": null, "addr:suite": null, "note:payment": null, "payment:american_express": null, "payment:discover_card": null, "payment:mastercard": null, "payment:visa": null, "start_date": null, "chicago:building_id": null, "access": null, "healthcare:counselling": null, "contact:facebook": null, "building:floor": null, "addr:floor": null, "internet_access": null, "payment:cash": null, "payment:credit_cards": null, "payment:debit_cards": null, "contact:instagram": null, "contact:linkedin": null, "contact:twitter": null, "contact:youtube": null, "reservation:website": null, "appointment:website": null, "contact:blog": null, "contact:website": null, "currency:XBT": null, "payment:lightning": null, "payment:lightning:operator": null, "payment:lightning_contactless": null, "payment:onchain": null, "nodes": [ 4251831574, 4251834196, 4251831573, 4251831562, 4251831563, 4251831575, 4251831576, 4251831577, 4251831578, 4251831579, 4251831580, 4251831574 ], "beds": null, "emergency": null, "gnis:feature_id": null, "building": "yes", "building:levels": null, "layer": null, "old_name": null, "university_of_chicago:building_id": null, "university_of_chicago:business_unit_name": null, "roof:levels": null, "ele": null, "abbr_name": null, "ref": null, "toilets:wheelchair": null, "healthcare:speciality:wikidata": null, "healthcare:speciality:wikipedia": null, "name:ko": null, "image": null, "payment:cards": null, "payment:cheque": null, "polling_station": null, "architect": null, "height": null, "opening_date": null, "beauty": null, "shop": null, "smoking": null, "ways": null, "type": null, "category": "Primary Care Center – Private / Non-profit" }, "geometry": { "type": "Point", "coordinates": [ -87.788459626579183, 41.976700118737739 ] } },
{ "type": "Feature", "properties": { "amenity": "doctors", "healthcare": "doctor", "name": "Presence Medical Group", "addr:city": "Chicago", "addr:housenumber": "5251", "addr:postcode": "60630", "addr:state": "IL", "addr:street": "North Milwaukee Avenue", "check_date": null, "healthcare:speciality": null, "phone": null, "website": null, "branch": null, "brand": null, "brand:wikidata": null, "disused:amenity": null, "level": null, "opening_hours": null, "designation": null, "operator": null, "urgent_care": null, "wheelchair": null, "addr:unit": null, "addr:street:name": null, "addr:street:prefix": null, "addr:street:type": null, "social_facility": null, "source": "OpenStreetMap", "operator:type": null, "operator:wikidata": null, "operator:wikipedia": null, "addr:country": null, "name:etymology:wikidata": null, "name:etymology:wikipedia": null, "operator:short": null, "air_conditioning": null, "fax": null, "wikidata": null, "wikipedia": null, "description": null, "drive_through": null, "name:vi": null, "healthcare:for": null, "short_name": null, "check_date:opening_hours": null, "contact:phone": null, "email": null, "opening_hours:signed": null, "alt_name": null, "addr:suite": null, "note:payment": null, "payment:american_express": null, "payment:discover_card": null, "payment:mastercard": null, "payment:visa": null, "start_date": null, "chicago:building_id": null, "access": null, "healthcare:counselling": null, "contact:facebook": null, "building:floor": null, "addr:floor": null, "internet_access": null, "payment:cash": null, "payment:credit_cards": null, "payment:debit_cards": null, "contact:instagram": null, "contact:linkedin": null, "contact:twitter": null, "contact:youtube": null, "reservation:website": null, "appointment:website": null, "contact:blog": null, "contact:website": null, "currency:XBT": null, "payment:lightning": null, "payment:lightning:operator": null, "payment:lightning_contactless": null, "payment:onchain": null, "nodes": [ 4261931470, 4261931473, 4261931474, 4261931475, 4261931476, 4261931477, 4261931478, 4261931479, 4261931480, 4261931483, 4261931481, 4261931470 ], "beds": null, "emergency": null, "gnis:feature_id": null, "building": "yes", "building:levels": "2", "layer": null, "old_name": null, "university_of_chicago:building_id": null, "university_of_chicago:business_unit_name": null, "roof:levels": null, "ele": null, "abbr_name": null, "ref": null, "toilets:wheelchair": null, "healthcare:speciality:wikidata": null, "healthcare:speciality:wikipedia": null, "name:ko": null, "image": null, "payment:cards": null, "payment:cheque": null, "polling_station": null, "architect": null, "height": null, "opening_date": null, "beauty": null, "shop": null, "smoking": null, "ways": null, "type": null, "category": "Primary Care Center – Private / Non-profit" }, "geometry": { "type": "Point", "coordinates": [ -87.767570387126753, 41.975971486448707 ] } },
{ "type": "Feature", "properties": { "amenity": "hospital", "healthcare": "hospital", "name": "Community First Medical Center", "addr:city": "Chicago", "addr:housenumber": "5645", "addr:postcode": "60634", "addr:state": "IL", "addr:street": "West Addison Street", "check_date": null, "healthcare:speciality": null, "phone": "+1 773 282 7000", "website": "https://www.cfmedicalcenter.com/", "branch": null, "brand": null, "brand:wikidata": null, "disused:amenity": null, "level": null, "opening_hours": "24/7", "designation": null, "operator": "Community First Healthcare", "urgent_care": null, "wheelchair": null, "addr:unit": null, "addr:street:name": null, "addr:street:prefix": null, "addr:street:type": null, "social_facility": null, "source": "OpenStreetMap", "operator:type": null, "operator:wikidata": null, "operator:wikipedia": null, "addr:country": null, "name:etymology:wikidata": null, "name:etymology:wikipedia": null, "operator:short": null, "air_conditioning": null, "fax": null, "wikidata": "Q97845664", "wikipedia": null, "description": null, "drive_through": null, "name:vi": null, "healthcare:for": null, "short_name": null, "check_date:opening_hours": null, "contact:phone": null, "email": null, "opening_hours:signed": null, "alt_name": null, "addr:suite": null, "note:payment": null, "payment:american_express": null, "payment:discover_card": null, "payment:mastercard": null, "payment:visa": null, "start_date": null, "chicago:building_id": null, "access": null, "healthcare:counselling": null, "contact:facebook": null, "building:floor": null, "addr:floor": null, "internet_access": null, "payment:cash": null, "payment:credit_cards": null, "payment:debit_cards": null, "contact:instagram": null, "contact:linkedin": null, "contact:twitter": null, "contact:youtube": null, "reservation:website": null, "appointment:website": null, "contact:blog": null, "contact:website": null, "currency:XBT": null, "payment:lightning": null, "payment:lightning:operator": null, "payment:lightning_contactless": null, "payment:onchain": null, "nodes": [ 4274821658, 5321082241, 5321082240, 4274821667, 4274821668, 4274821669, 10259599755, 4274821658 ], "beds": "299", "emergency": "yes", "gnis:feature_id": null, "building": null, "building:levels": null, "layer": null, "old_name": "Our Lady of the Resurrection Medical Center", "university_of_chicago:building_id": null, "university_of_chicago:business_unit_name": null, "roof:levels": null, "ele": null, "abbr_name": null, "ref": null, "toilets:wheelchair": null, "healthcare:speciality:wikidata": null, "healthcare:speciality:wikipedia": null, "name:ko": null, "image": null, "payment:cards": null, "payment:cheque": null, "polling_station": null, "architect": null, "height": null, "opening_date": null, "beauty": null, "shop": null, "smoking": null, "ways": null, "type": null, "category": "Hospital – Private / Non-profit" }, "geometry": { "type": "Point", "coordinates": [ -87.768058142169451, 41.945638969219573 ] } },
{ "type": "Feature", "properties": { "amenity": "clinic", "healthcare": "clinic", "name": "Mohana Medical Center", "addr:city": "Chicago", "addr:housenumber": "3641", "addr:postcode": "60617", "addr:state": "IL", "addr:street": "East 108th Street", "check_date": null, "healthcare:speciality": null, "phone": null, "website": null, "branch": null, "brand": null, "brand:wikidata": null, "disused:amenity": null, "level": null, "opening_hours": null, "designation": null, "operator": null, "urgent_care": null, "wheelchair": null, "addr:unit": null, "addr:street:name": "108th", "addr:street:prefix": "East", "addr:street:type": "Street", "social_facility": null, "source": "OpenStreetMap", "operator:type": null, "operator:wikidata": null, "operator:wikipedia": null, "addr:country": null, "name:etymology:wikidata": null, "name:etymology:wikipedia": null, "operator:short": null, "air_conditioning": null, "fax": null, "wikidata": null, "wikipedia": null, "description": null, "drive_through": null, "name:vi": null, "healthcare:for": null, "short_name": null, "check_date:opening_hours": null, "contact:phone": null, "email": null, "opening_hours:signed": null, "alt_name": null, "addr:suite": null, "note:payment": null, "payment:american_express": null, "payment:discover_card": null, "payment:mastercard": null, "payment:visa": null, "start_date": null, "chicago:building_id": null, "access": null, "healthcare:counselling": null, "contact:facebook": null, "building:floor": null, "addr:floor": null, "internet_access": null, "payment:cash": null, "payment:credit_cards": null, "payment:debit_cards": null, "contact:instagram": null, "contact:linkedin": null, "contact:twitter": null, "contact:youtube": null, "reservation:website": null, "appointment:website": null, "contact:blog": null, "contact:website": null, "currency:XBT": null, "payment:lightning": null, "payment:lightning:operator": null, "payment:lightning_contactless": null, "payment:onchain": null, "nodes": [ 4514852512, 4514852508, 4514851971, 4514852560, 4514852512 ], "beds": null, "emergency": null, "gnis:feature_id": null, "building": "commercial", "building:levels": "1", "layer": null, "old_name": null, "university_of_chicago:building_id": null, "university_of_chicago:business_unit_name": null, "roof:levels": null, "ele": null, "abbr_name": null, "ref": null, "toilets:wheelchair": null, "healthcare:speciality:wikidata": null, "healthcare:speciality:wikipedia": null, "name:ko": null, "image": null, "payment:cards": null, "payment:cheque": null, "polling_station": null, "architect": null, "height": null, "opening_date": null, "beauty": null, "shop": null, "smoking": null, "ways": null, "type": null, "category": "Primary Care Center – Private / Non-profit" }, "geometry": { "type": "Point", "coordinates": [ -87.534977622708894, 41.698924949151596 ] } },
{ "type": "Feature", "properties": { "amenity": "clinic", "healthcare": "clinic", "name": "Stroger Hospital Professional Building", "addr:city": "Chicago", "addr:housenumber": "1950", "addr:postcode": "60612", "addr:state": "IL", "addr:street": "West Polk Street", "check_date": null, "healthcare:speciality": null, "phone": null, "website": "https://cookcountyhealth.org/locations/professional-health-building-center/", "branch": null, "brand": null, "brand:wikidata": null, "disused:amenity": null, "level": null, "opening_hours": null, "designation": null, "operator": "Cook County Health", "urgent_care": null, "wheelchair": null, "addr:unit": null, "addr:street:name": null, "addr:street:prefix": null, "addr:street:type": null, "social_facility": null, "source": "OpenStreetMap", "operator:type": "public", "operator:wikidata": "Q30286975", "operator:wikipedia": null, "addr:country": null, "name:etymology:wikidata": null, "name:etymology:wikipedia": null, "operator:short": "CCH", "air_conditioning": null, "fax": null, "wikidata": null, "wikipedia": null, "description": null, "drive_through": null, "name:vi": null, "healthcare:for": null, "short_name": null, "check_date:opening_hours": null, "contact:phone": null, "email": null, "opening_hours:signed": null, "alt_name": null, "addr:suite": null, "note:payment": null, "payment:american_express": null, "payment:discover_card": null, "payment:mastercard": null, "payment:visa": null, "start_date": null, "chicago:building_id": null, "access": null, "healthcare:counselling": null, "contact:facebook": null, "building:floor": null, "addr:floor": null, "internet_access": null, "payment:cash": null, "payment:credit_cards": null, "payment:debit_cards": null, "contact:instagram": null, "contact:linkedin": null, "contact:twitter": null, "contact:youtube": null, "reservation:website": null, "appointment:website": null, "contact:blog": null, "contact:website": null, "currency:XBT": null, "payment:lightning": null, "payment:lightning:operator": null, "payment:lightning_contactless": null, "payment:onchain": null, "nodes": [ 4985513519, 4985513520, 4985514821, 11963212131, 11963212132, 11963212130, 11963212126, 11129260366, 4985513519 ], "beds": null, "emergency": null, "gnis:feature_id": null, "building": "hospital", "building:levels": null, "layer": null, "old_name": null, "university_of_chicago:building_id": null, "university_of_chicago:business_unit_name": null, "roof:levels": null, "ele": null, "abbr_name": null, "ref": null, "toilets:wheelchair": null, "healthcare:speciality:wikidata": null, "healthcare:speciality:wikipedia": null, "name:ko": null, "image": null, "payment:cards": null, "payment:cheque": null, "polling_station": null, "architect": null, "height": null, "opening_date": null, "beauty": null, "shop": null, "smoking": null, "ways": null, "type": null, "category": "Primary Care Center – Public (FQHC / CHC)" }, "geometry": { "type": "Point", "coordinates": [ -87.675502147752269, 41.87175813450623 ] } },
{ "type": "Feature", "properties": { "amenity": "hospital", "healthcare": "hospital", "name": "Jesse Brown VA Medical Center", "addr:city": "Chicago", "addr:housenumber": "820", "addr:postcode": "60612", "addr:state": "IL", "addr:street": "South Damen Avenue", "check_date": null, "healthcare:speciality": "general;psychiatry;dentistry;orthopaedics;vaccination;cardiology;intensive;emergency;physiatry", "phone": "+1 312 569 8387", "website": "https://www.chicago.va.gov/", "branch": null, "brand": "VA", "brand:wikidata": "Q6580225", "disused:amenity": null, "level": null, "opening_hours": "24/7", "designation": null, "operator": "Veterans Health Administration", "urgent_care": null, "wheelchair": null, "addr:unit": null, "addr:street:name": "Damen", "addr:street:prefix": "South", "addr:street:type": "Avenue", "social_facility": null, "source": "OpenStreetMap", "operator:type": "government", "operator:wikidata": "Q6580225", "operator:wikipedia": "en:Veterans Health Administration", "addr:country": null, "name:etymology:wikidata": "Q1386815", "name:etymology:wikipedia": "en:Jesse Brown", "operator:short": "VA", "air_conditioning": null, "fax": null, "wikidata": null, "wikipedia": null, "description": null, "drive_through": null, "name:vi": null, "healthcare:for": "veteran", "short_name": "VA", "check_date:opening_hours": null, "contact:phone": null, "email": null, "opening_hours:signed": null, "alt_name": "West Side VA Medical Center", "addr:suite": null, "note:payment": null, "payment:american_express": null, "payment:discover_card": null, "payment:mastercard": null, "payment:visa": null, "start_date": null, "chicago:building_id": "368188", "access": "private", "healthcare:counselling": null, "contact:facebook": null, "building:floor": null, "addr:floor": null, "internet_access": null, "payment:cash": null, "payment:credit_cards": null, "payment:debit_cards": null, "contact:instagram": null, "contact:linkedin": null, "contact:twitter": null, "contact:youtube": null, "reservation:website": null, "appointment:website": null, "contact:blog": null, "contact:website": null, "currency:XBT": null, "payment:lightning": null, "payment:lightning:operator": null, "payment:lightning_contactless": null, "payment:onchain": null, "nodes": [ 5204012151, 11963212162, 11963212161, 11963212160, 6993685195, 6993685199, 11963212148, 5204012072, 5926284539, 5926525563, 2199818127, 2199816155, 11963212153, 6993673363, 11963212156, 2199816255, 2199816256, 11969574761, 2199817996, 6993685323, 5204012084, 2199818173, 11963212159, 5204012156, 11963212158, 5204012151 ], "beds": "220", "emergency": "yes", "gnis:feature_id": null, "building": null, "building:levels": null, "layer": null, "old_name": null, "university_of_chicago:building_id": null, "university_of_chicago:business_unit_name": null, "roof:levels": null, "ele": null, "abbr_name": null, "ref": null, "toilets:wheelchair": null, "healthcare:speciality:wikidata": null, "healthcare:speciality:wikipedia": null, "name:ko": null, "image": null, "payment:cards": null, "payment:cheque": null, "polling_station": null, "architect": null, "height": null, "opening_date": null, "beauty": null, "shop": null, "smoking": null, "ways": null, "type": null, "category": "Hospital – Public" }, "geometry": { "type": "Point", "coordinates": [ -87.67764573383144, 41.870198414110725 ] } },
{ "type": "Feature", "properties": { "amenity": "hospital", "healthcare": "hospital", "name": "Chicago-Read Mental Health Center", "addr:city": "Chicago", "addr:housenumber": "4200", "addr:postcode": "60634", "addr:state": "IL", "addr:street": "North Oak Park Avenue", "check_date": null, "healthcare:speciality": "psychiatry", "phone": "+1 773 794 4000", "website": null, "branch": null, "brand": null, "brand:wikidata": null, "disused:amenity": null, "level": null, "opening_hours": null, "designation": null, "operator": null, "urgent_care": null, "wheelchair": null, "addr:unit": null, "addr:street:name": null, "addr:street:prefix": null, "addr:street:type": null, "social_facility": null, "source": "OpenStreetMap", "operator:type": null, "operator:wikidata": null, "operator:wikipedia": null, "addr:country": null, "name:etymology:wikidata": null, "name:etymology:wikipedia": null, "operator:short": null, "air_conditioning": null, "fax": null, "wikidata": "Q5095449", "wikipedia": "en:Chicago-Read Mental Health Center", "description": null, "drive_through": null, "name:vi": null, "healthcare:for": null, "short_name": null, "check_date:opening_hours": null, "contact:phone": null, "email": null, "opening_hours:signed": null, "alt_name": null, "addr:suite": null, "note:payment": null, "payment:american_express": null, "payment:discover_card": null, "payment:mastercard": null, "payment:visa": null, "start_date": null, "chicago:building_id": null, "access": null, "healthcare:counselling": null, "contact:facebook": null, "building:floor": null, "addr:floor": null, "internet_access": null, "payment:cash": null, "payment:credit_cards": null, "payment:debit_cards": null, "contact:instagram": null, "contact:linkedin": null, "contact:twitter": null, "contact:youtube": null, "reservation:website": null, "appointment:website": null, "contact:blog": null, "contact:website": null, "currency:XBT": null, "payment:lightning": null, "payment:lightning:operator": null, "payment:lightning_contactless": null, "payment:onchain": null, "nodes": [ 1641480087, 1641480079, 9310661727, 5320980183, 5320980182, 5320980181, 5320980180, 5320980179, 5320980178, 5320980177, 1641480084, 1641480074, 1641480042, 1641480027, 1641480038, 1641479977, 2404713836, 1641479976, 2404713860, 2404713841, 2404713859, 1641479980, 1641480080, 1641480087 ], "beds": null, "emergency": "no", "gnis:feature_id": "406054", "building": null, "building:levels": null, "layer": null, "old_name": null, "university_of_chicago:building_id": null, "university_of_chicago:business_unit_name": null, "roof:levels": null, "ele": null, "abbr_name": null, "ref": null, "toilets:wheelchair": null, "healthcare:speciality:wikidata": null, "healthcare:speciality:wikipedia": null, "name:ko": null, "image": null, "payment:cards": null, "payment:cheque": null, "polling_station": null, "architect": null, "height": null, "opening_date": null, "beauty": null, "shop": null, "smoking": null, "ways": null, "type": null, "category": "Hospital – Private / Non-profit" }, "geometry": { "type": "Point", "coordinates": [ -87.799643843064786, 41.95547909065855 ] } },
{ "type": "Feature", "properties": { "amenity": "hospital", "healthcare": "hospital", "name": "Garfield Park Behavioral Hospital", "addr:city": "Chicago", "addr:housenumber": "520", "addr:postcode": "60624", "addr:state": "IL", "addr:street": "North Ridgeway Avenue", "check_date": null, "healthcare:speciality": "paediatric_psychiatry;psychiatry", "phone": "+1 773 265 3700", "website": "https://www.garfieldparkhospital.com/", "branch": null, "brand": null, "brand:wikidata": null, "disused:amenity": null, "level": null, "opening_hours": null, "designation": null, "operator": null, "urgent_care": null, "wheelchair": null, "addr:unit": null, "addr:street:name": null, "addr:street:prefix": null, "addr:street:type": null, "social_facility": null, "source": "OpenStreetMap", "operator:type": null, "operator:wikidata": null, "operator:wikipedia": null, "addr:country": null, "name:etymology:wikidata": null, "name:etymology:wikipedia": null, "operator:short": null, "air_conditioning": null, "fax": null, "wikidata": null, "wikipedia": null, "description": null, "drive_through": null, "name:vi": null, "healthcare:for": null, "short_name": null, "check_date:opening_hours": null, "contact:phone": null, "email": null, "opening_hours:signed": null, "alt_name": null, "addr:suite": null, "note:payment": null, "payment:american_express": null, "payment:discover_card": null, "payment:mastercard": null, "payment:visa": null, "start_date": null, "chicago:building_id": null, "access": null, "healthcare:counselling": null, "contact:facebook": null, "building:floor": null, "addr:floor": null, "internet_access": null, "payment:cash": null, "payment:credit_cards": null, "payment:debit_cards": null, "contact:instagram": null, "contact:linkedin": null, "contact:twitter": null, "contact:youtube": null, "reservation:website": null, "appointment:website": null, "contact:blog": null, "contact:website": null, "currency:XBT": null, "payment:lightning": null, "payment:lightning:operator": null, "payment:lightning_contactless": null, "payment:onchain": null, "nodes": [ 5322249096, 5322249095, 5322249094, 5322249093, 5322249092, 5322249091, 5322249096 ], "beds": null, "emergency": "no", "gnis:feature_id": "408894", "building": null, "building:levels": null, "layer": null, "old_name": null, "university_of_chicago:building_id": null, "university_of_chicago:business_unit_name": null, "roof:levels": null, "ele": null, "abbr_name": null, "ref": null, "toilets:wheelchair": null, "healthcare:speciality:wikidata": null, "healthcare:speciality:wikipedia": null, "name:ko": null, "image": null, "payment:cards": null, "payment:cheque": null, "polling_station": null, "architect": null, "height": null, "opening_date": null, "beauty": null, "shop": null, "smoking": null, "ways": null, "type": null, "category": "Hospital – Private / Non-profit" }, "geometry": { "type": "Point", "coordinates": [ -87.720353727885325, 41.890515836706896 ] } },
{ "type": "Feature", "properties": { "amenity": "hospital", "healthcare": "hospital", "name": "Schwab Rehabilitation Hospital", "addr:city": "Chicago", "addr:housenumber": "1401", "addr:postcode": "60608", "addr:state": "IL", "addr:street": "South California Avenue", "check_date": null, "healthcare:speciality": null, "phone": "+1 773 522 2010", "website": "http://www.sinai.org/content/schwab-rehabilitation-hospital", "branch": null, "brand": null, "brand:wikidata": null, "disused:amenity": null, "level": null, "opening_hours": "24/7", "designation": null, "operator": "Sinai Health System", "urgent_care": null, "wheelchair": null, "addr:unit": null, "addr:street:name": null, "addr:street:prefix": null, "addr:street:type": null, "social_facility": null, "source": "OpenStreetMap", "operator:type": null, "operator:wikidata": null, "operator:wikipedia": null, "addr:country": null, "name:etymology:wikidata": null, "name:etymology:wikipedia": null, "operator:short": null, "air_conditioning": null, "fax": null, "wikidata": "Q30288626", "wikipedia": null, "description": null, "drive_through": null, "name:vi": null, "healthcare:for": null, "short_name": null, "check_date:opening_hours": null, "contact:phone": null, "email": null, "opening_hours:signed": null, "alt_name": null, "addr:suite": null, "note:payment": null, "payment:american_express": null, "payment:discover_card": null, "payment:mastercard": null, "payment:visa": null, "start_date": null, "chicago:building_id": null, "access": null, "healthcare:counselling": null, "contact:facebook": null, "building:floor": null, "addr:floor": null, "internet_access": null, "payment:cash": null, "payment:credit_cards": null, "payment:debit_cards": null, "contact:instagram": null, "contact:linkedin": null, "contact:twitter": null, "contact:youtube": null, "reservation:website": null, "appointment:website": null, "contact:blog": null, "contact:website": null, "currency:XBT": null, "payment:lightning": null, "payment:lightning:operator": null, "payment:lightning_contactless": null, "payment:onchain": null, "nodes": [ 5322692831, 2497431448, 2497431444, 12840917739, 5322692830, 5322692831 ], "beds": "319", "emergency": "no", "gnis:feature_id": null, "building": null, "building:levels": null, "layer": null, "old_name": null, "university_of_chicago:building_id": null, "university_of_chicago:business_unit_name": null, "roof:levels": null, "ele": null, "abbr_name": null, "ref": null, "toilets:wheelchair": null, "healthcare:speciality:wikidata": null, "healthcare:speciality:wikipedia": null, "name:ko": null, "image": null, "payment:cards": null, "payment:cheque": null, "polling_station": null, "architect": null, "height": null, "opening_date": null, "beauty": null, "shop": null, "smoking": null, "ways": null, "type": null, "category": "Hospital – Private / Non-profit" }, "geometry": { "type": "Point", "coordinates": [ -87.695177102973744, 41.862145164415637 ] } },
{ "type": "Feature", "properties": { "amenity": "hospital", "healthcare": "hospital", "name": "Saint Anthony Hospital", "addr:city": "Chicago", "addr:housenumber": "2875", "addr:postcode": "60623", "addr:state": "IL", "addr:street": "West 19th Street", "check_date": null, "healthcare:speciality": null, "phone": "+1 773 484 1000", "website": "https://www.sahchicago.org/", "branch": null, "brand": null, "brand:wikidata": null, "disused:amenity": null, "level": null, "opening_hours": "24/7", "designation": null, "operator": null, "urgent_care": null, "wheelchair": null, "addr:unit": null, "addr:street:name": null, "addr:street:prefix": null, "addr:street:type": null, "social_facility": null, "source": "OpenStreetMap", "operator:type": null, "operator:wikidata": null, "operator:wikipedia": null, "addr:country": null, "name:etymology:wikidata": "Q167477", "name:etymology:wikipedia": "en:Anthony of Padua", "operator:short": null, "air_conditioning": null, "fax": null, "wikidata": null, "wikipedia": null, "description": null, "drive_through": null, "name:vi": null, "healthcare:for": null, "short_name": null, "check_date:opening_hours": null, "contact:phone": null, "email": null, "opening_hours:signed": null, "alt_name": null, "addr:suite": null, "note:payment": null, "payment:american_express": null, "payment:discover_card": null, "payment:mastercard": null, "payment:visa": null, "start_date": null, "chicago:building_id": null, "access": null, "healthcare:counselling": null, "contact:facebook": null, "building:floor": null, "addr:floor": null, "internet_access": null, "payment:cash": null, "payment:credit_cards": null, "payment:debit_cards": null, "contact:instagram": null, "contact:linkedin": null, "contact:twitter": null, "contact:youtube": null, "reservation:website": null, "appointment:website": null, "contact:blog": null, "contact:website": null, "currency:XBT": null, "payment:lightning": null, "payment:lightning:operator": null, "payment:lightning_contactless": null, "payment:onchain": null, "nodes": [ 5322692838, 10085725853, 10085725854, 5322692837, 1768023102, 1768023367, 2435306902, 2435306907, 10085725855, 10083091212, 10210555616, 5322692836, 354135672, 5322692838 ], "beds": "151", "emergency": "yes", "gnis:feature_id": "417172", "building": null, "building:levels": null, "layer": null, "old_name": null, "university_of_chicago:building_id": null, "university_of_chicago:business_unit_name": null, "roof:levels": null, "ele": null, "abbr_name": null, "ref": null, "toilets:wheelchair": null, "healthcare:speciality:wikidata": null, "healthcare:speciality:wikipedia": null, "name:ko": null, "image": null, "payment:cards": null, "payment:cheque": null, "polling_station": null, "architect": null, "height": null, "opening_date": null, "beauty": null, "shop": null, "smoking": null, "ways": null, "type": null, "category": "Hospital – Private / Non-profit" }, "geometry": { "type": "Point", "coordinates": [ -87.69777655740458, 41.855196673060178 ] } },
{ "type": "Feature", "properties": { "amenity": "hospital", "healthcare": "hospital", "name": "South Shore Hospital", "addr:city": "Chicago", "addr:housenumber": "8012", "addr:postcode": "60617", "addr:state": "IL", "addr:street": "South Crandon Avenue", "check_date": null, "healthcare:speciality": null, "phone": "+1 773 356 5000", "website": "https://www.southshorehospital.com/", "branch": null, "brand": null, "brand:wikidata": null, "disused:amenity": null, "level": null, "opening_hours": "24/7", "designation": null, "operator": null, "urgent_care": null, "wheelchair": null, "addr:unit": null, "addr:street:name": null, "addr:street:prefix": null, "addr:street:type": null, "social_facility": null, "source": "OpenStreetMap", "operator:type": null, "operator:wikidata": null, "operator:wikipedia": null, "addr:country": null, "name:etymology:wikidata": null, "name:etymology:wikipedia": null, "operator:short": null, "air_conditioning": null, "fax": null, "wikidata": null, "wikipedia": null, "description": null, "drive_through": null, "name:vi": null, "healthcare:for": null, "short_name": null, "check_date:opening_hours": null, "contact:phone": null, "email": null, "opening_hours:signed": null, "alt_name": null, "addr:suite": null, "note:payment": null, "payment:american_express": null, "payment:discover_card": null, "payment:mastercard": null, "payment:visa": null, "start_date": null, "chicago:building_id": null, "access": null, "healthcare:counselling": null, "contact:facebook": null, "building:floor": null, "addr:floor": null, "internet_access": null, "payment:cash": null, "payment:credit_cards": null, "payment:debit_cards": null, "contact:instagram": null, "contact:linkedin": null, "contact:twitter": null, "contact:youtube": null, "reservation:website": null, "appointment:website": null, "contact:blog": null, "contact:website": null, "currency:XBT": null, "payment:lightning": null, "payment:lightning:operator": null, "payment:lightning_contactless": null, "payment:onchain": null, "nodes": [ 5322811936, 5322811935, 5322811934, 5322811933, 10028105871, 5533371735, 367951056, 5322811931, 5322811936 ], "beds": "170", "emergency": "yes", "gnis:feature_id": "418835", "building": null, "building:levels": null, "layer": null, "old_name": null, "university_of_chicago:building_id": null, "university_of_chicago:business_unit_name": null, "roof:levels": null, "ele": null, "abbr_name": null, "ref": null, "toilets:wheelchair": null, "healthcare:speciality:wikidata": null, "healthcare:speciality:wikipedia": null, "name:ko": null, "image": null, "payment:cards": null, "payment:cheque": null, "polling_station": null, "architect": null, "height": null, "opening_date": null, "beauty": null, "shop": null, "smoking": null, "ways": null, "type": null, "category": "Hospital – Private / Non-profit" }, "geometry": { "type": "Point", "coordinates": [ -87.569132117938864, 41.749126484585275 ] } },
{ "type": "Feature", "properties": { "amenity": "clinic", "healthcare": "dialysis", "name": "Fresenius Kidney Care", "addr:city": "Chicago", "addr:housenumber": "1806", "addr:postcode": "60622", "addr:state": "IL", "addr:street": "West Hubbard Street", "check_date": null, "healthcare:speciality": "nephrology", "phone": null, "website": null, "branch": null, "brand": null, "brand:wikidata": null, "disused:amenity": null, "level": null, "opening_hours": null, "designation": null, "operator": "Fresenius Kidney Care", "urgent_care": null, "wheelchair": null, "addr:unit": null, "addr:street:name": null, "addr:street:prefix": null, "addr:street:type": null, "social_facility": null, "source": "OpenStreetMap", "operator:type": "private", "operator:wikidata": "Q650259", "operator:wikipedia": null, "addr:country": null, "name:etymology:wikidata": null, "name:etymology:wikipedia": null, "operator:short": null, "air_conditioning": null, "fax": null, "wikidata": null, "wikipedia": null, "description": null, "drive_through": null, "name:vi": null, "healthcare:for": null, "short_name": null, "check_date:opening_hours": null, "contact:phone": null, "email": null, "opening_hours:signed": null, "alt_name": null, "addr:suite": null, "note:payment": null, "payment:american_express": null, "payment:discover_card": null, "payment:mastercard": null, "payment:visa": null, "start_date": null, "chicago:building_id": null, "access": null, "healthcare:counselling": null, "contact:facebook": null, "building:floor": null, "addr:floor": null, "internet_access": null, "payment:cash": null, "payment:credit_cards": null, "payment:debit_cards": null, "contact:instagram": null, "contact:linkedin": null, "contact:twitter": null, "contact:youtube": null, "reservation:website": null, "appointment:website": null, "contact:blog": null, "contact:website": null, "currency:XBT": null, "payment:lightning": null, "payment:lightning:operator": null, "payment:lightning_contactless": null, "payment:onchain": null, "nodes": [ 5794895554, 5794895555, 5794895556, 5794895557, 5794895558, 5794895559, 5794895560, 5794895566, 5794895561, 5794895554 ], "beds": null, "emergency": null, "gnis:feature_id": null, "building": "commercial", "building:levels": "1", "layer": null, "old_name": null, "university_of_chicago:building_id": null, "university_of_chicago:business_unit_name": null, "roof:levels": null, "ele": null, "abbr_name": null, "ref": null, "toilets:wheelchair": null, "healthcare:speciality:wikidata": null, "healthcare:speciality:wikipedia": null, "name:ko": null, "image": null, "payment:cards": null, "payment:cheque": null, "polling_station": null, "architect": null, "height": "3.25", "opening_date": null, "beauty": null, "shop": null, "smoking": null, "ways": null, "type": null, "category": "Primary Care Center – Private / Non-profit" }, "geometry": { "type": "Point", "coordinates": [ -87.672357524264811, 41.89035624896772 ] } },
{ "type": "Feature", "properties": { "amenity": "clinic", "healthcare": "clinic", "name": "Chicago Family Health Center", "addr:city": "Chicago", "addr:housenumber": "570", "addr:postcode": "60628", "addr:state": "IL", "addr:street": "East 115th Street", "check_date": null, "healthcare:speciality": null, "phone": null, "website": null, "branch": null, "brand": null, "brand:wikidata": null, "disused:amenity": null, "level": null, "opening_hours": null, "designation": null, "operator": null, "urgent_care": null, "wheelchair": null, "addr:unit": null, "addr:street:name": null, "addr:street:prefix": null, "addr:street:type": null, "social_facility": null, "source": "OpenStreetMap", "operator:type": null, "operator:wikidata": null, "operator:wikipedia": null, "addr:country": null, "name:etymology:wikidata": null, "name:etymology:wikipedia": null, "operator:short": null, "air_conditioning": null, "fax": null, "wikidata": null, "wikipedia": null, "description": null, "drive_through": null, "name:vi": null, "healthcare:for": null, "short_name": null, "check_date:opening_hours": null, "contact:phone": null, "email": null, "opening_hours:signed": null, "alt_name": null, "addr:suite": null, "note:payment": null, "payment:american_express": null, "payment:discover_card": null, "payment:mastercard": null, "payment:visa": null, "start_date": null, "chicago:building_id": null, "access": null, "healthcare:counselling": null, "contact:facebook": null, "building:floor": null, "addr:floor": null, "internet_access": null, "payment:cash": null, "payment:credit_cards": null, "payment:debit_cards": null, "contact:instagram": null, "contact:linkedin": null, "contact:twitter": null, "contact:youtube": null, "reservation:website": null, "appointment:website": null, "contact:blog": null, "contact:website": null, "currency:XBT": null, "payment:lightning": null, "payment:lightning:operator": null, "payment:lightning_contactless": null, "payment:onchain": null, "nodes": [ 5898465252, 5898465239, 5898465248, 5898465244, 5898465245, 5898465243, 5898465252 ], "beds": null, "emergency": null, "gnis:feature_id": null, "building": "commercial", "building:levels": null, "layer": null, "old_name": null, "university_of_chicago:building_id": null, "university_of_chicago:business_unit_name": null, "roof:levels": null, "ele": null, "abbr_name": null, "ref": null, "toilets:wheelchair": null, "healthcare:speciality:wikidata": null, "healthcare:speciality:wikipedia": null, "name:ko": null, "image": null, "payment:cards": null, "payment:cheque": null, "polling_station": null, "architect": null, "height": null, "opening_date": null, "beauty": null, "shop": null, "smoking": null, "ways": null, "type": null, "category": "Primary Care Center – Private / Non-profit" }, "geometry": { "type": "Point", "coordinates": [ -87.608584164438341, 41.685727576834537 ] } },
{ "type": "Feature", "properties": { "amenity": "clinic", "healthcare": "clinic", "name": "Advocate Medical Group Immediate Care Center", "addr:city": "Chicago", "addr:housenumber": "2535", "addr:postcode": "60616", "addr:state": "IL", "addr:street": "South Doctor Martin Luther King Junior Drive", "check_date": null, "healthcare:speciality": null, "phone": null, "website": null, "branch": null, "brand": "Advocate Health Care", "brand:wikidata": "Q30254233", "disused:amenity": null, "level": null, "opening_hours": null, "designation": null, "operator": "Advocate Medical Group", "urgent_care": null, "wheelchair": null, "addr:unit": null, "addr:street:name": null, "addr:street:prefix": null, "addr:street:type": null, "social_facility": null, "source": "OpenStreetMap", "operator:type": null, "operator:wikidata": null, "operator:wikipedia": null, "addr:country": null, "name:etymology:wikidata": null, "name:etymology:wikipedia": null, "operator:short": null, "air_conditioning": null, "fax": null, "wikidata": null, "wikipedia": null, "description": null, "drive_through": null, "name:vi": null, "healthcare:for": null, "short_name": null, "check_date:opening_hours": null, "contact:phone": null, "email": null, "opening_hours:signed": null, "alt_name": null, "addr:suite": null, "note:payment": null, "payment:american_express": null, "payment:discover_card": null, "payment:mastercard": null, "payment:visa": null, "start_date": null, "chicago:building_id": null, "access": null, "healthcare:counselling": null, "contact:facebook": null, "building:floor": null, "addr:floor": null, "internet_access": null, "payment:cash": null, "payment:credit_cards": null, "payment:debit_cards": null, "contact:instagram": null, "contact:linkedin": null, "contact:twitter": null, "contact:youtube": null, "reservation:website": null, "appointment:website": null, "contact:blog": null, "contact:website": null, "currency:XBT": null, "payment:lightning": null, "payment:lightning:operator": null, "payment:lightning_contactless": null, "payment:onchain": null, "nodes": [ 6061506492, 6061506493, 6061506494, 6061506495, 6061506496, 10239222923, 10239222926, 6061506497, 6061506498, 6061506499, 6061506492 ], "beds": null, "emergency": null, "gnis:feature_id": null, "building": "commercial", "building:levels": null, "layer": null, "old_name": null, "university_of_chicago:building_id": null, "university_of_chicago:business_unit_name": null, "roof:levels": null, "ele": null, "abbr_name": null, "ref": null, "toilets:wheelchair": null, "healthcare:speciality:wikidata": null, "healthcare:speciality:wikipedia": null, "name:ko": null, "image": null, "payment:cards": null, "payment:cheque": null, "polling_station": null, "architect": null, "height": null, "opening_date": null, "beauty": null, "shop": null, "smoking": null, "ways": null, "type": null, "category": "Primary Care Center – Private / Non-profit" }, "geometry": { "type": "Point", "coordinates": [ -87.615413388051877, 41.84713206024427 ] } },
{ "type": "Feature", "properties": { "amenity": "hospital", "healthcare": "hospital", "name": "Saint Elizabeth Hospital", "addr:city": "Chicago", "addr:housenumber": "1431", "addr:postcode": "60622", "addr:state": "IL", "addr:street": "North Claremont Avenue", "check_date": null, "healthcare:speciality": null, "phone": null, "website": "https://saintmaryofnazarethhospital.com/", "branch": null, "brand": null, "brand:wikidata": null, "disused:amenity": null, "level": null, "opening_hours": null, "designation": null, "operator": "Prime Healthcare Services", "urgent_care": null, "wheelchair": null, "addr:unit": null, "addr:street:name": null, "addr:street:prefix": null, "addr:street:type": null, "social_facility": null, "source": "OpenStreetMap", "operator:type": "private", "operator:wikidata": "Q7243267", "operator:wikipedia": null, "addr:country": null, "name:etymology:wikidata": null, "name:etymology:wikipedia": null, "operator:short": null, "air_conditioning": null, "fax": null, "wikidata": null, "wikipedia": null, "description": null, "drive_through": null, "name:vi": null, "healthcare:for": null, "short_name": null, "check_date:opening_hours": null, "contact:phone": null, "email": null, "opening_hours:signed": null, "alt_name": null, "addr:suite": null, "note:payment": null, "payment:american_express": null, "payment:discover_card": null, "payment:mastercard": null, "payment:visa": null, "start_date": null, "chicago:building_id": null, "access": null, "healthcare:counselling": null, "contact:facebook": null, "building:floor": null, "addr:floor": null, "internet_access": null, "payment:cash": null, "payment:credit_cards": null, "payment:debit_cards": null, "contact:instagram": null, "contact:linkedin": null, "contact:twitter": null, "contact:youtube": null, "reservation:website": null, "appointment:website": null, "contact:blog": null, "contact:website": null, "currency:XBT": null, "payment:lightning": null, "payment:lightning:operator": null, "payment:lightning_contactless": null, "payment:onchain": null, "nodes": [ 6498041717, 6498041718, 9975522636, 6498041719, 6498041720, 6498041717 ], "beds": null, "emergency": "no", "gnis:feature_id": null, "building": null, "building:levels": null, "layer": null, "old_name": null, "university_of_chicago:building_id": null, "university_of_chicago:business_unit_name": null, "roof:levels": null, "ele": null, "abbr_name": null, "ref": null, "toilets:wheelchair": null, "healthcare:speciality:wikidata": null, "healthcare:speciality:wikipedia": null, "name:ko": null, "image": null, "payment:cards": null, "payment:cheque": null, "polling_station": null, "architect": null, "height": null, "opening_date": null, "beauty": null, "shop": null, "smoking": null, "ways": null, "type": null, "category": "Hospital – Private / Non-profit" }, "geometry": { "type": "Point", "coordinates": [ -87.68533360302996, 41.907461615472883 ] } },
{ "type": "Feature", "properties": { "amenity": "clinic", "healthcare": "clinic", "name": "Emergency Room", "addr:city": null, "addr:housenumber": null, "addr:postcode": null, "addr:state": null, "addr:street": null, "check_date": null, "healthcare:speciality": "emergency", "phone": null, "website": null, "branch": null, "brand": null, "brand:wikidata": null, "disused:amenity": null, "level": null, "opening_hours": null, "designation": null, "operator": "Jesse Brown VA Medical Center", "urgent_care": "yes", "wheelchair": null, "addr:unit": null, "addr:street:name": null, "addr:street:prefix": null, "addr:street:type": null, "social_facility": null, "source": "OpenStreetMap", "operator:type": null, "operator:wikidata": null, "operator:wikipedia": null, "addr:country": null, "name:etymology:wikidata": null, "name:etymology:wikipedia": null, "operator:short": null, "air_conditioning": null, "fax": null, "wikidata": null, "wikipedia": null, "description": null, "drive_through": null, "name:vi": null, "healthcare:for": null, "short_name": null, "check_date:opening_hours": null, "contact:phone": null, "email": null, "opening_hours:signed": null, "alt_name": null, "addr:suite": null, "note:payment": null, "payment:american_express": null, "payment:discover_card": null, "payment:mastercard": null, "payment:visa": null, "start_date": null, "chicago:building_id": null, "access": null, "healthcare:counselling": null, "contact:facebook": null, "building:floor": null, "addr:floor": null, "internet_access": null, "payment:cash": null, "payment:credit_cards": null, "payment:debit_cards": null, "contact:instagram": null, "contact:linkedin": null, "contact:twitter": null, "contact:youtube": null, "reservation:website": null, "appointment:website": null, "contact:blog": null, "contact:website": null, "currency:XBT": null, "payment:lightning": null, "payment:lightning:operator": null, "payment:lightning_contactless": null, "payment:onchain": null, "nodes": [ 6993685023, 6993685122, 6993685024, 6993685004, 6993685003, 6993685023 ], "beds": null, "emergency": null, "gnis:feature_id": null, "building": "hospital", "building:levels": null, "layer": null, "old_name": null, "university_of_chicago:building_id": null, "university_of_chicago:business_unit_name": null, "roof:levels": null, "ele": null, "abbr_name": null, "ref": null, "toilets:wheelchair": null, "healthcare:speciality:wikidata": null, "healthcare:speciality:wikipedia": null, "name:ko": null, "image": null, "payment:cards": null, "payment:cheque": null, "polling_station": null, "architect": null, "height": null, "opening_date": null, "beauty": null, "shop": null, "smoking": null, "ways": null, "type": null, "category": "Primary Care Center – Public (FQHC / CHC)" }, "geometry": { "type": "Point", "coordinates": [ -87.676800578231152, 41.870752819686359 ] } },
{ "type": "Feature", "properties": { "amenity": "clinic", "healthcare": "dialysis", "name": "DaVita Dialysis", "addr:city": "Chicago", "addr:housenumber": "9505", "addr:postcode": "60617", "addr:state": "IL", "addr:street": "South Colfax Avenue", "check_date": null, "healthcare:speciality": "nephrology", "phone": null, "website": null, "branch": "Park Manor", "brand": "DaVita Dialysis", "brand:wikidata": "Q5207184", "disused:amenity": null, "level": null, "opening_hours": null, "designation": null, "operator": "DaVita Dialysis", "urgent_care": null, "wheelchair": null, "addr:unit": null, "addr:street:name": null, "addr:street:prefix": null, "addr:street:type": null, "social_facility": null, "source": "OpenStreetMap", "operator:type": "private", "operator:wikidata": "Q5207184", "operator:wikipedia": "de:DaVita", "addr:country": null, "name:etymology:wikidata": null, "name:etymology:wikipedia": null, "operator:short": null, "air_conditioning": null, "fax": null, "wikidata": null, "wikipedia": null, "description": null, "drive_through": null, "name:vi": null, "healthcare:for": null, "short_name": null, "check_date:opening_hours": null, "contact:phone": null, "email": null, "opening_hours:signed": null, "alt_name": null, "addr:suite": null, "note:payment": null, "payment:american_express": null, "payment:discover_card": null, "payment:mastercard": null, "payment:visa": null, "start_date": null, "chicago:building_id": null, "access": null, "healthcare:counselling": null, "contact:facebook": null, "building:floor": null, "addr:floor": null, "internet_access": null, "payment:cash": null, "payment:credit_cards": null, "payment:debit_cards": null, "contact:instagram": null, "contact:linkedin": null, "contact:twitter": null, "contact:youtube": null, "reservation:website": null, "appointment:website": null, "contact:blog": null, "contact:website": null, "currency:XBT": null, "payment:lightning": null, "payment:lightning:operator": null, "payment:lightning_contactless": null, "payment:onchain": null, "nodes": [ 7196670020, 7196670021, 12073936851, 2212993621, 7196670023, 7196670024, 7196670025, 7196670026, 7196670027, 7196670020 ], "beds": null, "emergency": null, "gnis:feature_id": null, "building": "commercial", "building:levels": null, "layer": null, "old_name": null, "university_of_chicago:building_id": null, "university_of_chicago:business_unit_name": null, "roof:levels": null, "ele": null, "abbr_name": null, "ref": null, "toilets:wheelchair": null, "healthcare:speciality:wikidata": null, "healthcare:speciality:wikipedia": null, "name:ko": null, "image": null, "payment:cards": null, "payment:cheque": null, "polling_station": null, "architect": null, "height": null, "opening_date": null, "beauty": null, "shop": null, "smoking": null, "ways": null, "type": null, "category": "Primary Care Center – Private / Non-profit" }, "geometry": { "type": "Point", "coordinates": [ -87.560222342420985, 41.722363075020851 ] } },
{ "type": "Feature", "properties": { "amenity": "doctors", "healthcare": "doctor", "name": "Joan and Paul Rubschlager Building", "addr:city": "Chicago", "addr:housenumber": "1520", "addr:postcode": "60607", "addr:state": "IL", "addr:street": "West Harrison Street", "check_date": null, "healthcare:speciality": "oncology", "phone": null, "website": "https://www.rush.edu/patients-visitors/joan-and-paul-rubschlager-building", "branch": null, "brand": null, "brand:wikidata": null, "disused:amenity": null, "level": null, "opening_hours": null, "designation": null, "operator": "Rush University Medical Center", "urgent_care": null, "wheelchair": null, "addr:unit": null, "addr:street:name": null, "addr:street:prefix": null, "addr:street:type": null, "social_facility": null, "source": "OpenStreetMap", "operator:type": null, "operator:wikidata": null, "operator:wikipedia": null, "addr:country": null, "name:etymology:wikidata": null, "name:etymology:wikipedia": null, "operator:short": null, "air_conditioning": null, "fax": null, "wikidata": null, "wikipedia": null, "description": null, "drive_through": null, "name:vi": null, "healthcare:for": null, "short_name": "Rubschlager Building", "check_date:opening_hours": null, "contact:phone": null, "email": null, "opening_hours:signed": null, "alt_name": null, "addr:suite": null, "note:payment": null, "payment:american_express": null, "payment:discover_card": null, "payment:mastercard": null, "payment:visa": null, "start_date": null, "chicago:building_id": null, "access": null, "healthcare:counselling": null, "contact:facebook": null, "building:floor": null, "addr:floor": null, "internet_access": null, "payment:cash": null, "payment:credit_cards": null, "payment:debit_cards": null, "contact:instagram": null, "contact:linkedin": null, "contact:twitter": null, "contact:youtube": null, "reservation:website": null, "appointment:website": null, "contact:blog": null, "contact:website": null, "currency:XBT": null, "payment:lightning": null, "payment:lightning:operator": null, "payment:lightning_contactless": null, "payment:onchain": null, "nodes": [ 7835304349, 10935211378, 10654154586, 10208835578, 10208835577, 10208835576, 10208835575, 10208835574, 10208835573, 7835304350, 7835304351, 9230957493, 9230957492, 7835304352, 9252307446, 9252307447, 10208835579, 9252307448, 7835304349 ], "beds": null, "emergency": null, "gnis:feature_id": null, "building": "hospital", "building:levels": null, "layer": null, "old_name": null, "university_of_chicago:building_id": null, "university_of_chicago:business_unit_name": null, "roof:levels": null, "ele": null, "abbr_name": null, "ref": null, "toilets:wheelchair": null, "healthcare:speciality:wikidata": null, "healthcare:speciality:wikipedia": null, "name:ko": null, "image": null, "payment:cards": null, "payment:cheque": null, "polling_station": null, "architect": null, "height": null, "opening_date": null, "beauty": null, "shop": null, "smoking": null, "ways": null, "type": null, "category": "Primary Care Center – Private / Non-profit" }, "geometry": { "type": "Point", "coordinates": [ -87.665585495536632, 41.874557284592107 ] } },
{ "type": "Feature", "properties": { "amenity": "clinic", "healthcare": "clinic", "name": "Belmont Cragin Health Center", "addr:city": "Chicago", "addr:housenumber": "5501", "addr:postcode": "60639", "addr:state": "IL", "addr:street": "West Fullerton Avenue", "check_date": null, "healthcare:speciality": null, "phone": null, "website": "https://cookcountyhealth.org/locations/belmont-cragin-health-center/", "branch": null, "brand": null, "brand:wikidata": null, "disused:amenity": null, "level": null, "opening_hours": null, "designation": null, "operator": "Cook County Health", "urgent_care": null, "wheelchair": null, "addr:unit": null, "addr:street:name": null, "addr:street:prefix": null, "addr:street:type": null, "social_facility": null, "source": "OpenStreetMap", "operator:type": "public", "operator:wikidata": "Q30286975", "operator:wikipedia": null, "addr:country": null, "name:etymology:wikidata": null, "name:etymology:wikipedia": null, "operator:short": "CCH", "air_conditioning": null, "fax": null, "wikidata": null, "wikipedia": null, "description": null, "drive_through": null, "name:vi": null, "healthcare:for": null, "short_name": null, "check_date:opening_hours": null, "contact:phone": null, "email": null, "opening_hours:signed": null, "alt_name": null, "addr:suite": null, "note:payment": null, "payment:american_express": null, "payment:discover_card": null, "payment:mastercard": null, "payment:visa": null, "start_date": null, "chicago:building_id": null, "access": null, "healthcare:counselling": null, "contact:facebook": null, "building:floor": null, "addr:floor": null, "internet_access": null, "payment:cash": null, "payment:credit_cards": null, "payment:debit_cards": null, "contact:instagram": null, "contact:linkedin": null, "contact:twitter": null, "contact:youtube": null, "reservation:website": null, "appointment:website": null, "contact:blog": null, "contact:website": null, "currency:XBT": null, "payment:lightning": null, "payment:lightning:operator": null, "payment:lightning_contactless": null, "payment:onchain": null, "nodes": [ 7876303477, 7876303478, 7876303479, 7876303480, 7876303481, 7876303482, 7876303477 ], "beds": null, "emergency": null, "gnis:feature_id": null, "building": "public", "building:levels": null, "layer": null, "old_name": null, "university_of_chicago:building_id": null, "university_of_chicago:business_unit_name": null, "roof:levels": null, "ele": null, "abbr_name": null, "ref": null, "toilets:wheelchair": null, "healthcare:speciality:wikidata": null, "healthcare:speciality:wikipedia": null, "name:ko": null, "image": null, "payment:cards": null, "payment:cheque": null, "polling_station": null, "architect": null, "height": null, "opening_date": null, "beauty": null, "shop": null, "smoking": null, "ways": null, "type": null, "category": "Primary Care Center – Public (FQHC / CHC)" }, "geometry": { "type": "Point", "coordinates": [ -87.763676635439694, 41.923642796268432 ] } },
{ "type": "Feature", "properties": { "amenity": "clinic", "healthcare": "dialysis", "name": "Fresenius Kidney Care", "addr:city": "Chicago", "addr:housenumber": "3520", "addr:postcode": "60651", "addr:state": "IL", "addr:street": "West Grand Avenue", "check_date": null, "healthcare:speciality": "nephrology", "phone": null, "website": null, "branch": "Humboldt Park", "brand": null, "brand:wikidata": null, "disused:amenity": null, "level": null, "opening_hours": null, "designation": null, "operator": "Fresenius Kidney Care", "urgent_care": null, "wheelchair": null, "addr:unit": null, "addr:street:name": null, "addr:street:prefix": null, "addr:street:type": null, "social_facility": null, "source": "OpenStreetMap", "operator:type": "private", "operator:wikidata": "Q650259", "operator:wikipedia": null, "addr:country": null, "name:etymology:wikidata": null, "name:etymology:wikipedia": null, "operator:short": null, "air_conditioning": null, "fax": null, "wikidata": null, "wikipedia": null, "description": null, "drive_through": null, "name:vi": null, "healthcare:for": null, "short_name": null, "check_date:opening_hours": null, "contact:phone": null, "email": null, "opening_hours:signed": null, "alt_name": null, "addr:suite": null, "note:payment": null, "payment:american_express": null, "payment:discover_card": null, "payment:mastercard": null, "payment:visa": null, "start_date": null, "chicago:building_id": null, "access": null, "healthcare:counselling": null, "contact:facebook": null, "building:floor": null, "addr:floor": null, "internet_access": null, "payment:cash": null, "payment:credit_cards": null, "payment:debit_cards": null, "contact:instagram": null, "contact:linkedin": null, "contact:twitter": null, "contact:youtube": null, "reservation:website": null, "appointment:website": null, "contact:blog": null, "contact:website": null, "currency:XBT": null, "payment:lightning": null, "payment:lightning:operator": null, "payment:lightning_contactless": null, "payment:onchain": null, "nodes": [ 8248769599, 8248769600, 8248769601, 11601663063, 11601663066, 8248769602, 8248769599 ], "beds": null, "emergency": null, "gnis:feature_id": null, "building": "retail", "building:levels": null, "layer": null, "old_name": null, "university_of_chicago:building_id": null, "university_of_chicago:business_unit_name": null, "roof:levels": null, "ele": null, "abbr_name": null, "ref": null, "toilets:wheelchair": null, "healthcare:speciality:wikidata": null, "healthcare:speciality:wikipedia": null, "name:ko": null, "image": null, "payment:cards": null, "payment:cheque": null, "polling_station": null, "architect": null, "height": null, "opening_date": null, "beauty": null, "shop": null, "smoking": null, "ways": null, "type": null, "category": "Primary Care Center – Private / Non-profit" }, "geometry": { "type": "Point", "coordinates": [ -87.714410900712082, 41.901657899992799 ] } },
{ "type": "Feature", "properties": { "amenity": "clinic", "healthcare": "dialysis", "name": "DaVita Dialysis", "addr:city": "Chicago", "addr:housenumber": "8109", "addr:postcode": "60620", "addr:state": "IL", "addr:street": "South Western Avenue", "check_date": null, "healthcare:speciality": "nephrology", "phone": null, "website": null, "branch": "Beverly Clinic", "brand": "DaVita Dialysis", "brand:wikidata": "Q5207184", "disused:amenity": null, "level": null, "opening_hours": null, "designation": null, "operator": "DaVita Dialysis", "urgent_care": null, "wheelchair": null, "addr:unit": null, "addr:street:name": null, "addr:street:prefix": null, "addr:street:type": null, "social_facility": null, "source": "OpenStreetMap", "operator:type": "private", "operator:wikidata": "Q5207184", "operator:wikipedia": "de:DaVita", "addr:country": null, "name:etymology:wikidata": null, "name:etymology:wikipedia": null, "operator:short": null, "air_conditioning": null, "fax": null, "wikidata": null, "wikipedia": null, "description": null, "drive_through": null, "name:vi": null, "healthcare:for": null, "short_name": null, "check_date:opening_hours": null, "contact:phone": null, "email": null, "opening_hours:signed": null, "alt_name": null, "addr:suite": null, "note:payment": null, "payment:american_express": null, "payment:discover_card": null, "payment:mastercard": null, "payment:visa": null, "start_date": null, "chicago:building_id": null, "access": null, "healthcare:counselling": null, "contact:facebook": null, "building:floor": null, "addr:floor": null, "internet_access": null, "payment:cash": null, "payment:credit_cards": null, "payment:debit_cards": null, "contact:instagram": null, "contact:linkedin": null, "contact:twitter": null, "contact:youtube": null, "reservation:website": null, "appointment:website": null, "contact:blog": null, "contact:website": null, "currency:XBT": null, "payment:lightning": null, "payment:lightning:operator": null, "payment:lightning_contactless": null, "payment:onchain": null, "nodes": [ 8562961918, 8562961919, 8562961920, 10722051990, 10722051991, 10722051992, 10722051989, 8562961921, 8562961918 ], "beds": null, "emergency": null, "gnis:feature_id": null, "building": "retail", "building:levels": null, "layer": null, "old_name": null, "university_of_chicago:building_id": null, "university_of_chicago:business_unit_name": null, "roof:levels": null, "ele": null, "abbr_name": null, "ref": null, "toilets:wheelchair": null, "healthcare:speciality:wikidata": null, "healthcare:speciality:wikipedia": null, "name:ko": null, "image": null, "payment:cards": null, "payment:cheque": null, "polling_station": null, "architect": null, "height": null, "opening_date": null, "beauty": null, "shop": null, "smoking": null, "ways": null, "type": null, "category": "Primary Care Center – Private / Non-profit" }, "geometry": { "type": "Point", "coordinates": [ -87.682440917757347, 41.746037648784409 ] } },
{ "type": "Feature", "properties": { "amenity": "clinic", "healthcare": "dialysis", "name": "DaVita Dialysis", "addr:city": "Chicago", "addr:housenumber": "414", "addr:postcode": "60624", "addr:state": "IL", "addr:street": "North Homan Avenue", "check_date": null, "healthcare:speciality": "nephrology", "phone": null, "website": "https://www.davita.com/locations/il/chicago/414-n-homan-ave--6960", "branch": null, "brand": null, "brand:wikidata": null, "disused:amenity": null, "level": null, "opening_hours": null, "designation": null, "operator": "DaVita Dialysis", "urgent_care": null, "wheelchair": null, "addr:unit": null, "addr:street:name": null, "addr:street:prefix": null, "addr:street:type": null, "social_facility": null, "source": "OpenStreetMap", "operator:type": "private", "operator:wikidata": "Q5207184", "operator:wikipedia": null, "addr:country": null, "name:etymology:wikidata": null, "name:etymology:wikipedia": null, "operator:short": null, "air_conditioning": null, "fax": null, "wikidata": null, "wikipedia": null, "description": null, "drive_through": null, "name:vi": null, "healthcare:for": null, "short_name": null, "check_date:opening_hours": null, "contact:phone": null, "email": null, "opening_hours:signed": null, "alt_name": null, "addr:suite": null, "note:payment": null, "payment:american_express": null, "payment:discover_card": null, "payment:mastercard": null, "payment:visa": null, "start_date": null, "chicago:building_id": null, "access": null, "healthcare:counselling": null, "contact:facebook": null, "building:floor": null, "addr:floor": null, "internet_access": null, "payment:cash": null, "payment:credit_cards": null, "payment:debit_cards": null, "contact:instagram": null, "contact:linkedin": null, "contact:twitter": null, "contact:youtube": null, "reservation:website": null, "appointment:website": null, "contact:blog": null, "contact:website": null, "currency:XBT": null, "payment:lightning": null, "payment:lightning:operator": null, "payment:lightning_contactless": null, "payment:onchain": null, "nodes": [ 8619079987, 8619079988, 8619079989, 8619079990, 8619079991, 8619079992, 8619079993, 8619079994, 8619079987 ], "beds": null, "emergency": null, "gnis:feature_id": null, "building": "retail", "building:levels": null, "layer": null, "old_name": null, "university_of_chicago:building_id": null, "university_of_chicago:business_unit_name": null, "roof:levels": null, "ele": null, "abbr_name": null, "ref": null, "toilets:wheelchair": null, "healthcare:speciality:wikidata": null, "healthcare:speciality:wikipedia": null, "name:ko": null, "image": null, "payment:cards": null, "payment:cheque": null, "polling_station": null, "architect": null, "height": null, "opening_date": null, "beauty": null, "shop": null, "smoking": null, "ways": null, "type": null, "category": "Primary Care Center – Private / Non-profit" }, "geometry": { "type": "Point", "coordinates": [ -87.7115862865503, 41.889002543871833 ] } },
{ "type": "Feature", "properties": { "amenity": "clinic", "healthcare": "dialysis", "name": "Fresenius Kidney Care", "addr:city": "Chicago", "addr:housenumber": "4616", "addr:postcode": "60609", "addr:state": "IL", "addr:street": "South Bishop Street", "check_date": null, "healthcare:speciality": "nephrology", "phone": null, "website": null, "branch": null, "brand": null, "brand:wikidata": null, "disused:amenity": null, "level": null, "opening_hours": null, "designation": null, "operator": "Fresenius Kidney Care", "urgent_care": null, "wheelchair": null, "addr:unit": null, "addr:street:name": null, "addr:street:prefix": null, "addr:street:type": null, "social_facility": null, "source": "OpenStreetMap", "operator:type": "private", "operator:wikidata": "Q650259", "operator:wikipedia": "en:Fresenius Medical Care", "addr:country": null, "name:etymology:wikidata": null, "name:etymology:wikipedia": null, "operator:short": null, "air_conditioning": null, "fax": null, "wikidata": null, "wikipedia": null, "description": null, "drive_through": null, "name:vi": null, "healthcare:for": null, "short_name": null, "check_date:opening_hours": null, "contact:phone": null, "email": null, "opening_hours:signed": null, "alt_name": null, "addr:suite": null, "note:payment": null, "payment:american_express": null, "payment:discover_card": null, "payment:mastercard": null, "payment:visa": null, "start_date": null, "chicago:building_id": null, "access": null, "healthcare:counselling": null, "contact:facebook": null, "building:floor": null, "addr:floor": null, "internet_access": null, "payment:cash": null, "payment:credit_cards": null, "payment:debit_cards": null, "contact:instagram": null, "contact:linkedin": null, "contact:twitter": null, "contact:youtube": null, "reservation:website": null, "appointment:website": null, "contact:blog": null, "contact:website": null, "currency:XBT": null, "payment:lightning": null, "payment:lightning:operator": null, "payment:lightning_contactless": null, "payment:onchain": null, "nodes": [ 9308757488, 2202765003, 2202765009, 9308757489, 9308757488 ], "beds": null, "emergency": null, "gnis:feature_id": null, "building": "retail", "building:levels": null, "layer": null, "old_name": null, "university_of_chicago:building_id": null, "university_of_chicago:business_unit_name": null, "roof:levels": null, "ele": null, "abbr_name": null, "ref": null, "toilets:wheelchair": null, "healthcare:speciality:wikidata": null, "healthcare:speciality:wikipedia": null, "name:ko": null, "image": null, "payment:cards": null, "payment:cheque": null, "polling_station": null, "architect": null, "height": null, "opening_date": null, "beauty": null, "shop": null, "smoking": null, "ways": null, "type": null, "category": "Primary Care Center – Private / Non-profit" }, "geometry": { "type": "Point", "coordinates": [ -87.661706688798319, 41.809841568627569 ] } },
{ "type": "Feature", "properties": { "amenity": "clinic", "healthcare": "dialysis", "name": "DaVita Dialysis", "addr:city": "Chicago", "addr:housenumber": "4737", "addr:postcode": "60632", "addr:state": "IL", "addr:street": "South California Avenue", "check_date": null, "healthcare:speciality": "nephrology", "phone": null, "website": null, "branch": null, "brand": null, "brand:wikidata": null, "disused:amenity": null, "level": null, "opening_hours": null, "designation": null, "operator": "DaVita Dialysis", "urgent_care": null, "wheelchair": null, "addr:unit": null, "addr:street:name": null, "addr:street:prefix": null, "addr:street:type": null, "social_facility": null, "source": "OpenStreetMap", "operator:type": "private", "operator:wikidata": "Q5207184", "operator:wikipedia": "de:DaVita", "addr:country": null, "name:etymology:wikidata": null, "name:etymology:wikipedia": null, "operator:short": null, "air_conditioning": null, "fax": null, "wikidata": null, "wikipedia": null, "description": null, "drive_through": null, "name:vi": null, "healthcare:for": null, "short_name": null, "check_date:opening_hours": null, "contact:phone": null, "email": null, "opening_hours:signed": null, "alt_name": null, "addr:suite": null, "note:payment": null, "payment:american_express": null, "payment:discover_card": null, "payment:mastercard": null, "payment:visa": null, "start_date": null, "chicago:building_id": null, "access": null, "healthcare:counselling": null, "contact:facebook": null, "building:floor": null, "addr:floor": null, "internet_access": null, "payment:cash": null, "payment:credit_cards": null, "payment:debit_cards": null, "contact:instagram": null, "contact:linkedin": null, "contact:twitter": null, "contact:youtube": null, "reservation:website": null, "appointment:website": null, "contact:blog": null, "contact:website": null, "currency:XBT": null, "payment:lightning": null, "payment:lightning:operator": null, "payment:lightning_contactless": null, "payment:onchain": null, "nodes": [ 9322401276, 9322401277, 9322401278, 9322401279, 9322401280, 9322401281, 9322401282, 9322401283, 9322401284, 9322401285, 9322401286, 9322401287, 9322401288, 9322401289, 9322401290, 9322401291, 9322401276 ], "beds": null, "emergency": null, "gnis:feature_id": null, "building": "retail", "building:levels": null, "layer": null, "old_name": null, "university_of_chicago:building_id": null, "university_of_chicago:business_unit_name": null, "roof:levels": null, "ele": null, "abbr_name": null, "ref": null, "toilets:wheelchair": null, "healthcare:speciality:wikidata": null, "healthcare:speciality:wikipedia": null, "name:ko": null, "image": null, "payment:cards": null, "payment:cheque": null, "polling_station": null, "architect": null, "height": null, "opening_date": null, "beauty": null, "shop": null, "smoking": null, "ways": null, "type": null, "category": "Primary Care Center – Private / Non-profit" }, "geometry": { "type": "Point", "coordinates": [ -87.693855615165646, 41.807248901967355 ] } },
{ "type": "Feature", "properties": { "amenity": "clinic", "healthcare": "clinic", "name": "Northwestern Medicine Outpatient Center", "addr:city": "Chicago", "addr:housenumber": null, "addr:postcode": "60641", "addr:state": "IL", "addr:street": "West Irving Park Road", "check_date": null, "healthcare:speciality": null, "phone": null, "website": null, "branch": null, "brand": "Northwestern Medicine", "brand:wikidata": "Q50036890", "disused:amenity": null, "level": null, "opening_hours": null, "designation": null, "operator": "Northwestern Medicine", "urgent_care": null, "wheelchair": null, "addr:unit": null, "addr:street:name": null, "addr:street:prefix": null, "addr:street:type": null, "social_facility": null, "source": "OpenStreetMap", "operator:type": "university", "operator:wikidata": null, "operator:wikipedia": null, "addr:country": null, "name:etymology:wikidata": null, "name:etymology:wikipedia": null, "operator:short": null, "air_conditioning": null, "fax": null, "wikidata": null, "wikipedia": null, "description": null, "drive_through": null, "name:vi": null, "healthcare:for": null, "short_name": null, "check_date:opening_hours": null, "contact:phone": null, "email": null, "opening_hours:signed": null, "alt_name": null, "addr:suite": null, "note:payment": null, "payment:american_express": null, "payment:discover_card": null, "payment:mastercard": null, "payment:visa": null, "start_date": null, "chicago:building_id": null, "access": null, "healthcare:counselling": null, "contact:facebook": null, "building:floor": null, "addr:floor": null, "internet_access": null, "payment:cash": null, "payment:credit_cards": null, "payment:debit_cards": null, "contact:instagram": null, "contact:linkedin": null, "contact:twitter": null, "contact:youtube": null, "reservation:website": null, "appointment:website": null, "contact:blog": null, "contact:website": null, "currency:XBT": null, "payment:lightning": null, "payment:lightning:operator": null, "payment:lightning_contactless": null, "payment:onchain": null, "nodes": [ 9473044582, 11805902088, 11805902087, 11805902090, 11805902091, 11805902092, 11805902093, 11805902094, 9473044583, 9473044584, 9473044585, 11805902096, 11805902089, 9473044582 ], "beds": null, "emergency": null, "gnis:feature_id": null, "building": "commercial", "building:levels": null, "layer": null, "old_name": null, "university_of_chicago:building_id": null, "university_of_chicago:business_unit_name": null, "roof:levels": null, "ele": null, "abbr_name": null, "ref": null, "toilets:wheelchair": null, "healthcare:speciality:wikidata": null, "healthcare:speciality:wikipedia": null, "name:ko": null, "image": null, "payment:cards": null, "payment:cheque": null, "polling_station": null, "architect": null, "height": null, "opening_date": null, "beauty": null, "shop": null, "smoking": null, "ways": null, "type": null, "category": "Primary Care Center – Private / Non-profit" }, "geometry": { "type": "Point", "coordinates": [ -87.740132776801545, 41.953158996205161 ] } },
{ "type": "Feature", "properties": { "amenity": null, "healthcare": "centre", "name": null, "addr:city": null, "addr:housenumber": null, "addr:postcode": null, "addr:state": null, "addr:street": null, "check_date": null, "healthcare:speciality": null, "phone": null, "website": null, "branch": null, "brand": null, "brand:wikidata": null, "disused:amenity": null, "level": null, "opening_hours": null, "designation": null, "operator": null, "urgent_care": null, "wheelchair": null, "addr:unit": null, "addr:street:name": null, "addr:street:prefix": null, "addr:street:type": null, "social_facility": null, "source": "OpenStreetMap", "operator:type": null, "operator:wikidata": null, "operator:wikipedia": null, "addr:country": null, "name:etymology:wikidata": null, "name:etymology:wikipedia": null, "operator:short": null, "air_conditioning": null, "fax": null, "wikidata": null, "wikipedia": null, "description": null, "drive_through": null, "name:vi": null, "healthcare:for": null, "short_name": null, "check_date:opening_hours": null, "contact:phone": null, "email": null, "opening_hours:signed": null, "alt_name": null, "addr:suite": null, "note:payment": null, "payment:american_express": null, "payment:discover_card": null, "payment:mastercard": null, "payment:visa": null, "start_date": null, "chicago:building_id": null, "access": null, "healthcare:counselling": null, "contact:facebook": null, "building:floor": null, "addr:floor": null, "internet_access": null, "payment:cash": null, "payment:credit_cards": null, "payment:debit_cards": null, "contact:instagram": null, "contact:linkedin": null, "contact:twitter": null, "contact:youtube": null, "reservation:website": null, "appointment:website": null, "contact:blog": null, "contact:website": null, "currency:XBT": null, "payment:lightning": null, "payment:lightning:operator": null, "payment:lightning_contactless": null, "payment:onchain": null, "nodes": [ 9518167874, 9518167875, 2172882436, 2172882447, 7098810010, 9518167876, 9518167874 ], "beds": null, "emergency": null, "gnis:feature_id": null, "building": null, "building:levels": null, "layer": null, "old_name": null, "university_of_chicago:building_id": null, "university_of_chicago:business_unit_name": null, "roof:levels": null, "ele": null, "abbr_name": null, "ref": null, "toilets:wheelchair": null, "healthcare:speciality:wikidata": null, "healthcare:speciality:wikipedia": null, "name:ko": null, "image": null, "payment:cards": null, "payment:cheque": null, "polling_station": null, "architect": null, "height": null, "opening_date": null, "beauty": null, "shop": null, "smoking": null, "ways": null, "type": null, "category": "Primary Care Center – Private / Non-profit" }, "geometry": { "type": "Point", "coordinates": [ -87.650658886651669, 41.854162196867165 ] } },
{ "type": "Feature", "properties": { "amenity": null, "healthcare": "clinic", "name": null, "addr:city": null, "addr:housenumber": null, "addr:postcode": null, "addr:state": null, "addr:street": null, "check_date": null, "healthcare:speciality": null, "phone": null, "website": null, "branch": null, "brand": null, "brand:wikidata": null, "disused:amenity": null, "level": null, "opening_hours": null, "designation": null, "operator": null, "urgent_care": null, "wheelchair": null, "addr:unit": null, "addr:street:name": null, "addr:street:prefix": null, "addr:street:type": null, "social_facility": null, "source": "OpenStreetMap", "operator:type": null, "operator:wikidata": null, "operator:wikipedia": null, "addr:country": null, "name:etymology:wikidata": null, "name:etymology:wikipedia": null, "operator:short": null, "air_conditioning": null, "fax": null, "wikidata": null, "wikipedia": null, "description": null, "drive_through": null, "name:vi": null, "healthcare:for": null, "short_name": null, "check_date:opening_hours": null, "contact:phone": null, "email": null, "opening_hours:signed": null, "alt_name": null, "addr:suite": null, "note:payment": null, "payment:american_express": null, "payment:discover_card": null, "payment:mastercard": null, "payment:visa": null, "start_date": null, "chicago:building_id": null, "access": null, "healthcare:counselling": null, "contact:facebook": null, "building:floor": null, "addr:floor": null, "internet_access": null, "payment:cash": null, "payment:credit_cards": null, "payment:debit_cards": null, "contact:instagram": null, "contact:linkedin": null, "contact:twitter": null, "contact:youtube": null, "reservation:website": null, "appointment:website": null, "contact:blog": null, "contact:website": null, "currency:XBT": null, "payment:lightning": null, "payment:lightning:operator": null, "payment:lightning_contactless": null, "payment:onchain": null, "nodes": [ 9567396491, 9567396492, 9567396493, 9567396494, 9567396491 ], "beds": null, "emergency": null, "gnis:feature_id": null, "building": null, "building:levels": null, "layer": null, "old_name": null, "university_of_chicago:building_id": null, "university_of_chicago:business_unit_name": null, "roof:levels": null, "ele": null, "abbr_name": null, "ref": null, "toilets:wheelchair": null, "healthcare:speciality:wikidata": null, "healthcare:speciality:wikipedia": null, "name:ko": null, "image": null, "payment:cards": null, "payment:cheque": null, "polling_station": null, "architect": null, "height": null, "opening_date": null, "beauty": null, "shop": null, "smoking": null, "ways": null, "type": null, "category": "Primary Care Center – Private / Non-profit" }, "geometry": { "type": "Point", "coordinates": [ -87.677750061033137, 41.874522108044545 ] } },
{ "type": "Feature", "properties": { "amenity": null, "healthcare": "centre", "name": null, "addr:city": null, "addr:housenumber": null, "addr:postcode": null, "addr:state": null, "addr:street": null, "check_date": null, "healthcare:speciality": null, "phone": null, "website": null, "branch": null, "brand": null, "brand:wikidata": null, "disused:amenity": null, "level": null, "opening_hours": null, "designation": null, "operator": null, "urgent_care": null, "wheelchair": null, "addr:unit": null, "addr:street:name": null, "addr:street:prefix": null, "addr:street:type": null, "social_facility": null, "source": "OpenStreetMap", "operator:type": null, "operator:wikidata": null, "operator:wikipedia": null, "addr:country": null, "name:etymology:wikidata": null, "name:etymology:wikipedia": null, "operator:short": null, "air_conditioning": null, "fax": null, "wikidata": null, "wikipedia": null, "description": null, "drive_through": null, "name:vi": null, "healthcare:for": null, "short_name": null, "check_date:opening_hours": null, "contact:phone": null, "email": null, "opening_hours:signed": null, "alt_name": null, "addr:suite": null, "note:payment": null, "payment:american_express": null, "payment:discover_card": null, "payment:mastercard": null, "payment:visa": null, "start_date": null, "chicago:building_id": null, "access": null, "healthcare:counselling": null, "contact:facebook": null, "building:floor": null, "addr:floor": null, "internet_access": null, "payment:cash": null, "payment:credit_cards": null, "payment:debit_cards": null, "contact:instagram": null, "contact:linkedin": null, "contact:twitter": null, "contact:youtube": null, "reservation:website": null, "appointment:website": null, "contact:blog": null, "contact:website": null, "currency:XBT": null, "payment:lightning": null, "payment:lightning:operator": null, "payment:lightning_contactless": null, "payment:onchain": null, "nodes": [ 9581852692, 9581852693, 9581852684, 9581852685, 9938661763, 9581852692 ], "beds": null, "emergency": null, "gnis:feature_id": null, "building": null, "building:levels": null, "layer": null, "old_name": null, "university_of_chicago:building_id": null, "university_of_chicago:business_unit_name": null, "roof:levels": null, "ele": null, "abbr_name": null, "ref": null, "toilets:wheelchair": null, "healthcare:speciality:wikidata": null, "healthcare:speciality:wikipedia": null, "name:ko": null, "image": null, "payment:cards": null, "payment:cheque": null, "polling_station": null, "architect": null, "height": null, "opening_date": null, "beauty": null, "shop": null, "smoking": null, "ways": null, "type": null, "category": "Primary Care Center – Private / Non-profit" }, "geometry": { "type": "Point", "coordinates": [ -87.625147235264848, 41.858200278656042 ] } },
{ "type": "Feature", "properties": { "amenity": null, "healthcare": "clinic", "name": null, "addr:city": null, "addr:housenumber": null, "addr:postcode": null, "addr:state": null, "addr:street": null, "check_date": null, "healthcare:speciality": null, "phone": null, "website": null, "branch": null, "brand": null, "brand:wikidata": null, "disused:amenity": null, "level": null, "opening_hours": null, "designation": null, "operator": null, "urgent_care": null, "wheelchair": null, "addr:unit": null, "addr:street:name": null, "addr:street:prefix": null, "addr:street:type": null, "social_facility": null, "source": "OpenStreetMap", "operator:type": null, "operator:wikidata": null, "operator:wikipedia": null, "addr:country": null, "name:etymology:wikidata": null, "name:etymology:wikipedia": null, "operator:short": null, "air_conditioning": null, "fax": null, "wikidata": null, "wikipedia": null, "description": null, "drive_through": null, "name:vi": null, "healthcare:for": null, "short_name": null, "check_date:opening_hours": null, "contact:phone": null, "email": null, "opening_hours:signed": null, "alt_name": null, "addr:suite": null, "note:payment": null, "payment:american_express": null, "payment:discover_card": null, "payment:mastercard": null, "payment:visa": null, "start_date": null, "chicago:building_id": null, "access": null, "healthcare:counselling": null, "contact:facebook": null, "building:floor": null, "addr:floor": null, "internet_access": null, "payment:cash": null, "payment:credit_cards": null, "payment:debit_cards": null, "contact:instagram": null, "contact:linkedin": null, "contact:twitter": null, "contact:youtube": null, "reservation:website": null, "appointment:website": null, "contact:blog": null, "contact:website": null, "currency:XBT": null, "payment:lightning": null, "payment:lightning:operator": null, "payment:lightning_contactless": null, "payment:onchain": null, "nodes": [ 9600857203, 9600857204, 9600857205, 9600857206, 9600857203 ], "beds": null, "emergency": null, "gnis:feature_id": null, "building": null, "building:levels": null, "layer": null, "old_name": null, "university_of_chicago:building_id": null, "university_of_chicago:business_unit_name": null, "roof:levels": null, "ele": null, "abbr_name": null, "ref": null, "toilets:wheelchair": null, "healthcare:speciality:wikidata": null, "healthcare:speciality:wikipedia": null, "name:ko": null, "image": null, "payment:cards": null, "payment:cheque": null, "polling_station": null, "architect": null, "height": null, "opening_date": null, "beauty": null, "shop": null, "smoking": null, "ways": null, "type": null, "category": "Primary Care Center – Private / Non-profit" }, "geometry": { "type": "Point", "coordinates": [ -87.600043656234192, 41.817255936801963 ] } },
{ "type": "Feature", "properties": { "amenity": null, "healthcare": "clinic", "name": null, "addr:city": null, "addr:housenumber": null, "addr:postcode": null, "addr:state": null, "addr:street": null, "check_date": null, "healthcare:speciality": null, "phone": null, "website": null, "branch": null, "brand": null, "brand:wikidata": null, "disused:amenity": null, "level": null, "opening_hours": null, "designation": null, "operator": null, "urgent_care": null, "wheelchair": null, "addr:unit": null, "addr:street:name": null, "addr:street:prefix": null, "addr:street:type": null, "social_facility": null, "source": "OpenStreetMap", "operator:type": null, "operator:wikidata": null, "operator:wikipedia": null, "addr:country": null, "name:etymology:wikidata": null, "name:etymology:wikipedia": null, "operator:short": null, "air_conditioning": null, "fax": null, "wikidata": null, "wikipedia": null, "description": null, "drive_through": null, "name:vi": null, "healthcare:for": null, "short_name": null, "check_date:opening_hours": null, "contact:phone": null, "email": null, "opening_hours:signed": null, "alt_name": null, "addr:suite": null, "note:payment": null, "payment:american_express": null, "payment:discover_card": null, "payment:mastercard": null, "payment:visa": null, "start_date": null, "chicago:building_id": null, "access": null, "healthcare:counselling": null, "contact:facebook": null, "building:floor": null, "addr:floor": null, "internet_access": null, "payment:cash": null, "payment:credit_cards": null, "payment:debit_cards": null, "contact:instagram": null, "contact:linkedin": null, "contact:twitter": null, "contact:youtube": null, "reservation:website": null, "appointment:website": null, "contact:blog": null, "contact:website": null, "currency:XBT": null, "payment:lightning": null, "payment:lightning:operator": null, "payment:lightning_contactless": null, "payment:onchain": null, "nodes": [ 1924566025, 9602009391, 9602009392, 1924566032, 1924566136, 1924566126, 1924566125, 1924566025 ], "beds": null, "emergency": null, "gnis:feature_id": null, "building": null, "building:levels": null, "layer": null, "old_name": null, "university_of_chicago:building_id": null, "university_of_chicago:business_unit_name": null, "roof:levels": null, "ele": null, "abbr_name": null, "ref": null, "toilets:wheelchair": null, "healthcare:speciality:wikidata": null, "healthcare:speciality:wikipedia": null, "name:ko": null, "image": null, "payment:cards": null, "payment:cheque": null, "polling_station": null, "architect": null, "height": null, "opening_date": null, "beauty": null, "shop": null, "smoking": null, "ways": null, "type": null, "category": "Primary Care Center – Private / Non-profit" }, "geometry": { "type": "Point", "coordinates": [ -87.605049210941232, 41.79568179069674 ] } },
{ "type": "Feature", "properties": { "amenity": null, "healthcare": "clinic", "name": null, "addr:city": null, "addr:housenumber": null, "addr:postcode": null, "addr:state": null, "addr:street": null, "check_date": null, "healthcare:speciality": null, "phone": null, "website": null, "branch": null, "brand": null, "brand:wikidata": null, "disused:amenity": null, "level": null, "opening_hours": null, "designation": null, "operator": null, "urgent_care": null, "wheelchair": null, "addr:unit": null, "addr:street:name": null, "addr:street:prefix": null, "addr:street:type": null, "social_facility": null, "source": "OpenStreetMap", "operator:type": null, "operator:wikidata": null, "operator:wikipedia": null, "addr:country": null, "name:etymology:wikidata": null, "name:etymology:wikipedia": null, "operator:short": null, "air_conditioning": null, "fax": null, "wikidata": null, "wikipedia": null, "description": null, "drive_through": null, "name:vi": null, "healthcare:for": null, "short_name": null, "check_date:opening_hours": null, "contact:phone": null, "email": null, "opening_hours:signed": null, "alt_name": null, "addr:suite": null, "note:payment": null, "payment:american_express": null, "payment:discover_card": null, "payment:mastercard": null, "payment:visa": null, "start_date": null, "chicago:building_id": null, "access": null, "healthcare:counselling": null, "contact:facebook": null, "building:floor": null, "addr:floor": null, "internet_access": null, "payment:cash": null, "payment:credit_cards": null, "payment:debit_cards": null, "contact:instagram": null, "contact:linkedin": null, "contact:twitter": null, "contact:youtube": null, "reservation:website": null, "appointment:website": null, "contact:blog": null, "contact:website": null, "currency:XBT": null, "payment:lightning": null, "payment:lightning:operator": null, "payment:lightning_contactless": null, "payment:onchain": null, "nodes": [ 1923601811, 9627796332, 1923601781, 1923601929, 12587101714, 1923601811 ], "beds": null, "emergency": null, "gnis:feature_id": null, "building": null, "building:levels": null, "layer": null, "old_name": null, "university_of_chicago:building_id": null, "university_of_chicago:business_unit_name": null, "roof:levels": null, "ele": null, "abbr_name": null, "ref": null, "toilets:wheelchair": null, "healthcare:speciality:wikidata": null, "healthcare:speciality:wikipedia": null, "name:ko": null, "image": null, "payment:cards": null, "payment:cheque": null, "polling_station": null, "architect": null, "height": null, "opening_date": null, "beauty": null, "shop": null, "smoking": null, "ways": null, "type": null, "category": "Primary Care Center – Private / Non-profit" }, "geometry": { "type": "Point", "coordinates": [ -87.595756214118154, 41.779680223371528 ] } },
{ "type": "Feature", "properties": { "amenity": "clinic", "healthcare": "dialysis", "name": "Fresenius Kidney Care", "addr:city": "Chicago", "addr:housenumber": "946", "addr:postcode": "60621", "addr:state": "IL", "addr:street": "West 63rd Street", "check_date": null, "healthcare:speciality": "nephrology", "phone": null, "website": "https://www.freseniuskidneycare.com/dialysis-centers/illinois/9042", "branch": "Englewood", "brand": null, "brand:wikidata": null, "disused:amenity": null, "level": null, "opening_hours": null, "designation": null, "operator": "Fresenius Kidney Care", "urgent_care": null, "wheelchair": null, "addr:unit": null, "addr:street:name": null, "addr:street:prefix": null, "addr:street:type": null, "social_facility": null, "source": "OpenStreetMap", "operator:type": "private", "operator:wikidata": "Q650259", "operator:wikipedia": null, "addr:country": null, "name:etymology:wikidata": null, "name:etymology:wikipedia": null, "operator:short": null, "air_conditioning": null, "fax": null, "wikidata": null, "wikipedia": null, "description": null, "drive_through": null, "name:vi": null, "healthcare:for": null, "short_name": null, "check_date:opening_hours": null, "contact:phone": null, "email": null, "opening_hours:signed": null, "alt_name": null, "addr:suite": null, "note:payment": null, "payment:american_express": null, "payment:discover_card": null, "payment:mastercard": null, "payment:visa": null, "start_date": null, "chicago:building_id": null, "access": null, "healthcare:counselling": null, "contact:facebook": null, "building:floor": null, "addr:floor": null, "internet_access": null, "payment:cash": null, "payment:credit_cards": null, "payment:debit_cards": null, "contact:instagram": null, "contact:linkedin": null, "contact:twitter": null, "contact:youtube": null, "reservation:website": null, "appointment:website": null, "contact:blog": null, "contact:website": null, "currency:XBT": null, "payment:lightning": null, "payment:lightning:operator": null, "payment:lightning_contactless": null, "payment:onchain": null, "nodes": [ 9995570343, 9995570344, 9995570345, 10196830663, 9995570346, 9995570347, 10196830664, 9995570348, 9995570349, 9995570350, 9995570343 ], "beds": null, "emergency": null, "gnis:feature_id": null, "building": "retail", "building:levels": null, "layer": null, "old_name": null, "university_of_chicago:building_id": null, "university_of_chicago:business_unit_name": null, "roof:levels": null, "ele": null, "abbr_name": null, "ref": null, "toilets:wheelchair": null, "healthcare:speciality:wikidata": null, "healthcare:speciality:wikipedia": null, "name:ko": null, "image": null, "payment:cards": null, "payment:cheque": null, "polling_station": null, "architect": null, "height": null, "opening_date": null, "beauty": null, "shop": null, "smoking": null, "ways": null, "type": null, "category": "Primary Care Center – Private / Non-profit" }, "geometry": { "type": "Point", "coordinates": [ -87.649273935451404, 41.779914257514498 ] } },
{ "type": "Feature", "properties": { "amenity": "clinic", "healthcare": "clinic", "name": "Broadway Youth Center", "addr:city": "Chicago", "addr:housenumber": "1023", "addr:postcode": "60613", "addr:state": "IL", "addr:street": "West Irving Park Road", "check_date": null, "healthcare:speciality": null, "phone": null, "website": "https://howardbrown.org/clinic_location/broadway-youth-center/", "branch": null, "brand": null, "brand:wikidata": null, "disused:amenity": null, "level": null, "opening_hours": "Mo-Fr 09:00-19:00", "designation": null, "operator": "Howard Brown Health", "urgent_care": null, "wheelchair": null, "addr:unit": null, "addr:street:name": null, "addr:street:prefix": null, "addr:street:type": null, "social_facility": null, "source": "OpenStreetMap", "operator:type": "private_non_profit", "operator:wikidata": null, "operator:wikipedia": null, "addr:country": null, "name:etymology:wikidata": null, "name:etymology:wikipedia": null, "operator:short": null, "air_conditioning": null, "fax": null, "wikidata": null, "wikipedia": null, "description": null, "drive_through": null, "name:vi": null, "healthcare:for": null, "short_name": null, "check_date:opening_hours": null, "contact:phone": null, "email": null, "opening_hours:signed": null, "alt_name": null, "addr:suite": null, "note:payment": null, "payment:american_express": null, "payment:discover_card": null, "payment:mastercard": null, "payment:visa": null, "start_date": null, "chicago:building_id": null, "access": null, "healthcare:counselling": null, "contact:facebook": null, "building:floor": null, "addr:floor": null, "internet_access": null, "payment:cash": null, "payment:credit_cards": null, "payment:debit_cards": null, "contact:instagram": null, "contact:linkedin": null, "contact:twitter": null, "contact:youtube": null, "reservation:website": null, "appointment:website": null, "contact:blog": null, "contact:website": null, "currency:XBT": null, "payment:lightning": null, "payment:lightning:operator": null, "payment:lightning_contactless": null, "payment:onchain": null, "nodes": [ 10017002890, 10017002891, 10017002892, 13244708829, 10017002893, 10017002890 ], "beds": null, "emergency": null, "gnis:feature_id": null, "building": "commercial", "building:levels": "4", "layer": null, "old_name": null, "university_of_chicago:building_id": null, "university_of_chicago:business_unit_name": null, "roof:levels": null, "ele": null, "abbr_name": null, "ref": null, "toilets:wheelchair": null, "healthcare:speciality:wikidata": null, "healthcare:speciality:wikipedia": null, "name:ko": null, "image": null, "payment:cards": null, "payment:cheque": null, "polling_station": null, "architect": null, "height": null, "opening_date": null, "beauty": null, "shop": null, "smoking": null, "ways": null, "type": null, "category": "Primary Care Center – Private / Non-profit" }, "geometry": { "type": "Point", "coordinates": [ -87.655482005678635, 41.954181007892863 ] } },
{ "type": "Feature", "properties": { "amenity": "clinic", "healthcare": "clinic", "name": "Northwestern Medicine Bronzeville Outpatient Center", "addr:city": "Chicago", "addr:housenumber": "4822", "addr:postcode": "60615", "addr:state": "IL", "addr:street": "South Cottage Grove Avenue", "check_date": "2024-06-03", "healthcare:speciality": null, "phone": null, "website": "https://www.nm.org/locations/bronzeville-outpatient-center", "branch": null, "brand": "Northwestern Medicine", "brand:wikidata": "Q50036890", "disused:amenity": null, "level": null, "opening_hours": null, "designation": null, "operator": "Northwestern Medicine", "urgent_care": null, "wheelchair": null, "addr:unit": null, "addr:street:name": null, "addr:street:prefix": null, "addr:street:type": null, "social_facility": null, "source": "OpenStreetMap", "operator:type": "public", "operator:wikidata": null, "operator:wikipedia": null, "addr:country": null, "name:etymology:wikidata": null, "name:etymology:wikipedia": null, "operator:short": null, "air_conditioning": null, "fax": null, "wikidata": null, "wikipedia": null, "description": null, "drive_through": null, "name:vi": null, "healthcare:for": null, "short_name": null, "check_date:opening_hours": null, "contact:phone": null, "email": null, "opening_hours:signed": null, "alt_name": null, "addr:suite": null, "note:payment": null, "payment:american_express": null, "payment:discover_card": null, "payment:mastercard": null, "payment:visa": null, "start_date": null, "chicago:building_id": null, "access": null, "healthcare:counselling": null, "contact:facebook": null, "building:floor": null, "addr:floor": null, "internet_access": null, "payment:cash": null, "payment:credit_cards": null, "payment:debit_cards": null, "contact:instagram": null, "contact:linkedin": null, "contact:twitter": null, "contact:youtube": null, "reservation:website": null, "appointment:website": null, "contact:blog": null, "contact:website": null, "currency:XBT": null, "payment:lightning": null, "payment:lightning:operator": null, "payment:lightning_contactless": null, "payment:onchain": null, "nodes": [ 11170470876, 11170470877, 11170470878, 11170470879, 11170470876 ], "beds": null, "emergency": null, "gnis:feature_id": null, "building": "commercial", "building:levels": "5", "layer": null, "old_name": null, "university_of_chicago:building_id": null, "university_of_chicago:business_unit_name": null, "roof:levels": null, "ele": null, "abbr_name": null, "ref": null, "toilets:wheelchair": null, "healthcare:speciality:wikidata": null, "healthcare:speciality:wikipedia": null, "name:ko": null, "image": null, "payment:cards": null, "payment:cheque": null, "polling_station": null, "architect": "The Lamar Johnson Collaborative", "height": null, "opening_date": "2025-10", "beauty": null, "shop": null, "smoking": null, "ways": null, "type": null, "category": "Primary Care Center – Private / Non-profit" }, "geometry": { "type": "Point", "coordinates": [ -87.606915947237866, 41.806940496527531 ] } },
{ "type": "Feature", "properties": { "amenity": "doctors", "healthcare": "doctor", "name": "Milan Laser Hair Removal", "addr:city": null, "addr:housenumber": null, "addr:postcode": null, "addr:state": null, "addr:street": null, "check_date": null, "healthcare:speciality": "dermatology", "phone": null, "website": null, "branch": null, "brand": "Milan Laser Hair Removal", "brand:wikidata": "Q133042646", "disused:amenity": null, "level": null, "opening_hours": null, "designation": null, "operator": null, "urgent_care": null, "wheelchair": null, "addr:unit": null, "addr:street:name": null, "addr:street:prefix": null, "addr:street:type": null, "social_facility": null, "source": "OpenStreetMap", "operator:type": null, "operator:wikidata": null, "operator:wikipedia": null, "addr:country": null, "name:etymology:wikidata": null, "name:etymology:wikipedia": null, "operator:short": null, "air_conditioning": null, "fax": null, "wikidata": null, "wikipedia": null, "description": null, "drive_through": null, "name:vi": null, "healthcare:for": null, "short_name": null, "check_date:opening_hours": null, "contact:phone": null, "email": null, "opening_hours:signed": null, "alt_name": null, "addr:suite": null, "note:payment": null, "payment:american_express": null, "payment:discover_card": null, "payment:mastercard": null, "payment:visa": null, "start_date": null, "chicago:building_id": null, "access": null, "healthcare:counselling": null, "contact:facebook": null, "building:floor": null, "addr:floor": null, "internet_access": null, "payment:cash": null, "payment:credit_cards": null, "payment:debit_cards": null, "contact:instagram": null, "contact:linkedin": null, "contact:twitter": null, "contact:youtube": null, "reservation:website": null, "appointment:website": null, "contact:blog": null, "contact:website": null, "currency:XBT": null, "payment:lightning": null, "payment:lightning:operator": null, "payment:lightning_contactless": null, "payment:onchain": null, "nodes": [ 12219354940, 12219354941, 12219354951, 12219354945, 12219354947, 12219354946, 12219354940 ], "beds": null, "emergency": null, "gnis:feature_id": null, "building": "retail", "building:levels": null, "layer": null, "old_name": null, "university_of_chicago:building_id": null, "university_of_chicago:business_unit_name": null, "roof:levels": null, "ele": null, "abbr_name": null, "ref": null, "toilets:wheelchair": null, "healthcare:speciality:wikidata": null, "healthcare:speciality:wikipedia": null, "name:ko": null, "image": null, "payment:cards": null, "payment:cheque": null, "polling_station": null, "architect": null, "height": null, "opening_date": null, "beauty": "hair_removal", "shop": "beauty", "smoking": null, "ways": null, "type": null, "category": "Primary Care Center – Private / Non-profit" }, "geometry": { "type": "Point", "coordinates": [ -87.684155365309849, 41.93075538684424 ] } },
{ "type": "Feature", "properties": { "amenity": "clinic", "healthcare": "clinic", "name": "Howard Brown Health - Halsted", "addr:city": "Chicago", "addr:housenumber": "3501", "addr:postcode": "60657", "addr:state": "IL", "addr:street": "North Halsted Street", "check_date": null, "healthcare:speciality": "general;lgbt;transgender", "phone": "+1-773-388-1600", "website": "https://howardbrown.org/clinic_location/halsted/", "branch": null, "brand": null, "brand:wikidata": null, "disused:amenity": null, "level": null, "opening_hours": "Mo,We,Th 09:00-19:00; Tu 10:00-19:00; Fr,Sa 09:00-17:00", "designation": null, "operator": "Howard Brown Health", "urgent_care": null, "wheelchair": null, "addr:unit": null, "addr:street:name": null, "addr:street:prefix": null, "addr:street:type": null, "social_facility": null, "source": "OpenStreetMap", "operator:type": "private_non_profit", "operator:wikidata": null, "operator:wikipedia": null, "addr:country": null, "name:etymology:wikidata": null, "name:etymology:wikipedia": null, "operator:short": null, "air_conditioning": "yes", "fax": "+1-773-296-8401", "wikidata": "Q5919197", "wikipedia": "en:Howard Brown Health", "description": "From primary care to sexual health testing and prevention, our Lakeview clinic offers healthcare services with the LGBTQ community’s needs in mind.", "drive_through": null, "name:vi": null, "healthcare:for": null, "short_name": null, "check_date:opening_hours": null, "contact:phone": null, "email": null, "opening_hours:signed": null, "alt_name": null, "addr:suite": null, "note:payment": null, "payment:american_express": null, "payment:discover_card": null, "payment:mastercard": null, "payment:visa": null, "start_date": null, "chicago:building_id": null, "access": null, "healthcare:counselling": null, "contact:facebook": null, "building:floor": null, "addr:floor": null, "internet_access": null, "payment:cash": null, "payment:credit_cards": null, "payment:debit_cards": null, "contact:instagram": null, "contact:linkedin": null, "contact:twitter": null, "contact:youtube": null, "reservation:website": null, "appointment:website": null, "contact:blog": null, "contact:website": null, "currency:XBT": null, "payment:lightning": null, "payment:lightning:operator": null, "payment:lightning_contactless": null, "payment:onchain": null, "nodes": [ 2204122986, 12441107591, 11258857344, 12441107593, 12441107594, 12441107595, 12441107596, 12441107597, 2204122987, 2204122986 ], "beds": null, "emergency": null, "gnis:feature_id": null, "building": "commercial", "building:levels": "5", "layer": null, "old_name": null, "university_of_chicago:building_id": null, "university_of_chicago:business_unit_name": null, "roof:levels": null, "ele": null, "abbr_name": null, "ref": null, "toilets:wheelchair": null, "healthcare:speciality:wikidata": null, "healthcare:speciality:wikipedia": null, "name:ko": null, "image": null, "payment:cards": null, "payment:cheque": null, "polling_station": null, "architect": null, "height": "20", "opening_date": null, "beauty": null, "shop": null, "smoking": "no", "ways": null, "type": null, "category": "Primary Care Center – Private / Non-profit" }, "geometry": { "type": "Point", "coordinates": [ -87.649171392372097, 41.945803703955484 ] } },
{ "type": "Feature", "properties": { "amenity": "hospital", "healthcare": "hospital", "name": "La Rabida Children's Hospital", "addr:city": "Chicago", "addr:housenumber": "6501", "addr:postcode": "60649", "addr:state": "IL", "addr:street": "South Promontory Drive", "check_date": null, "healthcare:speciality": "paediatrics;paediatric_surgery", "phone": "+1 773 363 6700", "website": "https://larabida.org/", "branch": null, "brand": null, "brand:wikidata": null, "disused:amenity": null, "level": null, "opening_hours": null, "designation": null, "operator": null, "urgent_care": null, "wheelchair": null, "addr:unit": null, "addr:street:name": "Promontory", "addr:street:prefix": "South", "addr:street:type": "Drive", "social_facility": null, "source": "OpenStreetMap", "operator:type": null, "operator:wikidata": null, "operator:wikipedia": null, "addr:country": null, "name:etymology:wikidata": null, "name:etymology:wikipedia": null, "operator:short": null, "air_conditioning": null, "fax": null, "wikidata": "Q6464743", "wikipedia": "en:La Rabida Children's Hospital", "description": null, "drive_through": null, "name:vi": null, "healthcare:for": null, "short_name": null, "check_date:opening_hours": null, "contact:phone": null, "email": null, "opening_hours:signed": null, "alt_name": null, "addr:suite": null, "note:payment": null, "payment:american_express": null, "payment:discover_card": null, "payment:mastercard": null, "payment:visa": null, "start_date": null, "chicago:building_id": "535850", "access": null, "healthcare:counselling": null, "contact:facebook": null, "building:floor": null, "addr:floor": null, "internet_access": null, "payment:cash": null, "payment:credit_cards": null, "payment:debit_cards": null, "contact:instagram": null, "contact:linkedin": null, "contact:twitter": null, "contact:youtube": null, "reservation:website": null, "appointment:website": null, "contact:blog": null, "contact:website": null, "currency:XBT": null, "payment:lightning": null, "payment:lightning:operator": null, "payment:lightning_contactless": null, "payment:onchain": null, "nodes": [ 13276086377, 13276086378, 13276086379, 13276086384, 13276086387, 13276086380, 13276086381, 13276086389, 13276086382, 13276086388, 13276086383, 13276064729, 13276064728, 13276064727, 13276064726, 13276064725, 13276064724, 13276064723, 13276064722, 13276064721, 13276086377 ], "beds": null, "emergency": "no", "gnis:feature_id": "1831256", "building": null, "building:levels": null, "layer": null, "old_name": null, "university_of_chicago:building_id": null, "university_of_chicago:business_unit_name": null, "roof:levels": null, "ele": null, "abbr_name": null, "ref": null, "toilets:wheelchair": null, "healthcare:speciality:wikidata": null, "healthcare:speciality:wikipedia": null, "name:ko": null, "image": null, "payment:cards": null, "payment:cheque": null, "polling_station": null, "architect": null, "height": null, "opening_date": null, "beauty": null, "shop": null, "smoking": null, "ways": null, "type": null, "category": "Hospital – Private / Non-profit" }, "geometry": { "type": "Point", "coordinates": [ -87.57127316302298, 41.777365797388548 ] } },
{ "type": "Feature", "properties": { "amenity": "clinic", "healthcare": "clinic", "name": "Rush North & Harlem", "addr:city": null, "addr:housenumber": "1625", "addr:postcode": null, "addr:state": null, "addr:street": "North Harlem Avenue", "check_date": "2026-01-02", "healthcare:speciality": null, "phone": null, "website": "https://www.rush.edu/locations/rush-north-harlem", "branch": null, "brand": null, "brand:wikidata": null, "disused:amenity": null, "level": null, "opening_hours": null, "designation": null, "operator": null, "urgent_care": null, "wheelchair": null, "addr:unit": null, "addr:street:name": null, "addr:street:prefix": null, "addr:street:type": null, "social_facility": null, "source": "OpenStreetMap", "operator:type": null, "operator:wikidata": null, "operator:wikipedia": null, "addr:country": null, "name:etymology:wikidata": null, "name:etymology:wikipedia": null, "operator:short": null, "air_conditioning": null, "fax": null, "wikidata": null, "wikipedia": null, "description": null, "drive_through": null, "name:vi": null, "healthcare:for": null, "short_name": null, "check_date:opening_hours": null, "contact:phone": null, "email": null, "opening_hours:signed": null, "alt_name": null, "addr:suite": null, "note:payment": null, "payment:american_express": null, "payment:discover_card": null, "payment:mastercard": null, "payment:visa": null, "start_date": null, "chicago:building_id": null, "access": null, "healthcare:counselling": null, "contact:facebook": null, "building:floor": null, "addr:floor": null, "internet_access": null, "payment:cash": null, "payment:credit_cards": null, "payment:debit_cards": null, "contact:instagram": null, "contact:linkedin": null, "contact:twitter": null, "contact:youtube": null, "reservation:website": null, "appointment:website": null, "contact:blog": null, "contact:website": null, "currency:XBT": null, "payment:lightning": null, "payment:lightning:operator": null, "payment:lightning_contactless": null, "payment:onchain": null, "nodes": [ 13427327309, 13501065856, 13501065857, 13501065858, 13427327309 ], "beds": null, "emergency": null, "gnis:feature_id": null, "building": "yes", "building:levels": "3", "layer": null, "old_name": null, "university_of_chicago:building_id": null, "university_of_chicago:business_unit_name": null, "roof:levels": null, "ele": null, "abbr_name": null, "ref": null, "toilets:wheelchair": null, "healthcare:speciality:wikidata": null, "healthcare:speciality:wikipedia": null, "name:ko": null, "image": null, "payment:cards": null, "payment:cheque": null, "polling_station": null, "architect": null, "height": null, "opening_date": null, "beauty": null, "shop": null, "smoking": null, "ways": null, "type": null, "category": "Primary Care Center – Private / Non-profit" }, "geometry": { "type": "Point", "coordinates": [ -87.805388744995099, 41.910296400625249 ] } },
{ "type": "Feature", "properties": { "amenity": "clinic", "healthcare": "clinic", "name": "North Park Village Health Center", "addr:city": "Chicago", "addr:housenumber": "5801", "addr:postcode": "60646", "addr:state": "IL", "addr:street": "North Pulaski Road", "check_date": null, "healthcare:speciality": null, "phone": null, "website": null, "branch": null, "brand": null, "brand:wikidata": null, "disused:amenity": null, "level": null, "opening_hours": null, "designation": null, "operator": null, "urgent_care": null, "wheelchair": null, "addr:unit": null, "addr:street:name": "Pulaski", "addr:street:prefix": "North", "addr:street:type": "Road", "social_facility": null, "source": "OpenStreetMap", "operator:type": null, "operator:wikidata": null, "operator:wikipedia": null, "addr:country": null, "name:etymology:wikidata": null, "name:etymology:wikipedia": null, "operator:short": null, "air_conditioning": null, "fax": null, "wikidata": null, "wikipedia": null, "description": null, "drive_through": null, "name:vi": null, "healthcare:for": null, "short_name": null, "check_date:opening_hours": null, "contact:phone": null, "email": null, "opening_hours:signed": null, "alt_name": null, "addr:suite": null, "note:payment": null, "payment:american_express": null, "payment:discover_card": null, "payment:mastercard": null, "payment:visa": null, "start_date": null, "chicago:building_id": "53031", "access": null, "healthcare:counselling": null, "contact:facebook": null, "building:floor": null, "addr:floor": null, "internet_access": null, "payment:cash": null, "payment:credit_cards": null, "payment:debit_cards": null, "contact:instagram": null, "contact:linkedin": null, "contact:twitter": null, "contact:youtube": null, "reservation:website": null, "appointment:website": null, "contact:blog": null, "contact:website": null, "currency:XBT": null, "payment:lightning": null, "payment:lightning:operator": null, "payment:lightning_contactless": null, "payment:onchain": null, "nodes": [ [ [ 1743542454, 1743542741, 1743542732, 1743544878, 1743544883, 1743545042, 1743545044, 1743545235, 1743545237, 1743545046, 1743545047, 1743544978, 1743544979, 1743542771, 1743542757, 1743542457, 1743542454 ], [ 1743543185, 1743543187, 1743543968, 1743543965, 1743543185 ] ] ], "beds": null, "emergency": null, "gnis:feature_id": null, "building": "public", "building:levels": null, "layer": "1", "old_name": null, "university_of_chicago:building_id": null, "university_of_chicago:business_unit_name": null, "roof:levels": null, "ele": null, "abbr_name": null, "ref": null, "toilets:wheelchair": null, "healthcare:speciality:wikidata": null, "healthcare:speciality:wikipedia": null, "name:ko": null, "image": null, "payment:cards": null, "payment:cheque": null, "polling_station": null, "architect": null, "height": null, "opening_date": null, "beauty": null, "shop": null, "smoking": null, "ways": [ 162476476, 162476477 ], "type": "multipolygon", "category": "Primary Care Center – Private / Non-profit" }, "geometry": { "type": "Point", "coordinates": [ -87.727479586442868, 41.985170026091261 ] } },
{ "type": "Feature", "properties": { "amenity": "hospital", "healthcare": "hospital", "name": "Thorek Memorial Hospital", "addr:city": "Chicago", "addr:housenumber": "850", "addr:postcode": "60613", "addr:state": "IL", "addr:street": "West Irving Park Road", "check_date": null, "healthcare:speciality": null, "phone": "+1 773 525 6780", "website": "https://www.thorek.org/", "branch": null, "brand": null, "brand:wikidata": null, "disused:amenity": null, "level": null, "opening_hours": "24/7", "designation": null, "operator": null, "urgent_care": null, "wheelchair": null, "addr:unit": null, "addr:street:name": null, "addr:street:prefix": null, "addr:street:type": null, "social_facility": null, "source": "OpenStreetMap", "operator:type": null, "operator:wikidata": null, "operator:wikipedia": null, "addr:country": null, "name:etymology:wikidata": "Q6795306", "name:etymology:wikipedia": "en:Max Thorek", "operator:short": null, "air_conditioning": null, "fax": null, "wikidata": null, "wikipedia": null, "description": null, "drive_through": null, "name:vi": null, "healthcare:for": null, "short_name": null, "check_date:opening_hours": null, "contact:phone": null, "email": null, "opening_hours:signed": null, "alt_name": null, "addr:suite": null, "note:payment": null, "payment:american_express": null, "payment:discover_card": null, "payment:mastercard": null, "payment:visa": null, "start_date": null, "chicago:building_id": null, "access": null, "healthcare:counselling": null, "contact:facebook": null, "building:floor": null, "addr:floor": null, "internet_access": null, "payment:cash": null, "payment:credit_cards": null, "payment:debit_cards": null, "contact:instagram": null, "contact:linkedin": null, "contact:twitter": null, "contact:youtube": null, "reservation:website": null, "appointment:website": null, "contact:blog": null, "contact:website": null, "currency:XBT": null, "payment:lightning": null, "payment:lightning:operator": null, "payment:lightning_contactless": null, "payment:onchain": null, "nodes": [ [ [ 1925397783, 5322470855, 1925397777, 1925397775, 306039114, 1925397781, 13095141085, 5322470856, 13095141853, 13095141852, 1925397783 ], [ 2212509790, 2212509634, 2212509824, 2212509953, 10142409754, 2212509720, 2212509705, 2212509790 ] ] ], "beds": "218", "emergency": "yes", "gnis:feature_id": null, "building": null, "building:levels": null, "layer": null, "old_name": null, "university_of_chicago:building_id": null, "university_of_chicago:business_unit_name": null, "roof:levels": null, "ele": null, "abbr_name": null, "ref": null, "toilets:wheelchair": null, "healthcare:speciality:wikidata": null, "healthcare:speciality:wikipedia": null, "name:ko": null, "image": null, "payment:cards": null, "payment:cheque": null, "polling_station": null, "architect": null, "height": null, "opening_date": null, "beauty": null, "shop": null, "smoking": null, "ways": [ 182194656, 211229747 ], "type": "multipolygon", "category": "Hospital – Private / Non-profit" }, "geometry": { "type": "Point", "coordinates": [ -87.652297960150946, 41.954851075043152 ] } },
{ "type": "Feature", "properties": { "amenity": "clinic", "healthcare": "clinic", "name": "Cermak Health Services", "addr:city": "Chicago", "addr:housenumber": "2800", "addr:postcode": "60623", "addr:state": "IL", "addr:street": "South California Avenue", "check_date": null, "healthcare:speciality": null, "phone": null, "website": "https://cookcountyhealth.org/locations/cermak-health-services-of-cook-county/", "branch": null, "brand": null, "brand:wikidata": null, "disused:amenity": null, "level": null, "opening_hours": null, "designation": null, "operator": "Cook County Health", "urgent_care": null, "wheelchair": null, "addr:unit": null, "addr:street:name": null, "addr:street:prefix": null, "addr:street:type": null, "social_facility": null, "source": "OpenStreetMap", "operator:type": "public", "operator:wikidata": "Q30286975", "operator:wikipedia": null, "addr:country": null, "name:etymology:wikidata": null, "name:etymology:wikipedia": null, "operator:short": "CCH", "air_conditioning": null, "fax": null, "wikidata": null, "wikipedia": null, "description": null, "drive_through": null, "name:vi": null, "healthcare:for": null, "short_name": null, "check_date:opening_hours": null, "contact:phone": null, "email": null, "opening_hours:signed": null, "alt_name": null, "addr:suite": null, "note:payment": null, "payment:american_express": null, "payment:discover_card": null, "payment:mastercard": null, "payment:visa": null, "start_date": null, "chicago:building_id": "400252", "access": "private", "healthcare:counselling": null, "contact:facebook": null, "building:floor": null, "addr:floor": null, "internet_access": null, "payment:cash": null, "payment:credit_cards": null, "payment:debit_cards": null, "contact:instagram": null, "contact:linkedin": null, "contact:twitter": null, "contact:youtube": null, "reservation:website": null, "appointment:website": null, "contact:blog": null, "contact:website": null, "currency:XBT": null, "payment:lightning": null, "payment:lightning:operator": null, "payment:lightning_contactless": null, "payment:onchain": null, "nodes": [ [ [ 1767981455, 11878242384, 11878242383, 11878242382, 11878242381, 11878242380, 11878242379, 11878242378, 11878242377, 11878242376, 11878242375, 11878242374, 11878242373, 11878242434, 11878242437, 11878242372, 11878242371, 11878242370, 11878242369, 11878242368, 11878242367, 11878242366, 11878242365, 11878242364, 11878242363, 11878242362, 11878242361, 1767981459, 1767981455 ] ] ], "beds": null, "emergency": null, "gnis:feature_id": null, "building": "prison", "building:levels": null, "layer": null, "old_name": null, "university_of_chicago:building_id": null, "university_of_chicago:business_unit_name": null, "roof:levels": null, "ele": null, "abbr_name": null, "ref": null, "toilets:wheelchair": null, "healthcare:speciality:wikidata": null, "healthcare:speciality:wikipedia": null, "name:ko": null, "image": null, "payment:cards": null, "payment:cheque": null, "polling_station": null, "architect": null, "height": null, "opening_date": null, "beauty": null, "shop": null, "smoking": null, "ways": [ 1279557789 ], "type": "multipolygon", "category": "Primary Care Center – Public (FQHC / CHC)" }, "geometry": { "type": "Point", "coordinates": [ -87.695731596631163, 41.841873777179096 ] } },
{ "type": "Feature", "properties": { "amenity": "hospital", "healthcare": "hospital", "name": "Northwestern Memorial Hospital", "addr:city": "Chicago", "addr:housenumber": "251", "addr:postcode": "60611", "addr:state": "IL", "addr:street": "East Huron Street", "check_date": null, "healthcare:speciality": null, "phone": "+1 312 926 2000", "website": "https://www.nm.org/locations/northwestern-memorial-hospital", "branch": null, "brand": null, "brand:wikidata": null, "disused:amenity": null, "level": null, "opening_hours": "24/7", "designation": null, "operator": "Northwestern Medicine", "urgent_care": null, "wheelchair": "yes", "addr:unit": null, "addr:street:name": null, "addr:street:prefix": null, "addr:street:type": null, "social_facility": null, "source": "OpenStreetMap", "operator:type": "private", "operator:wikidata": "Q50036890", "operator:wikipedia": null, "addr:country": null, "name:etymology:wikidata": null, "name:etymology:wikipedia": null, "operator:short": null, "air_conditioning": null, "fax": null, "wikidata": "Q7060339", "wikipedia": "en:Northwestern Memorial Hospital", "description": null, "drive_through": null, "name:vi": null, "healthcare:for": null, "short_name": null, "check_date:opening_hours": null, "contact:phone": null, "email": null, "opening_hours:signed": null, "alt_name": null, "addr:suite": null, "note:payment": null, "payment:american_express": null, "payment:discover_card": null, "payment:mastercard": null, "payment:visa": null, "start_date": null, "chicago:building_id": null, "access": null, "healthcare:counselling": null, "contact:facebook": null, "building:floor": null, "addr:floor": null, "internet_access": null, "payment:cash": null, "payment:credit_cards": null, "payment:debit_cards": null, "contact:instagram": null, "contact:linkedin": null, "contact:twitter": null, "contact:youtube": null, "reservation:website": null, "appointment:website": null, "contact:blog": null, "contact:website": null, "currency:XBT": null, "payment:lightning": null, "payment:lightning:operator": null, "payment:lightning_contactless": null, "payment:onchain": null, "nodes": [ [ [ 2362588345, 11915691529, 11915691530, 11915691531, 11915691517, 11915898674, 11915898677, 11915898676, 11915898675, 11915691543, 11915691546, 11915691545, 11915691544, 11915638734, 11915898679, 11915898680, 11915898681, 11915898678, 11915638733, 11915691540, 11915691541, 11915691542, 11915691539, 11915691535, 11915691538, 11915691537, 11915691536, 2362588346, 11915880462, 11915880465, 11915880464, 11915880463, 2362588345 ], [ 11915638716, 11915638736, 11915826471, 11915826474, 11915826473, 11915826472, 10142835635, 13235448197, 11915826546, 9353316062, 11915821234, 11915821241, 1712440962, 600180358, 11915821212, 11915821240, 11915821237, 2362588347, 2362588343, 11915691511, 11915691512, 11915691513, 11915691514, 11915691509, 11915691510, 11915691515, 11915691522, 11915691525, 11915691524, 11915691523, 11915638716 ], [ 11915691561, 11915691578, 11915691577, 11915691573, 11915691564, 11915691565, 11915691568, 11915691566, 11915691563, 11915691567, 11915638735, 11915691552, 11915691553, 11915691554, 11915691551, 2362588344, 11915691557, 11915691556, 11915691555, 11915638731, 11915691561 ], [ 11915691560, 630142797, 11916705561, 11916705562, 11773557210, 11916788375, 11916788376, 11915691562, 11915691570, 11915691571, 11915691572, 11915691569, 11915691574, 11915691576, 11915691575, 11915691560 ], [ 11915638732, 11915638730, 11915691558, 11915691559, 11773623443, 11773623442, 11915691476, 11773623441, 5009406235, 4753133276, 11915898815, 3918923249, 11915898753, 11915638732 ] ] ], "beds": "894", "emergency": "yes", "gnis:feature_id": null, "building": null, "building:levels": null, "layer": null, "old_name": null, "university_of_chicago:building_id": null, "university_of_chicago:business_unit_name": null, "roof:levels": null, "ele": null, "abbr_name": null, "ref": null, "toilets:wheelchair": null, "healthcare:speciality:wikidata": null, "healthcare:speciality:wikipedia": null, "name:ko": null, "image": null, "payment:cards": null, "payment:cheque": null, "polling_station": null, "architect": null, "height": null, "opening_date": null, "beauty": null, "shop": null, "smoking": null, "ways": [ 227605195, 1284366070, 1284366068, 1284366074, 1284366067 ], "type": "multipolygon", "category": "Hospital – Private / Non-profit" }, "geometry": { "type": "Point", "coordinates": [ -87.621566375183221, 41.895208528382334 ] } },
{ "type": "Feature", "properties": { "amenity": "hospital", "healthcare": "hospital", "name": "Advocate Illinois Masonic Hospital", "addr:city": "Chicago", "addr:housenumber": "836", "addr:postcode": "60657", "addr:state": "IL", "addr:street": "West Wellington Avenue", "check_date": null, "healthcare:speciality": null, "phone": "+1 773 975 1600", "website": "https://www.advocatehealth.com/immc/", "branch": null, "brand": null, "brand:wikidata": null, "disused:amenity": null, "level": null, "opening_hours": "24/7", "designation": null, "operator": "Advocate Health Care", "urgent_care": null, "wheelchair": null, "addr:unit": null, "addr:street:name": null, "addr:street:prefix": null, "addr:street:type": null, "social_facility": null, "source": "OpenStreetMap", "operator:type": "private", "operator:wikidata": "Q30254233", "operator:wikipedia": "en:Advocate Aurora Health", "addr:country": null, "name:etymology:wikidata": null, "name:etymology:wikipedia": null, "operator:short": "AAH", "air_conditioning": null, "fax": null, "wikidata": "Q30254235", "wikipedia": null, "description": null, "drive_through": null, "name:vi": null, "healthcare:for": null, "short_name": null, "check_date:opening_hours": null, "contact:phone": null, "email": null, "opening_hours:signed": null, "alt_name": null, "addr:suite": null, "note:payment": null, "payment:american_express": null, "payment:discover_card": null, "payment:mastercard": null, "payment:visa": null, "start_date": null, "chicago:building_id": null, "access": null, "healthcare:counselling": null, "contact:facebook": null, "building:floor": null, "addr:floor": null, "internet_access": null, "payment:cash": null, "payment:credit_cards": null, "payment:debit_cards": null, "contact:instagram": null, "contact:linkedin": null, "contact:twitter": null, "contact:youtube": null, "reservation:website": null, "appointment:website": null, "contact:blog": null, "contact:website": null, "currency:XBT": null, "payment:lightning": null, "payment:lightning:operator": null, "payment:lightning_contactless": null, "payment:onchain": null, "nodes": [ [ [ 2100226164, 12305696141, 1372892873, 12305696138, 12305696137, 12305696136, 12305696135, 12305696134, 12305696133, 12305696132, 12305696131, 12305696130, 12305696129, 12305696128, 12305696127, 12305696126, 12305696125, 12305696124, 12305696123, 12305696122, 12305696121, 12305696120, 12305696119, 12305696118, 12305696117, 12305696116, 12305696115, 12305696114, 12305696113, 12305696112, 12305696111, 12305696110, 12305696101, 12305696102, 12305696103, 12305696100, 12305696093, 1634474630, 1634474639, 12305696096, 12305696097, 12305696099, 12305696098, 10259558427, 12305696063, 2100226153, 4725024994, 4725024991, 12305696024, 9934549688, 5394498525, 2100226154, 2100226164 ], [ 12305696196, 12305696200, 12305696201, 12305696199, 12305696198, 12305696197, 12305696094, 12305721685, 12305721690, 12305721689, 12305721688, 12305721687, 12305721686, 10210470809, 12305696189, 12305696213, 2012532419, 1634474633, 12305696207, 12305696095, 12305696196 ], [ 12305696109, 12305696108, 2100226139, 345386228, 12305696109 ], [ 12305696151, 12305696155, 12305696156, 12305696157, 12305696158, 12305696159, 12305696160, 10082092006, 12305696161, 12305696152, 13191233107, 12305696153, 12305696154, 9926068511, 12305696151 ], [ 12305687545, 12305687546, 12305687547, 12305687548, 12305687549, 12305687550, 12305687551, 12305687552, 12305687553, 12305687554, 9926068472, 2125905536, 2125905533, 9926078772, 12305687545 ], [ 12305721659, 9926068501, 12305721661, 2204082923, 12305721660, 12305721659 ] ] ], "beds": "397", "emergency": "yes", "gnis:feature_id": "1830635", "building": null, "building:levels": null, "layer": null, "old_name": null, "university_of_chicago:building_id": null, "university_of_chicago:business_unit_name": null, "roof:levels": null, "ele": null, "abbr_name": null, "ref": null, "toilets:wheelchair": null, "healthcare:speciality:wikidata": null, "healthcare:speciality:wikipedia": null, "name:ko": null, "image": null, "payment:cards": null, "payment:cheque": null, "polling_station": null, "architect": null, "height": null, "opening_date": null, "beauty": null, "shop": null, "smoking": null, "ways": [ 31065304, 1330029544, 1330029546, 1330029550, 1330030201, 1330052799 ], "type": "multipolygon", "category": "Hospital – Private / Non-profit" }, "geometry": { "type": "Point", "coordinates": [ -87.651628265097443, 41.937089907134869 ] } },
{ "type": "Feature", "properties": { "amenity": "hospital", "healthcare": "hospital", "name": "Humboldt Park Health", "addr:city": "Chicago", "addr:housenumber": "1044", "addr:postcode": "60622", "addr:state": "IL", "addr:street": "North Francisco Avenue", "check_date": null, "healthcare:speciality": null, "phone": "+1 877 624 9333", "website": "https://www.nahospital.org/", "branch": null, "brand": null, "brand:wikidata": null, "disused:amenity": null, "level": null, "opening_hours": "24/7", "designation": null, "operator": null, "urgent_care": null, "wheelchair": null, "addr:unit": null, "addr:street:name": null, "addr:street:prefix": null, "addr:street:type": null, "social_facility": null, "source": "OpenStreetMap", "operator:type": null, "operator:wikidata": null, "operator:wikipedia": null, "addr:country": null, "name:etymology:wikidata": null, "name:etymology:wikipedia": null, "operator:short": null, "air_conditioning": null, "fax": null, "wikidata": "Q60775326", "wikipedia": "en:Humboldt Park Health", "description": null, "drive_through": null, "name:vi": null, "healthcare:for": null, "short_name": null, "check_date:opening_hours": null, "contact:phone": null, "email": null, "opening_hours:signed": null, "alt_name": null, "addr:suite": null, "note:payment": null, "payment:american_express": null, "payment:discover_card": null, "payment:mastercard": null, "payment:visa": null, "start_date": null, "chicago:building_id": null, "access": null, "healthcare:counselling": null, "contact:facebook": null, "building:floor": null, "addr:floor": null, "internet_access": null, "payment:cash": null, "payment:credit_cards": null, "payment:debit_cards": null, "contact:instagram": null, "contact:linkedin": null, "contact:twitter": null, "contact:youtube": null, "reservation:website": null, "appointment:website": null, "contact:blog": null, "contact:website": null, "currency:XBT": null, "payment:lightning": null, "payment:lightning:operator": null, "payment:lightning_contactless": null, "payment:onchain": null, "nodes": [ [ [ 12708039419, 12708039418, 5322286375, 5322286374, 12708039422, 12708039419 ], [ 2196848429, 12708039420, 12708039421, 12708039423, 12708039424, 2196848422, 12708039425, 2196848433, 12708039426, 5322286378, 12708039427, 12708039428, 12708039429, 12708039430, 12708039432, 12708039433, 12708039434, 12708039435, 12708039436, 2196848429 ], [ 10251052565, 5322286379, 5322286380, 5322286381, 12708039438, 10251052565 ], [ 12708039431, 12708039441, 12708039440, 12708039439, 12708039437, 5322286382, 5322286383, 5322286384, 12708039442, 12708039431 ], [ 12708021500, 5322286386, 12708039404, 12708039403, 12708039405, 12708039406, 12708039407, 12708021499, 12708039401, 12708039402, 12708021500 ], [ 12708039412, 12708039414, 12708039413, 12708039417, 12708039416, 12708039415, 5322286388, 5322286389, 12708039408, 5322286387, 12708039409, 12708039410, 12708039411, 12708039412 ] ] ], "beds": "210", "emergency": "yes", "gnis:feature_id": "1831552", "building": null, "building:levels": null, "layer": null, "old_name": "Norwegian American Hospital", "university_of_chicago:building_id": null, "university_of_chicago:business_unit_name": null, "roof:levels": null, "ele": null, "abbr_name": null, "ref": null, "toilets:wheelchair": null, "healthcare:speciality:wikidata": null, "healthcare:speciality:wikipedia": null, "name:ko": null, "image": null, "payment:cards": null, "payment:cheque": null, "polling_station": null, "architect": null, "height": null, "opening_date": null, "beauty": null, "shop": null, "smoking": null, "ways": [ 1372458467, 1372458468, 1372458469, 209471765, 1372458465, 1372458466 ], "type": "multipolygon", "category": "Hospital – Private / Non-profit" }, "geometry": { "type": "Point", "coordinates": [ -87.700072306368867, 41.901041488745527 ] } },
{ "type": "Feature", "properties": { "amenity": "clinic", "healthcare": "clinic", "name": "Howard Brown Health at La Casa Norte", "addr:city": "Chicago", "addr:housenumber": "3533", "addr:postcode": "60647", "addr:state": "IL", "addr:street": "West North Avenue", "check_date": null, "healthcare:speciality": "general;lgbt;transgender", "phone": "+1-773-388-1600", "website": "https://howardbrown.org/clinic_location/la-casa-norte/", "branch": null, "brand": null, "brand:wikidata": null, "disused:amenity": null, "level": null, "opening_hours": "Mo 09:00-17:00, Tu 10:00-17:00, We 09:00-17:00, Th 11:00-19:00, Fr 09:00-17:00", "designation": null, "operator": "Howard Brown", "urgent_care": null, "wheelchair": null, "addr:unit": null, "addr:street:name": "North", "addr:street:prefix": "West", "addr:street:type": "Avenue", "social_facility": null, "source": "OpenStreetMap", "operator:type": "private_non_profit", "operator:wikidata": null, "operator:wikipedia": null, "addr:country": null, "name:etymology:wikidata": null, "name:etymology:wikipedia": null, "operator:short": null, "air_conditioning": "yes", "fax": null, "wikidata": "Q5919197", "wikipedia": "en:Howard Brown Health", "description": "From navigating how to obtain affordable health insurance, to primary care and STI/STD testing and prevention, our clinic offers healthcare services with the Humboldt Park neighborhood’s needs in mind. ", "drive_through": null, "name:vi": null, "healthcare:for": null, "short_name": null, "check_date:opening_hours": null, "contact:phone": null, "email": null, "opening_hours:signed": null, "alt_name": null, "addr:suite": null, "note:payment": null, "payment:american_express": null, "payment:discover_card": null, "payment:mastercard": null, "payment:visa": null, "start_date": null, "chicago:building_id": null, "access": null, "healthcare:counselling": null, "contact:facebook": null, "building:floor": null, "addr:floor": null, "internet_access": null, "payment:cash": null, "payment:credit_cards": null, "payment:debit_cards": null, "contact:instagram": null, "contact:linkedin": null, "contact:twitter": null, "contact:youtube": null, "reservation:website": null, "appointment:website": null, "contact:blog": null, "contact:website": null, "currency:XBT": null, "payment:lightning": null, "payment:lightning:operator": null, "payment:lightning_contactless": null, "payment:onchain": null, "nodes": [ [ [ 1755490892, 1755490896, 1755489793, 1755489787, 1755490336, 1755490892 ], [ 13021753864, 13021753865, 13021753866, 13021753867, 13021753868, 13021753869, 13021753870, 13021753864 ] ] ], "beds": null, "emergency": null, "gnis:feature_id": null, "building": "commercial", "building:levels": null, "layer": null, "old_name": null, "university_of_chicago:building_id": null, "university_of_chicago:business_unit_name": null, "roof:levels": null, "ele": null, "abbr_name": null, "ref": null, "toilets:wheelchair": null, "healthcare:speciality:wikidata": null, "healthcare:speciality:wikipedia": null, "name:ko": null, "image": null, "payment:cards": null, "payment:cheque": null, "polling_station": null, "architect": null, "height": null, "opening_date": null, "beauty": null, "shop": null, "smoking": null, "ways": [ 163886003, 1417058652 ], "type": "multipolygon", "category": "Primary Care Center – Private / Non-profit" }, "geometry": { "type": "Point", "coordinates": [ -87.715621791430664, 41.909712556614188 ] } }
]
}
